 1.00000000e-06  3.62525137e-01  3.65248939e-01  3.63167904e-01  3.79362249e-01  4.14361454e-01  2.70791121e-01 
 1.05597070e-06  3.68468103e-01  3.71386653e-01  3.69160963e-01  3.86268800e-01  4.23577407e-01  2.82729176e-01 
 1.16791209e-06  3.78020307e-01  3.81263826e-01  3.78796610e-01  3.97415192e-01  4.37849978e-01  3.01367154e-01 
 1.39179488e-06  3.91246499e-01  3.94973752e-01  3.92146875e-01  4.12982165e-01  4.56888782e-01  3.25900214e-01 
 1.83956045e-06  4.07951633e-01  4.12368200e-01  4.09028805e-01  4.32962066e-01  4.80388591e-01  3.54356498e-01 
 2.51095258e-06  4.23354895e-01  4.28530150e-01  4.24626729e-01  4.51906183e-01  5.01767155e-01  3.77305530e-01 
 3.70317413e-06  4.41292298e-01  4.47554422e-01  4.42843506e-01  4.74769651e-01  5.26279263e-01  3.99066148e-01 
 5.68109852e-06  4.62440509e-01  4.70260475e-01  4.64395320e-01  5.02421770e-01  5.52999053e-01  4.17665439e-01 
 9.32290517e-06  4.92586031e-01  5.02751487e-01  4.95170481e-01  5.39285156e-01  5.78117116e-01  4.34603652e-01 
 1.57762491e-05  5.29753300e-01  5.40538044e-01  5.32672421e-01  5.59633146e-01  5.52390362e-01  4.48001956e-01 
 2.80921317e-05  5.28423162e-01  5.16059143e-01  5.26180139e-01  4.16201626e-01  3.28955740e-01  4.58287676e-01 
 5.09486915e-05  3.47050671e-01  2.60018230e-01  3.22819407e-01  1.80309963e-01  1.75892059e-01  4.63983940e-01 
 9.20947503e-05  2.06901003e-01  1.80973140e-01  1.99545541e-01  1.21081326e-01  1.09521621e-01  4.64594230e-01 
 1.00000000e-04  2.02475163e-01  1.77414064e-01  1.95554669e-01  1.13631996e-01  1.00162694e-01  4.64832359e-01 
 1.08229212e-04  1.99638473e-01  1.75183812e-01  1.93001579e-01  1.07334447e-01  9.12084175e-02  4.65506201e-01 
 1.24687635e-04  1.95847347e-01  1.72226235e-01  1.89585736e-01  9.73202167e-02  7.51519305e-02  4.67295893e-01 
 1.57604482e-04  1.92487594e-01  1.69744543e-01  1.86608078e-01  8.55119780e-02  5.05189013e-02  4.71420917e-01 
 2.23438177e-04  1.90557276e-01  1.68320056e-01  1.84900587e-01  7.68101536e-02  2.59128949e-02  4.77863940e-01 
 3.23438177e-04  1.89546940e-01  1.67359936e-01  1.83915045e-01  7.41187098e-02  1.59257343e-02  4.82515231e-01 
 4.23438177e-04  1.88771536e-01  1.66543005e-01  1.83115581e-01  7.38772824e-02  1.48158668e-02  4.83638638e-01 
 5.23438177e-04  1.89493720e-01  1.66530671e-01  1.83595377e-01  7.36966772e-02  1.52327632e-02  4.83667840e-01 
 6.23438177e-04  2.05559102e-01  1.76384724e-01  1.97587318e-01  7.46424075e-02  1.55856138e-02  4.86114584e-01 
 7.23438177e-04  2.36728129e-01  1.94056291e-01  2.22539268e-01  8.20534000e-02  1.56867990e-02  4.88975528e-01 
 8.23438177e-04  2.52965695e-01  2.00431119e-01  2.32476397e-01  9.14406063e-02  1.56280850e-02  4.87484231e-01 
 9.23438177e-04  2.47184973e-01  1.98240232e-01  2.28626195e-01  9.50716268e-02  1.55251282e-02  4.84331581e-01 
 1.02343818e-03  2.42525942e-01  1.96282959e-01  2.25724902e-01  9.45218219e-02  1.56338613e-02  4.82632838e-01 
 1.12343818e-03  2.42314128e-01  1.96067006e-01  2.25654285e-01  9.33387445e-02  1.69885998e-02  4.82358446e-01 
 1.22343818e-03  2.43186814e-01  1.96329165e-01  2.26182811e-01  9.28057611e-02  2.05828138e-02  4.82524567e-01 
 1.32343818e-03  2.43483582e-01  1.96424373e-01  2.26325040e-01  9.27708113e-02  2.43261337e-02  4.82638017e-01 
 1.42343818e-03  2.43380586e-01  1.96395751e-01  2.26249067e-01  9.28629440e-02  2.61540262e-02  4.82644292e-01 
 1.52343818e-03  2.43319810e-01  1.96375040e-01  2.26215035e-01  9.29141101e-02  2.63926604e-02  4.82602290e-01 
 1.62343818e-03  2.43404126e-01  1.96388394e-01  2.26261498e-01  9.29179151e-02  2.61051812e-02  4.82549246e-01 
 1.72343818e-03  2.43555017e-01  1.96413819e-01  2.26335751e-01  9.29084219e-02  2.58669342e-02  4.82495509e-01 
 1.82343818e-03  2.43704447e-01  1.96436802e-01  2.26404396e-01  9.29035045e-02  2.57765030e-02  4.82442213e-01 
 1.92343818e-03  2.43838530e-01  1.96456420e-01  2.26464946e-01  9.29038627e-02  2.57747851e-02  4.82389292e-01 
 2.02343818e-03  2.43966615e-01  1.96475292e-01  2.26523555e-01  9.29056297e-02  2.57996418e-02  4.82336682e-01 
 2.12343818e-03  2.44096180e-01  1.96494574e-01  2.26583236e-01  9.29068091e-02  2.58227345e-02  4.82284270e-01 
 2.22343818e-03  2.44228510e-01  1.96514168e-01  2.26643895e-01  9.29073780e-02  2.58391620e-02  4.82231938e-01 
 2.32343818e-03  2.44362515e-01  1.96533810e-01  2.26704872e-01  9.29077984e-02  2.58520026e-02  4.82179625e-01 
 2.42343818e-03  2.44497464e-01  1.96553433e-01  2.26765953e-01  9.29082919e-02  2.58643278e-02  4.82127315e-01 
 2.52343818e-03  2.44633328e-01  1.96573072e-01  2.26827213e-01  9.29088536e-02  2.58774363e-02  4.82075004e-01 
 2.62343818e-03  2.44770294e-01  1.96592756e-01  2.26888736e-01  9.29094299e-02  2.58914968e-02  4.82022692e-01 
 2.72343818e-03  2.44908473e-01  1.96612490e-01  2.26950542e-01  9.29099978e-02  2.59063539e-02  4.81970380e-01 
 2.82343818e-03  2.45047882e-01  1.96632268e-01  2.27012621e-01  9.29105592e-02  2.59218979e-02  4.81918067e-01 
 2.92343818e-03  2.45188518e-01  1.96652087e-01  2.27074967e-01  9.29111203e-02  2.59381215e-02  4.81865755e-01 
 3.02343818e-03  2.45330392e-01  1.96671948e-01  2.27137580e-01  9.29116833e-02  2.59550729e-02  4.81813444e-01 
 3.12343818e-03  2.45473523e-01  1.96691852e-01  2.27200462e-01  9.29122479e-02  2.59728149e-02  4.81761134e-01 
 3.22343818e-03  2.45617936e-01  1.96711798e-01  2.27263619e-01  9.29128134e-02  2.59914090e-02  4.81708824e-01 
 3.32343818e-03  2.45763655e-01  1.96731786e-01  2.27327050e-01  9.29133795e-02  2.60109155e-02  4.81656516e-01 
 3.42343818e-03  2.45910701e-01  1.96751818e-01  2.27390759e-01  9.29139463e-02  2.60313963e-02  4.81604208e-01 
 3.52343818e-03  2.46059098e-01  1.96771892e-01  2.27454748e-01  9.29145138e-02  2.60529175e-02  4.81551900e-01 
 3.62343818e-03  2.46208869e-01  1.96792009e-01  2.27519019e-01  9.29150822e-02  2.60755502e-02  4.81499594e-01 
 3.72343818e-03  2.46360039e-01  1.96812170e-01  2.27583573e-01  9.29156514e-02  2.60993709e-02  4.81447288e-01 
 3.82343818e-03  2.46512631e-01  1.96832374e-01  2.27648415e-01  9.29162214e-02  2.61244614e-02  4.81394984e-01 
 3.92343818e-03  2.46666672e-01  1.96852621e-01  2.27713545e-01  9.29167921e-02  2.61509095e-02  4.81342680e-01 
 4.02343818e-03  2.46822189e-01  1.96872911e-01  2.27778966e-01  9.29173636e-02  2.61788091e-02  4.81290376e-01 
 4.12343818e-03  2.46979207e-01  1.96893246e-01  2.27844681e-01  9.29179360e-02  2.62082606e-02  4.81238074e-01 
 4.22343818e-03  2.47137755e-01  1.96913624e-01  2.27910691e-01  9.29185091e-02  2.62393717e-02  4.81185772e-01 
 4.32343818e-03  2.47297862e-01  1.96934046e-01  2.27977001e-01  9.29190830e-02  2.62722575e-02  4.81133472e-01 
 4.42343818e-03  2.47459555e-01  1.96954512e-01  2.28043610e-01  9.29196577e-02  2.63070414e-02  4.81081172e-01 
 4.52343818e-03  2.47622866e-01  1.96975023e-01  2.28110524e-01  9.29202332e-02  2.63438558e-02  4.81028873e-01 
 4.62343818e-03  2.47787824e-01  1.96995577e-01  2.28177743e-01  9.29208095e-02  2.63828422e-02  4.80976574e-01 
 4.72343818e-03  2.47954462e-01  1.97016176e-01  2.28245270e-01  9.29213866e-02  2.64241524e-02  4.80924277e-01 
 4.82343818e-03  2.48122813e-01  1.97036820e-01  2.28313108e-01  9.29219645e-02  2.64679490e-02  4.80871980e-01 
 4.92343818e-03  2.48292909e-01  1.97057508e-01  2.28381261e-01  9.29225432e-02  2.65144065e-02  4.80819684e-01 
 5.02343818e-03  2.48464785e-01  1.97078242e-01  2.28449729e-01  9.29231227e-02  2.65637119e-02  4.80767390e-01 
 5.12343818e-03  2.48638477e-01  1.97099020e-01  2.28518516e-01  9.29237030e-02  2.66160656e-02  4.80715095e-01 
 5.22343818e-03  2.48814020e-01  1.97119843e-01  2.28587626e-01  9.29242841e-02  2.66716829e-02  4.80662802e-01 
 5.32343818e-03  2.48991453e-01  1.97140712e-01  2.28657059e-01  9.29248660e-02  2.67307947e-02  4.80610510e-01 
 5.42343818e-03  2.49170814e-01  1.97161626e-01  2.28726820e-01  9.29254487e-02  2.67936488e-02  4.80558219e-01 
 5.52343818e-03  2.49352143e-01  1.97182585e-01  2.28796911e-01  9.29260322e-02  2.68605115e-02  4.80505928e-01 
 5.62343818e-03  2.49535481e-01  1.97203590e-01  2.28867335e-01  9.29266165e-02  2.69316690e-02  4.80453638e-01 
 5.72343818e-03  2.49720869e-01  1.97224641e-01  2.28938095e-01  9.29272016e-02  2.70074285e-02  4.80401350e-01 
 5.82343818e-03  2.49908352e-01  1.97245738e-01  2.29009194e-01  9.29277876e-02  2.70881210e-02  4.80349062e-01 
 5.92343818e-03  2.50097975e-01  1.97266882e-01  2.29080635e-01  9.29283743e-02  2.71741021e-02  4.80296775e-01 
 6.02343818e-03  2.50289782e-01  1.97288071e-01  2.29152421e-01  9.29289619e-02  2.72657550e-02  4.80244489e-01 
 6.12343818e-03  2.50483823e-01  1.97309306e-01  2.29224555e-01  9.29295503e-02  2.73634924e-02  4.80192204e-01 
 6.22343818e-03  2.50680147e-01  1.97330589e-01  2.29297039e-01  9.29301394e-02  2.74677593e-02  4.80139919e-01 
 6.32343818e-03  2.50878803e-01  1.97351917e-01  2.29369878e-01  9.29307294e-02  2.75790358e-02  4.80087636e-01 
 6.42343818e-03  2.51079844e-01  1.97373293e-01  2.29443075e-01  9.29313203e-02  2.76978401e-02  4.80035354e-01 
 6.52343818e-03  2.51283326e-01  1.97394715e-01  2.29516632e-01  9.29319119e-02  2.78247326e-02  4.79983073e-01 
 6.62343818e-03  2.51489302e-01  1.97416185e-01  2.29590554e-01  9.29325043e-02  2.79603191e-02  4.79930792e-01 
 6.72343818e-03  2.51697831e-01  1.97437702e-01  2.29664842e-01  9.29330976e-02  2.81052559e-02  4.79878513e-01 
 6.82343818e-03  2.51908974e-01  1.97459266e-01  2.29739501e-01  9.29336917e-02  2.82602544e-02  4.79826234e-01 
 6.92343818e-03  2.52122790e-01  1.97480878e-01  2.29814535e-01  9.29342866e-02  2.84260869e-02  4.79773957e-01 
 7.02343818e-03  2.52339344e-01  1.97502537e-01  2.29889946e-01  9.29348823e-02  2.86035926e-02  4.79721681e-01 
 7.12343818e-03  2.52558703e-01  1.97524244e-01  2.29965738e-01  9.29354789e-02  2.87936855e-02  4.79669405e-01 
 7.22343818e-03  2.52780933e-01  1.97545999e-01  2.30041915e-01  9.29360763e-02  2.89973613e-02  4.79617131e-01 
 7.32343818e-03  2.53006106e-01  1.97567802e-01  2.30118481e-01  9.29366745e-02  2.92157081e-02  4.79564858e-01 
 7.42343818e-03  2.53234295e-01  1.97589654e-01  2.30195438e-01  9.29372735e-02  2.94499163e-02  4.79512586e-01 
 7.52343818e-03  2.53465576e-01  1.97611553e-01  2.30272791e-01  9.29378734e-02  2.97012915e-02  4.79460315e-01 
 7.62343818e-03  2.53700026e-01  1.97633502e-01  2.30350543e-01  9.29384741e-02  2.99712683e-02  4.79408044e-01 
 7.72343818e-03  2.53937728e-01  1.97655499e-01  2.30428699e-01  9.29390756e-02  3.02614276e-02  4.79355776e-01 
 7.82343818e-03  2.54178765e-01  1.97677544e-01  2.30507263e-01  9.29396780e-02  3.05735159e-02  4.79303508e-01 
 7.92343818e-03  2.54423225e-01  1.97699639e-01  2.30586237e-01  9.29402811e-02  3.09094687e-02  4.79251241e-01 
 8.02343818e-03  2.54671199e-01  1.97721783e-01  2.30665626e-01  9.29408852e-02  3.12714379e-02  4.79198975e-01 
 8.12343818e-03  2.54922781e-01  1.97743976e-01  2.30745435e-01  9.29414900e-02  3.16618252e-02  4.79146711e-01 
 8.22343818e-03  2.55178068e-01  1.97766219e-01  2.30825668e-01  9.29420957e-02  3.20833214e-02  4.79094448e-01 
 8.32343818e-03  2.55437162e-01  1.97788511e-01  2.30906327e-01  9.29427022e-02  3.25389550e-02  4.79042186e-01 
 8.42343818e-03  2.55700169e-01  1.97810853e-01  2.30987419e-01  9.29433096e-02  3.30321517e-02  4.78989925e-01 
 8.52343818e-03  2.55967197e-01  1.97833244e-01  2.31068947e-01  9.29439178e-02  3.35668078e-02  4.78937666e-01 
 8.62343818e-03  2.56238363e-01  1.97855686e-01  2.31150915e-01  9.29445268e-02  3.41473823e-02  4.78885407e-01 
 8.72343818e-03  2.56513782e-01  1.97878178e-01  2.31233328e-01  9.29451367e-02  3.47790133e-02  4.78833150e-01 
 8.82343818e-03  2.56793581e-01  1.97900720e-01  2.31316191e-01  9.29457475e-02  3.54676679e-02  4.78780895e-01 
 8.92343818e-03  2.57077886e-01  1.97923313e-01  2.31399507e-01  9.29463590e-02  3.62203366e-02  4.78728640e-01 
 9.02343818e-03  2.57366833e-01  1.97945956e-01  2.31483282e-01  9.29469714e-02  3.70452899e-02  4.78676387e-01 
 9.12343818e-03  2.57660559e-01  1.97968650e-01  2.31567521e-01  9.29475847e-02  3.79524244e-02  4.78624136e-01 
 9.22343818e-03  2.57959213e-01  1.97991396e-01  2.31652228e-01  9.29481988e-02  3.89537356e-02  4.78571886e-01 
 9.32343818e-03  2.58262944e-01  1.98014192e-01  2.31737407e-01  9.29488138e-02  4.00639817e-02  4.78519637e-01 
 9.42343818e-03  2.58571911e-01  1.98037039e-01  2.31823065e-01  9.29494296e-02  4.13016361e-02  4.78467389e-01 
 9.52343818e-03  2.58886280e-01  1.98059938e-01  2.31909205e-01  9.29500462e-02  4.26902965e-02  4.78415144e-01 
 9.62343818e-03  2.59206224e-01  1.98082888e-01  2.31995834e-01  9.29506637e-02  4.42608364e-02  4.78362899e-01 
 9.72343818e-03  2.59531924e-01  1.98105890e-01  2.32082956e-01  9.29512821e-02  4.60548227e-02  4.78310657e-01 
 9.82343818e-03  2.59863568e-01  1.98128944e-01  2.32170576e-01  9.29519013e-02  4.81301937e-02  4.78258416e-01 
 9.92343818e-03  2.60201353e-01  1.98152050e-01  2.32258699e-01  9.29525213e-02  5.05712206e-02  4.78206176e-01 
 1.00000000e-02  2.60464244e-01  1.98169776e-01  2.32326512e-01  9.29529966e-02  5.27664673e-02  4.78166182e-01 
 1.00000100e-02  2.60464280e-01  1.98169778e-01  2.32326522e-01  9.29529971e-02  5.27668447e-02  4.78166177e-01 
 1.00000300e-02  2.60464350e-01  1.98169784e-01  2.32326540e-01  9.29529980e-02  5.27675918e-02  4.78166168e-01 
 1.00000530e-02  2.60464428e-01  1.98169788e-01  2.32326560e-01  9.29529972e-02  5.27681483e-02  4.78166154e-01 
 1.00000743e-02  2.60464445e-01  1.98169756e-01  2.32326533e-01  9.29529588e-02  5.28552412e-02  4.78166086e-01 
 1.00000884e-02  2.60464649e-01  1.98169860e-01  2.32326670e-01  9.29530648e-02  5.29833046e-02  4.78166235e-01 
 1.00001000e-02  2.60464852e-01  1.98169968e-01  2.32326810e-01  9.29531755e-02  5.31022161e-02  4.78166394e-01 
 1.00001016e-02  2.60464880e-01  1.98169983e-01  2.32326829e-01  9.29531909e-02  5.31189943e-02  4.78166416e-01 
 1.00001047e-02  2.60464936e-01  1.98170013e-01  2.32326868e-01  9.29532217e-02  5.31526066e-02  4.78166460e-01 
 1.00001109e-02  2.60465048e-01  1.98170074e-01  2.32326946e-01  9.29532835e-02  5.32200165e-02  4.78166549e-01 
 1.00001233e-02  2.60465273e-01  1.98170194e-01  2.32327102e-01  9.29534068e-02  5.33555806e-02  4.78166727e-01 
 1.00001482e-02  2.60465723e-01  1.98170437e-01  2.32327415e-01  9.29536532e-02  5.36297300e-02  4.78167084e-01 
 1.00001979e-02  2.60466625e-01  1.98170924e-01  2.32328042e-01  9.29541457e-02  5.41904374e-02  4.78167805e-01 
 1.00002974e-02  2.60468439e-01  1.98171910e-01  2.32329307e-01  9.29551345e-02  5.53642250e-02  4.78169275e-01 
 1.00004964e-02  2.60472110e-01  1.98173927e-01  2.32331876e-01  9.29571498e-02  5.79461968e-02  4.78172324e-01 
 1.00008943e-02  2.60479607e-01  1.98178149e-01  2.32337168e-01  9.29614015e-02  6.42909703e-02  4.78178867e-01 
 1.00016901e-02  2.60495091e-01  1.98187308e-01  2.32348305e-01  9.29708764e-02  8.37772344e-02  4.78193680e-01 
 1.00032818e-02  2.60526841e-01  1.98208106e-01  2.32372143e-01  9.29934145e-02  1.26962928e-01  4.78229685e-01 
 1.00060232e-02  2.60578326e-01  1.98249639e-01  2.32414953e-01  9.30413315e-02  1.41806818e-01  4.78308810e-01 
 1.00089516e-02  2.60620800e-01  1.98298823e-01  2.32458647e-01  9.31019673e-02  1.50924523e-01  4.78412855e-01 
 1.00115909e-02  2.60641650e-01  1.98344727e-01  2.32492659e-01  9.31622116e-02  1.54568011e-01  4.78520116e-01 
 1.00168696e-02  2.60612297e-01  1.98430896e-01  2.32533154e-01  9.32879320e-02  1.55580300e-01  4.78757940e-01 
 1.00274269e-02  2.60211460e-01  1.98544072e-01  2.32468799e-01  9.35174856e-02  1.48349340e-01  4.79261481e-01 
 1.00441156e-02  2.58707817e-01  1.98522855e-01  2.31984525e-01  9.37471557e-02  1.30617033e-01  4.79993137e-01 
 1.00774929e-02  2.54146243e-01  1.98004039e-01  2.30304946e-01  9.37718075e-02  9.71110389e-02  4.81037720e-01 
 1.01442475e-02  2.46568499e-01  1.96831461e-01  2.27352694e-01  9.33056746e-02  5.20615837e-02  4.82159769e-01 
 1.02442475e-02  2.41928968e-01  1.96091147e-01  2.25513787e-01  9.28747452e-02  2.65794006e-02  4.82961470e-01 
 1.03442475e-02  2.41183326e-01  1.96034281e-01  2.25261323e-01  9.28198812e-02  2.22390439e-02  4.83285189e-01 
 1.04442475e-02  2.41486558e-01  1.96102063e-01  2.25383177e-01  9.28685028e-02  2.36938236e-02  4.83353734e-01 
 1.05001000e-02  2.41690772e-01  1.96126744e-01  2.25451196e-01  9.28918196e-02  2.49383818e-02  4.83330859e-01 
 1.05001100e-02  2.41690811e-01  1.96126747e-01  2.25451208e-01  9.28918234e-02  2.49386461e-02  4.83330851e-01 
 1.05001300e-02  2.41690888e-01  1.96126753e-01  2.25451231e-01  9.28918306e-02  2.49391179e-02  4.83330834e-01 
 1.05001700e-02  2.41691033e-01  1.96126760e-01  2.25451271e-01  9.28918377e-02  2.49391067e-02  4.83330789e-01 
 1.05002000e-02  2.41691337e-01  1.96126914e-01  2.25451472e-01  9.28920034e-02  2.49619524e-02  4.83330992e-01 
 1.05002080e-02  2.41691385e-01  1.96126929e-01  2.25451497e-01  9.28920201e-02  2.49637311e-02  4.83331007e-01 
 1.05002240e-02  2.41691454e-01  1.96126940e-01  2.25451522e-01  9.28920311e-02  2.49641403e-02  4.83331002e-01 
 1.05002429e-02  2.41691527e-01  1.96126947e-01  2.25451545e-01  9.28920379e-02  2.49641346e-02  4.83330988e-01 
 1.05002631e-02  2.41691605e-01  1.96126954e-01  2.25451569e-01  9.28920451e-02  2.49644385e-02  4.83330972e-01 
 1.05003033e-02  2.41691761e-01  1.96126969e-01  2.25451618e-01  9.28920601e-02  2.49654918e-02  4.83330941e-01 
 1.05003839e-02  2.41692073e-01  1.96126998e-01  2.25451716e-01  9.28920910e-02  2.49679085e-02  4.83330879e-01 
 1.05005449e-02  2.41692695e-01  1.96127056e-01  2.25451911e-01  9.28921547e-02  2.49727509e-02  4.83330756e-01 
 1.05008670e-02  2.41693930e-01  1.96127171e-01  2.25452298e-01  9.28922839e-02  2.49822187e-02  4.83330509e-01 
 1.05015111e-02  2.41696366e-01  1.96127393e-01  2.25453057e-01  9.28925383e-02  2.50005881e-02  4.83330011e-01 
 1.05027994e-02  2.41701108e-01  1.96127810e-01  2.25454522e-01  9.28930215e-02  2.50353099e-02  4.83329002e-01 
 1.05053761e-02  2.41710086e-01  1.96128539e-01  2.25457248e-01  9.28938894e-02  2.50975922e-02  4.83326931e-01 
 1.05105293e-02  2.41726205e-01  1.96129642e-01  2.25462000e-01  9.28952829e-02  2.51993310e-02  4.83322624e-01 
 1.05208358e-02  2.41752381e-01  1.96130885e-01  2.25469434e-01  9.28970272e-02  2.53420735e-02  4.83313624e-01 
 1.05414487e-02  2.41788467e-01  1.96131922e-01  2.25480070e-01  9.28981363e-02  2.55040491e-02  4.83295477e-01 
 1.05826746e-02  2.41833114e-01  1.96135593e-01  2.25499003e-01  9.28974810e-02  2.56451698e-02  4.83262553e-01 
 1.06651264e-02  2.41912707e-01  1.96151936e-01  2.25546137e-01  9.28964548e-02  2.57194295e-02  4.83209296e-01 
 1.07651264e-02  2.42027766e-01  1.96174813e-01  2.25609007e-01  9.28969658e-02  2.57095402e-02  4.83154691e-01 
 1.08651264e-02  2.42151598e-01  1.96195112e-01  2.25668944e-01  9.28978347e-02  2.56895102e-02  4.83102692e-01 
 1.09651264e-02  2.42273166e-01  1.96213706e-01  2.25725846e-01  9.28985342e-02  2.56838953e-02  4.83050697e-01 
 1.10651264e-02  2.42391561e-01  1.96232238e-01  2.25782173e-01  9.28991235e-02  2.56895096e-02  4.82998505e-01 
 1.11651264e-02  2.42509535e-01  1.96251119e-01  2.25839057e-01  9.28996761e-02  2.56990980e-02  4.82946251e-01 
 1.12651264e-02  2.42628763e-01  1.96270165e-01  2.25896470e-01  9.29002144e-02  2.57087726e-02  4.82893975e-01 
 1.13651264e-02  2.42749416e-01  1.96289236e-01  2.25954180e-01  9.29007513e-02  2.57177121e-02  4.82841675e-01 
 1.14651264e-02  2.42871179e-01  1.96308323e-01  2.26012103e-01  9.29012946e-02  2.57262886e-02  4.82789358e-01 
 1.15651264e-02  2.42993863e-01  1.96327448e-01  2.26070249e-01  9.29018441e-02  2.57349400e-02  4.82737033e-01 
 1.16651264e-02  2.43117458e-01  1.96346619e-01  2.26128636e-01  9.29023963e-02  2.57438745e-02  4.82684708e-01 
 1.17651264e-02  2.43242008e-01  1.96365834e-01  2.26187267e-01  9.29029487e-02  2.57531365e-02  4.82632384e-01 
 1.18651264e-02  2.43367548e-01  1.96385089e-01  2.26246139e-01  9.29035013e-02  2.57627175e-02  4.82580062e-01 
 1.19651264e-02  2.43494091e-01  1.96404384e-01  2.26305252e-01  9.29040543e-02  2.57726123e-02  4.82527740e-01 
 1.20651264e-02  2.43621651e-01  1.96423719e-01  2.26364609e-01  9.29046081e-02  2.57828313e-02  4.82475420e-01 
 1.21651264e-02  2.43750240e-01  1.96443095e-01  2.26424212e-01  9.29051628e-02  2.57933949e-02  4.82423100e-01 
 1.22651264e-02  2.43879874e-01  1.96462512e-01  2.26484063e-01  9.29057183e-02  2.58043271e-02  4.82370781e-01 
 1.23651264e-02  2.44010571e-01  1.96481971e-01  2.26544164e-01  9.29062745e-02  2.58156535e-02  4.82318463e-01 
 1.24651264e-02  2.44142347e-01  1.96501470e-01  2.26604517e-01  9.29068315e-02  2.58274003e-02  4.82266145e-01 
 1.25651264e-02  2.44275219e-01  1.96521011e-01  2.26665123e-01  9.29073892e-02  2.58395954e-02  4.82213828e-01 
 1.26651264e-02  2.44409205e-01  1.96540593e-01  2.26725984e-01  9.29079478e-02  2.58522684e-02  4.82161512e-01 
 1.27651264e-02  2.44544322e-01  1.96560217e-01  2.26787103e-01  9.29085071e-02  2.58654510e-02  4.82109196e-01 
 1.28651264e-02  2.44680589e-01  1.96579882e-01  2.26848482e-01  9.29090671e-02  2.58791774e-02  4.82056882e-01 
 1.29651264e-02  2.44818024e-01  1.96599590e-01  2.26910121e-01  9.29096280e-02  2.58934840e-02  4.82004568e-01 
 1.30651264e-02  2.44956646e-01  1.96619339e-01  2.26972025e-01  9.29101896e-02  2.59084099e-02  4.81952255e-01 
 1.31651264e-02  2.45096476e-01  1.96639130e-01  2.27034193e-01  9.29107520e-02  2.59239970e-02  4.81899942e-01 
 1.32651264e-02  2.45237533e-01  1.96658964e-01  2.27096630e-01  9.29113152e-02  2.59402900e-02  4.81847631e-01 
 1.33651264e-02  2.45379837e-01  1.96678839e-01  2.27159335e-01  9.29118792e-02  2.59573368e-02  4.81795320e-01 
 1.34651264e-02  2.45523411e-01  1.96698758e-01  2.27222313e-01  9.29124439e-02  2.59751889e-02  4.81743010e-01 
 1.35651264e-02  2.45668275e-01  1.96718718e-01  2.27285564e-01  9.29130094e-02  2.59939010e-02  4.81690701e-01 
 1.36651264e-02  2.45814451e-01  1.96738722e-01  2.27349092e-01  9.29135757e-02  2.60135319e-02  4.81638392e-01 
 1.37651264e-02  2.45961963e-01  1.96758768e-01  2.27412898e-01  9.29141428e-02  2.60341447e-02  4.81586085e-01 
 1.38651264e-02  2.46110833e-01  1.96778857e-01  2.27476984e-01  9.29147107e-02  2.60558066e-02  4.81533778e-01 
 1.39651264e-02  2.46261085e-01  1.96798990e-01  2.27541353e-01  9.29152793e-02  2.60785898e-02  4.81481472e-01 
 1.40651264e-02  2.46412745e-01  1.96819165e-01  2.27606006e-01  9.29158488e-02  2.61025714e-02  4.81429166e-01 
 1.41651264e-02  2.46565836e-01  1.96839384e-01  2.27670948e-01  9.29164190e-02  2.61278340e-02  4.81376862e-01 
 1.42651264e-02  2.46720386e-01  1.96859646e-01  2.27736178e-01  9.29169900e-02  2.61544661e-02  4.81324558e-01 
 1.43651264e-02  2.46876420e-01  1.96879952e-01  2.27801701e-01  9.29175618e-02  2.61825624e-02  4.81272255e-01 
 1.44651264e-02  2.47033965e-01  1.96900301e-01  2.27867518e-01  9.29181344e-02  2.62122242e-02  4.81219953e-01 
 1.45651264e-02  2.47193049e-01  1.96920695e-01  2.27933632e-01  9.29187078e-02  2.62435602e-02  4.81167652e-01 
 1.46651264e-02  2.47353702e-01  1.96941132e-01  2.28000045e-01  9.29192820e-02  2.62766865e-02  4.81115351e-01 
 1.47651264e-02  2.47515952e-01  1.96961613e-01  2.28066759e-01  9.29198570e-02  2.63117278e-02  4.81063052e-01 
 1.48651264e-02  2.47679830e-01  1.96982139e-01  2.28133778e-01  9.29204328e-02  2.63488173e-02  4.81010753e-01 
 1.49651264e-02  2.47845367e-01  1.97002709e-01  2.28201104e-01  9.29210094e-02  2.63880981e-02  4.80958455e-01 
 1.50651264e-02  2.48012595e-01  1.97023324e-01  2.28268739e-01  9.29215867e-02  2.64297233e-02  4.80906158e-01 
 1.51651264e-02  2.48181546e-01  1.97043983e-01  2.28336685e-01  9.29221649e-02  2.64738571e-02  4.80853861e-01 
 1.52651264e-02  2.48352255e-01  1.97064687e-01  2.28404947e-01  9.29227439e-02  2.65206754e-02  4.80801566e-01 
 1.53651264e-02  2.48524756e-01  1.97085435e-01  2.28473525e-01  9.29233236e-02  2.65703669e-02  4.80749271e-01 
 1.54651264e-02  2.48699086e-01  1.97106229e-01  2.28542424e-01  9.29239042e-02  2.66231340e-02  4.80696977e-01 
 1.55651264e-02  2.48875279e-01  1.97127068e-01  2.28611645e-01  9.29244856e-02  2.66791939e-02  4.80644685e-01 
 1.56651264e-02  2.49053376e-01  1.97147953e-01  2.28681192e-01  9.29250678e-02  2.67387796e-02  4.80592393e-01 
 1.57651264e-02  2.49233414e-01  1.97168882e-01  2.28751067e-01  9.29256508e-02  2.68021414e-02  4.80540101e-01 
 1.58651264e-02  2.49415434e-01  1.97189858e-01  2.28821273e-01  9.29262345e-02  2.68695479e-02  4.80487811e-01 
 1.59651264e-02  2.49599478e-01  1.97210879e-01  2.28891813e-01  9.29268191e-02  2.69412880e-02  4.80435522e-01 
 1.60651264e-02  2.49785587e-01  1.97231946e-01  2.28962690e-01  9.29274046e-02  2.70176721e-02  4.80383233e-01 
 1.61651264e-02  2.49973806e-01  1.97253059e-01  2.29033907e-01  9.29279908e-02  2.70990339e-02  4.80330946e-01 
 1.62651264e-02  2.50164180e-01  1.97274218e-01  2.29105467e-01  9.29285778e-02  2.71857329e-02  4.80278659e-01 
 1.63651264e-02  2.50356756e-01  1.97295423e-01  2.29177373e-01  9.29291656e-02  2.72781558e-02  4.80226373e-01 
 1.64651264e-02  2.50551582e-01  1.97316675e-01  2.29249628e-01  9.29297543e-02  2.73767194e-02  4.80174089e-01 
 1.65651264e-02  2.50748708e-01  1.97337973e-01  2.29322236e-01  9.29303438e-02  2.74818730e-02  4.80121805e-01 
 1.66651264e-02  2.50948185e-01  1.97359318e-01  2.29395198e-01  9.29309340e-02  2.75941017e-02  4.80069522e-01 
 1.67651264e-02  2.51150065e-01  1.97380710e-01  2.29468519e-01  9.29315251e-02  2.77139288e-02  4.80017240e-01 
 1.68651264e-02  2.51354405e-01  1.97402149e-01  2.29542202e-01  9.29321171e-02  2.78419205e-02  4.79964959e-01 
 1.69651264e-02  2.51561259e-01  1.97423635e-01  2.29616251e-01  9.29327098e-02  2.79786889e-02  4.79912679e-01 
 1.70651264e-02  2.51770687e-01  1.97445168e-01  2.29690667e-01  9.29333033e-02  2.81248972e-02  4.79860400e-01 
 1.71651264e-02  2.51982748e-01  1.97466748e-01  2.29765456e-01  9.29338977e-02  2.82812644e-02  4.79808122e-01 
 1.72651264e-02  2.52197506e-01  1.97488377e-01  2.29840620e-01  9.29344929e-02  2.84485712e-02  4.79755845e-01 
 1.73651264e-02  2.52415024e-01  1.97510052e-01  2.29916162e-01  9.29350889e-02  2.86276661e-02  4.79703569e-01 
 1.74651264e-02  2.52635370e-01  1.97531776e-01  2.29992088e-01  9.29356858e-02  2.88194732e-02  4.79651294e-01 
 1.75651264e-02  2.52858612e-01  1.97553548e-01  2.30068399e-01  9.29362834e-02  2.90249998e-02  4.79599020e-01 
 1.76651264e-02  2.53084822e-01  1.97575368e-01  2.30145099e-01  9.29368819e-02  2.92453467e-02  4.79546747e-01 
 1.77651264e-02  2.53314073e-01  1.97597236e-01  2.30222193e-01  9.29374813e-02  2.94817187e-02  4.79494475e-01 
 1.78651264e-02  2.53546443e-01  1.97619152e-01  2.30299684e-01  9.29380814e-02  2.97354371e-02  4.79442204e-01 
 1.79651264e-02  2.53782010e-01  1.97641117e-01  2.30377576e-01  9.29386824e-02  3.00079548e-02  4.79389935e-01 
 1.80651264e-02  2.54020858e-01  1.97663131e-01  2.30455873e-01  9.29392842e-02  3.03008730e-02  4.79337666e-01 
 1.81651264e-02  2.54263071e-01  1.97685194e-01  2.30534578e-01  9.29398868e-02  3.06159616e-02  4.79285399e-01 
 1.82651264e-02  2.54508738e-01  1.97707306e-01  2.30613696e-01  9.29404903e-02  3.09551826e-02  4.79233132e-01 
 1.83651264e-02  2.54757951e-01  1.97729467e-01  2.30693230e-01  9.29410946e-02  3.13207185e-02  4.79180867e-01 
 1.84651264e-02  2.55010805e-01  1.97751677e-01  2.30773185e-01  9.29416998e-02  3.17150063e-02  4.79128603e-01 
 1.85651264e-02  2.55267400e-01  1.97773937e-01  2.30853565e-01  9.29423058e-02  3.21407779e-02  4.79076341e-01 
 1.86651264e-02  2.55527837e-01  1.97796246e-01  2.30934374e-01  9.29429126e-02  3.26011101e-02  4.79024079e-01 
 1.87651264e-02  2.55792225e-01  1.97818605e-01  2.31015616e-01  9.29435202e-02  3.30994854e-02  4.78971819e-01 
 1.88651264e-02  2.56060674e-01  1.97841014e-01  2.31097296e-01  9.29441287e-02  3.36398678e-02  4.78919560e-01 
 1.89651264e-02  2.56333299e-01  1.97863473e-01  2.31179418e-01  9.29447381e-02  3.42267978e-02  4.78867302e-01 
 1.90651264e-02  2.56610222e-01  1.97885983e-01  2.31261986e-01  9.29453482e-02  3.48655124e-02  4.78815045e-01 
 1.91651264e-02  2.56891567e-01  1.97908542e-01  2.31345006e-01  9.29459592e-02  3.55621001e-02  4.78762790e-01 
 1.92651264e-02  2.57177465e-01  1.97931152e-01  2.31428481e-01  9.29465711e-02  3.63237021e-02  4.78710536e-01 
 1.93651264e-02  2.57468052e-01  1.97953813e-01  2.31512416e-01  9.29471838e-02  3.71587795e-02  4.78658284e-01 
 1.94651264e-02  2.57763468e-01  1.97976525e-01  2.31596816e-01  9.29477974e-02  3.80774725e-02  4.78606032e-01 
 1.95651264e-02  2.58063863e-01  1.97999288e-01  2.31681686e-01  9.29484118e-02  3.90920945e-02  4.78553783e-01 
 1.96651264e-02  2.58369390e-01  1.98022102e-01  2.31767031e-01  9.29490270e-02  4.02178268e-02  4.78501535e-01 
 1.97651264e-02  2.58680210e-01  1.98044967e-01  2.31852855e-01  9.29496431e-02  4.14737194e-02  4.78449288e-01 
 1.98651264e-02  2.58996491e-01  1.98067884e-01  2.31939164e-01  9.29502601e-02  4.28841768e-02  4.78397042e-01 
 1.99651264e-02  2.59318408e-01  1.98090852e-01  2.32025963e-01  9.29508779e-02  4.44812386e-02  4.78344799e-01 
 2.00651264e-02  2.59646145e-01  1.98113872e-01  2.32113257e-01  9.29514965e-02  4.63082211e-02  4.78292557e-01 
 2.01651264e-02  2.59979894e-01  1.98136944e-01  2.32201050e-01  9.29521160e-02  4.84258072e-02  4.78240316e-01 
 2.02651264e-02  2.60319855e-01  1.98160068e-01  2.32289350e-01  9.29527364e-02  5.09228150e-02  4.78188077e-01 
 2.03651264e-02  2.60666239e-01  1.98183244e-01  2.32378161e-01  9.29533576e-02  5.39365542e-02  4.78135840e-01 
 2.04651264e-02  2.61019266e-01  1.98206472e-01  2.32467488e-01  9.29539796e-02  5.76945905e-02  4.78083604e-01 
 2.05651264e-02  2.61379165e-01  1.98229753e-01  2.32557337e-01  9.29546026e-02  6.26094119e-02  4.78031371e-01 
 2.06651264e-02  2.61746181e-01  1.98253087e-01  2.32647714e-01  9.29552264e-02  6.96085670e-02  4.77979139e-01 
 2.07651264e-02  2.62120566e-01  1.98276474e-01  2.32738625e-01  9.29558510e-02  8.07657987e-02  4.77926909e-01 
 2.08651264e-02  2.62502586e-01  1.98299913e-01  2.32830075e-01  9.29564765e-02  1.01848358e-01  4.77874681e-01 
 2.09651264e-02  2.62892521e-01  1.98323406e-01  2.32922071e-01  9.29571029e-02  1.45391522e-01  4.77822455e-01 
 2.10651264e-02  2.63290666e-01  1.98346952e-01  2.33014618e-01  9.29577301e-02  2.22896053e-01  4.77770231e-01 
 2.11651264e-02  2.63697328e-01  1.98370551e-01  2.33107723e-01  9.29583582e-02  3.36148684e-01  4.77718009e-01 
 2.12651264e-02  2.64112834e-01  1.98394204e-01  2.33201392e-01  9.29589871e-02  4.82726819e-01  4.77665789e-01 
 2.13651264e-02  2.64537528e-01  1.98417910e-01  2.33295631e-01  9.29596170e-02  6.57446491e-01  4.77613572e-01 
 2.14651264e-02  2.64971770e-01  1.98441671e-01  2.33390448e-01  9.29602477e-02  8.26751743e-01  4.77561357e-01 
 2.15651264e-02  2.65415943e-01  1.98465485e-01  2.33485847e-01  9.29608792e-02  8.70010889e-01  4.77509144e-01 
 2.16651264e-02  2.65870444e-01  1.98489354e-01  2.33581837e-01  9.29615116e-02  8.75189953e-01  4.77456934e-01 
 2.17651264e-02  2.66335697e-01  1.98513277e-01  2.33678423e-01  9.29621449e-02  8.77084398e-01  4.77404726e-01 
 2.18651264e-02  2.66812151e-01  1.98537254e-01  2.33775613e-01  9.29627791e-02  8.78853465e-01  4.77352521e-01 
 2.19651264e-02  2.67300280e-01  1.98561286e-01  2.33873414e-01  9.29634141e-02  8.80693120e-01  4.77300318e-01 
 2.20651264e-02  2.67800584e-01  1.98585373e-01  2.33971832e-01  9.29640500e-02  8.82347831e-01  4.77248119e-01 
 2.21651264e-02  2.68313592e-01  1.98609514e-01  2.34070876e-01  9.29646868e-02  8.83806267e-01  4.77195922e-01 
 2.22651264e-02  2.68839865e-01  1.98633710e-01  2.34170552e-01  9.29653245e-02  8.85102771e-01  4.77143729e-01 
 2.23651264e-02  2.69379998e-01  1.98657962e-01  2.34270868e-01  9.29659630e-02  8.86264063e-01  4.77091539e-01 
 2.24651264e-02  2.69934619e-01  1.98682269e-01  2.34371832e-01  9.29666024e-02  8.87309808e-01  4.77039352e-01 
 2.25651264e-02  2.70504399e-01  1.98706631e-01  2.34473450e-01  9.29672427e-02  8.88255796e-01  4.76987168e-01 
 2.26651264e-02  2.71090048e-01  1.98731048e-01  2.34575732e-01  9.29678839e-02  8.89115003e-01  4.76934988e-01 
 2.27651264e-02  2.71692320e-01  1.98755521e-01  2.34678685e-01  9.29685259e-02  8.89898134e-01  4.76882812e-01 
 2.28651264e-02  2.72312019e-01  1.98780050e-01  2.34782317e-01  9.29691688e-02  8.90614087e-01  4.76830640e-01 
 2.29651264e-02  2.72949997e-01  1.98804634e-01  2.34886636e-01  9.29698126e-02  8.91270332e-01  4.76778472e-01 
 2.30651264e-02  2.73607166e-01  1.98829275e-01  2.34991650e-01  9.29704573e-02  8.91873218e-01  4.76726308e-01 
 2.31651264e-02  2.74284493e-01  1.98853971e-01  2.35097369e-01  9.29711029e-02  8.92428188e-01  4.76674148e-01 
 2.32651264e-02  2.74983013e-01  1.98878724e-01  2.35203801e-01  9.29717493e-02  8.92939952e-01  4.76621994e-01 
 2.33651264e-02  2.75703827e-01  1.98903532e-01  2.35310954e-01  9.29723966e-02  8.93412611e-01  4.76569844e-01 
 2.34651264e-02  2.76448113e-01  1.98928397e-01  2.35418837e-01  9.29730449e-02  8.93849766e-01  4.76517699e-01 
 2.35651264e-02  2.77217128e-01  1.98953319e-01  2.35527460e-01  9.29736940e-02  8.94254592e-01  4.76465560e-01 
 2.36651264e-02  2.78012215e-01  1.98978296e-01  2.35636831e-01  9.29743439e-02  8.94629904e-01  4.76413426e-01 
 2.37651264e-02  2.78834810e-01  1.99003330e-01  2.35746960e-01  9.29749948e-02  8.94978210e-01  4.76361299e-01 
 2.38651264e-02  2.79686451e-01  1.99028421e-01  2.35857857e-01  9.29756466e-02  8.95301755e-01  4.76309177e-01 
 2.39651264e-02  2.80568782e-01  1.99053568e-01  2.35969530e-01  9.29762992e-02  8.95602552e-01  4.76257063e-01 
 2.40651264e-02  2.81483564e-01  1.99078771e-01  2.36081990e-01  9.29769528e-02  8.95882418e-01  4.76204955e-01 
 2.41651264e-02  2.82432681e-01  1.99104032e-01  2.36195246e-01  9.29776072e-02  8.96142994e-01  4.76152854e-01 
 2.42651264e-02  2.83418154e-01  1.99129348e-01  2.36309309e-01  9.29782625e-02  8.96385767e-01  4.76100761e-01 
 2.43651264e-02  2.84442146e-01  1.99154722e-01  2.36424189e-01  9.29789187e-02  8.96612088e-01  4.76048676e-01 
 2.44651264e-02  2.85506973e-01  1.99180151e-01  2.36539896e-01  9.29795757e-02  8.96823190e-01  4.75996599e-01 
 2.45651264e-02  2.86615119e-01  1.99205638e-01  2.36656440e-01  9.29802337e-02  8.97020196e-01  4.75944532e-01 
 2.46651264e-02  2.87769239e-01  1.99231181e-01  2.36773833e-01  9.29808926e-02  8.97204134e-01  4.75892473e-01 
 2.47651264e-02  2.88972180e-01  1.99256780e-01  2.36892084e-01  9.29815523e-02  8.97375946e-01  4.75840425e-01 
 2.48651264e-02  2.90226982e-01  1.99282436e-01  2.37011206e-01  9.29822129e-02  8.97536497e-01  4.75788386e-01 
 2.49651264e-02  2.91536899e-01  1.99308148e-01  2.37131209e-01  9.29828744e-02  8.97686583e-01  4.75736359e-01 
 2.50651264e-02  2.92905402e-01  1.99333916e-01  2.37252104e-01  9.29835367e-02  8.97826935e-01  4.75684343e-01 
 2.51651264e-02  2.94336193e-01  1.99359741e-01  2.37373904e-01  9.29841999e-02  8.97958228e-01  4.75632339e-01 
 2.52651264e-02  2.95833215e-01  1.99385621e-01  2.37496620e-01  9.29848640e-02  8.98081084e-01  4.75580347e-01 
 2.53651264e-02  2.97400656e-01  1.99411558e-01  2.37620263e-01  9.29855289e-02  8.98196080e-01  4.75528368e-01 
 2.54651264e-02  2.99042958e-01  1.99437551e-01  2.37744848e-01  9.29861947e-02  8.98303746e-01  4.75476403e-01 
 2.55651264e-02  3.00764816e-01  1.99463599e-01  2.37870385e-01  9.29868613e-02  8.98404577e-01  4.75424451e-01 
 2.56651264e-02  3.02571182e-01  1.99489703e-01  2.37996887e-01  9.29875288e-02  8.98499028e-01  4.75372514e-01 
 2.57651264e-02  3.04467255e-01  1.99515863e-01  2.38124369e-01  9.29881970e-02  8.98587523e-01  4.75320592e-01 
 2.58651264e-02  3.06458474e-01  1.99542078e-01  2.38252844e-01  9.29888661e-02  8.98670454e-01  4.75268685e-01 
 2.59651264e-02  3.08550500e-01  1.99568350e-01  2.38382326e-01  9.29895359e-02  8.98748189e-01  4.75216794e-01 
 2.60651264e-02  3.10749197e-01  1.99594676e-01  2.38512829e-01  9.29902065e-02  8.98821064e-01  4.75164919e-01 
 2.61651264e-02  3.13060595e-01  1.99621059e-01  2.38644368e-01  9.29908779e-02  8.98889397e-01  4.75113060e-01 
 2.62651264e-02  3.15490854e-01  1.99647497e-01  2.38776960e-01  9.29915499e-02  8.98953481e-01  4.75061217e-01 
 2.63651264e-02  3.18046220e-01  1.99673992e-01  2.38910620e-01  9.29922227e-02  8.99013589e-01  4.75009390e-01 
 2.64651264e-02  3.20732959e-01  1.99700543e-01  2.39045366e-01  9.29928961e-02  8.99069975e-01  4.74957579e-01 
 2.65651264e-02  3.23557300e-01  1.99727150e-01  2.39181216e-01  9.29935702e-02  8.99122879e-01  4.74905783e-01 
 2.66651264e-02  3.26525356e-01  1.99753814e-01  2.39318189e-01  9.29942449e-02  8.99172520e-01  4.74854003e-01 
 2.67651264e-02  3.29643045e-01  1.99780536e-01  2.39456304e-01  9.29949202e-02  8.99219105e-01  4.74802236e-01 
 2.68651264e-02  3.32916001e-01  1.99807317e-01  2.39595582e-01  9.29955961e-02  8.99262828e-01  4.74750483e-01 
 2.69651264e-02  3.36349491e-01  1.99834156e-01  2.39736045e-01  9.29962726e-02  8.99303867e-01  4.74698742e-01 
 2.70651264e-02  3.39948319e-01  1.99861054e-01  2.39877716e-01  9.29969496e-02  8.99342391e-01  4.74647012e-01 
 2.71651264e-02  3.43716742e-01  1.99888014e-01  2.40020619e-01  9.29976271e-02  8.99378556e-01  4.74595291e-01 
 2.72651264e-02  3.47658394e-01  1.99915035e-01  2.40164778e-01  9.29983052e-02  8.99412510e-01  4.74543578e-01 
 2.73651264e-02  3.51776205e-01  1.99942119e-01  2.40310220e-01  9.29989838e-02  8.99444388e-01  4.74491871e-01 
 2.74651264e-02  3.56072352e-01  1.99969267e-01  2.40456973e-01  9.29996629e-02  8.99474320e-01  4.74440168e-01 
 2.75651264e-02  3.60548208e-01  1.99996480e-01  2.40605064e-01  9.30003426e-02  8.99502425e-01  4.74388467e-01 
 2.76651264e-02  3.65204320e-01  2.00023760e-01  2.40754522e-01  9.30010228e-02  8.99528815e-01  4.74336766e-01 
 2.77651264e-02  3.70040393e-01  2.00051108e-01  2.40905378e-01  9.30017037e-02  8.99553595e-01  4.74285064e-01 
 2.78651264e-02  3.75055301e-01  2.00078525e-01  2.41057663e-01  9.30023852e-02  8.99576862e-01  4.74233357e-01 
 2.79651264e-02  3.80247111e-01  2.00106012e-01  2.41211407e-01  9.30030673e-02  8.99598710e-01  4.74181644e-01 
 2.80651264e-02  3.85613125e-01  2.00133572e-01  2.41366644e-01  9.30037503e-02  8.99619223e-01  4.74129924e-01 
 2.81651264e-02  3.91149930e-01  2.00161204e-01  2.41523406e-01  9.30044339e-02  8.99638482e-01  4.74078195e-01 
 2.82651264e-02  3.96853465e-01  2.00188911e-01  2.41681727e-01  9.30051185e-02  8.99656563e-01  4.74026454e-01 
 2.83651264e-02  4.02719090e-01  2.00216693e-01  2.41841640e-01  9.30058039e-02  8.99673537e-01  4.73974701e-01 
 2.84651264e-02  4.08741669e-01  2.00244552e-01  2.42003180e-01  9.30064902e-02  8.99689469e-01  4.73922933e-01 
 2.85651264e-02  4.14915644e-01  2.00272488e-01  2.42166381e-01  9.30071775e-02  8.99704422e-01  4.73871152e-01 
 2.86651264e-02  4.21235118e-01  2.00300502e-01  2.42331280e-01  9.30078658e-02  8.99718454e-01  4.73819354e-01 
 2.87651264e-02  4.27693927e-01  2.00328595e-01  2.42497910e-01  9.30085552e-02  8.99731620e-01  4.73767540e-01 
 2.88651264e-02  4.34285717e-01  2.00356768e-01  2.42666309e-01  9.30092458e-02  8.99743970e-01  4.73715708e-01 
 2.89651264e-02  4.41004005e-01  2.00385021e-01  2.42836514e-01  9.30099374e-02  8.99755554e-01  4.73663860e-01 
 2.90651264e-02  4.47842242e-01  2.00413355e-01  2.43008560e-01  9.30106303e-02  8.99766415e-01  4.73611993e-01 
 2.91651264e-02  4.54793861e-01  2.00441770e-01  2.43182488e-01  9.30113243e-02  8.99776597e-01  4.73560109e-01 
 2.92651264e-02  4.61852324e-01  2.00470267e-01  2.43358334e-01  9.30120196e-02  8.99786139e-01  4.73508207e-01 
 2.93651264e-02  4.69011154e-01  2.00498845e-01  2.43536138e-01  9.30127161e-02  8.99795079e-01  4.73456288e-01 
 2.94651264e-02  4.76263966e-01  2.00527506e-01  2.43715942e-01  9.30134139e-02  8.99803451e-01  4.73404350e-01 
 2.95651264e-02  4.83604487e-01  2.00556249e-01  2.43897785e-01  9.30141129e-02  8.99811291e-01  4.73352396e-01 
 2.96651264e-02  4.91026569e-01  2.00585075e-01  2.44081711e-01  9.30148132e-02  8.99818629e-01  4.73300424e-01 
 2.97651264e-02  4.98524201e-01  2.00613983e-01  2.44267764e-01  9.30155147e-02  8.99825496e-01  4.73248436e-01 
 2.98651264e-02  5.06091503e-01  2.00642975e-01  2.44455988e-01  9.30162176e-02  8.99831920e-01  4.73196431e-01 
 2.99651264e-02  5.13722732e-01  2.00672050e-01  2.44646430e-01  9.30169216e-02  8.99837930e-01  4.73144409e-01 
 3.00651264e-02  5.21412268e-01  2.00701209e-01  2.44839137e-01  9.30176270e-02  8.99843552e-01  4.73092372e-01 
 3.01651264e-02  5.29154605e-01  2.00730451e-01  2.45034160e-01  9.30183335e-02  8.99848810e-01  4.73040319e-01 
 3.02651264e-02  5.36944334e-01  2.00759777e-01  2.45231549e-01  9.30190413e-02  8.99853728e-01  4.72988250e-01 
 3.03651264e-02  5.44776122e-01  2.00789188e-01  2.45431358e-01  9.30197503e-02  8.99858328e-01  4.72936166e-01 
 3.04651264e-02  5.52644693e-01  2.00818683e-01  2.45633643e-01  9.30204606e-02  8.99862632e-01  4.72884066e-01 
 3.05651264e-02  5.60544796e-01  2.00848263e-01  2.45838460e-01  9.30211720e-02  8.99866659e-01  4.72831950e-01 
 3.06651264e-02  5.68471182e-01  2.00877929e-01  2.46045868e-01  9.30218846e-02  8.99870428e-01  4.72779819e-01 
 3.07651264e-02  5.76418562e-01  2.00907680e-01  2.46255932e-01  9.30225984e-02  8.99873956e-01  4.72727672e-01 
 3.08651264e-02  5.84381579e-01  2.00937518e-01  2.46468714e-01  9.30233133e-02  8.99877259e-01  4.72675508e-01 
 3.09651264e-02  5.92354760e-01  2.00967443e-01  2.46684283e-01  9.30240294e-02  8.99880352e-01  4.72623327e-01 
 3.10651264e-02  6.00332477e-01  2.00997456e-01  2.46902708e-01  9.30247466e-02  8.99883250e-01  4.72571129e-01 
 3.11651264e-02  6.08308891e-01  2.01027558e-01  2.47124065e-01  9.30254649e-02  8.99885965e-01  4.72518913e-01 
 3.12651264e-02  6.16277904e-01  2.01057750e-01  2.47348429e-01  9.30261843e-02  8.99888509e-01  4.72466677e-01 
 3.13651264e-02  6.24233091e-01  2.01088032e-01  2.47575882e-01  9.30269047e-02  8.99890893e-01  4.72414420e-01 
 3.14651264e-02  6.32167642e-01  2.01118406e-01  2.47806508e-01  9.30276262e-02  8.99893128e-01  4.72362141e-01 
 3.15651264e-02  6.40074280e-01  2.01148873e-01  2.48040397e-01  9.30283487e-02  8.99895224e-01  4.72309839e-01 
 3.16651264e-02  6.47945190e-01  2.01179436e-01  2.48277643e-01  9.30290723e-02  8.99897188e-01  4.72257511e-01 
 3.17651264e-02  6.55771927e-01  2.01210094e-01  2.48518344e-01  9.30297968e-02  8.99899030e-01  4.72205154e-01 
 3.18651264e-02  6.63545325e-01  2.01240852e-01  2.48762605e-01  9.30305223e-02  8.99900757e-01  4.72152768e-01 
 3.19651264e-02  6.71255400e-01  2.01271709e-01  2.49010535e-01  9.30312487e-02  8.99902377e-01  4.72100347e-01 
 3.20651264e-02  6.78891254e-01  2.01302670e-01  2.49262252e-01  9.30319761e-02  8.99903895e-01  4.72047890e-01 
 3.21651264e-02  6.86440971e-01  2.01333736e-01  2.49517878e-01  9.30327044e-02  8.99905318e-01  4.71995392e-01 
 3.22651264e-02  6.93891532e-01  2.01364911e-01  2.49777543e-01  9.30334336e-02  8.99906652e-01  4.71942849e-01 
 3.23651264e-02  7.01228743e-01  2.01396197e-01  2.50041384e-01  9.30341638e-02  8.99907902e-01  4.71890258e-01 
 3.24651264e-02  7.08437188e-01  2.01427597e-01  2.50309545e-01  9.30348950e-02  8.99909074e-01  4.71837613e-01 
 3.25651264e-02  7.15500230e-01  2.01459115e-01  2.50582178e-01  9.30356272e-02  8.99910172e-01  4.71784911e-01 
 3.26651264e-02  7.22400087e-01  2.01490755e-01  2.50859440e-01  9.30363606e-02  8.99911200e-01  4.71732147e-01 
 3.27651264e-02  7.29117980e-01  2.01522519e-01  2.51141495e-01  9.30370954e-02  8.99912163e-01  4.71679317e-01 
 3.28651264e-02  7.35634420e-01  2.01554409e-01  2.51428508e-01  9.30378318e-02  8.99913064e-01  4.71626419e-01 
 3.29651264e-02  7.41929615e-01  2.01586429e-01  2.51720649e-01  9.30385701e-02  8.99913909e-01  4.71573450e-01 
 3.30651264e-02  7.47984052e-01  2.01618579e-01  2.52018083e-01  9.30393107e-02  8.99914698e-01  4.71520412e-01 
 3.31651264e-02  7.53779221e-01  2.01650858e-01  2.52320970e-01  9.30400541e-02  8.99915437e-01  4.71467306e-01 
 3.32651264e-02  7.59298482e-01  2.01683265e-01  2.52629463e-01  9.30408008e-02  8.99916129e-01  4.71414140e-01 
 3.33651264e-02  7.64528000e-01  2.01715795e-01  2.52943700e-01  9.30415512e-02  8.99916775e-01  4.71360923e-01 
 3.34651264e-02  7.69457662e-01  2.01748442e-01  2.53263804e-01  9.30423059e-02  8.99917380e-01  4.71307667e-01 
 3.35651264e-02  7.74081860e-01  2.01781198e-01  2.53589886e-01  9.30430651e-02  8.99917944e-01  4.71254387e-01 
 3.36651264e-02  7.78400013e-01  2.01814052e-01  2.53922038e-01  9.30438288e-02  8.99918472e-01  4.71201102e-01 
 3.37651264e-02  7.82416720e-01  2.01846994e-01  2.54260349e-01  9.30445970e-02  8.99918965e-01  4.71147831e-01 
 3.38651264e-02  7.86141506e-01  2.01880011e-01  2.54604906e-01  9.30453690e-02  8.99919426e-01  4.71094592e-01 
 3.39651264e-02  7.89588162e-01  2.01913094e-01  2.54955805e-01  9.30461441e-02  8.99919856e-01  4.71041401e-01 
 3.40651264e-02  7.92773793e-01  2.01946233e-01  2.55313161e-01  9.30469215e-02  8.99920257e-01  4.70988271e-01 
 3.41651264e-02  7.95717679e-01  2.01979421e-01  2.55677119e-01  9.30477002e-02  8.99920631e-01  4.70935212e-01 
 3.42651264e-02  7.98440147e-01  2.02012655e-01  2.56047855e-01  9.30484795e-02  8.99920981e-01  4.70882229e-01 
 3.43651264e-02  8.00961550e-01  2.02045933e-01  2.56425580e-01  9.30492585e-02  8.99921307e-01  4.70829323e-01 
 3.44651264e-02  8.03301465e-01  2.02079254e-01  2.56810545e-01  9.30500368e-02  8.99921611e-01  4.70776491e-01 
 3.45651264e-02  8.05478151e-01  2.02112622e-01  2.57203027e-01  9.30508142e-02  8.99921894e-01  4.70723730e-01 
 3.46651264e-02  8.07508229e-01  2.02146041e-01  2.57603336e-01  9.30515906e-02  8.99922159e-01  4.70671035e-01 
 3.47651264e-02  8.09406584e-01  2.02179513e-01  2.58011805e-01  9.30523660e-02  8.99922405e-01  4.70618397e-01 
 3.48651264e-02  8.11186385e-01  2.02213044e-01  2.58428785e-01  9.30531406e-02  8.99922635e-01  4.70565812e-01 
 3.49651264e-02  8.12859217e-01  2.02246638e-01  2.58854647e-01  9.30539146e-02  8.99922848e-01  4.70513274e-01 
 3.50651264e-02  8.14435238e-01  2.02280297e-01  2.59289780e-01  9.30546882e-02  8.99923048e-01  4.70460776e-01 
 3.51651264e-02  8.15923361e-01  2.02314027e-01  2.59734588e-01  9.30554615e-02  8.99923233e-01  4.70408315e-01 
 3.52651264e-02  8.17331422e-01  2.02347829e-01  2.60189492e-01  9.30562349e-02  8.99923406e-01  4.70355886e-01 
 3.53651264e-02  8.18666329e-01  2.02381706e-01  2.60654933e-01  9.30570083e-02  8.99923567e-01  4.70303485e-01 
 3.54651264e-02  8.19934201e-01  2.02415661e-01  2.61131373e-01  9.30577820e-02  8.99923717e-01  4.70251111e-01 
 3.55651264e-02  8.21140474e-01  2.02449695e-01  2.61619296e-01  9.30585560e-02  8.99923857e-01  4.70198759e-01 
 3.56651264e-02  8.22289997e-01  2.02483811e-01  2.62119212e-01  9.30593304e-02  8.99923986e-01  4.70146429e-01 
 3.57651264e-02  8.23387110e-01  2.02518010e-01  2.62631656e-01  9.30601054e-02  8.99924107e-01  4.70094118e-01 
 3.58651264e-02  8.24435712e-01  2.02552293e-01  2.63157193e-01  9.30608809e-02  8.99924220e-01  4.70041825e-01 
 3.59651264e-02  8.25439313e-01  2.02586662e-01  2.63696423e-01  9.30616571e-02  8.99924324e-01  4.69989548e-01 
 3.60651264e-02  8.26401087e-01  2.02621117e-01  2.64249976e-01  9.30624339e-02  8.99924422e-01  4.69937286e-01 
 3.61651264e-02  8.27323905e-01  2.02655660e-01  2.64818522e-01  9.30632115e-02  8.99924512e-01  4.69885039e-01 
 3.62651264e-02  8.28210377e-01  2.02690293e-01  2.65402771e-01  9.30639898e-02  8.99924597e-01  4.69832804e-01 
 3.63651264e-02  8.29062879e-01  2.02725014e-01  2.66003474e-01  9.30647689e-02  8.99924675e-01  4.69780583e-01 
 3.64651264e-02  8.29883575e-01  2.02759827e-01  2.66621433e-01  9.30655488e-02  8.99924748e-01  4.69728373e-01 
 3.65651264e-02  8.30674448e-01  2.02794730e-01  2.67257496e-01  9.30663296e-02  8.99924816e-01  4.69676175e-01 
 3.66651264e-02  8.31437312e-01  2.02829726e-01  2.67912568e-01  9.30671112e-02  8.99924879e-01  4.69623988e-01 
 3.67651264e-02  8.32173832e-01  2.02864814e-01  2.68587611e-01  9.30678937e-02  8.99924937e-01  4.69571812e-01 
 3.68651264e-02  8.32885540e-01  2.02899995e-01  2.69283652e-01  9.30686771e-02  8.99924992e-01  4.69519645e-01 
 3.69651264e-02  8.33573848e-01  2.02935271e-01  2.70001783e-01  9.30694614e-02  8.99925043e-01  4.69467489e-01 
 3.70651264e-02  8.34240058e-01  2.02970640e-01  2.70743172e-01  9.30702467e-02  8.99925090e-01  4.69415343e-01 
 3.71651264e-02  8.34885374e-01  2.03006105e-01  2.71509064e-01  9.30710328e-02  8.99925133e-01  4.69363207e-01 
 3.72651264e-02  8.35510912e-01  2.03041664e-01  2.72300791e-01  9.30718200e-02  8.99925174e-01  4.69311081e-01 
 3.73651264e-02  8.36117704e-01  2.03077320e-01  2.73119774e-01  9.30726081e-02  8.99925212e-01  4.69258964e-01 
 3.74651264e-02  8.36706710e-01  2.03113072e-01  2.73967535e-01  9.30733971e-02  8.99925247e-01  4.69206857e-01 
 3.75651264e-02  8.37278825e-01  2.03148920e-01  2.74845702e-01  9.30741871e-02  8.99925280e-01  4.69154760e-01 
 3.76651264e-02  8.37834878e-01  2.03184866e-01  2.75756016e-01  9.30749781e-02  8.99925310e-01  4.69102672e-01 
 3.77651264e-02  8.38375646e-01  2.03220908e-01  2.76700342e-01  9.30757701e-02  8.99925338e-01  4.69050595e-01 
 3.78651264e-02  8.38901852e-01  2.03257049e-01  2.77680678e-01  9.30765631e-02  8.99925365e-01  4.68998528e-01 
 3.79651264e-02  8.39414173e-01  2.03293287e-01  2.78699161e-01  9.30773571e-02  8.99925389e-01  4.68946471e-01 
 3.80651264e-02  8.39913242e-01  2.03329623e-01  2.79758083e-01  9.30781520e-02  8.99925412e-01  4.68894425e-01 
 3.81651264e-02  8.40399652e-01  2.03366058e-01  2.80859897e-01  9.30789480e-02  8.99925433e-01  4.68842390e-01 
 3.82651264e-02  8.40873960e-01  2.03402592e-01  2.82007229e-01  9.30797450e-02  8.99925452e-01  4.68790367e-01 
 3.83651264e-02  8.41336690e-01  2.03439224e-01  2.83202890e-01  9.30805429e-02  8.99925470e-01  4.68738355e-01 
 3.84651264e-02  8.41788331e-01  2.03475955e-01  2.84449887e-01  9.30813419e-02  8.99925487e-01  4.68686355e-01 
 3.85651264e-02  8.42229347e-01  2.03512786e-01  2.85751432e-01  9.30821419e-02  8.99925503e-01  4.68634367e-01 
 3.86651264e-02  8.42660173e-01  2.03549716e-01  2.87110957e-01  9.30829428e-02  8.99925517e-01  4.68582392e-01 
 3.87651264e-02  8.43081220e-01  2.03586746e-01  2.88532120e-01  9.30837448e-02  8.99925531e-01  4.68530430e-01 
 3.88651264e-02  8.43492875e-01  2.03623875e-01  2.90018817e-01  9.30845478e-02  8.99925543e-01  4.68478483e-01 
 3.89651264e-02  8.43895505e-01  2.03661104e-01  2.91575189e-01  9.30853517e-02  8.99925555e-01  4.68426549e-01 
 3.90651264e-02  8.44289456e-01  2.03698432e-01  2.93205626e-01  9.30861566e-02  8.99925566e-01  4.68374630e-01 
 3.91651264e-02  8.44675056e-01  2.03735861e-01  2.94914772e-01  9.30869625e-02  8.99925576e-01  4.68322725e-01 
 3.92651264e-02  8.45052616e-01  2.03773390e-01  2.96707526e-01  9.30877693e-02  8.99925585e-01  4.68270837e-01 
 3.93651264e-02  8.45422431e-01  2.03811019e-01  2.98589033e-01  9.30885771e-02  8.99925593e-01  4.68218964e-01 
 3.94651264e-02  8.45784780e-01  2.03848749e-01  3.00564680e-01  9.30893858e-02  8.99925601e-01  4.68167107e-01 
 3.95651264e-02  8.46139931e-01  2.03886579e-01  3.02640075e-01  9.30901955e-02  8.99925609e-01  4.68115267e-01 
 3.96651264e-02  8.46488136e-01  2.03924510e-01  3.04821034e-01  9.30910060e-02  8.99925616e-01  4.68063444e-01 
 3.97651264e-02  8.46829637e-01  2.03962543e-01  3.07113540e-01  9.30918174e-02  8.99925622e-01  4.68011637e-01 
 3.98651264e-02  8.47164664e-01  2.04000677e-01  3.09523715e-01  9.30926297e-02  8.99925628e-01  4.67959847e-01 
 3.99651264e-02  8.47493437e-01  2.04038913e-01  3.12057770e-01  9.30934428e-02  8.99925633e-01  4.67908074e-01 
 4.00651264e-02  8.47816166e-01  2.04077252e-01  3.14721949e-01  9.30942567e-02  8.99925638e-01  4.67856318e-01 
 4.01651264e-02  8.48133054e-01  2.04115694e-01  3.17522467e-01  9.30950715e-02  8.99925643e-01  4.67804577e-01 
 4.02651264e-02  8.48444293e-01  2.04154241e-01  3.20465434e-01  9.30958870e-02  8.99925647e-01  4.67752852e-01 
 4.03651264e-02  8.48750068e-01  2.04192893e-01  3.23556782e-01  9.30967032e-02  8.99925651e-01  4.67701142e-01 
 4.04651264e-02  8.49050557e-01  2.04231652e-01  3.26802173e-01  9.30975202e-02  8.99925654e-01  4.67649446e-01 
 4.05651264e-02  8.49345931e-01  2.04270518e-01  3.30206917e-01  9.30983379e-02  8.99925657e-01  4.67597762e-01 
 4.06651264e-02  8.49636354e-01  2.04309494e-01  3.33775878e-01  9.30991564e-02  8.99925660e-01  4.67546090e-01 
 4.07651264e-02  8.49921985e-01  2.04348580e-01  3.37513391e-01  9.30999755e-02  8.99925663e-01  4.67494428e-01 
 4.08651264e-02  8.50202975e-01  2.04387778e-01  3.41423182e-01  9.31007954e-02  8.99925665e-01  4.67442775e-01 
 4.09651264e-02  8.50479470e-01  2.04427091e-01  3.45508291e-01  9.31016159e-02  8.99925667e-01  4.67391127e-01 
 4.10651264e-02  8.50751612e-01  2.04466521e-01  3.49771016e-01  9.31024372e-02  8.99925669e-01  4.67339485e-01 
 4.11651264e-02  8.51019536e-01  2.04506068e-01  3.54212865e-01  9.31032593e-02  8.99925670e-01  4.67287845e-01 
 4.12651264e-02  8.51283370e-01  2.04545737e-01  3.58834526e-01  9.31040821e-02  8.99925671e-01  4.67236206e-01 
 4.13651264e-02  8.51543241e-01  2.04585528e-01  3.63635852e-01  9.31049057e-02  8.99925672e-01  4.67184565e-01 
 4.14651264e-02  8.51799268e-01  2.04625444e-01  3.68615871e-01  9.31057302e-02  8.99925673e-01  4.67132921e-01 
 4.15651264e-02  8.52051565e-01  2.04665487e-01  3.73772803e-01  9.31065556e-02  8.99925674e-01  4.67081272e-01 
 4.16651264e-02  8.52300242e-01  2.04705659e-01  3.79104097e-01  9.31073820e-02  8.99925675e-01  4.67029615e-01 
 4.17651264e-02  8.52545403e-01  2.04745963e-01  3.84606488e-01  9.31082093e-02  8.99925675e-01  4.66977949e-01 
 4.18651264e-02  8.52787148e-01  2.04786401e-01  3.90276052e-01  9.31090377e-02  8.99925676e-01  4.66926273e-01 
 4.19651264e-02  8.53025574e-01  2.04826974e-01  3.96108282e-01  9.31098672e-02  8.99925676e-01  4.66874584e-01 
 4.20651264e-02  8.53260771e-01  2.04867684e-01  4.02098160e-01  9.31106979e-02  8.99925676e-01  4.66822883e-01 
 4.21651264e-02  8.53492825e-01  2.04908533e-01  4.08240242e-01  9.31115298e-02  8.99925677e-01  4.66771166e-01 
 4.22651264e-02  8.53721821e-01  2.04949523e-01  4.14528727e-01  9.31123630e-02  8.99925677e-01  4.66719434e-01 
 4.23651264e-02  8.53947836e-01  2.04990654e-01  4.20957545e-01  9.31131976e-02  8.99925677e-01  4.66667686e-01 
 4.24651264e-02  8.54170947e-01  2.05031929e-01  4.27520420e-01  9.31140334e-02  8.99925677e-01  4.66615921e-01 
 4.25651264e-02  8.54391226e-01  2.05073348e-01  4.34210942e-01  9.31148707e-02  8.99925677e-01  4.66564139e-01 
 4.26651264e-02  8.54608741e-01  2.05114913e-01  4.41022624e-01  9.31157094e-02  8.99925677e-01  4.66512339e-01 
 4.27651264e-02  8.54823558e-01  2.05156624e-01  4.47948957e-01  9.31165496e-02  8.99925677e-01  4.66460522e-01 
 4.28651264e-02  8.55035741e-01  2.05198483e-01  4.54983455e-01  9.31173912e-02  8.99925677e-01  4.66408687e-01 
 4.29651264e-02  8.55245350e-01  2.05240490e-01  4.62119688e-01  9.31182343e-02  8.99925677e-01  4.66356835e-01 
 4.30651264e-02  8.55452444e-01  2.05282646e-01  4.69351319e-01  9.31190790e-02  8.99925677e-01  4.66304965e-01 
 4.31651264e-02  8.55657079e-01  2.05324952e-01  4.76672120e-01  9.31199251e-02  8.99925677e-01  4.66253078e-01 
 4.32651264e-02  8.55859309e-01  2.05367408e-01  4.84075989e-01  9.31207728e-02  8.99925677e-01  4.66201174e-01 
 4.33651264e-02  8.56059187e-01  2.05410015e-01  4.91556962e-01  9.31216220e-02  8.99925677e-01  4.66149254e-01 
 4.34651264e-02  8.56256763e-01  2.05452774e-01  4.99109215e-01  9.31224727e-02  8.99925677e-01  4.66097317e-01 
 4.35651264e-02  8.56452086e-01  2.05495685e-01  5.06727062e-01  9.31233250e-02  8.99925677e-01  4.66045363e-01 
 4.36651264e-02  8.56645204e-01  2.05538749e-01  5.14404949e-01  9.31241787e-02  8.99925677e-01  4.65993394e-01 
 4.37651264e-02  8.56836163e-01  2.05581967e-01  5.22137445e-01  9.31250339e-02  8.99925677e-01  4.65941410e-01 
 4.38651264e-02  8.57025008e-01  2.05625339e-01  5.29919225e-01  9.31258907e-02  8.99925677e-01  4.65889409e-01 
 4.39651264e-02  8.57211783e-01  2.05668867e-01  5.37745058e-01  9.31267489e-02  8.99925677e-01  4.65837394e-01 
 4.40651264e-02  8.57396531e-01  2.05712551e-01  5.45609778e-01  9.31276085e-02  8.99925677e-01  4.65785363e-01 
 4.41651264e-02  8.57579293e-01  2.05756391e-01  5.53508267e-01  9.31284697e-02  8.99925677e-01  4.65733317e-01 
 4.42651264e-02  8.57760110e-01  2.05800390e-01  5.61435421e-01  9.31293323e-02  8.99925677e-01  4.65681256e-01 
 4.43651264e-02  8.57939021e-01  2.05844548e-01  5.69386126e-01  9.31301963e-02  8.99925677e-01  4.65629179e-01 
 4.44651264e-02  8.58116067e-01  2.05888867e-01  5.77355219e-01  9.31310618e-02  8.99925677e-01  4.65577086e-01 
 4.45651264e-02  8.58291285e-01  2.05933347e-01  5.85337453e-01  9.31319286e-02  8.99925677e-01  4.65524976e-01 
 4.46651264e-02  8.58464712e-01  2.05977990e-01  5.93327456e-01  9.31327969e-02  8.99925677e-01  4.65472850e-01 
 4.47651264e-02  8.58636386e-01  2.06022797e-01  6.01319684e-01  9.31336665e-02  8.99925677e-01  4.65420706e-01 
 4.48651264e-02  8.58806344e-01  2.06067771e-01  6.09308372e-01  9.31345376e-02  8.99925677e-01  4.65368543e-01 
 4.49651264e-02  8.58974621e-01  2.06112914e-01  6.17287477e-01  9.31354099e-02  8.99925677e-01  4.65316361e-01 
 4.50651264e-02  8.59141253e-01  2.06158227e-01  6.25250620e-01  9.31362837e-02  8.99925677e-01  4.65264158e-01 
 4.51651264e-02  8.59306275e-01  2.06203712e-01  6.33191017e-01  9.31371587e-02  8.99925677e-01  4.65211932e-01 
 4.52651264e-02  8.59469723e-01  2.06249373e-01  6.41101406e-01  9.31380351e-02  8.99925677e-01  4.65159682e-01 
 4.53651264e-02  8.59631631e-01  2.06295212e-01  6.48973967e-01  9.31389128e-02  8.99925677e-01  4.65107406e-01 
 4.54651264e-02  8.59792033e-01  2.06341233e-01  6.56800235e-01  9.31397918e-02  8.99925677e-01  4.65055101e-01 
 4.55651264e-02  8.59950966e-01  2.06387438e-01  6.64571007e-01  9.31406721e-02  8.99925677e-01  4.65002764e-01 
 4.56651264e-02  8.60108463e-01  2.06433832e-01  6.72276247e-01  9.31415537e-02  8.99925677e-01  4.64950393e-01 
 4.57651264e-02  8.60264559e-01  2.06480418e-01  6.79904984e-01  9.31424365e-02  8.99925677e-01  4.64897984e-01 
 4.58651264e-02  8.60419290e-01  2.06527202e-01  6.87445219e-01  9.31433207e-02  8.99925677e-01  4.64845534e-01 
 4.59651264e-02  8.60572689e-01  2.06574189e-01  6.94883834e-01  9.31442061e-02  8.99925677e-01  4.64793037e-01 
 4.60651264e-02  8.60724793e-01  2.06621383e-01  7.02206525e-01  9.31450929e-02  8.99925677e-01  4.64740491e-01 
 4.61651264e-02  8.60875634e-01  2.06668789e-01  7.09397764e-01  9.31459812e-02  8.99925677e-01  4.64687889e-01 
 4.62651264e-02  8.61025246e-01  2.06716415e-01  7.16440807e-01  9.31468709e-02  8.99925677e-01  4.64635229e-01 
 4.63651264e-02  8.61173662e-01  2.06764265e-01  7.23317775e-01  9.31477623e-02  8.99925677e-01  4.64582505e-01 
 4.64651264e-02  8.61320912e-01  2.06812344e-01  7.30009827e-01  9.31486556e-02  8.99925677e-01  4.64529714e-01 
 4.65651264e-02  8.61467022e-01  2.06860657e-01  7.36497453e-01  9.31495509e-02  8.99925677e-01  4.64476854e-01 
 4.66651264e-02  8.61612015e-01  2.06909208e-01  7.42760910e-01  9.31504487e-02  8.99925677e-01  4.64423922e-01 
 4.67651264e-02  8.61755909e-01  2.06957998e-01  7.48780819e-01  9.31513493e-02  8.99925677e-01  4.64370920e-01 
 4.68651264e-02  8.61898714e-01  2.07007026e-01  7.54538915e-01  9.31522533e-02  8.99925677e-01  4.64317851e-01 
 4.69651264e-02  8.62040433e-01  2.07056290e-01  7.60018919e-01  9.31531610e-02  8.99925677e-01  4.64264723e-01 
 4.70651264e-02  8.62181059e-01  2.07105783e-01  7.65207480e-01  9.31540730e-02  8.99925677e-01  4.64211544e-01 
 4.71651264e-02  8.62320580e-01  2.07155495e-01  7.70095081e-01  9.31549895e-02  8.99925677e-01  4.64158328e-01 
 4.72651264e-02  8.62458971e-01  2.07205413e-01  7.74676793e-01  9.31559109e-02  8.99925677e-01  4.64105092e-01 
 4.73651264e-02  8.62596207e-01  2.07255521e-01  7.78952751e-01  9.31568370e-02  8.99925677e-01  4.64051853e-01 
 4.74651264e-02  8.62732259e-01  2.07305804e-01  7.82928261e-01  9.31577675e-02  8.99925677e-01  4.63998632e-01 
 4.75651264e-02  8.62867098e-01  2.07356243e-01  7.86613481e-01  9.31587018e-02  8.99925677e-01  4.63945446e-01 
 4.76651264e-02  8.63000703e-01  2.07406824e-01  7.90022729e-01  9.31596391e-02  8.99925677e-01  4.63892310e-01 
 4.77651264e-02  8.63133058e-01  2.07457535e-01  7.93173482e-01  9.31605785e-02  8.99925677e-01  4.63839238e-01 
 4.78651264e-02  8.63264160e-01  2.07508365e-01  7.96085247e-01  9.31615190e-02  8.99925677e-01  4.63786238e-01 
 4.79651264e-02  8.63394015e-01  2.07559311e-01  7.98778424e-01  9.31624598e-02  8.99925677e-01  4.63733314e-01 
 4.80651264e-02  8.63522639e-01  2.07610371e-01  8.01273321e-01  9.31634003e-02  8.99925677e-01  4.63680465e-01 
 4.81651264e-02  8.63650055e-01  2.07661548e-01  8.03589378e-01  9.31643400e-02  8.99925677e-01  4.63627691e-01 
 4.82651264e-02  8.63776293e-01  2.07712846e-01  8.05744653e-01  9.31652788e-02  8.99925677e-01  4.63574984e-01 
 4.83651264e-02  8.63901386e-01  2.07764272e-01  8.07755544e-01  9.31662166e-02  8.99925677e-01  4.63522341e-01 
 4.84651264e-02  8.64025366e-01  2.07815833e-01  8.09636696e-01  9.31671535e-02  8.99925677e-01  4.63469753e-01 
 4.85651264e-02  8.64148266e-01  2.07867535e-01  8.11401054e-01  9.31680898e-02  8.99925677e-01  4.63417214e-01 
 4.86651264e-02  8.64270117e-01  2.07919386e-01  8.13059992e-01  9.31690257e-02  8.99925677e-01  4.63364719e-01 
 4.87651264e-02  8.64390949e-01  2.07971392e-01  8.14623481e-01  9.31699614e-02  8.99925677e-01  4.63312263e-01 
 4.88651264e-02  8.64510788e-01  2.08023558e-01  8.16100268e-01  9.31708970e-02  8.99925677e-01  4.63259840e-01 
 4.89651264e-02  8.64629659e-01  2.08075890e-01  8.17498047e-01  9.31718329e-02  8.99925677e-01  4.63207446e-01 
 4.90651264e-02  8.64747585e-01  2.08128393e-01  8.18823603e-01  9.31727690e-02  8.99925677e-01  4.63155079e-01 
 4.91651264e-02  8.64864585e-01  2.08181070e-01  8.20082950e-01  9.31737056e-02  8.99925677e-01  4.63102734e-01 
 4.92651264e-02  8.64980681e-01  2.08233925e-01  8.21281432e-01  9.31746428e-02  8.99925677e-01  4.63050411e-01 
 4.93651264e-02  8.65095888e-01  2.08286962e-01  8.22423820e-01  9.31755806e-02  8.99925677e-01  4.62998106e-01 
 4.94651264e-02  8.65210226e-01  2.08340183e-01  8.23514387e-01  9.31765192e-02  8.99925677e-01  4.62945817e-01 
 4.95651264e-02  8.65323708e-01  2.08393592e-01  8.24556972e-01  9.31774586e-02  8.99925677e-01  4.62893544e-01 
 4.96651264e-02  8.65436352e-01  2.08447191e-01  8.25555036e-01  9.31783988e-02  8.99925677e-01  4.62841284e-01 
 4.97651264e-02  8.65548170e-01  2.08500983e-01  8.26511704e-01  9.31793399e-02  8.99925677e-01  4.62789036e-01 
 4.98651264e-02  8.65659177e-01  2.08554970e-01  8.27429812e-01  9.31802820e-02  8.99925677e-01  4.62736800e-01 
 4.99651264e-02  8.65769386e-01  2.08609154e-01  8.28311933e-01  9.31812251e-02  8.99925677e-01  4.62684574e-01 
 5.00651264e-02  8.65878810e-01  2.08663539e-01  8.29160411e-01  9.31821692e-02  8.99925677e-01  4.62632357e-01 
 5.01651264e-02  8.65987460e-01  2.08718125e-01  8.29977387e-01  9.31831144e-02  8.99925677e-01  4.62580149e-01 
 5.02651264e-02  8.66095348e-01  2.08772916e-01  8.30764815e-01  9.31840606e-02  8.99925677e-01  4.62527949e-01 
 5.03651264e-02  8.66202487e-01  2.08827913e-01  8.31524491e-01  9.31850080e-02  8.99925677e-01  4.62475756e-01 
 5.04651264e-02  8.66308886e-01  2.08883117e-01  8.32258059e-01  9.31859565e-02  8.99925677e-01  4.62423570e-01 
 5.05651264e-02  8.66414556e-01  2.08938532e-01  8.32967035e-01  9.31869062e-02  8.99925677e-01  4.62371390e-01 
 5.06651264e-02  8.66519507e-01  2.08994159e-01  8.33652816e-01  9.31878570e-02  8.99925677e-01  4.62319217e-01 
 5.07651264e-02  8.66623751e-01  2.09050000e-01  8.34316689e-01  9.31888089e-02  8.99925677e-01  4.62267048e-01 
 5.08651264e-02  8.66727295e-01  2.09106056e-01  8.34959848e-01  9.31897621e-02  8.99925677e-01  4.62214885e-01 
 5.09651264e-02  8.66830151e-01  2.09162330e-01  8.35583395e-01  9.31907165e-02  8.99925677e-01  4.62162726e-01 
 5.10651264e-02  8.66932326e-01  2.09218824e-01  8.36188355e-01  9.31916721e-02  8.99925677e-01  4.62110572e-01 
 5.11651264e-02  8.67033830e-01  2.09275539e-01  8.36775679e-01  9.31926290e-02  8.99925677e-01  4.62058423e-01 
 5.12651264e-02  8.67134672e-01  2.09332477e-01  8.37346252e-01  9.31935871e-02  8.99925677e-01  4.62006277e-01 
 5.13651264e-02  8.67234861e-01  2.09389640e-01  8.37900899e-01  9.31945464e-02  8.99925677e-01  4.61954134e-01 
 5.14651264e-02  8.67334404e-01  2.09447030e-01  8.38440388e-01  9.31955070e-02  8.99925677e-01  4.61901996e-01 
 5.15651264e-02  8.67433310e-01  2.09504649e-01  8.38965439e-01  9.31964689e-02  8.99925677e-01  4.61849860e-01 
 5.16651264e-02  8.67531587e-01  2.09562499e-01  8.39476722e-01  9.31974320e-02  8.99925677e-01  4.61797728e-01 
 5.17651264e-02  8.67629242e-01  2.09620580e-01  8.39974867e-01  9.31983965e-02  8.99925677e-01  4.61745599e-01 
 5.18651264e-02  8.67726284e-01  2.09678896e-01  8.40460463e-01  9.31993622e-02  8.99925677e-01  4.61693473e-01 
 5.19651264e-02  8.67822720e-01  2.09737449e-01  8.40934063e-01  9.32003292e-02  8.99925677e-01  4.61641349e-01 
 5.20651264e-02  8.67918558e-01  2.09796239e-01  8.41396188e-01  9.32012975e-02  8.99925677e-01  4.61589228e-01 
 5.21651264e-02  8.68013803e-01  2.09855269e-01  8.41847325e-01  9.32022671e-02  8.99925677e-01  4.61537109e-01 
 5.22651264e-02  8.68108464e-01  2.09914540e-01  8.42287934e-01  9.32032380e-02  8.99925677e-01  4.61484993e-01 
 5.23651264e-02  8.68202548e-01  2.09974056e-01  8.42718450e-01  9.32042103e-02  8.99925677e-01  4.61432879e-01 
 5.24651264e-02  8.68296061e-01  2.10033817e-01  8.43139281e-01  9.32051839e-02  8.99925677e-01  4.61380767e-01 
 5.25651264e-02  8.68389009e-01  2.10093826e-01  8.43550813e-01  9.32061587e-02  8.99925677e-01  4.61328658e-01 
 5.26651264e-02  8.68481400e-01  2.10154084e-01  8.43953410e-01  9.32071350e-02  8.99925677e-01  4.61276550e-01 
 5.27651264e-02  8.68573240e-01  2.10214593e-01  8.44347418e-01  9.32081125e-02  8.99925677e-01  4.61224444e-01 
 5.28651264e-02  8.68664535e-01  2.10275356e-01  8.44733162e-01  9.32090914e-02  8.99925677e-01  4.61172340e-01 
 5.29651264e-02  8.68755291e-01  2.10336375e-01  8.45110952e-01  9.32100716e-02  8.99925677e-01  4.61120238e-01 
 5.30651264e-02  8.68845514e-01  2.10397651e-01  8.45481082e-01  9.32110532e-02  8.99925677e-01  4.61068138e-01 
 5.31651264e-02  8.68935211e-01  2.10459186e-01  8.45843828e-01  9.32120362e-02  8.99925677e-01  4.61016039e-01 
 5.32651264e-02  8.69024387e-01  2.10520984e-01  8.46199456e-01  9.32130204e-02  8.99925677e-01  4.60963942e-01 
 5.33651264e-02  8.69113048e-01  2.10583044e-01  8.46548216e-01  9.32140061e-02  8.99925677e-01  4.60911846e-01 
 5.34651264e-02  8.69201199e-01  2.10645371e-01  8.46890346e-01  9.32149931e-02  8.99925677e-01  4.60859752e-01 
 5.35651264e-02  8.69288847e-01  2.10707965e-01  8.47226074e-01  9.32159814e-02  8.99925677e-01  4.60807660e-01 
 5.36651264e-02  8.69375996e-01  2.10770830e-01  8.47555616e-01  9.32169711e-02  8.99925677e-01  4.60755569e-01 
 5.37651264e-02  8.69462652e-01  2.10833967e-01  8.47879178e-01  9.32179622e-02  8.99925677e-01  4.60703479e-01 
 5.38651264e-02  8.69548820e-01  2.10897378e-01  8.48196956e-01  9.32189547e-02  8.99925677e-01  4.60651391e-01 
 5.39651264e-02  8.69634506e-01  2.10961066e-01  8.48509138e-01  9.32199485e-02  8.99925677e-01  4.60599304e-01 
 5.40651264e-02  8.69719714e-01  2.11025032e-01  8.48815901e-01  9.32209438e-02  8.99925677e-01  4.60547218e-01 
 5.41651264e-02  8.69804449e-01  2.11089280e-01  8.49117418e-01  9.32219404e-02  8.99925677e-01  4.60495134e-01 
 5.42651264e-02  8.69888717e-01  2.11153812e-01  8.49413851e-01  9.32229383e-02  8.99925677e-01  4.60443051e-01 
 5.43651264e-02  8.69972523e-01  2.11218629e-01  8.49705357e-01  9.32239377e-02  8.99925677e-01  4.60390969e-01 
 5.44651264e-02  8.70055870e-01  2.11283734e-01  8.49992085e-01  9.32249385e-02  8.99925677e-01  4.60338889e-01 
 5.45651264e-02  8.70138765e-01  2.11349130e-01  8.50274178e-01  9.32259406e-02  8.99925677e-01  4.60286809e-01 
 5.46651264e-02  8.70221211e-01  2.11414818e-01  8.50551772e-01  9.32269441e-02  8.99925677e-01  4.60234731e-01 
 5.47651264e-02  8.70303212e-01  2.11480802e-01  8.50825000e-01  9.32279491e-02  8.99925677e-01  4.60182654e-01 
 5.48651264e-02  8.70384775e-01  2.11547084e-01  8.51093986e-01  9.32289554e-02  8.99925677e-01  4.60130578e-01 
 5.49651264e-02  8.70465902e-01  2.11613666e-01  8.51358853e-01  9.32299631e-02  8.99925677e-01  4.60078503e-01 
 5.50651264e-02  8.70546598e-01  2.11680551e-01  8.51619715e-01  9.32309723e-02  8.99925677e-01  4.60026429e-01 
 5.51651264e-02  8.70626868e-01  2.11747741e-01  8.51876684e-01  9.32319828e-02  8.99925677e-01  4.59974356e-01 
 5.52651264e-02  8.70706716e-01  2.11815240e-01  8.52129867e-01  9.32329948e-02  8.99925677e-01  4.59922285e-01 
 5.53651264e-02  8.70786146e-01  2.11883049e-01  8.52379367e-01  9.32340082e-02  8.99925677e-01  4.59870214e-01 
 5.54651264e-02  8.70865161e-01  2.11951171e-01  8.52625283e-01  9.32350229e-02  8.99925677e-01  4.59818144e-01 
 5.55651264e-02  8.70943767e-01  2.12019609e-01  8.52867708e-01  9.32360391e-02  8.99925677e-01  4.59766075e-01 
 5.56651264e-02  8.71021967e-01  2.12088365e-01  8.53106736e-01  9.32370567e-02  8.99925677e-01  4.59714008e-01 
 5.57651264e-02  8.71099764e-01  2.12157443e-01  8.53342454e-01  9.32380758e-02  8.99925677e-01  4.59661941e-01 
 5.58651264e-02  8.71177164e-01  2.12226846e-01  8.53574947e-01  9.32390962e-02  8.99925677e-01  4.59609875e-01 
 5.59651264e-02  8.71254169e-01  2.12296575e-01  8.53804297e-01  9.32401181e-02  8.99925677e-01  4.59557810e-01 
 5.60651264e-02  8.71330783e-01  2.12366634e-01  8.54030582e-01  9.32411414e-02  8.99925677e-01  4.59505747e-01 
 5.61651264e-02  8.71407010e-01  2.12437026e-01  8.54253878e-01  9.32421662e-02  8.99925677e-01  4.59453684e-01 
 5.62651264e-02  8.71482854e-01  2.12507754e-01  8.54474259e-01  9.32431924e-02  8.99925677e-01  4.59401622e-01 
 5.63651264e-02  8.71558318e-01  2.12578820e-01  8.54691796e-01  9.32442200e-02  8.99925677e-01  4.59349561e-01 
 5.64651264e-02  8.71633406e-01  2.12650228e-01  8.54906557e-01  9.32452490e-02  8.99925677e-01  4.59297500e-01 
 5.65651264e-02  8.71708121e-01  2.12721981e-01  8.55118607e-01  9.32462795e-02  8.99925677e-01  4.59245441e-01 
 5.66651264e-02  8.71782467e-01  2.12794081e-01  8.55328011e-01  9.32473114e-02  8.99925677e-01  4.59193383e-01 
 5.67651264e-02  8.71856447e-01  2.12866533e-01  8.55534830e-01  9.32483448e-02  8.99925677e-01  4.59141325e-01 
 5.68651264e-02  8.71930064e-01  2.12939339e-01  8.55739123e-01  9.32493796e-02  8.99925677e-01  4.59089268e-01 
 5.69651264e-02  8.72003322e-01  2.13012502e-01  8.55940949e-01  9.32504159e-02  8.99925677e-01  4.59037213e-01 
 5.70651264e-02  8.72076223e-01  2.13086026e-01  8.56140362e-01  9.32514536e-02  8.99925677e-01  4.58985158e-01 
 5.71651264e-02  8.72148772e-01  2.13159913e-01  8.56337417e-01  9.32524928e-02  8.99925677e-01  4.58933104e-01 
 5.72651264e-02  8.72220971e-01  2.13234169e-01  8.56532166e-01  9.32535334e-02  8.99925677e-01  4.58881050e-01 
 5.73651264e-02  8.72292824e-01  2.13308794e-01  8.56724659e-01  9.32545755e-02  8.99925677e-01  4.58828998e-01 
 5.74651264e-02  8.72364333e-01  2.13383795e-01  8.56914946e-01  9.32556191e-02  8.99925677e-01  4.58776946e-01 
 5.75651264e-02  8.72435501e-01  2.13459172e-01  8.57103073e-01  9.32566641e-02  8.99925677e-01  4.58724896e-01 
 5.76651264e-02  8.72506332e-01  2.13534932e-01  8.57289087e-01  9.32577105e-02  8.99925677e-01  4.58672846e-01 
 5.77651264e-02  8.72576828e-01  2.13611076e-01  8.57473032e-01  9.32587585e-02  8.99925677e-01  4.58620797e-01 
 5.78651264e-02  8.72646993e-01  2.13687608e-01  8.57654952e-01  9.32598079e-02  8.99925677e-01  4.58568748e-01 
 5.79651264e-02  8.72716829e-01  2.13764533e-01  8.57834887e-01  9.32608588e-02  8.99925677e-01  4.58516701e-01 
 5.80651264e-02  8.72786339e-01  2.13841853e-01  8.58012880e-01  9.32619111e-02  8.99925677e-01  4.58464654e-01 
 5.81651264e-02  8.72855525e-01  2.13919574e-01  8.58188969e-01  9.32629650e-02  8.99925677e-01  4.58412608e-01 
 5.82651264e-02  8.72924392e-01  2.13997698e-01  8.58363192e-01  9.32640203e-02  8.99925677e-01  4.58360563e-01 
 5.83651264e-02  8.72992940e-01  2.14076230e-01  8.58535588e-01  9.32650770e-02  8.99925677e-01  4.58308519e-01 
 5.84651264e-02  8.73061174e-01  2.14155173e-01  8.58706191e-01  9.32661353e-02  8.99925677e-01  4.58256476e-01 
 5.85651264e-02  8.73129095e-01  2.14234532e-01  8.58875037e-01  9.32671951e-02  8.99925677e-01  4.58204433e-01 
 5.86651264e-02  8.73196707e-01  2.14314311e-01  8.59042160e-01  9.32682563e-02  8.99925677e-01  4.58152391e-01 
 5.87651264e-02  8.73264011e-01  2.14394514e-01  8.59207593e-01  9.32693190e-02  8.99925677e-01  4.58100350e-01 
 5.88651264e-02  8.73331011e-01  2.14475144e-01  8.59371369e-01  9.32703833e-02  8.99925677e-01  4.58048309e-01 
 5.89651264e-02  8.73397709e-01  2.14556207e-01  8.59533518e-01  9.32714490e-02  8.99925677e-01  4.57996270e-01 
 5.90651264e-02  8.73464107e-01  2.14637707e-01  8.59694072e-01  9.32725162e-02  8.99925677e-01  4.57944231e-01 
 5.91651264e-02  8.73530208e-01  2.14719648e-01  8.59853059e-01  9.32735849e-02  8.99925677e-01  4.57892193e-01 
 5.92651264e-02  8.73596015e-01  2.14802035e-01  8.60010509e-01  9.32746551e-02  8.99925677e-01  4.57840156e-01 
 5.93651264e-02  8.73661529e-01  2.14884872e-01  8.60166449e-01  9.32757268e-02  8.99925677e-01  4.57788119e-01 
 5.94651264e-02  8.73726753e-01  2.14968164e-01  8.60320908e-01  9.32768000e-02  8.99925677e-01  4.57736083e-01 
 5.95651264e-02  8.73791689e-01  2.15051916e-01  8.60473911e-01  9.32778748e-02  8.99925677e-01  4.57684048e-01 
 5.96651264e-02  8.73856341e-01  2.15136131e-01  8.60625484e-01  9.32789510e-02  8.99925677e-01  4.57632014e-01 
 5.97651264e-02  8.73920709e-01  2.15220816e-01  8.60775654e-01  9.32800287e-02  8.99925677e-01  4.57579981e-01 
 5.98651264e-02  8.73984796e-01  2.15305975e-01  8.60924444e-01  9.32811080e-02  8.99925677e-01  4.57527948e-01 
 5.99651264e-02  8.74048605e-01  2.15391614e-01  8.61071878e-01  9.32821888e-02  8.99925677e-01  4.57475916e-01 
 6.00651264e-02  8.74112138e-01  2.15477736e-01  8.61217980e-01  9.32832711e-02  8.99925677e-01  4.57423885e-01 
 6.01651264e-02  8.74175396e-01  2.15564348e-01  8.61362772e-01  9.32843549e-02  8.99925677e-01  4.57371854e-01 
 6.02651264e-02  8.74238383e-01  2.15651454e-01  8.61506277e-01  9.32854402e-02  8.99925677e-01  4.57319824e-01 
 6.03651264e-02  8.74301100e-01  2.15739060e-01  8.61648516e-01  9.32865271e-02  8.99925677e-01  4.57267795e-01 
 6.04651264e-02  8.74363548e-01  2.15827172e-01  8.61789511e-01  9.32876155e-02  8.99925677e-01  4.57215767e-01 
 6.05651264e-02  8.74425731e-01  2.15915795e-01  8.61929282e-01  9.32887054e-02  8.99925677e-01  4.57163739e-01 
 6.06651264e-02  8.74487651e-01  2.16004934e-01  8.62067849e-01  9.32897968e-02  8.99925677e-01  4.57111713e-01 
 6.07651264e-02  8.74549308e-01  2.16094595e-01  8.62205231e-01  9.32908898e-02  8.99925677e-01  4.57059686e-01 
 6.08651264e-02  8.74610707e-01  2.16184784e-01  8.62341449e-01  9.32919843e-02  8.99925677e-01  4.57007661e-01 
 6.09651264e-02  8.74671847e-01  2.16275507e-01  8.62476521e-01  9.32930804e-02  8.99925677e-01  4.56955637e-01 
 6.10651264e-02  8.74732732e-01  2.16366769e-01  8.62610464e-01  9.32941780e-02  8.99925677e-01  4.56903613e-01 
 6.11651264e-02  8.74793362e-01  2.16458578e-01  8.62743297e-01  9.32952771e-02  8.99925677e-01  4.56851590e-01 
 6.12651264e-02  8.74853741e-01  2.16550939e-01  8.62875038e-01  9.32963778e-02  8.99925677e-01  4.56799567e-01 
 6.13651264e-02  8.74913870e-01  2.16643858e-01  8.63005702e-01  9.32974800e-02  8.99925677e-01  4.56747545e-01 
 6.14651264e-02  8.74973751e-01  2.16737341e-01  8.63135308e-01  9.32985838e-02  8.99925677e-01  4.56695525e-01 
 6.15651264e-02  8.75033385e-01  2.16831396e-01  8.63263871e-01  9.32996891e-02  8.99925677e-01  4.56643504e-01 
 6.16651264e-02  8.75092775e-01  2.16926029e-01  8.63391407e-01  9.33007960e-02  8.99925677e-01  4.56591485e-01 
 6.17651264e-02  8.75151923e-01  2.17021247e-01  8.63517931e-01  9.33019045e-02  8.99925677e-01  4.56539466e-01 
 6.18651264e-02  8.75210829e-01  2.17117056e-01  8.63643459e-01  9.33030145e-02  8.99925677e-01  4.56487448e-01 
 6.19651264e-02  8.75269496e-01  2.17213463e-01  8.63768006e-01  9.33041260e-02  8.99925677e-01  4.56435431e-01 
 6.20651264e-02  8.75327926e-01  2.17310476e-01  8.63891587e-01  9.33052391e-02  8.99925677e-01  4.56383414e-01 
 6.21651264e-02  8.75386120e-01  2.17408101e-01  8.64014214e-01  9.33063538e-02  8.99925677e-01  4.56331398e-01 
 6.22651264e-02  8.75444080e-01  2.17506347e-01  8.64135903e-01  9.33074701e-02  8.99925677e-01  4.56279383e-01 
 6.23651264e-02  8.75501808e-01  2.17605220e-01  8.64256667e-01  9.33085879e-02  8.99925677e-01  4.56227369e-01 
 6.24651264e-02  8.75559305e-01  2.17704729e-01  8.64376519e-01  9.33097073e-02  8.99925677e-01  4.56175355e-01 
 6.25651264e-02  8.75616573e-01  2.17804880e-01  8.64495473e-01  9.33108283e-02  8.99925677e-01  4.56123342e-01 
 6.26651264e-02  8.75673614e-01  2.17905682e-01  8.64613540e-01  9.33119508e-02  8.99925677e-01  4.56071330e-01 
 6.27651264e-02  8.75730429e-01  2.18007144e-01  8.64730734e-01  9.33130750e-02  8.99925677e-01  4.56019318e-01 
 6.28651264e-02  8.75787020e-01  2.18109272e-01  8.64847067e-01  9.33142007e-02  8.99925677e-01  4.55967308e-01 
 6.29651264e-02  8.75843388e-01  2.18212076e-01  8.64962551e-01  9.33153280e-02  8.99925677e-01  4.55915298e-01 
 6.30651264e-02  8.75899535e-01  2.18315563e-01  8.65077197e-01  9.33164569e-02  8.99925677e-01  4.55863288e-01 
 6.31651264e-02  8.75955463e-01  2.18419744e-01  8.65191017e-01  9.33175873e-02  8.99925677e-01  4.55811280e-01 
 6.32651264e-02  8.76011173e-01  2.18524625e-01  8.65304023e-01  9.33187194e-02  8.99925677e-01  4.55759272e-01 
 6.33651264e-02  8.76066666e-01  2.18630218e-01  8.65416225e-01  9.33198530e-02  8.99925677e-01  4.55707265e-01 
 6.34651264e-02  8.76121944e-01  2.18736529e-01  8.65527634e-01  9.33209883e-02  8.99925677e-01  4.55655258e-01 
 6.35651264e-02  8.76177009e-01  2.18843570e-01  8.65638261e-01  9.33221251e-02  8.99925677e-01  4.55603253e-01 
 6.36651264e-02  8.76231862e-01  2.18951349e-01  8.65748116e-01  9.33232636e-02  8.99925677e-01  4.55551248e-01 
 6.37651264e-02  8.76286504e-01  2.19059877e-01  8.65857209e-01  9.33244036e-02  8.99925677e-01  4.55499243e-01 
 6.38651264e-02  8.76340937e-01  2.19169162e-01  8.65965551e-01  9.33255453e-02  8.99925677e-01  4.55447240e-01 
 6.39651264e-02  8.76395163e-01  2.19279216e-01  8.66073151e-01  9.33266885e-02  8.99925677e-01  4.55395237e-01 
 6.40651264e-02  8.76449182e-01  2.19390048e-01  8.66180018e-01  9.33278334e-02  8.99925677e-01  4.55343235e-01 
 6.41651264e-02  8.76502996e-01  2.19501669e-01  8.66286163e-01  9.33289799e-02  8.99925677e-01  4.55291234e-01 
 6.42651264e-02  8.76556606e-01  2.19614090e-01  8.66391594e-01  9.33301280e-02  8.99925677e-01  4.55239233e-01 
 6.43651264e-02  8.76610015e-01  2.19727321e-01  8.66496321e-01  9.33312777e-02  8.99925677e-01  4.55187233e-01 
 6.44651264e-02  8.76663222e-01  2.19841375e-01  8.66600352e-01  9.33324290e-02  8.99925677e-01  4.55135234e-01 
 6.45651264e-02  8.76716230e-01  2.19956261e-01  8.66703696e-01  9.33335820e-02  8.99925677e-01  4.55083236e-01 
 6.46651264e-02  8.76769040e-01  2.20071992e-01  8.66806361e-01  9.33347365e-02  8.99925677e-01  4.55031238e-01 
 6.47651264e-02  8.76821653e-01  2.20188580e-01  8.66908357e-01  9.33358927e-02  8.99925677e-01  4.54979241e-01 
 6.48651264e-02  8.76874070e-01  2.20306037e-01  8.67009691e-01  9.33370505e-02  8.99925677e-01  4.54927245e-01 
 6.49651264e-02  8.76926293e-01  2.20424375e-01  8.67110372e-01  9.33382100e-02  8.99925677e-01  4.54875250e-01 
 6.50651264e-02  8.76978323e-01  2.20543606e-01  8.67210407e-01  9.33393711e-02  8.99925677e-01  4.54823255e-01 
 6.51651264e-02  8.77030161e-01  2.20663745e-01  8.67309804e-01  9.33405338e-02  8.99925677e-01  4.54771261e-01 
 6.52651264e-02  8.77081808e-01  2.20784803e-01  8.67408570e-01  9.33416982e-02  8.99925677e-01  4.54719268e-01 
 6.53651264e-02  8.77133266e-01  2.20906794e-01  8.67506715e-01  9.33428642e-02  8.99925677e-01  4.54667275e-01 
 6.54651264e-02  8.77184536e-01  2.21029732e-01  8.67604244e-01  9.33440318e-02  8.99925677e-01  4.54615283e-01 
 6.55651264e-02  8.77235619e-01  2.21153632e-01  8.67701165e-01  9.33452011e-02  8.99925677e-01  4.54563292e-01 
 6.56651264e-02  8.77286516e-01  2.21278507e-01  8.67797485e-01  9.33463720e-02  8.99925677e-01  4.54511302e-01 
 6.57651264e-02  8.77337228e-01  2.21404371e-01  8.67893211e-01  9.33475446e-02  8.99925677e-01  4.54459312e-01 
 6.58651264e-02  8.77387757e-01  2.21531241e-01  8.67988351e-01  9.33487188e-02  8.99925677e-01  4.54407324e-01 
 6.59651264e-02  8.77438104e-01  2.21659132e-01  8.68082910e-01  9.33498947e-02  8.99925677e-01  4.54355336e-01 
 6.60651264e-02  8.77488270e-01  2.21788058e-01  8.68176896e-01  9.33510722e-02  8.99925677e-01  4.54303348e-01 
 6.61651264e-02  8.77538256e-01  2.21918037e-01  8.68270315e-01  9.33522514e-02  8.99925677e-01  4.54251362e-01 
 6.62651264e-02  8.77588063e-01  2.22049084e-01  8.68363173e-01  9.33534323e-02  8.99925677e-01  4.54199376e-01 
 6.63651264e-02  8.77637692e-01  2.22181217e-01  8.68455477e-01  9.33546148e-02  8.99925677e-01  4.54147391e-01 
 6.64651264e-02  8.77687145e-01  2.22314452e-01  8.68547234e-01  9.33557990e-02  8.99925677e-01  4.54095407e-01 
 6.65651264e-02  8.77736422e-01  2.22448807e-01  8.68638448e-01  9.33569848e-02  8.99925677e-01  4.54043423e-01 
 6.66651264e-02  8.77785525e-01  2.22584300e-01  8.68729126e-01  9.33581724e-02  8.99925677e-01  4.53991440e-01 
 6.67651264e-02  8.77834454e-01  2.22720950e-01  8.68819275e-01  9.33593616e-02  8.99925677e-01  4.53939458e-01 
 6.68651264e-02  8.77883211e-01  2.22858775e-01  8.68908899e-01  9.33605524e-02  8.99925677e-01  4.53887477e-01 
 6.69651264e-02  8.77931797e-01  2.22997795e-01  8.68998005e-01  9.33617450e-02  8.99925677e-01  4.53835497e-01 
 6.70651264e-02  8.77980212e-01  2.23138029e-01  8.69086598e-01  9.33629392e-02  8.99925677e-01  4.53783517e-01 
 6.71651264e-02  8.78028458e-01  2.23279497e-01  8.69174684e-01  9.33641351e-02  8.99925677e-01  4.53731538e-01 
 6.72651264e-02  8.78076536e-01  2.23422222e-01  8.69262268e-01  9.33653327e-02  8.99925677e-01  4.53679560e-01 
 6.73651264e-02  8.78124447e-01  2.23566222e-01  8.69349355e-01  9.33665320e-02  8.99925677e-01  4.53627583e-01 
 6.74651264e-02  8.78172192e-01  2.23711522e-01  8.69435952e-01  9.33677329e-02  8.99925677e-01  4.53575606e-01 
 6.75651264e-02  8.78219771e-01  2.23858142e-01  8.69522062e-01  9.33689356e-02  8.99925677e-01  4.53523630e-01 
 6.76651264e-02  8.78267187e-01  2.24006106e-01  8.69607691e-01  9.33701400e-02  8.99925677e-01  4.53471655e-01 
 6.77651264e-02  8.78314439e-01  2.24155437e-01  8.69692844e-01  9.33713460e-02  8.99925677e-01  4.53419681e-01 
 6.78651264e-02  8.78361528e-01  2.24306160e-01  8.69777527e-01  9.33725538e-02  8.99925677e-01  4.53367707e-01 
 6.79651264e-02  8.78408457e-01  2.24458299e-01  8.69861743e-01  9.33737632e-02  8.99925677e-01  4.53315735e-01 
 6.80651264e-02  8.78455225e-01  2.24611879e-01  8.69945498e-01  9.33749744e-02  8.99925677e-01  4.53263763e-01 
 6.81651264e-02  8.78501834e-01  2.24766926e-01  8.70028796e-01  9.33761872e-02  8.99925677e-01  4.53211792e-01 
 6.82651264e-02  8.78548284e-01  2.24923468e-01  8.70111642e-01  9.33774018e-02  8.99925677e-01  4.53159822e-01 
 6.83651264e-02  8.78594577e-01  2.25081532e-01  8.70194041e-01  9.33786181e-02  8.99925677e-01  4.53107852e-01 
 6.84651264e-02  8.78640713e-01  2.25241145e-01  8.70275997e-01  9.33798361e-02  8.99925677e-01  4.53055884e-01 
 6.85651264e-02  8.78686693e-01  2.25402337e-01  8.70357515e-01  9.33810558e-02  8.99925677e-01  4.53003916e-01 
 6.86651264e-02  8.78732519e-01  2.25565138e-01  8.70438598e-01  9.33822772e-02  8.99925677e-01  4.52951949e-01 
 6.87651264e-02  8.78778190e-01  2.25729577e-01  8.70519252e-01  9.33835003e-02  8.99925677e-01  4.52899983e-01 
 6.88651264e-02  8.78823709e-01  2.25895687e-01  8.70599480e-01  9.33847252e-02  8.99925677e-01  4.52848018e-01 
 6.89651264e-02  8.78869075e-01  2.26063500e-01  8.70679286e-01  9.33859518e-02  8.99925677e-01  4.52796053e-01 
 6.90651264e-02  8.78914290e-01  2.26233048e-01  8.70758676e-01  9.33871801e-02  8.99925677e-01  4.52744089e-01 
 6.91651264e-02  8.78959354e-01  2.26404367e-01  8.70837652e-01  9.33884102e-02  8.99925677e-01  4.52692127e-01 
 6.92651264e-02  8.79004269e-01  2.26577490e-01  8.70916219e-01  9.33896420e-02  8.99925677e-01  4.52640165e-01 
 6.93651264e-02  8.79049035e-01  2.26752455e-01  8.70994380e-01  9.33908755e-02  8.99925677e-01  4.52588204e-01 
 6.94651264e-02  8.79093653e-01  2.26929299e-01  8.71072140e-01  9.33921107e-02  8.99925677e-01  4.52536244e-01 
 6.95651264e-02  8.79138124e-01  2.27108059e-01  8.71149503e-01  9.33933477e-02  8.99925677e-01  4.52484284e-01 
 6.96651264e-02  8.79182449e-01  2.27288775e-01  8.71226471e-01  9.33945865e-02  8.99925677e-01  4.52432326e-01 
 6.97651264e-02  8.79226628e-01  2.27471487e-01  8.71303050e-01  9.33958269e-02  8.99925677e-01  4.52380368e-01 
 6.98651264e-02  8.79270662e-01  2.27656238e-01  8.71379242e-01  9.33970692e-02  8.99925677e-01  4.52328411e-01 
 6.99651264e-02  8.79314553e-01  2.27843071e-01  8.71455051e-01  9.33983131e-02  8.99925677e-01  4.52276456e-01 
 7.00651264e-02  8.79358300e-01  2.28032029e-01  8.71530480e-01  9.33995589e-02  8.99925677e-01  4.52224501e-01 
 7.01651264e-02  8.79401905e-01  2.28223160e-01  8.71605534e-01  9.34008064e-02  8.99925677e-01  4.52172547e-01 
 7.02651264e-02  8.79445369e-01  2.28416509e-01  8.71680216e-01  9.34020556e-02  8.99925677e-01  4.52120594e-01 
 7.03651264e-02  8.79488692e-01  2.28612125e-01  8.71754528e-01  9.34033066e-02  8.99925677e-01  4.52068641e-01 
 7.04651264e-02  8.79531875e-01  2.28810060e-01  8.71828475e-01  9.34045593e-02  8.99925677e-01  4.52016690e-01 
 7.05651264e-02  8.79574918e-01  2.29010364e-01  8.71902060e-01  9.34058139e-02  8.99925677e-01  4.51964740e-01 
 7.06651264e-02  8.79617823e-01  2.29213091e-01  8.71975285e-01  9.34070702e-02  8.99925677e-01  4.51912791e-01 
 7.07651264e-02  8.79660591e-01  2.29418297e-01  8.72048155e-01  9.34083282e-02  8.99925677e-01  4.51860842e-01 
 7.08651264e-02  8.79703221e-01  2.29626038e-01  8.72120672e-01  9.34095880e-02  8.99925677e-01  4.51808895e-01 
 7.09651264e-02  8.79745715e-01  2.29836374e-01  8.72192840e-01  9.34108496e-02  8.99925677e-01  4.51756948e-01 
 7.10651264e-02  8.79788074e-01  2.30049365e-01  8.72264661e-01  9.34121130e-02  8.99925677e-01  4.51705003e-01 
 7.11651264e-02  8.79830298e-01  2.30265075e-01  8.72336138e-01  9.34133782e-02  8.99925677e-01  4.51653058e-01 
 7.12651264e-02  8.79872387e-01  2.30483568e-01  8.72407276e-01  9.34146451e-02  8.99925677e-01  4.51601115e-01 
 7.13651264e-02  8.79914344e-01  2.30704912e-01  8.72478075e-01  9.34159138e-02  8.99925677e-01  4.51549172e-01 
 7.14651264e-02  8.79956167e-01  2.30929178e-01  8.72548541e-01  9.34171843e-02  8.99925677e-01  4.51497231e-01 
 7.15651264e-02  8.79997859e-01  2.31156436e-01  8.72618675e-01  9.34184566e-02  8.99925677e-01  4.51445291e-01 
 7.16651264e-02  8.80039419e-01  2.31386763e-01  8.72688480e-01  9.34197307e-02  8.99925677e-01  4.51393351e-01 
 7.17651264e-02  8.80080849e-01  2.31620235e-01  8.72757959e-01  9.34210066e-02  8.99925677e-01  4.51341413e-01 
 7.18651264e-02  8.80122148e-01  2.31856933e-01  8.72827115e-01  9.34222842e-02  8.99925677e-01  4.51289476e-01 
 7.19651264e-02  8.80163319e-01  2.32096940e-01  8.72895950e-01  9.34235637e-02  8.99925677e-01  4.51237540e-01 
 7.20651264e-02  8.80204360e-01  2.32340343e-01  8.72964468e-01  9.34248449e-02  8.99925677e-01  4.51185605e-01 
 7.21651264e-02  8.80245274e-01  2.32587230e-01  8.73032671e-01  9.34261280e-02  8.99925677e-01  4.51133671e-01 
 7.22651264e-02  8.80286060e-01  2.32837695e-01  8.73100561e-01  9.34274129e-02  8.99925677e-01  4.51081738e-01 
 7.23651264e-02  8.80326720e-01  2.33091835e-01  8.73168141e-01  9.34286995e-02  8.99925677e-01  4.51029807e-01 
 7.24651264e-02  8.80367254e-01  2.33349750e-01  8.73235414e-01  9.34299880e-02  8.99925677e-01  4.50977876e-01 
 7.25651264e-02  8.80407662e-01  2.33611543e-01  8.73302383e-01  9.34312783e-02  8.99925677e-01  4.50925947e-01 
 7.26651264e-02  8.80447946e-01  2.33877323e-01  8.73369049e-01  9.34325704e-02  8.99925677e-01  4.50874019e-01 
 7.27651264e-02  8.80488105e-01  2.34147202e-01  8.73435415e-01  9.34338643e-02  8.99925677e-01  4.50822092e-01 
 7.28651264e-02  8.80528141e-01  2.34421298e-01  8.73501484e-01  9.34351600e-02  8.99925677e-01  4.50770167e-01 
 7.29651264e-02  8.80568055e-01  2.34699732e-01  8.73567258e-01  9.34364576e-02  8.99925677e-01  4.50718242e-01 
 7.30651264e-02  8.80607845e-01  2.34982630e-01  8.73632739e-01  9.34377570e-02  8.99925677e-01  4.50666320e-01 
 7.31651264e-02  8.80647514e-01  2.35270126e-01  8.73697930e-01  9.34390582e-02  8.99925677e-01  4.50614398e-01 
 7.32651264e-02  8.80687063e-01  2.35562357e-01  8.73762833e-01  9.34403612e-02  8.99925677e-01  4.50562478e-01 
 7.33651264e-02  8.80726490e-01  2.35859465e-01  8.73827451e-01  9.34416660e-02  8.99925677e-01  4.50510559e-01 
 7.34651264e-02  8.80765798e-01  2.36161601e-01  8.73891785e-01  9.34429727e-02  8.99925677e-01  4.50458641e-01 
 7.35651264e-02  8.80804986e-01  2.36468920e-01  8.73955837e-01  9.34442812e-02  8.99925677e-01  4.50406725e-01 
 7.36651264e-02  8.80844056e-01  2.36781585e-01  8.74019611e-01  9.34455916e-02  8.99925677e-01  4.50354811e-01 
 7.37651264e-02  8.80883007e-01  2.37099767e-01  8.74083108e-01  9.34469037e-02  8.99925677e-01  4.50302898e-01 
 7.38651264e-02  8.80921841e-01  2.37423643e-01  8.74146330e-01  9.34482178e-02  8.99925677e-01  4.50250986e-01 
 7.39651264e-02  8.80960558e-01  2.37753400e-01  8.74209280e-01  9.34495336e-02  8.99925677e-01  4.50199076e-01 
 7.40651264e-02  8.80999158e-01  2.38089230e-01  8.74271959e-01  9.34508513e-02  8.99925677e-01  4.50147168e-01 
 7.41651264e-02  8.81037642e-01  2.38431337e-01  8.74334370e-01  9.34521709e-02  8.99925677e-01  4.50095261e-01 
 7.42651264e-02  8.81076011e-01  2.38779936e-01  8.74396514e-01  9.34534923e-02  8.99925677e-01  4.50043356e-01 
 7.43651264e-02  8.81114265e-01  2.39135247e-01  8.74458394e-01  9.34548155e-02  8.99925677e-01  4.49991452e-01 
 7.44651264e-02  8.81152405e-01  2.39497506e-01  8.74520011e-01  9.34561406e-02  8.99925677e-01  4.49939551e-01 
 7.45651264e-02  8.81190431e-01  2.39866956e-01  8.74581368e-01  9.34574675e-02  8.99925677e-01  4.49887651e-01 
 7.46651264e-02  8.81228343e-01  2.40243856e-01  8.74642466e-01  9.34587963e-02  8.99925677e-01  4.49835753e-01 
 7.47651264e-02  8.81266143e-01  2.40628476e-01  8.74703308e-01  9.34601270e-02  8.99925677e-01  4.49783857e-01 
 7.48651264e-02  8.81303831e-01  2.41021098e-01  8.74763894e-01  9.34614595e-02  8.99925677e-01  4.49731963e-01 
 7.49651264e-02  8.81341407e-01  2.41422020e-01  8.74824228e-01  9.34627939e-02  8.99925677e-01  4.49680071e-01 
 7.50651264e-02  8.81378871e-01  2.41831557e-01  8.74884311e-01  9.34641301e-02  8.99925677e-01  4.49628181e-01 
 7.51651264e-02  8.81416225e-01  2.42250038e-01  8.74944144e-01  9.34654682e-02  8.99925677e-01  4.49576293e-01 
 7.52651264e-02  8.81453469e-01  2.42677811e-01  8.75003730e-01  9.34668081e-02  8.99925677e-01  4.49524408e-01 
 7.53651264e-02  8.81490602e-01  2.43115240e-01  8.75063070e-01  9.34681499e-02  8.99925677e-01  4.49472525e-01 
 7.54651264e-02  8.81527627e-01  2.43562712e-01  8.75122166e-01  9.34694936e-02  8.99925677e-01  4.49420644e-01 
 7.55651264e-02  8.81564542e-01  2.44020634e-01  8.75181020e-01  9.34708391e-02  8.99925677e-01  4.49368765e-01 
 7.56651264e-02  8.81601350e-01  2.44489435e-01  8.75239633e-01  9.34721866e-02  8.99925677e-01  4.49316889e-01 
 7.57651264e-02  8.81638049e-01  2.44969569e-01  8.75298007e-01  9.34735358e-02  8.99925677e-01  4.49265016e-01 
 7.58651264e-02  8.81674641e-01  2.45461515e-01  8.75356144e-01  9.34748870e-02  8.99925677e-01  4.49213146e-01 
 7.59651264e-02  8.81711125e-01  2.45965780e-01  8.75414045e-01  9.34762400e-02  8.99925677e-01  4.49161278e-01 
 7.60651264e-02  8.81747503e-01  2.46482902e-01  8.75471711e-01  9.34775949e-02  8.99925677e-01  4.49109413e-01 
 7.61651264e-02  8.81783775e-01  2.47013448e-01  8.75529145e-01  9.34789517e-02  8.99925677e-01  4.49057552e-01 
 7.62651264e-02  8.81819941e-01  2.47558020e-01  8.75586348e-01  9.34803103e-02  8.99925677e-01  4.49005693e-01 
 7.63651264e-02  8.81856002e-01  2.48117258e-01  8.75643322e-01  9.34816708e-02  8.99925677e-01  4.48953838e-01 
 7.64651264e-02  8.81891958e-01  2.48691840e-01  8.75700067e-01  9.34830332e-02  8.99925677e-01  4.48901987e-01 
 7.65651264e-02  8.81927809e-01  2.49282485e-01  8.75756586e-01  9.34843974e-02  8.99925677e-01  4.48850138e-01 
 7.66651264e-02  8.81963556e-01  2.49889958e-01  8.75812879e-01  9.34857636e-02  8.99925677e-01  4.48798294e-01 
 7.67651264e-02  8.81999199e-01  2.50515072e-01  8.75868949e-01  9.34871316e-02  8.99925677e-01  4.48746454e-01 
 7.68651264e-02  8.82034739e-01  2.51158694e-01  8.75924797e-01  9.34885014e-02  8.99925677e-01  4.48694617e-01 
 7.69651264e-02  8.82070175e-01  2.51821743e-01  8.75980423e-01  9.34898732e-02  8.99925677e-01  4.48642785e-01 
 7.70651264e-02  8.82105509e-01  2.52505203e-01  8.76035830e-01  9.34912468e-02  8.99925677e-01  4.48590958e-01 
 7.71651264e-02  8.82140741e-01  2.53210119e-01  8.76091018e-01  9.34926223e-02  8.99925677e-01  4.48539135e-01 
 7.72651264e-02  8.82175870e-01  2.53937608e-01  8.76145990e-01  9.34939996e-02  8.99925677e-01  4.48487317e-01 
 7.73651264e-02  8.82210898e-01  2.54688862e-01  8.76200745e-01  9.34953788e-02  8.99925677e-01  4.48435504e-01 
 7.74651264e-02  8.82245824e-01  2.55465153e-01  8.76255286e-01  9.34967599e-02  8.99925677e-01  4.48383697e-01 
 7.75651264e-02  8.82280649e-01  2.56267840e-01  8.76309614e-01  9.34981428e-02  8.99925677e-01  4.48331895e-01 
 7.76651264e-02  8.82315374e-01  2.57098378e-01  8.76363729e-01  9.34995276e-02  8.99925677e-01  4.48280100e-01 
 7.77651264e-02  8.82349997e-01  2.57958320e-01  8.76417633e-01  9.35009143e-02  8.99925677e-01  4.48228310e-01 
 7.78651264e-02  8.82384521e-01  2.58849330e-01  8.76471328e-01  9.35023028e-02  8.99925677e-01  4.48176527e-01 
 7.79651264e-02  8.82418944e-01  2.59773188e-01  8.76524813e-01  9.35036932e-02  8.99925677e-01  4.48124751e-01 
 7.80651264e-02  8.82453267e-01  2.60731798e-01  8.76578091e-01  9.35050854e-02  8.99925677e-01  4.48072983e-01 
 7.81651264e-02  8.82487491e-01  2.61727200e-01  8.76631162e-01  9.35064794e-02  8.99925677e-01  4.48021222e-01 
 7.82651264e-02  8.82521615e-01  2.62761578e-01  8.76684027e-01  9.35078753e-02  8.99925677e-01  4.47969469e-01 
 7.83651264e-02  8.82555640e-01  2.63837271e-01  8.76736687e-01  9.35092730e-02  8.99925677e-01  4.47917724e-01 
 7.84651264e-02  8.82589566e-01  2.64956780e-01  8.76789144e-01  9.35106725e-02  8.99925677e-01  4.47865989e-01 
 7.85651264e-02  8.82623392e-01  2.66122784e-01  8.76841398e-01  9.35120738e-02  8.99925677e-01  4.47814263e-01 
 7.86651264e-02  8.82657121e-01  2.67338147e-01  8.76893449e-01  9.35134770e-02  8.99925677e-01  4.47762546e-01 
 7.87651264e-02  8.82690750e-01  2.68605932e-01  8.76945300e-01  9.35148819e-02  8.99925677e-01  4.47710840e-01 
 7.88651264e-02  8.82724281e-01  2.69929406e-01  8.76996950e-01  9.35162887e-02  8.99925677e-01  4.47659145e-01 
 7.89651264e-02  8.82757714e-01  2.71312059e-01  8.77048400e-01  9.35176972e-02  8.99925677e-01  4.47607461e-01 
 7.90651264e-02  8.82791048e-01  2.72757605e-01  8.77099652e-01  9.35191074e-02  8.99925677e-01  4.47555789e-01 
 7.91651264e-02  8.82824284e-01  2.74269996e-01  8.77150706e-01  9.35205194e-02  8.99925677e-01  4.47504129e-01 
 7.92651264e-02  8.82857422e-01  2.75853425e-01  8.77201563e-01  9.35219332e-02  8.99925677e-01  4.47452483e-01 
 7.93651264e-02  8.82890462e-01  2.77512333e-01  8.77252224e-01  9.35233487e-02  8.99925677e-01  4.47400849e-01 
 7.94651264e-02  8.82923405e-01  2.79251408e-01  8.77302689e-01  9.35247659e-02  8.99925677e-01  4.47349230e-01 
 7.95651264e-02  8.82956250e-01  2.81075587e-01  8.77352960e-01  9.35261847e-02  8.99925677e-01  4.47297625e-01 
 7.96651264e-02  8.82988997e-01  2.82990044e-01  8.77403036e-01  9.35276053e-02  8.99925677e-01  4.47246035e-01 
 7.97651264e-02  8.83021648e-01  2.85000183e-01  8.77452920e-01  9.35290275e-02  8.99925677e-01  4.47194460e-01 
 7.98651264e-02  8.83054201e-01  2.87111620e-01  8.77502612e-01  9.35304513e-02  8.99925677e-01  4.47142900e-01 
 7.99651264e-02  8.83086657e-01  2.89330155e-01  8.77552114e-01  9.35318768e-02  8.99925677e-01  4.47091356e-01 
 8.00651264e-02  8.83119018e-01  2.91661743e-01  8.77601425e-01  9.35333038e-02  8.99925677e-01  4.47039828e-01 
 8.01651264e-02  8.83151282e-01  2.94112455e-01  8.77650548e-01  9.35347325e-02  8.99925677e-01  4.46988315e-01 
 8.02651264e-02  8.83183451e-01  2.96688426e-01  8.77699483e-01  9.35361626e-02  8.99925677e-01  4.46936819e-01 
 8.03651264e-02  8.83215525e-01  2.99395798e-01  8.77748233e-01  9.35375944e-02  8.99925677e-01  4.46885337e-01 
 8.04651264e-02  8.83247505e-01  3.02240658e-01  8.77796798e-01  9.35390276e-02  8.99925677e-01  4.46833871e-01 
 8.05651264e-02  8.83279391e-01  3.05228959e-01  8.77845180e-01  9.35404624e-02  8.99925677e-01  4.46782419e-01 
 8.06651264e-02  8.83311185e-01  3.08366447e-01  8.77893382e-01  9.35418987e-02  8.99925677e-01  4.46730980e-01 
 8.07651264e-02  8.83342887e-01  3.11658572e-01  8.77941405e-01  9.35433364e-02  8.99925677e-01  4.46679555e-01 
 8.08651264e-02  8.83374499e-01  3.15110404e-01  8.77989251e-01  9.35447758e-02  8.99925677e-01  4.46628140e-01 
 8.09651264e-02  8.83406022e-01  3.18726546e-01  8.78036923e-01  9.35462166e-02  8.99925677e-01  4.46576736e-01 
 8.10651264e-02  8.83437456e-01  3.22511054e-01  8.78084423e-01  9.35476589e-02  8.99925677e-01  4.46525340e-01 
 8.11651264e-02  8.83468804e-01  3.26467361e-01  8.78131753e-01  9.35491029e-02  8.99925677e-01  4.46473951e-01 
 8.12651264e-02  8.83500067e-01  3.30598208e-01  8.78178917e-01  9.35505484e-02  8.99925677e-01  4.46422568e-01 
 8.13651264e-02  8.83531246e-01  3.34905594e-01  8.78225916e-01  9.35519956e-02  8.99925677e-01  4.46371188e-01 
 8.14651264e-02  8.83562343e-01  3.39390733e-01  8.78272754e-01  9.35534445e-02  8.99925677e-01  4.46319809e-01 
 8.15651264e-02  8.83593358e-01  3.44054035e-01  8.78319433e-01  9.35548951e-02  8.99925677e-01  4.46268430e-01 
 8.16651264e-02  8.83624295e-01  3.48895096e-01  8.78365956e-01  9.35563475e-02  8.99925677e-01  4.46217048e-01 
 8.17651264e-02  8.83655154e-01  3.53912710e-01  8.78412326e-01  9.35578018e-02  8.99925677e-01  4.46165662e-01 
 8.18651264e-02  8.83685937e-01  3.59104898e-01  8.78458545e-01  9.35592580e-02  8.99925677e-01  4.46114269e-01 
 8.19651264e-02  8.83716645e-01  3.64468942e-01  8.78504616e-01  9.35607163e-02  8.99925677e-01  4.46062869e-01 
 8.20651264e-02  8.83747279e-01  3.70001450e-01  8.78550541e-01  9.35621767e-02  8.99925677e-01  4.46011458e-01 
 8.21651264e-02  8.83777841e-01  3.75698408e-01  8.78596322e-01  9.35636392e-02  8.99925677e-01  4.45960036e-01 
 8.22651264e-02  8.83808331e-01  3.81555260e-01  8.78641962e-01  9.35651040e-02  8.99925677e-01  4.45908601e-01 
 8.23651264e-02  8.83838751e-01  3.87566979e-01  8.78687461e-01  9.35665711e-02  8.99925677e-01  4.45857153e-01 
 8.24651264e-02  8.83869102e-01  3.93728142e-01  8.78732823e-01  9.35680405e-02  8.99925677e-01  4.45805690e-01 
 8.25651264e-02  8.83899384e-01  4.00033013e-01  8.78778048e-01  9.35695124e-02  8.99925677e-01  4.45754211e-01 
 8.26651264e-02  8.83929598e-01  4.06475610e-01  8.78823137e-01  9.35709867e-02  8.99925677e-01  4.45702716e-01 
 8.27651264e-02  8.83959745e-01  4.13049778e-01  8.78868092e-01  9.35724636e-02  8.99925677e-01  4.45651204e-01 
 8.28651264e-02  8.83989824e-01  4.19749253e-01  8.78912914e-01  9.35739430e-02  8.99925677e-01  4.45599675e-01 
 8.29651264e-02  8.84019837e-01  4.26567716e-01  8.78957604e-01  9.35754250e-02  8.99925677e-01  4.45548129e-01 
 8.30651264e-02  8.84049783e-01  4.33498843e-01  8.79002163e-01  9.35769096e-02  8.99925677e-01  4.45496565e-01 
 8.31651264e-02  8.84079663e-01  4.40536349e-01  8.79046590e-01  9.35783969e-02  8.99925677e-01  4.45444984e-01 
 8.32651264e-02  8.84109478e-01  4.47674025e-01  8.79090887e-01  9.35798868e-02  8.99925677e-01  4.45393386e-01 
 8.33651264e-02  8.84139226e-01  4.54905759e-01  8.79135055e-01  9.35813794e-02  8.99925677e-01  4.45341771e-01 
 8.34651264e-02  8.84168908e-01  4.62225564e-01  8.79179093e-01  9.35828747e-02  8.99925677e-01  4.45290140e-01 
 8.35651264e-02  8.84198525e-01  4.69627586e-01  8.79223003e-01  9.35843726e-02  8.99925677e-01  4.45238491e-01 
 8.36651264e-02  8.84228076e-01  4.77106122e-01  8.79266784e-01  9.35858732e-02  8.99925677e-01  4.45186827e-01 
 8.37651264e-02  8.84257561e-01  4.84655613e-01  8.79310437e-01  9.35873764e-02  8.99925677e-01  4.45135147e-01 
 8.38651264e-02  8.84286981e-01  4.92270650e-01  8.79353962e-01  9.35888823e-02  8.99925677e-01  4.45083452e-01 
 8.39651264e-02  8.84316335e-01  4.99945969e-01  8.79397360e-01  9.35903908e-02  8.99925677e-01  4.45031741e-01 
 8.40651264e-02  8.84345623e-01  5.07676439e-01  8.79440630e-01  9.35919020e-02  8.99925677e-01  4.44980016e-01 
 8.41651264e-02  8.84374846e-01  5.15457048e-01  8.79483775e-01  9.35934158e-02  8.99925677e-01  4.44928276e-01 
 8.42651264e-02  8.84404004e-01  5.23282894e-01  8.79526793e-01  9.35949322e-02  8.99925677e-01  4.44876522e-01 
 8.43651264e-02  8.84433096e-01  5.31149162e-01  8.79569686e-01  9.35964512e-02  8.99925677e-01  4.44824753e-01 
 8.44651264e-02  8.84462124e-01  5.39051104e-01  8.79612453e-01  9.35979729e-02  8.99925677e-01  4.44772970e-01 
 8.45651264e-02  8.84491086e-01  5.46984017e-01  8.79655097e-01  9.35994971e-02  8.99925677e-01  4.44721173e-01 
 8.46651264e-02  8.84519984e-01  5.54943215e-01  8.79697616e-01  9.36010239e-02  8.99925677e-01  4.44669361e-01 
 8.47651264e-02  8.84548818e-01  5.62924002e-01  8.79740013e-01  9.36025533e-02  8.99925677e-01  4.44617535e-01 
 8.48651264e-02  8.84577588e-01  5.70921640e-01  8.79782288e-01  9.36040853e-02  8.99925677e-01  4.44565695e-01 
 8.49651264e-02  8.84606294e-01  5.78931315e-01  8.79824441e-01  9.36056198e-02  8.99925677e-01  4.44513839e-01 
 8.50651264e-02  8.84634938e-01  5.86948099e-01  8.79866474e-01  9.36071569e-02  8.99925677e-01  4.44461967e-01 
 8.51651264e-02  8.84663519e-01  5.94966907e-01  8.79908387e-01  9.36086966e-02  8.99925677e-01  4.44410079e-01 
 8.52651264e-02  8.84692038e-01  6.02982457e-01  8.79950183e-01  9.36102389e-02  8.99925677e-01  4.44358174e-01 
 8.53651264e-02  8.84720496e-01  6.10989213e-01  8.79991862e-01  9.36117838e-02  8.99925677e-01  4.44306250e-01 
 8.54651264e-02  8.84748893e-01  6.18981334e-01  8.80033426e-01  9.36133313e-02  8.99925677e-01  4.44254308e-01 
 8.55651264e-02  8.84777232e-01  6.26952613e-01  8.80074877e-01  9.36148813e-02  8.99925677e-01  4.44202344e-01 
 8.56651264e-02  8.84805512e-01  6.34896410e-01  8.80116215e-01  9.36164340e-02  8.99925677e-01  4.44150358e-01 
 8.57651264e-02  8.84833735e-01  6.42805577e-01  8.80157444e-01  9.36179894e-02  8.99925677e-01  4.44098347e-01 
 8.58651264e-02  8.84861902e-01  6.50672383e-01  8.80198565e-01  9.36195474e-02  8.99925677e-01  4.44046310e-01 
 8.59651264e-02  8.84890014e-01  6.58488420e-01  8.80239580e-01  9.36211081e-02  8.99925677e-01  4.43994244e-01 
 8.60651264e-02  8.84918074e-01  6.66244521e-01  8.80280493e-01  9.36226715e-02  8.99925677e-01  4.43942147e-01 
 8.61651264e-02  8.84946083e-01  6.73930658e-01  8.80321305e-01  9.36242377e-02  8.99925677e-01  4.43890014e-01 
 8.62651264e-02  8.84974043e-01  6.81535846e-01  8.80362021e-01  9.36258068e-02  8.99925677e-01  4.43837843e-01 
 8.63651264e-02  8.85001956e-01  6.89048055e-01  8.80402643e-01  9.36273787e-02  8.99925677e-01  4.43785629e-01 
 8.64651264e-02  8.85029824e-01  6.96454124e-01  8.80443175e-01  9.36289537e-02  8.99925677e-01  4.43733369e-01 
 8.65651264e-02  8.85057650e-01  7.03739702e-01  8.80483621e-01  9.36305318e-02  8.99925677e-01  4.43681057e-01 
 8.66651264e-02  8.85085435e-01  7.10889218e-01  8.80523984e-01  9.36321131e-02  8.99925677e-01  4.43628691e-01 
 8.67651264e-02  8.85113184e-01  7.17885913e-01  8.80564268e-01  9.36336979e-02  8.99925677e-01  4.43576264e-01 
 8.68651264e-02  8.85140897e-01  7.24711930e-01  8.80604476e-01  9.36352863e-02  8.99925677e-01  4.43523774e-01 
 8.69651264e-02  8.85168577e-01  7.31348518e-01  8.80644611e-01  9.36368785e-02  8.99925677e-01  4.43471216e-01 
 8.70651264e-02  8.85196225e-01  7.37776345e-01  8.80684676e-01  9.36384750e-02  8.99925677e-01  4.43418589e-01 
 8.71651264e-02  8.85223842e-01  7.43975971e-01  8.80724672e-01  9.36400760e-02  8.99925677e-01  4.43365891e-01 
 8.72651264e-02  8.85251428e-01  7.49928462e-01  8.80764598e-01  9.36416819e-02  8.99925677e-01  4.43313124e-01 
 8.73651264e-02  8.85278979e-01  7.55616162e-01  8.80804452e-01  9.36432930e-02  8.99925677e-01  4.43260292e-01 
 8.74651264e-02  8.85306494e-01  7.61023574e-01  8.80844229e-01  9.36449098e-02  8.99925677e-01  4.43207403e-01 
 8.75651264e-02  8.85333967e-01  7.66138288e-01  8.80883923e-01  9.36465325e-02  8.99925677e-01  4.43154468e-01 
 8.76651264e-02  8.85361391e-01  7.70951849e-01  8.80923522e-01  9.36481610e-02  8.99925677e-01  4.43101501e-01 
 8.77651264e-02  8.85388758e-01  7.75460454e-01  8.80963017e-01  9.36497955e-02  8.99925677e-01  4.43048518e-01 
 8.78651264e-02  8.85416059e-01  7.79665352e-01  8.81002394e-01  9.36514353e-02  8.99925677e-01  4.42995539e-01 
 8.79651264e-02  8.85443285e-01  7.83572863e-01  8.81041640e-01  9.36530800e-02  8.99925677e-01  4.42942581e-01 
 8.80651264e-02  8.85470426e-01  7.87193994e-01  8.81080742e-01  9.36547285e-02  8.99925677e-01  4.42889664e-01 
 8.81651264e-02  8.85497475e-01  7.90543679e-01  8.81119689e-01  9.36563799e-02  8.99925677e-01  4.42836801e-01 
 8.82651264e-02  8.85524426e-01  7.93639765e-01  8.81158473e-01  9.36580332e-02  8.99925677e-01  4.42784004e-01 
 8.83651264e-02  8.85551276e-01  7.96501880e-01  8.81197089e-01  9.36596873e-02  8.99925677e-01  4.42731280e-01 
 8.84651264e-02  8.85578021e-01  7.99150338e-01  8.81235534e-01  9.36613416e-02  8.99925677e-01  4.42678633e-01 
 8.85651264e-02  8.85604664e-01  8.01605193e-01  8.81273810e-01  9.36629954e-02  8.99925677e-01  4.42626060e-01 
 8.86651264e-02  8.85631205e-01  8.03885527e-01  8.81311919e-01  9.36646485e-02  8.99925677e-01  4.42573560e-01 
 8.87651264e-02  8.85657648e-01  8.06008985e-01  8.81349866e-01  9.36663009e-02  8.99925677e-01  4.42521127e-01 
 8.88651264e-02  8.85683996e-01  8.07991535e-01  8.81387656e-01  9.36679527e-02  8.99925677e-01  4.42468753e-01 
 8.89651264e-02  8.85710252e-01  8.09847407e-01  8.81425294e-01  9.36696040e-02  8.99925677e-01  4.42416434e-01 
 8.90651264e-02  8.85736422e-01  8.11589164e-01  8.81462786e-01  9.36712553e-02  8.99925677e-01  4.42364162e-01 
 8.91651264e-02  8.85762507e-01  8.13227839e-01  8.81500138e-01  9.36729068e-02  8.99925677e-01  4.42311932e-01 
 8.92651264e-02  8.85788510e-01  8.14773105e-01  8.81537353e-01  9.36745587e-02  8.99925677e-01  4.42259739e-01 
 8.93651264e-02  8.85814436e-01  8.16233453e-01  8.81574436e-01  9.36762114e-02  8.99925677e-01  4.42207578e-01 
 8.94651264e-02  8.85840285e-01  8.17616354e-01  8.81611391e-01  9.36778650e-02  8.99925677e-01  4.42155445e-01 
 8.95651264e-02  8.85866060e-01  8.18928407e-01  8.81648220e-01  9.36795197e-02  8.99925677e-01  4.42103337e-01 
 8.96651264e-02  8.85891763e-01  8.20175463e-01  8.81684927e-01  9.36811756e-02  8.99925677e-01  4.42051252e-01 
 8.97651264e-02  8.85917395e-01  8.21362729e-01  8.81721513e-01  9.36828330e-02  8.99925677e-01  4.41999187e-01 
 8.98651264e-02  8.85942957e-01  8.22494855e-01  8.81757981e-01  9.36844920e-02  8.99925677e-01  4.41947139e-01 
 8.99651264e-02  8.85968451e-01  8.23576012e-01  8.81794333e-01  9.36861525e-02  8.99925677e-01  4.41895108e-01 
 9.00651264e-02  8.85993878e-01  8.24609949e-01  8.81830570e-01  9.36878147e-02  8.99925677e-01  4.41843091e-01 
 9.01651264e-02  8.86019238e-01  8.25600046e-01  8.81866695e-01  9.36894787e-02  8.99925677e-01  4.41791087e-01 
 9.02651264e-02  8.86044533e-01  8.26549364e-01  8.81902708e-01  9.36911446e-02  8.99925677e-01  4.41739095e-01 
 9.03651264e-02  8.86069764e-01  8.27460676e-01  8.81938610e-01  9.36928123e-02  8.99925677e-01  4.41687114e-01 
 9.04651264e-02  8.86094930e-01  8.28336501e-01  8.81974404e-01  9.36944820e-02  8.99925677e-01  4.41635143e-01 
 9.05651264e-02  8.86120033e-01  8.29179138e-01  8.82010090e-01  9.36961537e-02  8.99925677e-01  4.41583181e-01 
 9.06651264e-02  8.86145073e-01  8.29990684e-01  8.82045668e-01  9.36978274e-02  8.99925677e-01  4.41531228e-01 
 9.07651264e-02  8.86170052e-01  8.30773059e-01  8.82081141e-01  9.36995032e-02  8.99925677e-01  4.41479282e-01 
 9.08651264e-02  8.86194968e-01  8.31528023e-01  8.82116509e-01  9.37011810e-02  8.99925677e-01  4.41427343e-01 
 9.09651264e-02  8.86219824e-01  8.32257192e-01  8.82151773e-01  9.37028610e-02  8.99925677e-01  4.41375411e-01 
 9.10651264e-02  8.86244618e-01  8.32962055e-01  8.82186934e-01  9.37045432e-02  8.99925677e-01  4.41323485e-01 
 9.11651264e-02  8.86269353e-01  8.33643984e-01  8.82221992e-01  9.37062275e-02  8.99925677e-01  4.41271565e-01 
 9.12651264e-02  8.86294027e-01  8.34304247e-01  8.82256949e-01  9.37079140e-02  8.99925677e-01  4.41219650e-01 
 9.13651264e-02  8.86318643e-01  8.34944017e-01  8.82291804e-01  9.37096027e-02  8.99925677e-01  4.41167740e-01 
 9.14651264e-02  8.86343199e-01  8.35564380e-01  8.82326559e-01  9.37112937e-02  8.99925677e-01  4.41115835e-01 
 9.15651264e-02  8.86367696e-01  8.36166343e-01  8.82361215e-01  9.37129869e-02  8.99925677e-01  4.41063934e-01 
 9.16651264e-02  8.86392135e-01  8.36750845e-01  8.82395771e-01  9.37146824e-02  8.99925677e-01  4.41012037e-01 
 9.17651264e-02  8.86416516e-01  8.37318757e-01  8.82430229e-01  9.37163801e-02  8.99925677e-01  4.40960144e-01 
 9.18651264e-02  8.86440839e-01  8.37870892e-01  8.82464590e-01  9.37180802e-02  8.99925677e-01  4.40908255e-01 
 9.19651264e-02  8.86465104e-01  8.38408008e-01  8.82498853e-01  9.37197825e-02  8.99925677e-01  4.40856369e-01 
 9.20651264e-02  8.86489313e-01  8.38930814e-01  8.82533019e-01  9.37214872e-02  8.99925677e-01  4.40804486e-01 
 9.21651264e-02  8.86513464e-01  8.39439973e-01  8.82567089e-01  9.37231942e-02  8.99925677e-01  4.40752606e-01 
 9.22651264e-02  8.86537559e-01  8.39936104e-01  8.82601064e-01  9.37249035e-02  8.99925677e-01  4.40700730e-01 
 9.23651264e-02  8.86561597e-01  8.40419790e-01  8.82634943e-01  9.37266152e-02  8.99925677e-01  4.40648856e-01 
 9.24651264e-02  8.86585580e-01  8.40891578e-01  8.82668729e-01  9.37283293e-02  8.99925677e-01  4.40596984e-01 
 9.25651264e-02  8.86609506e-01  8.41351980e-01  8.82702420e-01  9.37300457e-02  8.99925677e-01  4.40545115e-01 
 9.26651264e-02  8.86633377e-01  8.41801480e-01  8.82736017e-01  9.37317645e-02  8.99925677e-01  4.40493249e-01 
 9.27651264e-02  8.86657192e-01  8.42240532e-01  8.82769521e-01  9.37334857e-02  8.99925677e-01  4.40441385e-01 
 9.28651264e-02  8.86680952e-01  8.42669565e-01  8.82802933e-01  9.37352093e-02  8.99925677e-01  4.40389523e-01 
 9.29651264e-02  8.86704657e-01  8.43088982e-01  8.82836253e-01  9.37369352e-02  8.99925677e-01  4.40337663e-01 
 9.30651264e-02  8.86728308e-01  8.43499166e-01  8.82869481e-01  9.37386636e-02  8.99925677e-01  4.40285805e-01 
 9.31651264e-02  8.86751904e-01  8.43900477e-01  8.82902618e-01  9.37403944e-02  8.99925677e-01  4.40233950e-01 
 9.32651264e-02  8.86775445e-01  8.44293256e-01  8.82935664e-01  9.37421276e-02  8.99925677e-01  4.40182096e-01 
 9.33651264e-02  8.86798933e-01  8.44677826e-01  8.82968620e-01  9.37438632e-02  8.99925677e-01  4.40130243e-01 
 9.34651264e-02  8.86822367e-01  8.45054494e-01  8.83001485e-01  9.37456013e-02  8.99925677e-01  4.40078393e-01 
 9.35651264e-02  8.86845747e-01  8.45423550e-01  8.83034262e-01  9.37473418e-02  8.99925677e-01  4.40026544e-01 
 9.36651264e-02  8.86869073e-01  8.45785268e-01  8.83066949e-01  9.37490848e-02  8.99925677e-01  4.39974697e-01 
 9.37651264e-02  8.86892347e-01  8.46139911e-01  8.83099547e-01  9.37508302e-02  8.99925677e-01  4.39922852e-01 
 9.38651264e-02  8.86915567e-01  8.46487726e-01  8.83132058e-01  9.37525781e-02  8.99925677e-01  4.39871008e-01 
 9.39651264e-02  8.86938734e-01  8.46828952e-01  8.83164480e-01  9.37543284e-02  8.99925677e-01  4.39819165e-01 
 9.40651264e-02  8.86961849e-01  8.47163811e-01  8.83196816e-01  9.37560812e-02  8.99925677e-01  4.39767324e-01 
 9.41651264e-02  8.86984912e-01  8.47492519e-01  8.83229064e-01  9.37578364e-02  8.99925677e-01  4.39715485e-01 
 9.42651264e-02  8.87007922e-01  8.47815280e-01  8.83261225e-01  9.37595942e-02  8.99925677e-01  4.39663647e-01 
 9.43651264e-02  8.87030880e-01  8.48132288e-01  8.83293300e-01  9.37613544e-02  8.99925677e-01  4.39611810e-01 
 9.44651264e-02  8.87053786e-01  8.48443729e-01  8.83325290e-01  9.37631171e-02  8.99925677e-01  4.39559974e-01 
 9.45651264e-02  8.87076640e-01  8.48749780e-01  8.83357194e-01  9.37648823e-02  8.99925677e-01  4.39508140e-01 
 9.46651264e-02  8.87099443e-01  8.49050611e-01  8.83389012e-01  9.37666501e-02  8.99925677e-01  4.39456307e-01 
 9.47651264e-02  8.87122194e-01  8.49346385e-01  8.83420747e-01  9.37684203e-02  8.99925677e-01  4.39404475e-01 
 9.48651264e-02  8.87144894e-01  8.49637254e-01  8.83452396e-01  9.37701930e-02  8.99925677e-01  4.39352644e-01 
 9.49651264e-02  8.87167543e-01  8.49923369e-01  8.83483962e-01  9.37719682e-02  8.99925677e-01  4.39300815e-01 
 9.50651264e-02  8.87190142e-01  8.50204871e-01  8.83515444e-01  9.37737460e-02  8.99925677e-01  4.39248987e-01 
 9.51651264e-02  8.87212689e-01  8.50481895e-01  8.83546843e-01  9.37755262e-02  8.99925677e-01  4.39197159e-01 
 9.52651264e-02  8.87235187e-01  8.50754573e-01  8.83578159e-01  9.37773090e-02  8.99925677e-01  4.39145333e-01 
 9.53651264e-02  8.87257634e-01  8.51023028e-01  8.83609392e-01  9.37790944e-02  8.99925677e-01  4.39093508e-01 
 9.54651264e-02  8.87280030e-01  8.51287382e-01  8.83640543e-01  9.37808822e-02  8.99925677e-01  4.39041684e-01 
 9.55651264e-02  8.87302377e-01  8.51547749e-01  8.83671613e-01  9.37826726e-02  8.99925677e-01  4.38989861e-01 
 9.56651264e-02  8.87324674e-01  8.51804239e-01  8.83702601e-01  9.37844656e-02  8.99925677e-01  4.38938039e-01 
 9.57651264e-02  8.87346921e-01  8.52056959e-01  8.83733507e-01  9.37862611e-02  8.99925677e-01  4.38886219e-01 
 9.58651264e-02  8.87369119e-01  8.52306011e-01  8.83764333e-01  9.37880591e-02  8.99925677e-01  4.38834399e-01 
 9.59651264e-02  8.87391268e-01  8.52551493e-01  8.83795078e-01  9.37898597e-02  8.99925677e-01  4.38782580e-01 
 9.60651264e-02  8.87413367e-01  8.52793499e-01  8.83825744e-01  9.37916629e-02  8.99925677e-01  4.38730762e-01 
 9.61651264e-02  8.87435417e-01  8.53032121e-01  8.83856329e-01  9.37934686e-02  8.99925677e-01  4.38678945e-01 
 9.62651264e-02  8.87457419e-01  8.53267445e-01  8.83886835e-01  9.37952770e-02  8.99925677e-01  4.38627129e-01 
 9.63651264e-02  8.87479372e-01  8.53499557e-01  8.83917262e-01  9.37970878e-02  8.99925677e-01  4.38575314e-01 
 9.64651264e-02  8.87501276e-01  8.53728537e-01  8.83947610e-01  9.37989013e-02  8.99925677e-01  4.38523499e-01 
 9.65651264e-02  8.87523132e-01  8.53954464e-01  8.83977879e-01  9.38007173e-02  8.99925677e-01  4.38471686e-01 
 9.66651264e-02  8.87544940e-01  8.54177414e-01  8.84008070e-01  9.38025360e-02  8.99925677e-01  4.38419874e-01 
 9.67651264e-02  8.87566699e-01  8.54397458e-01  8.84038184e-01  9.38043572e-02  8.99925677e-01  4.38368062e-01 
 9.68651264e-02  8.87588411e-01  8.54614668e-01  8.84068220e-01  9.38061810e-02  8.99925677e-01  4.38316252e-01 
 9.69651264e-02  8.87610075e-01  8.54829111e-01  8.84098178e-01  9.38080075e-02  8.99925677e-01  4.38264442e-01 
 9.70651264e-02  8.87631692e-01  8.55040853e-01  8.84128060e-01  9.38098365e-02  8.99925677e-01  4.38212633e-01 
 9.71651264e-02  8.87653261e-01  8.55249958e-01  8.84157865e-01  9.38116681e-02  8.99925677e-01  4.38160825e-01 
 9.72651264e-02  8.87674783e-01  8.55456486e-01  8.84187594e-01  9.38135024e-02  8.99925677e-01  4.38109018e-01 
 9.73651264e-02  8.87696257e-01  8.55660497e-01  8.84217247e-01  9.38153392e-02  8.99925677e-01  4.38057211e-01 
 9.74651264e-02  8.87717685e-01  8.55862048e-01  8.84246824e-01  9.38171787e-02  8.99925677e-01  4.38005406e-01 
 9.75651264e-02  8.87739066e-01  8.56061195e-01  8.84276325e-01  9.38190209e-02  8.99925677e-01  4.37953601e-01 
 9.76651264e-02  8.87760400e-01  8.56257991e-01  8.84305752e-01  9.38208656e-02  8.99925677e-01  4.37901797e-01 
 9.77651264e-02  8.87781688e-01  8.56452487e-01  8.84335104e-01  9.38227130e-02  8.99925677e-01  4.37849994e-01 
 9.78651264e-02  8.87802929e-01  8.56644735e-01  8.84364381e-01  9.38245630e-02  8.99925677e-01  4.37798192e-01 
 9.79651264e-02  8.87824124e-01  8.56834783e-01  8.84393584e-01  9.38264157e-02  8.99925677e-01  4.37746390e-01 
 9.80651264e-02  8.87845273e-01  8.57022678e-01  8.84422714e-01  9.38282710e-02  8.99925677e-01  4.37694590e-01 
 9.81651264e-02  8.87866376e-01  8.57208465e-01  8.84451769e-01  9.38301289e-02  8.99925677e-01  4.37642790e-01 
 9.82651264e-02  8.87887433e-01  8.57392190e-01  8.84480751e-01  9.38319895e-02  8.99925677e-01  4.37590991e-01 
 9.83651264e-02  8.87908445e-01  8.57573895e-01  8.84509661e-01  9.38338528e-02  8.99925677e-01  4.37539192e-01 
 9.84651264e-02  8.87929411e-01  8.57753622e-01  8.84538497e-01  9.38357187e-02  8.99925677e-01  4.37487395e-01 
 9.85651264e-02  8.87950331e-01  8.57931410e-01  8.84567261e-01  9.38375873e-02  8.99925677e-01  4.37435598e-01 
 9.86651264e-02  8.87971207e-01  8.58107301e-01  8.84595953e-01  9.38394586e-02  8.99925677e-01  4.37383802e-01 
 9.87651264e-02  8.87992037e-01  8.58281331e-01  8.84624573e-01  9.38413326e-02  8.99925677e-01  4.37332007e-01 
 9.88651264e-02  8.88012822e-01  8.58453538e-01  8.84653121e-01  9.38432092e-02  8.99925677e-01  4.37280212e-01 
 9.89651264e-02  8.88033562e-01  8.58623957e-01  8.84681598e-01  9.38450885e-02  8.99925677e-01  4.37228418e-01 
 9.90651264e-02  8.88054258e-01  8.58792624e-01  8.84710004e-01  9.38469705e-02  8.99925677e-01  4.37176625e-01 
 9.91651264e-02  8.88074909e-01  8.58959572e-01  8.84738339e-01  9.38488552e-02  8.99925677e-01  4.37124833e-01 
 9.92651264e-02  8.88095516e-01  8.59124834e-01  8.84766604e-01  9.38507426e-02  8.99925677e-01  4.37073041e-01 
 9.93651264e-02  8.88116079e-01  8.59288444e-01  8.84794798e-01  9.38526327e-02  8.99925677e-01  4.37021251e-01 
 9.94651264e-02  8.88136597e-01  8.59450430e-01  8.84822922e-01  9.38545255e-02  8.99925677e-01  4.36969461e-01 
 9.95651264e-02  8.88157071e-01  8.59610825e-01  8.84850977e-01  9.38564210e-02  8.99925677e-01  4.36917671e-01 
 9.96651264e-02  8.88177502e-01  8.59769658e-01  8.84878962e-01  9.38583192e-02  8.99925677e-01  4.36865883e-01 
 9.97651264e-02  8.88197888e-01  8.59926957e-01  8.84906878e-01  9.38602201e-02  8.99925677e-01  4.36814095e-01 
 9.98651264e-02  8.88218232e-01  8.60082750e-01  8.84934724e-01  9.38621238e-02  8.99925677e-01  4.36762308e-01 
 9.99651264e-02  8.88238531e-01  8.60237064e-01  8.84962503e-01  9.38640302e-02  8.99925677e-01  4.36710521e-01 
 1.00065126e-01  8.88258787e-01  8.60389927e-01  8.84990212e-01  9.38659393e-02  8.99925677e-01  4.36658735e-01 
 1.00165126e-01  8.88279001e-01  8.60541363e-01  8.85017854e-01  9.38678511e-02  8.99925677e-01  4.36606950e-01 
 1.00265126e-01  8.88299170e-01  8.60691398e-01  8.85045428e-01  9.38697657e-02  8.99925677e-01  4.36555166e-01 
 1.00365126e-01  8.88319297e-01  8.60840057e-01  8.85072934e-01  9.38716830e-02  8.99925677e-01  4.36503382e-01 
 1.00465126e-01  8.88339382e-01  8.60987363e-01  8.85100372e-01  9.38736031e-02  8.99925677e-01  4.36451600e-01 
 1.00565126e-01  8.88359423e-01  8.61133339e-01  8.85127744e-01  9.38755259e-02  8.99925677e-01  4.36399817e-01 
 1.00665126e-01  8.88379422e-01  8.61278009e-01  8.85155049e-01  9.38774515e-02  8.99925677e-01  4.36348036e-01 
 1.00765126e-01  8.88399378e-01  8.61421394e-01  8.85182286e-01  9.38793798e-02  8.99925677e-01  4.36296255e-01 
 1.00865126e-01  8.88419293e-01  8.61563517e-01  8.85209458e-01  9.38813109e-02  8.99925677e-01  4.36244475e-01 
 1.00965126e-01  8.88439164e-01  8.61704397e-01  8.85236563e-01  9.38832448e-02  8.99925677e-01  4.36192696e-01 
 1.01065126e-01  8.88458994e-01  8.61844056e-01  8.85263603e-01  9.38851814e-02  8.99925677e-01  4.36140917e-01 
 1.01165126e-01  8.88478782e-01  8.61982514e-01  8.85290577e-01  9.38871208e-02  8.99925677e-01  4.36089139e-01 
 1.01265126e-01  8.88498528e-01  8.62119790e-01  8.85317485e-01  9.38890630e-02  8.99925677e-01  4.36037362e-01 
 1.01365126e-01  8.88518233e-01  8.62255903e-01  8.85344328e-01  9.38910080e-02  8.99925677e-01  4.35985585e-01 
 1.01465126e-01  8.88537896e-01  8.62390872e-01  8.85371106e-01  9.38929558e-02  8.99925677e-01  4.35933809e-01 
 1.01565126e-01  8.88557517e-01  8.62524715e-01  8.85397820e-01  9.38949063e-02  8.99925677e-01  4.35882034e-01 
 1.01665126e-01  8.88577097e-01  8.62657451e-01  8.85424469e-01  9.38968597e-02  8.99925677e-01  4.35830259e-01 
 1.01765126e-01  8.88596636e-01  8.62789095e-01  8.85451053e-01  9.38988158e-02  8.99925677e-01  4.35778485e-01 
 1.01865126e-01  8.88616133e-01  8.62919667e-01  8.85477574e-01  9.39007748e-02  8.99925677e-01  4.35726712e-01 
 1.01965126e-01  8.88635590e-01  8.63049181e-01  8.85504031e-01  9.39027366e-02  8.99925677e-01  4.35674940e-01 
 1.02065126e-01  8.88655006e-01  8.63177654e-01  8.85530425e-01  9.39047012e-02  8.99925677e-01  4.35623168e-01 
 1.02165126e-01  8.88674381e-01  8.63305102e-01  8.85556755e-01  9.39066686e-02  8.99925677e-01  4.35571397e-01 
 1.02265126e-01  8.88693716e-01  8.63431541e-01  8.85583022e-01  9.39086388e-02  8.99925677e-01  4.35519626e-01 
 1.02365126e-01  8.88713010e-01  8.63556985e-01  8.85609226e-01  9.39106118e-02  8.99925677e-01  4.35467856e-01 
 1.02465126e-01  8.88732264e-01  8.63681450e-01  8.85635367e-01  9.39125877e-02  8.99925677e-01  4.35416087e-01 
 1.02565126e-01  8.88751477e-01  8.63804949e-01  8.85661446e-01  9.39145664e-02  8.99925677e-01  4.35364319e-01 
 1.02665126e-01  8.88770650e-01  8.63927498e-01  8.85687463e-01  9.39165480e-02  8.99925677e-01  4.35312551e-01 
 1.02765126e-01  8.88789784e-01  8.64049110e-01  8.85713418e-01  9.39185324e-02  8.99925677e-01  4.35260784e-01 
 1.02865126e-01  8.88808877e-01  8.64169799e-01  8.85739311e-01  9.39205196e-02  8.99925677e-01  4.35209018e-01 
 1.02965126e-01  8.88827931e-01  8.64289577e-01  8.85765143e-01  9.39225097e-02  8.99925677e-01  4.35157252e-01 
 1.03065126e-01  8.88846944e-01  8.64408459e-01  8.85790913e-01  9.39245027e-02  8.99925677e-01  4.35105487e-01 
 1.03165126e-01  8.88865919e-01  8.64526455e-01  8.85816622e-01  9.39264985e-02  8.99925677e-01  4.35053722e-01 
 1.03265126e-01  8.88884854e-01  8.64643581e-01  8.85842270e-01  9.39284972e-02  8.99925677e-01  4.35001958e-01 
 1.03365126e-01  8.88903749e-01  8.64759846e-01  8.85867858e-01  9.39304988e-02  8.99925677e-01  4.34950195e-01 
 1.03465126e-01  8.88922606e-01  8.64875263e-01  8.85893385e-01  9.39325032e-02  8.99925677e-01  4.34898433e-01 
 1.03565126e-01  8.88941423e-01  8.64989845e-01  8.85918852e-01  9.39345105e-02  8.99925677e-01  4.34846671e-01 
 1.03665126e-01  8.88960201e-01  8.65103602e-01  8.85944259e-01  9.39365207e-02  8.99925677e-01  4.34794910e-01 
 1.03765126e-01  8.88978940e-01  8.65216545e-01  8.85969606e-01  9.39385338e-02  8.99925677e-01  4.34743149e-01 
 1.03865126e-01  8.88997641e-01  8.65328687e-01  8.85994894e-01  9.39405497e-02  8.99925677e-01  4.34691390e-01 
 1.03965126e-01  8.89016303e-01  8.65440036e-01  8.86020122e-01  9.39425686e-02  8.99925677e-01  4.34639630e-01 
 1.04065126e-01  8.89034926e-01  8.65550605e-01  8.86045291e-01  9.39445904e-02  8.99925677e-01  4.34587872e-01 
 1.04165126e-01  8.89053511e-01  8.65660404e-01  8.86070401e-01  9.39466150e-02  8.99925677e-01  4.34536114e-01 
 1.04265126e-01  8.89072057e-01  8.65769441e-01  8.86095452e-01  9.39486426e-02  8.99925677e-01  4.34484357e-01 
 1.04365126e-01  8.89090566e-01  8.65877729e-01  8.86120444e-01  9.39506731e-02  8.99925677e-01  4.34432600e-01 
 1.04465126e-01  8.89109036e-01  8.65985275e-01  8.86145379e-01  9.39527065e-02  8.99925677e-01  4.34380844e-01 
 1.04565126e-01  8.89127468e-01  8.66092091e-01  8.86170255e-01  9.39547428e-02  8.99925677e-01  4.34329089e-01 
 1.04665126e-01  8.89145862e-01  8.66198185e-01  8.86195073e-01  9.39567821e-02  8.99925677e-01  4.34277335e-01 
 1.04765126e-01  8.89164219e-01  8.66303566e-01  8.86219833e-01  9.39588243e-02  8.99925677e-01  4.34225581e-01 
 1.04865126e-01  8.89182537e-01  8.66408244e-01  8.86244536e-01  9.39608694e-02  8.99925677e-01  4.34173827e-01 
 1.04965126e-01  8.89200818e-01  8.66512228e-01  8.86269181e-01  9.39629174e-02  8.99925677e-01  4.34122075e-01 
 1.05065126e-01  8.89219062e-01  8.66615525e-01  8.86293769e-01  9.39649685e-02  8.99925677e-01  4.34070323e-01 
 1.05165126e-01  8.89237268e-01  8.66718146e-01  8.86318300e-01  9.39670224e-02  8.99925677e-01  4.34018572e-01 
 1.05265126e-01  8.89255437e-01  8.66820097e-01  8.86342775e-01  9.39690793e-02  8.99925677e-01  4.33966821e-01 
 1.05365126e-01  8.89273569e-01  8.66921388e-01  8.86367192e-01  9.39711392e-02  8.99925677e-01  4.33915071e-01 
 1.05465126e-01  8.89291664e-01  8.67022026e-01  8.86391554e-01  9.39732020e-02  8.99925677e-01  4.33863321e-01 
 1.05565126e-01  8.89309722e-01  8.67122020e-01  8.86415859e-01  9.39752678e-02  8.99925677e-01  4.33811573e-01 
 1.05665126e-01  8.89327743e-01  8.67221376e-01  8.86440108e-01  9.39773366e-02  8.99925677e-01  4.33759825e-01 
 1.05765126e-01  8.89345727e-01  8.67320104e-01  8.86464301e-01  9.39794083e-02  8.99925677e-01  4.33708077e-01 
 1.05865126e-01  8.89363675e-01  8.67418210e-01  8.86488439e-01  9.39814830e-02  8.99925677e-01  4.33656330e-01 
 1.05965126e-01  8.89381586e-01  8.67515701e-01  8.86512521e-01  9.39835607e-02  8.99925677e-01  4.33604584e-01 
 1.06065126e-01  8.89399460e-01  8.67612586e-01  8.86536548e-01  9.39856414e-02  8.99925677e-01  4.33552839e-01 
 1.06165126e-01  8.89417298e-01  8.67708870e-01  8.86560520e-01  9.39877251e-02  8.99925677e-01  4.33501094e-01 
 1.06265126e-01  8.89435100e-01  8.67804562e-01  8.86584437e-01  9.39898118e-02  8.99925677e-01  4.33449350e-01 
 1.06365126e-01  8.89452866e-01  8.67899668e-01  8.86608299e-01  9.39919015e-02  8.99925677e-01  4.33397606e-01 
 1.06465126e-01  8.89470596e-01  8.67994194e-01  8.86632107e-01  9.39939942e-02  8.99925677e-01  4.33345863e-01 
 1.06565126e-01  8.89488290e-01  8.68088148e-01  8.86655860e-01  9.39960899e-02  8.99925677e-01  4.33294121e-01 
 1.06665126e-01  8.89505947e-01  8.68181535e-01  8.86679559e-01  9.39981886e-02  8.99925677e-01  4.33242379e-01 
 1.06765126e-01  8.89523570e-01  8.68274363e-01  8.86703205e-01  9.40002903e-02  8.99925677e-01  4.33190638e-01 
 1.06865126e-01  8.89541156e-01  8.68366638e-01  8.86726796e-01  9.40023951e-02  8.99925677e-01  4.33138898e-01 
 1.06965126e-01  8.89558707e-01  8.68458365e-01  8.86750334e-01  9.40045029e-02  8.99925677e-01  4.33087158e-01 
 1.07065126e-01  8.89576223e-01  8.68549552e-01  8.86773818e-01  9.40066137e-02  8.99925677e-01  4.33035419e-01 
 1.07165126e-01  8.89593703e-01  8.68640203e-01  8.86797249e-01  9.40087276e-02  8.99925677e-01  4.32983681e-01 
 1.07265126e-01  8.89611148e-01  8.68730325e-01  8.86820627e-01  9.40108445e-02  8.99925677e-01  4.32931943e-01 
 1.07365126e-01  8.89628557e-01  8.68819924e-01  8.86843952e-01  9.40129645e-02  8.99925677e-01  4.32880206e-01 
 1.07465126e-01  8.89645932e-01  8.68909005e-01  8.86867224e-01  9.40150875e-02  8.99925677e-01  4.32828469e-01 
 1.07565126e-01  8.89663272e-01  8.68997574e-01  8.86890444e-01  9.40172136e-02  8.99925677e-01  4.32776734e-01 
 1.07665126e-01  8.89680576e-01  8.69085637e-01  8.86913611e-01  9.40193427e-02  8.99925677e-01  4.32724998e-01 
 1.07765126e-01  8.89697846e-01  8.69173198e-01  8.86936726e-01  9.40214749e-02  8.99925677e-01  4.32673264e-01 
 1.07865126e-01  8.89715081e-01  8.69260264e-01  8.86959789e-01  9.40236102e-02  8.99925677e-01  4.32621530e-01 
 1.07965126e-01  8.89732282e-01  8.69346839e-01  8.86982800e-01  9.40257485e-02  8.99925677e-01  4.32569797e-01 
 1.08065126e-01  8.89749448e-01  8.69432929e-01  8.87005759e-01  9.40278899e-02  8.99925677e-01  4.32518064e-01 
 1.08165126e-01  8.89766580e-01  8.69518539e-01  8.87028667e-01  9.40300344e-02  8.99925677e-01  4.32466332e-01 
 1.08265126e-01  8.89783677e-01  8.69603673e-01  8.87051523e-01  9.40321820e-02  8.99925677e-01  4.32414600e-01 
 1.08365126e-01  8.89800741e-01  8.69688337e-01  8.87074329e-01  9.40343327e-02  8.99925677e-01  4.32362870e-01 
 1.08465126e-01  8.89817770e-01  8.69772536e-01  8.87097083e-01  9.40364865e-02  8.99925677e-01  4.32311140e-01 
 1.08565126e-01  8.89834765e-01  8.69856274e-01  8.87119786e-01  9.40386434e-02  8.99925677e-01  4.32259410e-01 
 1.08665126e-01  8.89851726e-01  8.69939557e-01  8.87142438e-01  9.40408034e-02  8.99925677e-01  4.32207681e-01 
 1.08765126e-01  8.89868653e-01  8.70022388e-01  8.87165040e-01  9.40429666e-02  8.99925677e-01  4.32155953e-01 
 1.08865126e-01  8.89885546e-01  8.70104772e-01  8.87187592e-01  9.40451328e-02  8.99925677e-01  4.32104225e-01 
 1.08965126e-01  8.89902406e-01  8.70186714e-01  8.87210093e-01  9.40473022e-02  8.99925677e-01  4.32052498e-01 
 1.09065126e-01  8.89919232e-01  8.70268218e-01  8.87232544e-01  9.40494746e-02  8.99925677e-01  4.32000772e-01 
 1.09165126e-01  8.89936025e-01  8.70349289e-01  8.87254945e-01  9.40516503e-02  8.99925677e-01  4.31949046e-01 
 1.09265126e-01  8.89952784e-01  8.70429931e-01  8.87277297e-01  9.40538290e-02  8.99925677e-01  4.31897321e-01 
 1.09365126e-01  8.89969510e-01  8.70510148e-01  8.87299599e-01  9.40560109e-02  8.99925677e-01  4.31845597e-01 
 1.09465126e-01  8.89986202e-01  8.70589944e-01  8.87321851e-01  9.40581960e-02  8.99925677e-01  4.31793873e-01 
 1.09565126e-01  8.90002862e-01  8.70669324e-01  8.87344054e-01  9.40603842e-02  8.99925677e-01  4.31742150e-01 
 1.09665126e-01  8.90019488e-01  8.70748291e-01  8.87366209e-01  9.40625755e-02  8.99925677e-01  4.31690428e-01 
 1.09765126e-01  8.90036082e-01  8.70826849e-01  8.87388314e-01  9.40647700e-02  8.99925677e-01  4.31638706e-01 
 1.09865126e-01  8.90052642e-01  8.70905003e-01  8.87410370e-01  9.40669677e-02  8.99925677e-01  4.31586985e-01 
 1.09965126e-01  8.90069170e-01  8.70982756e-01  8.87432377e-01  9.40691685e-02  8.99925677e-01  4.31535264e-01 
 1.10065126e-01  8.90085665e-01  8.71060112e-01  8.87454336e-01  9.40713726e-02  8.99925677e-01  4.31483544e-01 
 1.10165126e-01  8.90102127e-01  8.71137075e-01  8.87476247e-01  9.40735798e-02  8.99925677e-01  4.31431825e-01 
 1.10265126e-01  8.90118557e-01  8.71213648e-01  8.87498110e-01  9.40757901e-02  8.99925677e-01  4.31380106e-01 
 1.10365126e-01  8.90134955e-01  8.71289836e-01  8.87519924e-01  9.40780037e-02  8.99925677e-01  4.31328388e-01 
 1.10465126e-01  8.90151320e-01  8.71365641e-01  8.87541691e-01  9.40802205e-02  8.99925677e-01  4.31276670e-01 
 1.10565126e-01  8.90167652e-01  8.71441068e-01  8.87563409e-01  9.40824405e-02  8.99925677e-01  4.31224954e-01 
 1.10665126e-01  8.90183953e-01  8.71516119e-01  8.87585081e-01  9.40846636e-02  8.99925677e-01  4.31173237e-01 
 1.10765126e-01  8.90200221e-01  8.71590799e-01  8.87606704e-01  9.40868900e-02  8.99925677e-01  4.31121522e-01 
 1.10865126e-01  8.90216458e-01  8.71665110e-01  8.87628281e-01  9.40891196e-02  8.99925677e-01  4.31069807e-01 
 1.10965126e-01  8.90232662e-01  8.71739057e-01  8.87649810e-01  9.40913524e-02  8.99925677e-01  4.31018093e-01 
 1.11065126e-01  8.90248835e-01  8.71812642e-01  8.87671292e-01  9.40935884e-02  8.99925677e-01  4.30966379e-01 
 1.11165126e-01  8.90264976e-01  8.71885868e-01  8.87692728e-01  9.40958277e-02  8.99925677e-01  4.30914666e-01 
 1.11265126e-01  8.90281085e-01  8.71958740e-01  8.87714116e-01  9.40980702e-02  8.99925677e-01  4.30862954e-01 
 1.11365126e-01  8.90297162e-01  8.72031259e-01  8.87735458e-01  9.41003159e-02  8.99925677e-01  4.30811242e-01 
 1.11465126e-01  8.90313208e-01  8.72103430e-01  8.87756754e-01  9.41025649e-02  8.99925677e-01  4.30759531e-01 
 1.11565126e-01  8.90329223e-01  8.72175255e-01  8.87778003e-01  9.41048171e-02  8.99925677e-01  4.30707820e-01 
 1.11665126e-01  8.90345206e-01  8.72246737e-01  8.87799207e-01  9.41070726e-02  8.99925677e-01  4.30656110e-01 
 1.11765126e-01  8.90361158e-01  8.72317880e-01  8.87820364e-01  9.41093313e-02  8.99925677e-01  4.30604401e-01 
 1.11865126e-01  8.90377078e-01  8.72388685e-01  8.87841475e-01  9.41115933e-02  8.99925677e-01  4.30552692e-01 
 1.11965126e-01  8.90392968e-01  8.72459158e-01  8.87862541e-01  9.41138586e-02  8.99925677e-01  4.30500984e-01 
 1.12065126e-01  8.90408826e-01  8.72529299e-01  8.87883561e-01  9.41161271e-02  8.99925677e-01  4.30449277e-01 
 1.12165126e-01  8.90424654e-01  8.72599112e-01  8.87904535e-01  9.41183989e-02  8.99925677e-01  4.30397570e-01 
 1.12265126e-01  8.90440451e-01  8.72668600e-01  8.87925465e-01  9.41206740e-02  8.99925677e-01  4.30345864e-01 
 1.12365126e-01  8.90456216e-01  8.72737766e-01  8.87946349e-01  9.41229524e-02  8.99925677e-01  4.30294159e-01 
 1.12465126e-01  8.90471952e-01  8.72806612e-01  8.87967188e-01  9.41252341e-02  8.99925677e-01  4.30242454e-01 
 1.12565126e-01  8.90487656e-01  8.72875141e-01  8.87987982e-01  9.41275191e-02  8.99925677e-01  4.30190750e-01 
 1.12665126e-01  8.90503330e-01  8.72943355e-01  8.88008732e-01  9.41298073e-02  8.99925677e-01  4.30139046e-01 
 1.12765126e-01  8.90518973e-01  8.73011258e-01  8.88029436e-01  9.41320989e-02  8.99925677e-01  4.30087343e-01 
 1.12865126e-01  8.90534586e-01  8.73078852e-01  8.88050097e-01  9.41343938e-02  8.99925677e-01  4.30035641e-01 
 1.12965126e-01  8.90550169e-01  8.73146140e-01  8.88070713e-01  9.41366920e-02  8.99925677e-01  4.29983939e-01 
 1.13065126e-01  8.90565721e-01  8.73213124e-01  8.88091284e-01  9.41389935e-02  8.99925677e-01  4.29932238e-01 
 1.13165126e-01  8.90581243e-01  8.73279806e-01  8.88111812e-01  9.41412984e-02  8.99925677e-01  4.29880538e-01 
 1.13265126e-01  8.90596735e-01  8.73346189e-01  8.88132296e-01  9.41436066e-02  8.99925677e-01  4.29828838e-01 
 1.13365126e-01  8.90612197e-01  8.73412276e-01  8.88152736e-01  9.41459181e-02  8.99925677e-01  4.29777139e-01 
 1.13465126e-01  8.90627630e-01  8.73478069e-01  8.88173132e-01  9.41482330e-02  8.99925677e-01  4.29725440e-01 
 1.13565126e-01  8.90643032e-01  8.73543570e-01  8.88193485e-01  9.41505512e-02  8.99925677e-01  4.29673742e-01 
 1.13665126e-01  8.90658404e-01  8.73608781e-01  8.88213794e-01  9.41528728e-02  8.99925677e-01  4.29622045e-01 
 1.13765126e-01  8.90673747e-01  8.73673706e-01  8.88234060e-01  9.41551977e-02  8.99925677e-01  4.29570348e-01 
 1.13865126e-01  8.90689060e-01  8.73738346e-01  8.88254283e-01  9.41575260e-02  8.99925677e-01  4.29518652e-01 
 1.13965126e-01  8.90704344e-01  8.73802704e-01  8.88274462e-01  9.41598577e-02  8.99925677e-01  4.29466957e-01 
 1.14065126e-01  8.90719597e-01  8.73866781e-01  8.88294599e-01  9.41621927e-02  8.99925677e-01  4.29415262e-01 
 1.14165126e-01  8.90734822e-01  8.73930581e-01  8.88314693e-01  9.41645311e-02  8.99925677e-01  4.29363568e-01 
 1.14265126e-01  8.90750017e-01  8.73994104e-01  8.88334745e-01  9.41668729e-02  8.99925677e-01  4.29311874e-01 
 1.14365126e-01  8.90765183e-01  8.74057354e-01  8.88354753e-01  9.41692181e-02  8.99925677e-01  4.29260181e-01 
 1.14465126e-01  8.90780320e-01  8.74120333e-01  8.88374720e-01  9.41715667e-02  8.99925677e-01  4.29208489e-01 
 1.14565126e-01  8.90795428e-01  8.74183042e-01  8.88394644e-01  9.41739186e-02  8.99925677e-01  4.29156797e-01 
 1.14665126e-01  8.90810506e-01  8.74245484e-01  8.88414526e-01  9.41762740e-02  8.99925677e-01  4.29105106e-01 
 1.14765126e-01  8.90825556e-01  8.74307661e-01  8.88434366e-01  9.41786328e-02  8.99925677e-01  4.29053416e-01 
 1.14865126e-01  8.90840576e-01  8.74369575e-01  8.88454164e-01  9.41809950e-02  8.99925677e-01  4.29001726e-01 
 1.14965126e-01  8.90855568e-01  8.74431227e-01  8.88473921e-01  9.41833606e-02  8.99925677e-01  4.28950037e-01 
 1.15065126e-01  8.90870531e-01  8.74492620e-01  8.88493635e-01  9.41857297e-02  8.99925677e-01  4.28898348e-01 
 1.15165126e-01  8.90885466e-01  8.74553756e-01  8.88513308e-01  9.41881022e-02  8.99925677e-01  4.28846660e-01 
 1.15265126e-01  8.90900371e-01  8.74614637e-01  8.88532940e-01  9.41904781e-02  8.99925677e-01  4.28794973e-01 
 1.15365126e-01  8.90915248e-01  8.74675265e-01  8.88552531e-01  9.41928574e-02  8.99925677e-01  4.28743286e-01 
 1.15465126e-01  8.90930097e-01  8.74735641e-01  8.88572080e-01  9.41952402e-02  8.99925677e-01  4.28691600e-01 
 1.15565126e-01  8.90944917e-01  8.74795767e-01  8.88591588e-01  9.41976265e-02  8.99925677e-01  4.28639915e-01 
 1.15665126e-01  8.90959709e-01  8.74855646e-01  8.88611055e-01  9.42000162e-02  8.99925677e-01  4.28588230e-01 
 1.15765126e-01  8.90974473e-01  8.74915279e-01  8.88630482e-01  9.42024093e-02  8.99925677e-01  4.28536546e-01 
 1.15865126e-01  8.90989209e-01  8.74974668e-01  8.88649867e-01  9.42048060e-02  8.99925677e-01  4.28484862e-01 
 1.15965126e-01  8.91003916e-01  8.75033815e-01  8.88669213e-01  9.42072061e-02  8.99925677e-01  4.28433180e-01 
 1.16065126e-01  8.91018595e-01  8.75092721e-01  8.88688517e-01  9.42096097e-02  8.99925677e-01  4.28381497e-01 
 1.16165126e-01  8.91033247e-01  8.75151388e-01  8.88707782e-01  9.42120167e-02  8.99925677e-01  4.28329816e-01 
 1.16265126e-01  8.91047870e-01  8.75209819e-01  8.88727006e-01  9.42144273e-02  8.99925677e-01  4.28278135e-01 
 1.16365126e-01  8.91062466e-01  8.75268014e-01  8.88746190e-01  9.42168413e-02  8.99925677e-01  4.28226454e-01 
 1.16465126e-01  8.91077033e-01  8.75325976e-01  8.88765334e-01  9.42192589e-02  8.99925677e-01  4.28174774e-01 
 1.16565126e-01  8.91091573e-01  8.75383706e-01  8.88784438e-01  9.42216799e-02  8.99925677e-01  4.28123095e-01 
 1.16665126e-01  8.91106086e-01  8.75441205e-01  8.88803503e-01  9.42241045e-02  8.99925677e-01  4.28071417e-01 
 1.16765126e-01  8.91120571e-01  8.75498476e-01  8.88822527e-01  9.42265325e-02  8.99925677e-01  4.28019739e-01 
 1.16865126e-01  8.91135028e-01  8.75555520e-01  8.88841512e-01  9.42289641e-02  8.99925677e-01  4.27968062e-01 
 1.16965126e-01  8.91149458e-01  8.75612339e-01  8.88860458e-01  9.42313992e-02  8.99925677e-01  4.27916385e-01 
 1.17065126e-01  8.91163861e-01  8.75668934e-01  8.88879365e-01  9.42338379e-02  8.99925677e-01  4.27864709e-01 
 1.17165126e-01  8.91178236e-01  8.75725307e-01  8.88898232e-01  9.42362800e-02  8.99925677e-01  4.27813033e-01 
 1.17265126e-01  8.91192584e-01  8.75781459e-01  8.88917060e-01  9.42387258e-02  8.99925677e-01  4.27761359e-01 
 1.17365126e-01  8.91206905e-01  8.75837392e-01  8.88935849e-01  9.42411750e-02  8.99925677e-01  4.27709684e-01 
 1.17465126e-01  8.91221198e-01  8.75893107e-01  8.88954600e-01  9.42436279e-02  8.99925677e-01  4.27658011e-01 
 1.17565126e-01  8.91235465e-01  8.75948607e-01  8.88973311e-01  9.42460842e-02  8.99925677e-01  4.27606338e-01 
 1.17665126e-01  8.91249705e-01  8.76003891e-01  8.88991984e-01  9.42485442e-02  8.99925677e-01  4.27554666e-01 
 1.17765126e-01  8.91263917e-01  8.76058963e-01  8.89010619e-01  9.42510077e-02  8.99925677e-01  4.27502994e-01 
 1.17865126e-01  8.91278103e-01  8.76113823e-01  8.89029215e-01  9.42534748e-02  8.99925677e-01  4.27451323e-01 
 1.17965126e-01  8.91292262e-01  8.76168473e-01  8.89047773e-01  9.42559454e-02  8.99925677e-01  4.27399653e-01 
 1.18065126e-01  8.91306395e-01  8.76222914e-01  8.89066292e-01  9.42584197e-02  8.99925677e-01  4.27347983e-01 
 1.18165126e-01  8.91320501e-01  8.76277148e-01  8.89084773e-01  9.42608975e-02  8.99925677e-01  4.27296314e-01 
 1.18265126e-01  8.91334580e-01  8.76331176e-01  8.89103217e-01  9.42633789e-02  8.99925677e-01  4.27244645e-01 
 1.18365126e-01  8.91348633e-01  8.76384999e-01  8.89121622e-01  9.42658640e-02  8.99925677e-01  4.27192977e-01 
 1.18465126e-01  8.91362659e-01  8.76438619e-01  8.89139990e-01  9.42683526e-02  8.99925677e-01  4.27141310e-01 
 1.18565126e-01  8.91376659e-01  8.76492037e-01  8.89158320e-01  9.42708449e-02  8.99925677e-01  4.27089643e-01 
 1.18665126e-01  8.91390632e-01  8.76545255e-01  8.89176613e-01  9.42733407e-02  8.99925677e-01  4.27037977e-01 
 1.18765126e-01  8.91404580e-01  8.76598273e-01  8.89194868e-01  9.42758402e-02  8.99925677e-01  4.26986312e-01 
 1.18865126e-01  8.91418501e-01  8.76651094e-01  8.89213085e-01  9.42783433e-02  8.99925677e-01  4.26934647e-01 
 1.18965126e-01  8.91432396e-01  8.76703718e-01  8.89231266e-01  9.42808501e-02  8.99925677e-01  4.26882983e-01 
 1.19065126e-01  8.91446264e-01  8.76756147e-01  8.89249409e-01  9.42833605e-02  8.99925677e-01  4.26831319e-01 
 1.19165126e-01  8.91460107e-01  8.76808381e-01  8.89267515e-01  9.42858745e-02  8.99925677e-01  4.26779656e-01 
 1.19265126e-01  8.91473924e-01  8.76860423e-01  8.89285584e-01  9.42883922e-02  8.99925677e-01  4.26727994e-01 
 1.19365126e-01  8.91487715e-01  8.76912274e-01  8.89303617e-01  9.42909136e-02  8.99925677e-01  4.26676332e-01 
 1.19465126e-01  8.91501480e-01  8.76963934e-01  8.89321612e-01  9.42934386e-02  8.99925677e-01  4.26624671e-01 
 1.19565126e-01  8.91515220e-01  8.77015406e-01  8.89339572e-01  9.42959672e-02  8.99925677e-01  4.26573011e-01 
 1.19665126e-01  8.91528934e-01  8.77066689e-01  8.89357494e-01  9.42984996e-02  8.99925677e-01  4.26521351e-01 
 1.19765126e-01  8.91542622e-01  8.77117786e-01  8.89375380e-01  9.43010356e-02  8.99925677e-01  4.26469692e-01 
 1.19865126e-01  8.91556284e-01  8.77168697e-01  8.89393230e-01  9.43035753e-02  8.99925677e-01  4.26418033e-01 
 1.19965126e-01  8.91569921e-01  8.77219425e-01  8.89411043e-01  9.43061187e-02  8.99925677e-01  4.26366375e-01 
 1.20065126e-01  8.91583533e-01  8.77269969e-01  8.89428821e-01  9.43086658e-02  8.99925677e-01  4.26314718e-01 
 1.20165126e-01  8.91597119e-01  8.77320331e-01  8.89446562e-01  9.43112166e-02  8.99925677e-01  4.26263061e-01 
 1.20265126e-01  8.91610680e-01  8.77370513e-01  8.89464268e-01  9.43137711e-02  8.99925677e-01  4.26211405e-01 
 1.20365126e-01  8.91624215e-01  8.77420515e-01  8.89481937e-01  9.43163294e-02  8.99925677e-01  4.26159750e-01 
 1.20465126e-01  8.91637726e-01  8.77470338e-01  8.89499571e-01  9.43188913e-02  8.99925677e-01  4.26108095e-01 
 1.20565126e-01  8.91651211e-01  8.77519984e-01  8.89517169e-01  9.43214570e-02  8.99925677e-01  4.26056441e-01 
 1.20665126e-01  8.91664671e-01  8.77569454e-01  8.89534732e-01  9.43240264e-02  8.99925677e-01  4.26004787e-01 
 1.20765126e-01  8.91678106e-01  8.77618748e-01  8.89552259e-01  9.43265995e-02  8.99925677e-01  4.25953134e-01 
 1.20865126e-01  8.91691516e-01  8.77667868e-01  8.89569751e-01  9.43291764e-02  8.99925677e-01  4.25901482e-01 
 1.20965126e-01  8.91704901e-01  8.77716816e-01  8.89587207e-01  9.43317570e-02  8.99925677e-01  4.25849830e-01 
 1.21065126e-01  8.91718261e-01  8.77765591e-01  8.89604629e-01  9.43343414e-02  8.99925677e-01  4.25798179e-01 
 1.21165126e-01  8.91731597e-01  8.77814195e-01  8.89622015e-01  9.43369295e-02  8.99925677e-01  4.25746528e-01 
 1.21265126e-01  8.91744908e-01  8.77862630e-01  8.89639367e-01  9.43395214e-02  8.99925677e-01  4.25694878e-01 
 1.21365126e-01  8.91758194e-01  8.77910895e-01  8.89656683e-01  9.43421170e-02  8.99925677e-01  4.25643229e-01 
 1.21465126e-01  8.91771455e-01  8.77958993e-01  8.89673965e-01  9.43447165e-02  8.99925677e-01  4.25591581e-01 
 1.21565126e-01  8.91784692e-01  8.78006924e-01  8.89691212e-01  9.43473197e-02  8.99925677e-01  4.25539933e-01 
 1.21665126e-01  8.91797904e-01  8.78054689e-01  8.89708425e-01  9.43499267e-02  8.99925677e-01  4.25488285e-01 
 1.21765126e-01  8.91811092e-01  8.78102289e-01  8.89725603e-01  9.43525375e-02  8.99925677e-01  4.25436639e-01 
 1.21865126e-01  8.91824256e-01  8.78149725e-01  8.89742746e-01  9.43551521e-02  8.99925677e-01  4.25384992e-01 
 1.21965126e-01  8.91837395e-01  8.78196999e-01  8.89759856e-01  9.43577705e-02  8.99925677e-01  4.25333347e-01 
 1.22065126e-01  8.91850510e-01  8.78244110e-01  8.89776931e-01  9.43603927e-02  8.99925677e-01  4.25281702e-01 
 1.22165126e-01  8.91863601e-01  8.78291060e-01  8.89793972e-01  9.43630188e-02  8.99925677e-01  4.25230058e-01 
 1.22265126e-01  8.91876667e-01  8.78337851e-01  8.89810978e-01  9.43656486e-02  8.99925677e-01  4.25178414e-01 
 1.22365126e-01  8.91889710e-01  8.78384482e-01  8.89827951e-01  9.43682823e-02  8.99925677e-01  4.25126771e-01 
 1.22465126e-01  8.91902728e-01  8.78430956e-01  8.89844891e-01  9.43709198e-02  8.99925677e-01  4.25075129e-01 
 1.22565126e-01  8.91915722e-01  8.78477272e-01  8.89861796e-01  9.43735612e-02  8.99925677e-01  4.25023487e-01 
 1.22665126e-01  8.91928693e-01  8.78523431e-01  8.89878668e-01  9.43762064e-02  8.99925677e-01  4.24971846e-01 
 1.22765126e-01  8.91941639e-01  8.78569436e-01  8.89895506e-01  9.43788554e-02  8.99925677e-01  4.24920205e-01 
 1.22865126e-01  8.91954562e-01  8.78615285e-01  8.89912310e-01  9.43815084e-02  8.99925677e-01  4.24868565e-01 
 1.22965126e-01  8.91967461e-01  8.78660981e-01  8.89929082e-01  9.43841651e-02  8.99925677e-01  4.24816926e-01 
 1.23065126e-01  8.91980336e-01  8.78706525e-01  8.89945819e-01  9.43868258e-02  8.99925677e-01  4.24765287e-01 
 1.23165126e-01  8.91993188e-01  8.78751916e-01  8.89962524e-01  9.43894903e-02  8.99925677e-01  4.24713649e-01 
 1.23265126e-01  8.92006016e-01  8.78797157e-01  8.89979196e-01  9.43921587e-02  8.99925677e-01  4.24662012e-01 
 1.23365126e-01  8.92018820e-01  8.78842247e-01  8.89995834e-01  9.43948310e-02  8.99925677e-01  4.24610375e-01 
 1.23465126e-01  8.92031601e-01  8.78887189e-01  8.90012440e-01  9.43975072e-02  8.99925677e-01  4.24558739e-01 
 1.23565126e-01  8.92044358e-01  8.78931981e-01  8.90029012e-01  9.44001873e-02  8.99925677e-01  4.24507103e-01 
 1.23665126e-01  8.92057093e-01  8.78976626e-01  8.90045552e-01  9.44028713e-02  8.99925677e-01  4.24455469e-01 
 1.23765126e-01  8.92069803e-01  8.79021125e-01  8.90062059e-01  9.44055592e-02  8.99925677e-01  4.24403834e-01 
 1.23865126e-01  8.92082491e-01  8.79065477e-01  8.90078534e-01  9.44082510e-02  8.99925677e-01  4.24352201e-01 
 1.23965126e-01  8.92095155e-01  8.79109684e-01  8.90094976e-01  9.44109467e-02  8.99925677e-01  4.24300568e-01 
 1.24065126e-01  8.92107796e-01  8.79153747e-01  8.90111385e-01  9.44136464e-02  8.99925677e-01  4.24248935e-01 
 1.24165126e-01  8.92120414e-01  8.79197667e-01  8.90127763e-01  9.44163500e-02  8.99925677e-01  4.24197303e-01 
 1.24265126e-01  8.92133009e-01  8.79241443e-01  8.90144108e-01  9.44190576e-02  8.99925677e-01  4.24145672e-01 
 1.24365126e-01  8.92145581e-01  8.79285078e-01  8.90160420e-01  9.44217691e-02  8.99925677e-01  4.24094042e-01 
 1.24465126e-01  8.92158129e-01  8.79328572e-01  8.90176701e-01  9.44244845e-02  8.99925677e-01  4.24042412e-01 
 1.24565126e-01  8.92170655e-01  8.79371925e-01  8.90192950e-01  9.44272039e-02  8.99925677e-01  4.23990782e-01 
 1.24665126e-01  8.92183158e-01  8.79415138e-01  8.90209166e-01  9.44299273e-02  8.99925677e-01  4.23939154e-01 
 1.24765126e-01  8.92195639e-01  8.79458213e-01  8.90225351e-01  9.44326547e-02  8.99925677e-01  4.23887525e-01 
 1.24865126e-01  8.92208096e-01  8.79501150e-01  8.90241504e-01  9.44353860e-02  8.99925677e-01  4.23835898e-01 
 1.24965126e-01  8.92220531e-01  8.79543949e-01  8.90257625e-01  9.44381213e-02  8.99925677e-01  4.23784271e-01 
 1.25065126e-01  8.92232943e-01  8.79586612e-01  8.90273715e-01  9.44408606e-02  8.99925677e-01  4.23732645e-01 
 1.25165126e-01  8.92245333e-01  8.79629138e-01  8.90289773e-01  9.44436039e-02  8.99925677e-01  4.23681019e-01 
 1.25265126e-01  8.92257700e-01  8.79671530e-01  8.90305800e-01  9.44463512e-02  8.99925677e-01  4.23629394e-01 
 1.25365126e-01  8.92270045e-01  8.79713787e-01  8.90321796e-01  9.44491025e-02  8.99925677e-01  4.23577770e-01 
 1.25465126e-01  8.92282367e-01  8.79755911e-01  8.90337760e-01  9.44518579e-02  8.99925677e-01  4.23526146e-01 
 1.25565126e-01  8.92294666e-01  8.79797901e-01  8.90353693e-01  9.44546172e-02  8.99925677e-01  4.23474523e-01 
 1.25665126e-01  8.92306944e-01  8.79839760e-01  8.90369595e-01  9.44573806e-02  8.99925677e-01  4.23422901e-01 
 1.25765126e-01  8.92319199e-01  8.79881486e-01  8.90385465e-01  9.44601480e-02  8.99925677e-01  4.23371279e-01 
 1.25865126e-01  8.92331432e-01  8.79923082e-01  8.90401305e-01  9.44629194e-02  8.99925677e-01  4.23319657e-01 
 1.25965126e-01  8.92343642e-01  8.79964548e-01  8.90417114e-01  9.44656949e-02  8.99925677e-01  4.23268037e-01 
 1.26065126e-01  8.92355831e-01  8.80005884e-01  8.90432892e-01  9.44684745e-02  8.99925677e-01  4.23216417e-01 
 1.26165126e-01  8.92367997e-01  8.80047091e-01  8.90448640e-01  9.44712581e-02  8.99925677e-01  4.23164797e-01 
 1.26265126e-01  8.92380142e-01  8.80088170e-01  8.90464357e-01  9.44740458e-02  8.99925677e-01  4.23113179e-01 
 1.26365126e-01  8.92392264e-01  8.80129122e-01  8.90480043e-01  9.44768375e-02  8.99925677e-01  4.23061561e-01 
 1.26465126e-01  8.92404365e-01  8.80169947e-01  8.90495699e-01  9.44796334e-02  8.99925677e-01  4.23009943e-01 
 1.26565126e-01  8.92416443e-01  8.80210645e-01  8.90511324e-01  9.44824333e-02  8.99925677e-01  4.22958326e-01 
 1.26665126e-01  8.92428500e-01  8.80251218e-01  8.90526919e-01  9.44852373e-02  8.99925677e-01  4.22906710e-01 
 1.26765126e-01  8.92440535e-01  8.80291667e-01  8.90542484e-01  9.44880454e-02  8.99925677e-01  4.22855094e-01 
 1.26865126e-01  8.92452548e-01  8.80331991e-01  8.90558018e-01  9.44908576e-02  8.99925677e-01  4.22803479e-01 
 1.26965126e-01  8.92464539e-01  8.80372191e-01  8.90573523e-01  9.44936739e-02  8.99925677e-01  4.22751865e-01 
 1.27065126e-01  8.92476509e-01  8.80412269e-01  8.90588997e-01  9.44964943e-02  8.99925677e-01  4.22700251e-01 
 1.27165126e-01  8.92488458e-01  8.80452224e-01  8.90604442e-01  9.44993188e-02  8.99925677e-01  4.22648638e-01 
 1.27265126e-01  8.92500384e-01  8.80492057e-01  8.90619857e-01  9.45021475e-02  8.99925677e-01  4.22597025e-01 
 1.27365126e-01  8.92512289e-01  8.80531770e-01  8.90635242e-01  9.45049803e-02  8.99925677e-01  4.22545413e-01 
 1.27465126e-01  8.92524173e-01  8.80571362e-01  8.90650597e-01  9.45078173e-02  8.99925677e-01  4.22493802e-01 
 1.27565126e-01  8.92536036e-01  8.80610834e-01  8.90665922e-01  9.45106584e-02  8.99925677e-01  4.22442191e-01 
 1.27665126e-01  8.92547877e-01  8.80650186e-01  8.90681218e-01  9.45135036e-02  8.99925677e-01  4.22390581e-01 
 1.27765126e-01  8.92559696e-01  8.80689420e-01  8.90696485e-01  9.45163530e-02  8.99925677e-01  4.22338972e-01 
 1.27865126e-01  8.92571495e-01  8.80728536e-01  8.90711722e-01  9.45192066e-02  8.99925677e-01  4.22287363e-01 
 1.27965126e-01  8.92583272e-01  8.80767535e-01  8.90726929e-01  9.45220644e-02  8.99925677e-01  4.22235755e-01 
 1.28065126e-01  8.92595028e-01  8.80806416e-01  8.90742108e-01  9.45249263e-02  8.99925677e-01  4.22184147e-01 
 1.28165126e-01  8.92606763e-01  8.80845182e-01  8.90757257e-01  9.45277924e-02  8.99925677e-01  4.22132540e-01 
 1.28265126e-01  8.92618477e-01  8.80883831e-01  8.90772377e-01  9.45306627e-02  8.99925677e-01  4.22080934e-01 
 1.28365126e-01  8.92630170e-01  8.80922365e-01  8.90787468e-01  9.45335373e-02  8.99925677e-01  4.22029328e-01 
 1.28465126e-01  8.92641841e-01  8.80960785e-01  8.90802530e-01  9.45364160e-02  8.99925677e-01  4.21977723e-01 
 1.28565126e-01  8.92653492e-01  8.80999091e-01  8.90817564e-01  9.45392989e-02  8.99925677e-01  4.21926118e-01 
 1.28665126e-01  8.92665122e-01  8.81037283e-01  8.90832568e-01  9.45421861e-02  8.99925677e-01  4.21874515e-01 
 1.28765126e-01  8.92676732e-01  8.81075362e-01  8.90847544e-01  9.45450774e-02  8.99925677e-01  4.21822911e-01 
 1.28865126e-01  8.92688320e-01  8.81113329e-01  8.90862491e-01  9.45479730e-02  8.99925677e-01  4.21771309e-01 
 1.28965126e-01  8.92699888e-01  8.81151184e-01  8.90877409e-01  9.45508729e-02  8.99925677e-01  4.21719707e-01 
 1.29065126e-01  8.92711435e-01  8.81188927e-01  8.90892299e-01  9.45537770e-02  8.99925677e-01  4.21668105e-01 
 1.29165126e-01  8.92722961e-01  8.81226560e-01  8.90907160e-01  9.45566853e-02  8.99925677e-01  4.21616505e-01 
 1.29265126e-01  8.92734467e-01  8.81264083e-01  8.90921993e-01  9.45595979e-02  8.99925677e-01  4.21564905e-01 
 1.29365126e-01  8.92745952e-01  8.81301496e-01  8.90936797e-01  9.45625148e-02  8.99925677e-01  4.21513305e-01 
 1.29465126e-01  8.92757416e-01  8.81338800e-01  8.90951574e-01  9.45654359e-02  8.99925677e-01  4.21461706e-01 
 1.29565126e-01  8.92768860e-01  8.81375995e-01  8.90966322e-01  9.45683613e-02  8.99925677e-01  4.21410108e-01 
 1.29665126e-01  8.92780284e-01  8.81413082e-01  8.90981042e-01  9.45712910e-02  8.99925677e-01  4.21358510e-01 
 1.29765126e-01  8.92791688e-01  8.81450061e-01  8.90995734e-01  9.45742250e-02  8.99925677e-01  4.21306913e-01 
 1.29865126e-01  8.92803071e-01  8.81486934e-01  8.91010398e-01  9.45771633e-02  8.99925677e-01  4.21255317e-01 
 1.29965126e-01  8.92814433e-01  8.81523699e-01  8.91025034e-01  9.45801059e-02  8.99925677e-01  4.21203721e-01 
 1.30065126e-01  8.92825776e-01  8.81560359e-01  8.91039642e-01  9.45830528e-02  8.99925677e-01  4.21152126e-01 
 1.30165126e-01  8.92837098e-01  8.81596913e-01  8.91054222e-01  9.45860041e-02  8.99925677e-01  4.21100531e-01 
 1.30265126e-01  8.92848400e-01  8.81633362e-01  8.91068775e-01  9.45889596e-02  8.99925677e-01  4.21048937e-01 
 1.30365126e-01  8.92859682e-01  8.81669706e-01  8.91083300e-01  9.45919195e-02  8.99925677e-01  4.20997344e-01 
 1.30465126e-01  8.92870944e-01  8.81705946e-01  8.91097798e-01  9.45948837e-02  8.99925677e-01  4.20945751e-01 
 1.30565126e-01  8.92882186e-01  8.81742082e-01  8.91112268e-01  9.45978523e-02  8.99925677e-01  4.20894159e-01 
 1.30665126e-01  8.92893408e-01  8.81778116e-01  8.91126710e-01  9.46008252e-02  8.99925677e-01  4.20842568e-01 
 1.30765126e-01  8.92904610e-01  8.81814046e-01  8.91141125e-01  9.46038025e-02  8.99925677e-01  4.20790977e-01 
 1.30865126e-01  8.92915792e-01  8.81849875e-01  8.91155513e-01  9.46067841e-02  8.99925677e-01  4.20739387e-01 
 1.30965126e-01  8.92926954e-01  8.81885602e-01  8.91169874e-01  9.46097701e-02  8.99925677e-01  4.20687797e-01 
 1.31065126e-01  8.92938096e-01  8.81921227e-01  8.91184208e-01  9.46127605e-02  8.99925677e-01  4.20636208e-01 
 1.31165126e-01  8.92949219e-01  8.81956752e-01  8.91198514e-01  9.46157553e-02  8.99925677e-01  4.20584620e-01 
 1.31265126e-01  8.92960322e-01  8.81992176e-01  8.91212793e-01  9.46187545e-02  8.99925677e-01  4.20533032e-01 
 1.31365126e-01  8.92971405e-01  8.82027500e-01  8.91227046e-01  9.46217580e-02  8.99925677e-01  4.20481445e-01 
 1.31465126e-01  8.92982469e-01  8.82062725e-01  8.91241271e-01  9.46247660e-02  8.99925677e-01  4.20429859e-01 
 1.31565126e-01  8.92993513e-01  8.82097851e-01  8.91255470e-01  9.46277784e-02  8.99925677e-01  4.20378273e-01 
 1.31665126e-01  8.93004537e-01  8.82132879e-01  8.91269642e-01  9.46307952e-02  8.99925677e-01  4.20326687e-01 
 1.31765126e-01  8.93015542e-01  8.82167808e-01  8.91283787e-01  9.46338165e-02  8.99925677e-01  4.20275103e-01 
 1.31865126e-01  8.93026528e-01  8.82202640e-01  8.91297905e-01  9.46368421e-02  8.99925677e-01  4.20223519e-01 
 1.31965126e-01  8.93037494e-01  8.82237375e-01  8.91311997e-01  9.46398723e-02  8.99925677e-01  4.20171936e-01 
 1.32065126e-01  8.93048440e-01  8.82272013e-01  8.91326063e-01  9.46429068e-02  8.99925677e-01  4.20120353e-01 
 1.32165126e-01  8.93059368e-01  8.82306554e-01  8.91340102e-01  9.46459458e-02  8.99925677e-01  4.20068771e-01 
 1.32265126e-01  8.93070276e-01  8.82341000e-01  8.91354115e-01  9.46489893e-02  8.99925677e-01  4.20017189e-01 
 1.32365126e-01  8.93081164e-01  8.82375350e-01  8.91368101e-01  9.46520373e-02  8.99925677e-01  4.19965608e-01 
 1.32465126e-01  8.93092034e-01  8.82409605e-01  8.91382061e-01  9.46550897e-02  8.99925677e-01  4.19914028e-01 
 1.32565126e-01  8.93102884e-01  8.82443766e-01  8.91395995e-01  9.46581466e-02  8.99925677e-01  4.19862448e-01 
 1.32665126e-01  8.93113715e-01  8.82477832e-01  8.91409902e-01  9.46612080e-02  8.99925677e-01  4.19810869e-01 
 1.32765126e-01  8.93124528e-01  8.82511804e-01  8.91423784e-01  9.46642739e-02  8.99925677e-01  4.19759291e-01 
 1.32865126e-01  8.93135321e-01  8.82545684e-01  8.91437640e-01  9.46673443e-02  8.99925677e-01  4.19707713e-01 
 1.32965126e-01  8.93146095e-01  8.82579470e-01  8.91451469e-01  9.46704192e-02  8.99925677e-01  4.19656136e-01 
 1.33065126e-01  8.93156850e-01  8.82613163e-01  8.91465273e-01  9.46734986e-02  8.99925677e-01  4.19604559e-01 
 1.33165126e-01  8.93167586e-01  8.82646765e-01  8.91479051e-01  9.46765826e-02  8.99925677e-01  4.19552983e-01 
 1.33265126e-01  8.93178303e-01  8.82680275e-01  8.91492803e-01  9.46796710e-02  8.99925677e-01  4.19501408e-01 
 1.33365126e-01  8.93189002e-01  8.82713693e-01  8.91506530e-01  9.46827641e-02  8.99925677e-01  4.19449833e-01 
 1.33465126e-01  8.93199681e-01  8.82747021e-01  8.91520231e-01  9.46858616e-02  8.99925677e-01  4.19398259e-01 
 1.33565126e-01  8.93210342e-01  8.82780258e-01  8.91533906e-01  9.46889638e-02  8.99925677e-01  4.19346686e-01 
 1.33665126e-01  8.93220984e-01  8.82813404e-01  8.91547556e-01  9.46920704e-02  8.99925677e-01  4.19295113e-01 
 1.33765126e-01  8.93231608e-01  8.82846461e-01  8.91561180e-01  9.46951817e-02  8.99925677e-01  4.19243541e-01 
 1.33865126e-01  8.93242213e-01  8.82879429e-01  8.91574779e-01  9.46982975e-02  8.99925677e-01  4.19191969e-01 
 1.33965126e-01  8.93252799e-01  8.82912308e-01  8.91588353e-01  9.47014179e-02  8.99925677e-01  4.19140398e-01 
 1.34065126e-01  8.93263367e-01  8.82945098e-01  8.91601901e-01  9.47045429e-02  8.99925677e-01  4.19088828e-01 
 1.34165126e-01  8.93273916e-01  8.82977799e-01  8.91615425e-01  9.47076725e-02  8.99925677e-01  4.19037258e-01 
 1.34265126e-01  8.93284446e-01  8.83010413e-01  8.91628923e-01  9.47108067e-02  8.99925677e-01  4.18985689e-01 
 1.34365126e-01  8.93294958e-01  8.83042940e-01  8.91642396e-01  9.47139455e-02  8.99925677e-01  4.18934121e-01 
 1.34465126e-01  8.93305452e-01  8.83075379e-01  8.91655843e-01  9.47170889e-02  8.99925677e-01  4.18882553e-01 
 1.34565126e-01  8.93315928e-01  8.83107732e-01  8.91669266e-01  9.47202370e-02  8.99925677e-01  4.18830986e-01 
 1.34665126e-01  8.93326385e-01  8.83139998e-01  8.91682664e-01  9.47233896e-02  8.99925677e-01  4.18779419e-01 
 1.34765126e-01  8.93336823e-01  8.83172178e-01  8.91696038e-01  9.47265470e-02  8.99925677e-01  4.18727853e-01 
 1.34865126e-01  8.93347244e-01  8.83204272e-01  8.91709386e-01  9.47297089e-02  8.99925677e-01  4.18676288e-01 
 1.34965126e-01  8.93357646e-01  8.83236282e-01  8.91722710e-01  9.47328755e-02  8.99925677e-01  4.18624723e-01 
 1.35065126e-01  8.93368030e-01  8.83268206e-01  8.91736009e-01  9.47360468e-02  8.99925677e-01  4.18573159e-01 
 1.35165126e-01  8.93378396e-01  8.83300046e-01  8.91749283e-01  9.47392228e-02  8.99925677e-01  4.18521595e-01 
 1.35265126e-01  8.93388744e-01  8.83331801e-01  8.91762533e-01  9.47424034e-02  8.99925677e-01  4.18470032e-01 
 1.35365126e-01  8.93399074e-01  8.83363473e-01  8.91775758e-01  9.47455887e-02  8.99925677e-01  4.18418470e-01 
 1.35465126e-01  8.93409386e-01  8.83395061e-01  8.91788959e-01  9.47487787e-02  8.99925677e-01  4.18366908e-01 
 1.35565126e-01  8.93419680e-01  8.83426566e-01  8.91802135e-01  9.47519734e-02  8.99925677e-01  4.18315347e-01 
 1.35665126e-01  8.93429955e-01  8.83457988e-01  8.91815287e-01  9.47551728e-02  8.99925677e-01  4.18263787e-01 
 1.35765126e-01  8.93440213e-01  8.83489327e-01  8.91828415e-01  9.47583769e-02  8.99925677e-01  4.18212227e-01 
 1.35865126e-01  8.93450454e-01  8.83520585e-01  8.91841519e-01  9.47615858e-02  8.99925677e-01  4.18160668e-01 
 1.35965126e-01  8.93460676e-01  8.83551760e-01  8.91854598e-01  9.47647993e-02  8.99925677e-01  4.18109109e-01 
 1.36065126e-01  8.93470880e-01  8.83582854e-01  8.91867653e-01  9.47680176e-02  8.99925677e-01  4.18057551e-01 
 1.36165126e-01  8.93481067e-01  8.83613867e-01  8.91880685e-01  9.47712407e-02  8.99925677e-01  4.18005994e-01 
 1.36265126e-01  8.93491236e-01  8.83644799e-01  8.91893692e-01  9.47744685e-02  8.99925677e-01  4.17954437e-01 
 1.36365126e-01  8.93501387e-01  8.83675651e-01  8.91906675e-01  9.47777010e-02  8.99925677e-01  4.17902881e-01 
 1.36465126e-01  8.93511521e-01  8.83706422e-01  8.91919635e-01  9.47809383e-02  8.99925677e-01  4.17851326e-01 
 1.36565126e-01  8.93521637e-01  8.83737114e-01  8.91932570e-01  9.47841804e-02  8.99925677e-01  4.17799771e-01 
 1.36665126e-01  8.93531735e-01  8.83767726e-01  8.91945482e-01  9.47874273e-02  8.99925677e-01  4.17748217e-01 
 1.36765126e-01  8.93541816e-01  8.83798259e-01  8.91958371e-01  9.47906790e-02  8.99925677e-01  4.17696663e-01 
 1.36865126e-01  8.93551880e-01  8.83828713e-01  8.91971235e-01  9.47939354e-02  8.99925677e-01  4.17645110e-01 
 1.36965126e-01  8.93561926e-01  8.83859089e-01  8.91984076e-01  9.47971967e-02  8.99925677e-01  4.17593558e-01 
 1.37065126e-01  8.93571954e-01  8.83889386e-01  8.91996893e-01  9.48004627e-02  8.99925677e-01  4.17542006e-01 
 1.37165126e-01  8.93581965e-01  8.83919605e-01  8.92009687e-01  9.48037336e-02  8.99925677e-01  4.17490455e-01 
 1.37265126e-01  8.93591959e-01  8.83949747e-01  8.92022458e-01  9.48070093e-02  8.99925677e-01  4.17438905e-01 
 1.37365126e-01  8.93601936e-01  8.83979812e-01  8.92035205e-01  9.48102899e-02  8.99925677e-01  4.17387355e-01 
 1.37465126e-01  8.93611895e-01  8.84009799e-01  8.92047928e-01  9.48135752e-02  8.99925677e-01  4.17335805e-01 
 1.37565126e-01  8.93621837e-01  8.84039710e-01  8.92060629e-01  9.48168655e-02  8.99925677e-01  4.17284257e-01 
 1.37665126e-01  8.93631762e-01  8.84069544e-01  8.92073306e-01  9.48201606e-02  8.99925677e-01  4.17232709e-01 
 1.37765126e-01  8.93641669e-01  8.84099302e-01  8.92085960e-01  9.48234605e-02  8.99925677e-01  4.17181161e-01 
 1.37865126e-01  8.93651560e-01  8.84128985e-01  8.92098591e-01  9.48267653e-02  8.99925677e-01  4.17129615e-01 
 1.37965126e-01  8.93661433e-01  8.84158592e-01  8.92111199e-01  9.48300750e-02  8.99925677e-01  4.17078068e-01 
 1.38065126e-01  8.93671289e-01  8.84188124e-01  8.92123783e-01  9.48333896e-02  8.99925677e-01  4.17026523e-01 
 1.38165126e-01  8.93681128e-01  8.84217581e-01  8.92136345e-01  9.48367091e-02  8.99925677e-01  4.16974978e-01 
 1.38265126e-01  8.93690951e-01  8.84246963e-01  8.92148884e-01  9.48400335e-02  8.99925677e-01  4.16923434e-01 
 1.38365126e-01  8.93700756e-01  8.84276271e-01  8.92161400e-01  9.48433627e-02  8.99925677e-01  4.16871890e-01 
 1.38465126e-01  8.93710544e-01  8.84305505e-01  8.92173894e-01  9.48466970e-02  8.99925677e-01  4.16820347e-01 
 1.38565126e-01  8.93720316e-01  8.84334665e-01  8.92186364e-01  9.48500361e-02  8.99925677e-01  4.16768805e-01 
 1.38665126e-01  8.93730070e-01  8.84363752e-01  8.92198812e-01  9.48533802e-02  8.99925677e-01  4.16717263e-01 
 1.38765126e-01  8.93739808e-01  8.84392766e-01  8.92211237e-01  9.48567292e-02  8.99925677e-01  4.16665722e-01 
 1.38865126e-01  8.93749529e-01  8.84421707e-01  8.92223640e-01  9.48600831e-02  8.99925677e-01  4.16614181e-01 
 1.38965126e-01  8.93759234e-01  8.84450575e-01  8.92236020e-01  9.48634420e-02  8.99925677e-01  4.16562641e-01 
 1.39065126e-01  8.93768921e-01  8.84479371e-01  8.92248377e-01  9.48668059e-02  8.99925677e-01  4.16511102e-01 
 1.39165126e-01  8.93778592e-01  8.84508095e-01  8.92260712e-01  9.48701748e-02  8.99925677e-01  4.16459563e-01 
 1.39265126e-01  8.93788246e-01  8.84536747e-01  8.92273025e-01  9.48735486e-02  8.99925677e-01  4.16408025e-01 
 1.39365126e-01  8.93797884e-01  8.84565328e-01  8.92285315e-01  9.48769274e-02  8.99925677e-01  4.16356488e-01 
 1.39465126e-01  8.93807505e-01  8.84593837e-01  8.92297584e-01  9.48803112e-02  8.99925677e-01  4.16304951e-01 
 1.39565126e-01  8.93817109e-01  8.84622275e-01  8.92309829e-01  9.48837000e-02  8.99925677e-01  4.16253414e-01 
 1.39665126e-01  8.93826697e-01  8.84650643e-01  8.92322053e-01  9.48870939e-02  8.99925677e-01  4.16201879e-01 
 1.39765126e-01  8.93836269e-01  8.84678941e-01  8.92334255e-01  9.48904927e-02  8.99925677e-01  4.16150344e-01 
 1.39865126e-01  8.93845824e-01  8.84707168e-01  8.92346434e-01  9.48938966e-02  8.99925677e-01  4.16098809e-01 
 1.39965126e-01  8.93855362e-01  8.84735325e-01  8.92358591e-01  9.48973055e-02  8.99925677e-01  4.16047276e-01 
 1.40065126e-01  8.93864885e-01  8.84763413e-01  8.92370727e-01  9.49007194e-02  8.99925677e-01  4.15995743e-01 
 1.40165126e-01  8.93874391e-01  8.84791432e-01  8.92382840e-01  9.49041384e-02  8.99925677e-01  4.15944210e-01 
 1.40265126e-01  8.93883880e-01  8.84819381e-01  8.92394932e-01  9.49075625e-02  8.99925677e-01  4.15892678e-01 
 1.40365126e-01  8.93893354e-01  8.84847262e-01  8.92407002e-01  9.49109916e-02  8.99925677e-01  4.15841147e-01 
 1.40465126e-01  8.93902811e-01  8.84875074e-01  8.92419050e-01  9.49144258e-02  8.99925677e-01  4.15789616e-01 
 1.40565126e-01  8.93912252e-01  8.84902817e-01  8.92431076e-01  9.49178651e-02  8.99925677e-01  4.15738086e-01 
 1.40665126e-01  8.93921676e-01  8.84930493e-01  8.92443080e-01  9.49213095e-02  8.99925677e-01  4.15686557e-01 
 1.40765126e-01  8.93931085e-01  8.84958101e-01  8.92455063e-01  9.49247590e-02  8.99925677e-01  4.15635028e-01 
 1.40865126e-01  8.93940477e-01  8.84985641e-01  8.92467025e-01  9.49282136e-02  8.99925677e-01  4.15583500e-01 
 1.40965126e-01  8.93949854e-01  8.85013114e-01  8.92478964e-01  9.49316733e-02  8.99925677e-01  4.15531972e-01 
 1.41065126e-01  8.93959214e-01  8.85040520e-01  8.92490883e-01  9.49351381e-02  8.99925677e-01  4.15480446e-01 
 1.41165126e-01  8.93968558e-01  8.85067859e-01  8.92502779e-01  9.49386081e-02  8.99925677e-01  4.15428919e-01 
 1.41265126e-01  8.93977887e-01  8.85095132e-01  8.92514655e-01  9.49420832e-02  8.99925677e-01  4.15377394e-01 
 1.41365126e-01  8.93987199e-01  8.85122338e-01  8.92526509e-01  9.49455634e-02  8.99925677e-01  4.15325868e-01 
 1.41465126e-01  8.93996496e-01  8.85149478e-01  8.92538341e-01  9.49490488e-02  8.99925677e-01  4.15274344e-01 
 1.41565126e-01  8.94005776e-01  8.85176553e-01  8.92550153e-01  9.49525394e-02  8.99925677e-01  4.15222820e-01 
 1.41665126e-01  8.94015041e-01  8.85203562e-01  8.92561943e-01  9.49560351e-02  8.99925677e-01  4.15171297e-01 
 1.41765126e-01  8.94024290e-01  8.85230505e-01  8.92573712e-01  9.49595361e-02  8.99925677e-01  4.15119774e-01 
 1.41865126e-01  8.94033523e-01  8.85257384e-01  8.92585460e-01  9.49630422e-02  8.99925677e-01  4.15068253e-01 
 1.41965126e-01  8.94042741e-01  8.85284197e-01  8.92597187e-01  9.49665535e-02  8.99925677e-01  4.15016731e-01 
 1.42065126e-01  8.94051943e-01  8.85310946e-01  8.92608893e-01  9.49700700e-02  8.99925677e-01  4.14965210e-01 
 1.42165126e-01  8.94061129e-01  8.85337631e-01  8.92620578e-01  9.49735917e-02  8.99925677e-01  4.14913690e-01 
 1.42265126e-01  8.94070299e-01  8.85364251e-01  8.92632242e-01  9.49771187e-02  8.99925677e-01  4.14862171e-01 
 1.42365126e-01  8.94079454e-01  8.85390807e-01  8.92643885e-01  9.49806509e-02  8.99925677e-01  4.14810652e-01 
 1.42465126e-01  8.94088593e-01  8.85417300e-01  8.92655507e-01  9.49841883e-02  8.99925677e-01  4.14759134e-01 
 1.42565126e-01  8.94097716e-01  8.85443729e-01  8.92667109e-01  9.49877310e-02  8.99925677e-01  4.14707616e-01 
 1.42665126e-01  8.94106824e-01  8.85470095e-01  8.92678690e-01  9.49912789e-02  8.99925677e-01  4.14656099e-01 
 1.42765126e-01  8.94115917e-01  8.85496399e-01  8.92690250e-01  9.49948321e-02  8.99925677e-01  4.14604583e-01 
 1.42865126e-01  8.94124994e-01  8.85522639e-01  8.92701789e-01  9.49983905e-02  8.99925677e-01  4.14553067e-01 
 1.42965126e-01  8.94134056e-01  8.85548816e-01  8.92713308e-01  9.50019543e-02  8.99925677e-01  4.14501552e-01 
 1.43065126e-01  8.94143102e-01  8.85574932e-01  8.92724806e-01  9.50055233e-02  8.99925677e-01  4.14450037e-01 
 1.43165126e-01  8.94152133e-01  8.85600985e-01  8.92736284e-01  9.50090976e-02  8.99925677e-01  4.14398524e-01 
 1.43265126e-01  8.94161148e-01  8.85626976e-01  8.92747741e-01  9.50126773e-02  8.99925677e-01  4.14347010e-01 
 1.43365126e-01  8.94170149e-01  8.85652906e-01  8.92759178e-01  9.50162622e-02  8.99925677e-01  4.14295498e-01 
 1.43465126e-01  8.94179134e-01  8.85678774e-01  8.92770594e-01  9.50198525e-02  8.99925677e-01  4.14243986e-01 
 1.43565126e-01  8.94188103e-01  8.85704581e-01  8.92781990e-01  9.50234481e-02  8.99925677e-01  4.14192474e-01 
 1.43665126e-01  8.94197058e-01  8.85730327e-01  8.92793366e-01  9.50270491e-02  8.99925677e-01  4.14140963e-01 
 1.43765126e-01  8.94205997e-01  8.85756012e-01  8.92804721e-01  9.50306554e-02  8.99925677e-01  4.14089453e-01 
 1.43865126e-01  8.94214921e-01  8.85781637e-01  8.92816057e-01  9.50342670e-02  8.99925677e-01  4.14037944e-01 
 1.43965126e-01  8.94223830e-01  8.85807201e-01  8.92827372e-01  9.50378840e-02  8.99925677e-01  4.13986435e-01 
 1.44065126e-01  8.94232724e-01  8.85832705e-01  8.92838667e-01  9.50415064e-02  8.99925677e-01  4.13934926e-01 
 1.44165126e-01  8.94241603e-01  8.85858149e-01  8.92849942e-01  9.50451342e-02  8.99925677e-01  4.13883419e-01 
 1.44265126e-01  8.94250467e-01  8.85883534e-01  8.92861197e-01  9.50487674e-02  8.99925677e-01  4.13831912e-01 
 1.44365126e-01  8.94259316e-01  8.85908858e-01  8.92872432e-01  9.50524059e-02  8.99925677e-01  4.13780405e-01 
 1.44465126e-01  8.94268149e-01  8.85934124e-01  8.92883647e-01  9.50560499e-02  8.99925677e-01  4.13728899e-01 
 1.44565126e-01  8.94276968e-01  8.85959330e-01  8.92894842e-01  9.50596993e-02  8.99925677e-01  4.13677394e-01 
 1.44665126e-01  8.94285772e-01  8.85984478e-01  8.92906017e-01  9.50633541e-02  8.99925677e-01  4.13625890e-01 
 1.44765126e-01  8.94294561e-01  8.86009566e-01  8.92917173e-01  9.50670144e-02  8.99925677e-01  4.13574386e-01 
 1.44865126e-01  8.94303335e-01  8.86034597e-01  8.92928309e-01  9.50706801e-02  8.99925677e-01  4.13522882e-01 
 1.44965126e-01  8.94312095e-01  8.86059568e-01  8.92939425e-01  9.50743512e-02  8.99925677e-01  4.13471380e-01 
 1.45065126e-01  8.94320839e-01  8.86084482e-01  8.92950521e-01  9.50780278e-02  8.99925677e-01  4.13419877e-01 
 1.45165126e-01  8.94329569e-01  8.86109338e-01  8.92961597e-01  9.50817099e-02  8.99925677e-01  4.13368376e-01 
 1.45265126e-01  8.94338284e-01  8.86134136e-01  8.92972655e-01  9.50853975e-02  8.99925677e-01  4.13316875e-01 
 1.45365126e-01  8.94346985e-01  8.86158877e-01  8.92983692e-01  9.50890905e-02  8.99925677e-01  4.13265375e-01 
 1.45465126e-01  8.94355670e-01  8.86183560e-01  8.92994710e-01  9.50927891e-02  8.99925677e-01  4.13213875e-01 
 1.45565126e-01  8.94364341e-01  8.86208186e-01  8.93005709e-01  9.50964931e-02  8.99925677e-01  4.13162376e-01 
 1.45665126e-01  8.94372998e-01  8.86232756e-01  8.93016688e-01  9.51002027e-02  8.99925677e-01  4.13110878e-01 
 1.45765126e-01  8.94381640e-01  8.86257268e-01  8.93027648e-01  9.51039177e-02  8.99925677e-01  4.13059380e-01 
 1.45865126e-01  8.94390267e-01  8.86281724e-01  8.93038588e-01  9.51076384e-02  8.99925677e-01  4.13007883e-01 
 1.45965126e-01  8.94398879e-01  8.86306124e-01  8.93049509e-01  9.51113645e-02  8.99925677e-01  4.12956386e-01 
 1.46065126e-01  8.94407478e-01  8.86330468e-01  8.93060411e-01  9.51150962e-02  8.99925677e-01  4.12904891e-01 
 1.46165126e-01  8.94416061e-01  8.86354755e-01  8.93071294e-01  9.51188335e-02  8.99925677e-01  4.12853395e-01 
 1.46265126e-01  8.94424631e-01  8.86378987e-01  8.93082157e-01  9.51225763e-02  8.99925677e-01  4.12801901e-01 
 1.46365126e-01  8.94433185e-01  8.86403163e-01  8.93093001e-01  9.51263247e-02  8.99925677e-01  4.12750407e-01 
 1.46465126e-01  8.94441726e-01  8.86427284e-01  8.93103827e-01  9.51300787e-02  8.99925677e-01  4.12698913e-01 
 1.46565126e-01  8.94450252e-01  8.86451349e-01  8.93114633e-01  9.51338383e-02  8.99925677e-01  4.12647420e-01 
 1.46665126e-01  8.94458764e-01  8.86475360e-01  8.93125420e-01  9.51376035e-02  8.99925677e-01  4.12595928e-01 
 1.46765126e-01  8.94467261e-01  8.86499316e-01  8.93136188e-01  9.51413743e-02  8.99925677e-01  4.12544437e-01 
 1.46865126e-01  8.94475744e-01  8.86523217e-01  8.93146937e-01  9.51451507e-02  8.99925677e-01  4.12492946e-01 
 1.46965126e-01  8.94484213e-01  8.86547063e-01  8.93157668e-01  9.51489327e-02  8.99925677e-01  4.12441455e-01 
 1.47065126e-01  8.94492668e-01  8.86570856e-01  8.93168379e-01  9.51527204e-02  8.99925677e-01  4.12389966e-01 
 1.47165126e-01  8.94501109e-01  8.86594594e-01  8.93179072e-01  9.51565138e-02  8.99925677e-01  4.12338477e-01 
 1.47265126e-01  8.94509535e-01  8.86618278e-01  8.93189746e-01  9.51603127e-02  8.99925677e-01  4.12286988e-01 
 1.47365126e-01  8.94517947e-01  8.86641908e-01  8.93200401e-01  9.51641174e-02  8.99925677e-01  4.12235500e-01 
 1.47465126e-01  8.94526345e-01  8.86665485e-01  8.93211038e-01  9.51679277e-02  8.99925677e-01  4.12184013e-01 
 1.47565126e-01  8.94534729e-01  8.86689009e-01  8.93221656e-01  9.51717437e-02  8.99925677e-01  4.12132526e-01 
 1.47665126e-01  8.94543099e-01  8.86712479e-01  8.93232255e-01  9.51755655e-02  8.99925677e-01  4.12081040e-01 
 1.47765126e-01  8.94551455e-01  8.86735896e-01  8.93242836e-01  9.51793929e-02  8.99925677e-01  4.12029555e-01 
 1.47865126e-01  8.94559797e-01  8.86759260e-01  8.93253398e-01  9.51832260e-02  8.99925677e-01  4.11978070e-01 
 1.47965126e-01  8.94568125e-01  8.86782572e-01  8.93263942e-01  9.51870648e-02  8.99925677e-01  4.11926586e-01 
 1.48065126e-01  8.94576439e-01  8.86805831e-01  8.93274467e-01  9.51909094e-02  8.99925677e-01  4.11875103e-01 
 1.48165126e-01  8.94584739e-01  8.86829038e-01  8.93284974e-01  9.51947597e-02  8.99925677e-01  4.11823620e-01 
 1.48265126e-01  8.94593025e-01  8.86852192e-01  8.93295462e-01  9.51986158e-02  8.99925677e-01  4.11772138e-01 
 1.48365126e-01  8.94601297e-01  8.86875295e-01  8.93305932e-01  9.52024776e-02  8.99925677e-01  4.11720656e-01 
 1.48465126e-01  8.94609556e-01  8.86898346e-01  8.93316384e-01  9.52063452e-02  8.99925677e-01  4.11669175e-01 
 1.48565126e-01  8.94617801e-01  8.86921345e-01  8.93326818e-01  9.52102186e-02  8.99925677e-01  4.11617695e-01 
 1.48665126e-01  8.94626031e-01  8.86944292e-01  8.93337233e-01  9.52140977e-02  8.99925677e-01  4.11566215e-01 
 1.48765126e-01  8.94634249e-01  8.86967188e-01  8.93347630e-01  9.52179827e-02  8.99925677e-01  4.11514736e-01 
 1.48865126e-01  8.94642452e-01  8.86990033e-01  8.93358009e-01  9.52218734e-02  8.99925677e-01  4.11463257e-01 
 1.48965126e-01  8.94650642e-01  8.87012827e-01  8.93368370e-01  9.52257700e-02  8.99925677e-01  4.11411779e-01 
 1.49065126e-01  8.94658818e-01  8.87035570e-01  8.93378713e-01  9.52296724e-02  8.99925677e-01  4.11360302e-01 
 1.49165126e-01  8.94666980e-01  8.87058263e-01  8.93389038e-01  9.52335806e-02  8.99925677e-01  4.11308825e-01 
 1.49265126e-01  8.94675129e-01  8.87080904e-01  8.93399345e-01  9.52374947e-02  8.99925677e-01  4.11257349e-01 
 1.49365126e-01  8.94683264e-01  8.87103496e-01  8.93409634e-01  9.52414146e-02  8.99925677e-01  4.11205874e-01 
 1.49465126e-01  8.94691386e-01  8.87126037e-01  8.93419905e-01  9.52453403e-02  8.99925677e-01  4.11154399e-01 
 1.49565126e-01  8.94699494e-01  8.87148529e-01  8.93430158e-01  9.52492720e-02  8.99925677e-01  4.11102925e-01 
 1.49665126e-01  8.94707588e-01  8.87170970e-01  8.93440394e-01  9.52532095e-02  8.99925677e-01  4.11051451e-01 
 1.49765126e-01  8.94715669e-01  8.87193362e-01  8.93450611e-01  9.52571529e-02  8.99925677e-01  4.10999978e-01 
 1.49865126e-01  8.94723737e-01  8.87215704e-01  8.93460811e-01  9.52611023e-02  8.99925677e-01  4.10948506e-01 
 1.49965126e-01  8.94731791e-01  8.87237997e-01  8.93470993e-01  9.52650575e-02  8.99925677e-01  4.10897034e-01 
 1.50065126e-01  8.94739832e-01  8.87260240e-01  8.93481157e-01  9.52690186e-02  8.99925677e-01  4.10845563e-01 
 1.50165126e-01  8.94747859e-01  8.87282435e-01  8.93491304e-01  9.52729857e-02  8.99925677e-01  4.10794093e-01 
 1.50265126e-01  8.94755873e-01  8.87304580e-01  8.93501433e-01  9.52769587e-02  8.99925677e-01  4.10742623e-01 
 1.50365126e-01  8.94763874e-01  8.87326677e-01  8.93511545e-01  9.52809376e-02  8.99925677e-01  4.10691154e-01 
 1.50465126e-01  8.94771861e-01  8.87348725e-01  8.93521639e-01  9.52849226e-02  8.99925677e-01  4.10639685e-01 
 1.50565126e-01  8.94779835e-01  8.87370724e-01  8.93531715e-01  9.52889134e-02  8.99925677e-01  4.10588217e-01 
 1.50665126e-01  8.94787796e-01  8.87392676e-01  8.93541774e-01  9.52929103e-02  8.99925677e-01  4.10536750e-01 
 1.50765126e-01  8.94795743e-01  8.87414579e-01  8.93551816e-01  9.52969131e-02  8.99925677e-01  4.10485283e-01 
 1.50865126e-01  8.94803678e-01  8.87436434e-01  8.93561840e-01  9.53009220e-02  8.99925677e-01  4.10433817e-01 
 1.50965126e-01  8.94811599e-01  8.87458241e-01  8.93571847e-01  9.53049368e-02  8.99925677e-01  4.10382351e-01 
 1.51065126e-01  8.94819507e-01  8.87480001e-01  8.93581837e-01  9.53089577e-02  8.99925677e-01  4.10330887e-01 
 1.51165126e-01  8.94827402e-01  8.87501713e-01  8.93591809e-01  9.53129845e-02  8.99925677e-01  4.10279422e-01 
 1.51265126e-01  8.94835284e-01  8.87523377e-01  8.93601764e-01  9.53170174e-02  8.99925677e-01  4.10227959e-01 
 1.51365126e-01  8.94843152e-01  8.87544995e-01  8.93611702e-01  9.53210564e-02  8.99925677e-01  4.10176496e-01 
 1.51465126e-01  8.94851008e-01  8.87566565e-01  8.93621622e-01  9.53251014e-02  8.99925677e-01  4.10125033e-01 
 1.51565126e-01  8.94858851e-01  8.87588088e-01  8.93631526e-01  9.53291525e-02  8.99925677e-01  4.10073571e-01 
 1.51665126e-01  8.94866680e-01  8.87609564e-01  8.93641412e-01  9.53332096e-02  8.99925677e-01  4.10022110e-01 
 1.51765126e-01  8.94874497e-01  8.87630994e-01  8.93651282e-01  9.53372729e-02  8.99925677e-01  4.09970650e-01 
 1.51865126e-01  8.94882301e-01  8.87652377e-01  8.93661134e-01  9.53413422e-02  8.99925677e-01  4.09919190e-01 
 1.51965126e-01  8.94890091e-01  8.87673714e-01  8.93670969e-01  9.53454176e-02  8.99925677e-01  4.09867731e-01 
 1.52065126e-01  8.94897869e-01  8.87695004e-01  8.93680788e-01  9.53494992e-02  8.99925677e-01  4.09816272e-01 
 1.52165126e-01  8.94905634e-01  8.87716249e-01  8.93690589e-01  9.53535868e-02  8.99925677e-01  4.09764814e-01 
 1.52265126e-01  8.94913386e-01  8.87737447e-01  8.93700374e-01  9.53576806e-02  8.99925677e-01  4.09713356e-01 
 1.52365126e-01  8.94921126e-01  8.87758600e-01  8.93710141e-01  9.53617806e-02  8.99925677e-01  4.09661900e-01 
 1.52465126e-01  8.94928852e-01  8.87779706e-01  8.93719892e-01  9.53658867e-02  8.99925677e-01  4.09610443e-01 
 1.52565126e-01  8.94936566e-01  8.87800768e-01  8.93729626e-01  9.53699989e-02  8.99925677e-01  4.09558988e-01 
 1.52665126e-01  8.94944267e-01  8.87821784e-01  8.93739344e-01  9.53741173e-02  8.99925677e-01  4.09507533e-01 
 1.52765126e-01  8.94951955e-01  8.87842754e-01  8.93749044e-01  9.53782420e-02  8.99925677e-01  4.09456079e-01 
 1.52865126e-01  8.94959631e-01  8.87863680e-01  8.93758728e-01  9.53823728e-02  8.99925677e-01  4.09404625e-01 
 1.52965126e-01  8.94967293e-01  8.87884560e-01  8.93768396e-01  9.53865098e-02  8.99925677e-01  4.09353172e-01 
 1.53065126e-01  8.94974944e-01  8.87905396e-01  8.93778046e-01  9.53906530e-02  8.99925677e-01  4.09301719e-01 
 1.53165126e-01  8.94982581e-01  8.87926187e-01  8.93787680e-01  9.53948025e-02  8.99925677e-01  4.09250267e-01 
 1.53265126e-01  8.94990206e-01  8.87946933e-01  8.93797298e-01  9.53989581e-02  8.99925677e-01  4.09198816e-01 
 1.53365126e-01  8.94997818e-01  8.87967635e-01  8.93806899e-01  9.54031201e-02  8.99925677e-01  4.09147366e-01 
 1.53465126e-01  8.95005418e-01  8.87988293e-01  8.93816483e-01  9.54072882e-02  8.99925677e-01  4.09095916e-01 
 1.53565126e-01  8.95013005e-01  8.88008906e-01  8.93826052e-01  9.54114627e-02  8.99925677e-01  4.09044466e-01 
 1.53665126e-01  8.95020580e-01  8.88029476e-01  8.93835603e-01  9.54156434e-02  8.99925677e-01  4.08993017e-01 
 1.53765126e-01  8.95028142e-01  8.88050001e-01  8.93845139e-01  9.54198304e-02  8.99925677e-01  4.08941569e-01 
 1.53865126e-01  8.95035692e-01  8.88070483e-01  8.93854658e-01  9.54240237e-02  8.99925677e-01  4.08890122e-01 
 1.53965126e-01  8.95043230e-01  8.88090921e-01  8.93864160e-01  9.54282233e-02  8.99925677e-01  4.08838675e-01 
 1.54065126e-01  8.95050754e-01  8.88111315e-01  8.93873647e-01  9.54324292e-02  8.99925677e-01  4.08787229e-01 
 1.54165126e-01  8.95058267e-01  8.88131666e-01  8.93883117e-01  9.54366415e-02  8.99925677e-01  4.08735783e-01 
 1.54265126e-01  8.95065767e-01  8.88151974e-01  8.93892571e-01  9.54408601e-02  8.99925677e-01  4.08684338e-01 
 1.54365126e-01  8.95073255e-01  8.88172239e-01  8.93902009e-01  9.54450850e-02  8.99925677e-01  4.08632894e-01 
 1.54465126e-01  8.95080730e-01  8.88192460e-01  8.93911430e-01  9.54493163e-02  8.99925677e-01  4.08581450e-01 
 1.54565126e-01  8.95088194e-01  8.88212639e-01  8.93920836e-01  9.54535539e-02  8.99925677e-01  4.08530007e-01 
 1.54665126e-01  8.95095645e-01  8.88232775e-01  8.93930225e-01  9.54577980e-02  8.99925677e-01  4.08478564e-01 
 1.54765126e-01  8.95103083e-01  8.88252869e-01  8.93939598e-01  9.54620484e-02  8.99925677e-01  4.08427122e-01 
 1.54865126e-01  8.95110510e-01  8.88272920e-01  8.93948956e-01  9.54663052e-02  8.99925677e-01  4.08375681e-01 
 1.54965126e-01  8.95117924e-01  8.88292928e-01  8.93958297e-01  9.54705684e-02  8.99925677e-01  4.08324240e-01 
 1.55065126e-01  8.95125326e-01  8.88312894e-01  8.93967623e-01  9.54748381e-02  8.99925677e-01  4.08272800e-01 
 1.55165126e-01  8.95132716e-01  8.88332819e-01  8.93976932e-01  9.54791142e-02  8.99925677e-01  4.08221361e-01 
 1.55265126e-01  8.95140093e-01  8.88352701e-01  8.93986226e-01  9.54833967e-02  8.99925677e-01  4.08169922e-01 
 1.55365126e-01  8.95147459e-01  8.88372541e-01  8.93995504e-01  9.54876857e-02  8.99925677e-01  4.08118484e-01 
 1.55465126e-01  8.95154812e-01  8.88392340e-01  8.94004766e-01  9.54919811e-02  8.99925677e-01  4.08067046e-01 
 1.55565126e-01  8.95162154e-01  8.88412096e-01  8.94014012e-01  9.54962830e-02  8.99925677e-01  4.08015609e-01 
 1.55665126e-01  8.95169483e-01  8.88431812e-01  8.94023242e-01  9.55005914e-02  8.99925677e-01  4.07964173e-01 
 1.55765126e-01  8.95176801e-01  8.88451486e-01  8.94032457e-01  9.55049063e-02  8.99925677e-01  4.07912737e-01 
 1.55865126e-01  8.95184106e-01  8.88471119e-01  8.94041656e-01  9.55092277e-02  8.99925677e-01  4.07861302e-01 
 1.55965126e-01  8.95191399e-01  8.88490710e-01  8.94050840e-01  9.55135556e-02  8.99925677e-01  4.07809868e-01 
 1.56065126e-01  8.95198681e-01  8.88510261e-01  8.94060007e-01  9.55178900e-02  8.99925677e-01  4.07758434e-01 
 1.56165126e-01  8.95205950e-01  8.88529771e-01  8.94069160e-01  9.55222310e-02  8.99925677e-01  4.07707001e-01 
 1.56265126e-01  8.95213208e-01  8.88549239e-01  8.94078296e-01  9.55265785e-02  8.99925677e-01  4.07655568e-01 
 1.56365126e-01  8.95220454e-01  8.88568668e-01  8.94087417e-01  9.55309326e-02  8.99925677e-01  4.07604136e-01 
 1.56465126e-01  8.95227687e-01  8.88588055e-01  8.94096523e-01  9.55352932e-02  8.99925677e-01  4.07552705e-01 
 1.56565126e-01  8.95234909e-01  8.88607403e-01  8.94105613e-01  9.55396604e-02  8.99925677e-01  4.07501274e-01 
 1.56665126e-01  8.95242120e-01  8.88626710e-01  8.94114688e-01  9.55440342e-02  8.99925677e-01  4.07449844e-01 
 1.56765126e-01  8.95249318e-01  8.88645976e-01  8.94123747e-01  9.55484147e-02  8.99925677e-01  4.07398414e-01 
 1.56865126e-01  8.95256505e-01  8.88665203e-01  8.94132791e-01  9.55528017e-02  8.99925677e-01  4.07346985e-01 
 1.56965126e-01  8.95263679e-01  8.88684390e-01  8.94141819e-01  9.55571953e-02  8.99925677e-01  4.07295557e-01 
 1.57065126e-01  8.95270842e-01  8.88703536e-01  8.94150833e-01  9.55615956e-02  8.99925677e-01  4.07244129e-01 
 1.57165126e-01  8.95277994e-01  8.88722644e-01  8.94159831e-01  9.55660026e-02  8.99925677e-01  4.07192702e-01 
 1.57265126e-01  8.95285133e-01  8.88741711e-01  8.94168813e-01  9.55704161e-02  8.99925677e-01  4.07141276e-01 
 1.57365126e-01  8.95292262e-01  8.88760739e-01  8.94177781e-01  9.55748364e-02  8.99925677e-01  4.07089850e-01 
 1.57465126e-01  8.95299378e-01  8.88779728e-01  8.94186733e-01  9.55792633e-02  8.99925677e-01  4.07038425e-01 
 1.57565126e-01  8.95306483e-01  8.88798677e-01  8.94195670e-01  9.55836970e-02  8.99925677e-01  4.06987001e-01 
 1.57665126e-01  8.95313576e-01  8.88817587e-01  8.94204592e-01  9.55881373e-02  8.99925677e-01  4.06935577e-01 
 1.57765126e-01  8.95320657e-01  8.88836458e-01  8.94213499e-01  9.55925843e-02  8.99925677e-01  4.06884153e-01 
 1.57865126e-01  8.95327727e-01  8.88855290e-01  8.94222391e-01  9.55970381e-02  8.99925677e-01  4.06832731e-01 
 1.57965126e-01  8.95334786e-01  8.88874083e-01  8.94231268e-01  9.56014985e-02  8.99925677e-01  4.06781309e-01 
 1.58065126e-01  8.95341833e-01  8.88892838e-01  8.94240129e-01  9.56059658e-02  8.99925677e-01  4.06729887e-01 
 1.58165126e-01  8.95348868e-01  8.88911554e-01  8.94248976e-01  9.56104398e-02  8.99925677e-01  4.06678466e-01 
 1.58265126e-01  8.95355892e-01  8.88930231e-01  8.94257808e-01  9.56149205e-02  8.99925677e-01  4.06627046e-01 
 1.58365126e-01  8.95362905e-01  8.88948870e-01  8.94266625e-01  9.56194081e-02  8.99925677e-01  4.06575627e-01 
 1.58465126e-01  8.95369906e-01  8.88967471e-01  8.94275427e-01  9.56239024e-02  8.99925677e-01  4.06524208e-01 
 1.58565126e-01  8.95376895e-01  8.88986033e-01  8.94284214e-01  9.56284035e-02  8.99925677e-01  4.06472789e-01 
 1.58665126e-01  8.95383874e-01  8.89004558e-01  8.94292987e-01  9.56329114e-02  8.99925677e-01  4.06421372e-01 
 1.58765126e-01  8.95390841e-01  8.89023044e-01  8.94301744e-01  9.56374262e-02  8.99925677e-01  4.06369955e-01 
 1.58865126e-01  8.95397796e-01  8.89041493e-01  8.94310487e-01  9.56419478e-02  8.99925677e-01  4.06318538e-01 
 1.58965126e-01  8.95404741e-01  8.89059904e-01  8.94319215e-01  9.56464762e-02  8.99925677e-01  4.06267122e-01 
 1.59065126e-01  8.95411674e-01  8.89078277e-01  8.94327928e-01  9.56510115e-02  8.99925677e-01  4.06215707e-01 
 1.59165126e-01  8.95418595e-01  8.89096613e-01  8.94336627e-01  9.56555537e-02  8.99925677e-01  4.06164292e-01 
 1.59265126e-01  8.95425506e-01  8.89114911e-01  8.94345311e-01  9.56601027e-02  8.99925677e-01  4.06112878e-01 
 1.59365126e-01  8.95432405e-01  8.89133172e-01  8.94353980e-01  9.56646587e-02  8.99925677e-01  4.06061465e-01 
 1.59465126e-01  8.95439293e-01  8.89151395e-01  8.94362635e-01  9.56692215e-02  8.99925677e-01  4.06010052e-01 
 1.59565126e-01  8.95446170e-01  8.89169582e-01  8.94371275e-01  9.56737912e-02  8.99925677e-01  4.05958640e-01 
 1.59665126e-01  8.95453035e-01  8.89187731e-01  8.94379901e-01  9.56783679e-02  8.99925677e-01  4.05907229e-01 
 1.59765126e-01  8.95459890e-01  8.89205844e-01  8.94388512e-01  9.56829515e-02  8.99925677e-01  4.05855818e-01 
 1.59865126e-01  8.95466733e-01  8.89223920e-01  8.94397109e-01  9.56875421e-02  8.99925677e-01  4.05804408e-01 
 1.59965126e-01  8.95473565e-01  8.89241959e-01  8.94405691e-01  9.56921396e-02  8.99925677e-01  4.05752998e-01 
 1.60065126e-01  8.95480386e-01  8.89259961e-01  8.94414259e-01  9.56967441e-02  8.99925677e-01  4.05701589e-01 
 1.60165126e-01  8.95487196e-01  8.89277927e-01  8.94422812e-01  9.57013556e-02  8.99925677e-01  4.05650181e-01 
 1.60265126e-01  8.95493995e-01  8.89295857e-01  8.94431351e-01  9.57059741e-02  8.99925677e-01  4.05598773e-01 
 1.60365126e-01  8.95500783e-01  8.89313750e-01  8.94439876e-01  9.57105995e-02  8.99925677e-01  4.05547366e-01 
 1.60465126e-01  8.95507560e-01  8.89331607e-01  8.94448386e-01  9.57152320e-02  8.99925677e-01  4.05495959e-01 
 1.60565126e-01  8.95514326e-01  8.89349428e-01  8.94456882e-01  9.57198716e-02  8.99925677e-01  4.05444553e-01 
 1.60665126e-01  8.95521081e-01  8.89367212e-01  8.94465364e-01  9.57245181e-02  8.99925677e-01  4.05393148e-01 
 1.60765126e-01  8.95527825e-01  8.89384961e-01  8.94473832e-01  9.57291717e-02  8.99925677e-01  4.05341743e-01 
 1.60865126e-01  8.95534558e-01  8.89402675e-01  8.94482285e-01  9.57338324e-02  8.99925677e-01  4.05290339e-01 
 1.60965126e-01  8.95541280e-01  8.89420352e-01  8.94490725e-01  9.57385002e-02  8.99925677e-01  4.05238936e-01 
 1.61065126e-01  8.95547991e-01  8.89437994e-01  8.94499150e-01  9.57431750e-02  8.99925677e-01  4.05187533e-01 
 1.61165126e-01  8.95554691e-01  8.89455600e-01  8.94507561e-01  9.57478570e-02  8.99925677e-01  4.05136131e-01 
 1.61265126e-01  8.95561381e-01  8.89473171e-01  8.94515958e-01  9.57525460e-02  8.99925677e-01  4.05084729e-01 
 1.61365126e-01  8.95568060e-01  8.89490706e-01  8.94524340e-01  9.57572422e-02  8.99925677e-01  4.05033328e-01 
 1.61465126e-01  8.95574727e-01  8.89508207e-01  8.94532709e-01  9.57619455e-02  8.99925677e-01  4.04981928e-01 
 1.61565126e-01  8.95581385e-01  8.89525672e-01  8.94541064e-01  9.57666560e-02  8.99925677e-01  4.04930528e-01 
 1.61665126e-01  8.95588031e-01  8.89543102e-01  8.94549405e-01  9.57713736e-02  8.99925677e-01  4.04879129e-01 
 1.61765126e-01  8.95594666e-01  8.89560497e-01  8.94557732e-01  9.57760984e-02  8.99925677e-01  4.04827731e-01 
 1.61865126e-01  8.95601291e-01  8.89577857e-01  8.94566045e-01  9.57808304e-02  8.99925677e-01  4.04776333e-01 
 1.61965126e-01  8.95607905e-01  8.89595183e-01  8.94574344e-01  9.57855696e-02  8.99925677e-01  4.04724936e-01 
 1.62065126e-01  8.95614509e-01  8.89612474e-01  8.94582629e-01  9.57903160e-02  8.99925677e-01  4.04673539e-01 
 1.62165126e-01  8.95621102e-01  8.89629730e-01  8.94590900e-01  9.57950696e-02  8.99925677e-01  4.04622143e-01 
 1.62265126e-01  8.95627684e-01  8.89646952e-01  8.94599158e-01  9.57998304e-02  8.99925677e-01  4.04570748e-01 
 1.62365126e-01  8.95634255e-01  8.89664139e-01  8.94607402e-01  9.58045985e-02  8.99925677e-01  4.04519353e-01 
 1.62465126e-01  8.95640816e-01  8.89681292e-01  8.94615632e-01  9.58093739e-02  8.99925677e-01  4.04467959e-01 
 1.62565126e-01  8.95647366e-01  8.89698411e-01  8.94623848e-01  9.58141565e-02  8.99925677e-01  4.04416565e-01 
 1.62665126e-01  8.95653906e-01  8.89715496e-01  8.94632051e-01  9.58189464e-02  8.99925677e-01  4.04365173e-01 
 1.62765126e-01  8.95660435e-01  8.89732547e-01  8.94640240e-01  9.58237435e-02  8.99925677e-01  4.04313780e-01 
 1.62865126e-01  8.95666953e-01  8.89749564e-01  8.94648415e-01  9.58285480e-02  8.99925677e-01  4.04262389e-01 
 1.62965126e-01  8.95673462e-01  8.89766547e-01  8.94656577e-01  9.58333598e-02  8.99925677e-01  4.04210998e-01 
 1.63065126e-01  8.95679959e-01  8.89783496e-01  8.94664725e-01  9.58381789e-02  8.99925677e-01  4.04159607e-01 
 1.63165126e-01  8.95686446e-01  8.89800412e-01  8.94672859e-01  9.58430054e-02  8.99925677e-01  4.04108217e-01 
 1.63265126e-01  8.95692923e-01  8.89817294e-01  8.94680980e-01  9.58478392e-02  8.99925677e-01  4.04056828e-01 
 1.63365126e-01  8.95699389e-01  8.89834142e-01  8.94689087e-01  9.58526804e-02  8.99925677e-01  4.04005440e-01 
 1.63465126e-01  8.95705845e-01  8.89850958e-01  8.94697181e-01  9.58575290e-02  8.99925677e-01  4.03954052e-01 
 1.63565126e-01  8.95712290e-01  8.89867739e-01  8.94705262e-01  9.58623850e-02  8.99925677e-01  4.03902665e-01 
 1.63665126e-01  8.95718725e-01  8.89884488e-01  8.94713329e-01  9.58672483e-02  8.99925677e-01  4.03851278e-01 
 1.63765126e-01  8.95725150e-01  8.89901204e-01  8.94721382e-01  9.58721191e-02  8.99925677e-01  4.03799892e-01 
 1.63865126e-01  8.95731564e-01  8.89917886e-01  8.94729422e-01  9.58769973e-02  8.99925677e-01  4.03748507e-01 
 1.63965126e-01  8.95737968e-01  8.89934536e-01  8.94737449e-01  9.58818830e-02  8.99925677e-01  4.03697122e-01 
 1.64065126e-01  8.95744361e-01  8.89951153e-01  8.94745463e-01  9.58867761e-02  8.99925677e-01  4.03645738e-01 
 1.64165126e-01  8.95750745e-01  8.89967737e-01  8.94753463e-01  9.58916766e-02  8.99925677e-01  4.03594354e-01 
 1.64265126e-01  8.95757118e-01  8.89984288e-01  8.94761450e-01  9.58965847e-02  8.99925677e-01  4.03542971e-01 
 1.64365126e-01  8.95763481e-01  8.90000807e-01  8.94769423e-01  9.59015002e-02  8.99925677e-01  4.03491589e-01 
 1.64465126e-01  8.95769833e-01  8.90017293e-01  8.94777384e-01  9.59064232e-02  8.99925677e-01  4.03440207e-01 
 1.64565126e-01  8.95776176e-01  8.90033747e-01  8.94785331e-01  9.59113538e-02  8.99925677e-01  4.03388826e-01 
 1.64665126e-01  8.95782508e-01  8.90050168e-01  8.94793265e-01  9.59162919e-02  8.99925677e-01  4.03337446e-01 
 1.64765126e-01  8.95788830e-01  8.90066557e-01  8.94801186e-01  9.59212375e-02  8.99925677e-01  4.03286066e-01 
 1.64865126e-01  8.95795141e-01  8.90082914e-01  8.94809094e-01  9.59261907e-02  8.99925677e-01  4.03234687e-01 
 1.64965126e-01  8.95801443e-01  8.90099239e-01  8.94816988e-01  9.59311514e-02  8.99925677e-01  4.03183308e-01 
 1.65065126e-01  8.95807735e-01  8.90115532e-01  8.94824870e-01  9.59361197e-02  8.99925677e-01  4.03131930e-01 
 1.65165126e-01  8.95814016e-01  8.90131793e-01  8.94832738e-01  9.59410957e-02  8.99925677e-01  4.03080553e-01 
 1.65265126e-01  8.95820287e-01  8.90148022e-01  8.94840594e-01  9.59460792e-02  8.99925677e-01  4.03029176e-01 
 1.65365126e-01  8.95826549e-01  8.90164219e-01  8.94848436e-01  9.59510703e-02  8.99925677e-01  4.02977800e-01 
 1.65465126e-01  8.95832800e-01  8.90180385e-01  8.94856266e-01  9.59560691e-02  8.99925677e-01  4.02926424e-01 
 1.65565126e-01  8.95839041e-01  8.90196519e-01  8.94864082e-01  9.59610755e-02  8.99925677e-01  4.02875050e-01 
 1.65665126e-01  8.95845272e-01  8.90212622e-01  8.94871886e-01  9.59660896e-02  8.99925677e-01  4.02823675e-01 
 1.65765126e-01  8.95851494e-01  8.90228693e-01  8.94879676e-01  9.59711113e-02  8.99925677e-01  4.02772302e-01 
 1.65865126e-01  8.95857705e-01  8.90244733e-01  8.94887454e-01  9.59761407e-02  8.99925677e-01  4.02720929e-01 
 1.65965126e-01  8.95863906e-01  8.90260741e-01  8.94895219e-01  9.59811778e-02  8.99925677e-01  4.02669556e-01 
 1.66065126e-01  8.95870097e-01  8.90276719e-01  8.94902971e-01  9.59862227e-02  8.99925677e-01  4.02618185e-01 
 1.66165126e-01  8.95876279e-01  8.90292665e-01  8.94910710e-01  9.59912752e-02  8.99925677e-01  4.02566813e-01 
 1.66265126e-01  8.95882450e-01  8.90308580e-01  8.94918437e-01  9.59963355e-02  8.99925677e-01  4.02515443e-01 
 1.66365126e-01  8.95888612e-01  8.90324464e-01  8.94926151e-01  9.60014035e-02  8.99925677e-01  4.02464073e-01 
 1.66465126e-01  8.95894764e-01  8.90340318e-01  8.94933852e-01  9.60064793e-02  8.99925677e-01  4.02412704e-01 
 1.66565126e-01  8.95900906e-01  8.90356140e-01  8.94941540e-01  9.60115629e-02  8.99925677e-01  4.02361335e-01 
 1.66665126e-01  8.95907038e-01  8.90371932e-01  8.94949216e-01  9.60166542e-02  8.99925677e-01  4.02309967e-01 
 1.66765126e-01  8.95913160e-01  8.90387694e-01  8.94956879e-01  9.60217534e-02  8.99925677e-01  4.02258600e-01 
 1.66865126e-01  8.95919272e-01  8.90403424e-01  8.94964529e-01  9.60268603e-02  8.99925677e-01  4.02207233e-01 
 1.66965126e-01  8.95925375e-01  8.90419125e-01  8.94972167e-01  9.60319751e-02  8.99925677e-01  4.02155867e-01 
 1.67065126e-01  8.95931468e-01  8.90434794e-01  8.94979792e-01  9.60370978e-02  8.99925677e-01  4.02104501e-01 
 1.67165126e-01  8.95937551e-01  8.90450434e-01  8.94987404e-01  9.60422282e-02  8.99925677e-01  4.02053136e-01 
 1.67265126e-01  8.95943624e-01  8.90466043e-01  8.94995004e-01  9.60473666e-02  8.99925677e-01  4.02001772e-01 
 1.67365126e-01  8.95949688e-01  8.90481623e-01  8.95002592e-01  9.60525128e-02  8.99925677e-01  4.01950408e-01 
 1.67465126e-01  8.95955742e-01  8.90497172e-01  8.95010167e-01  9.60576669e-02  8.99925677e-01  4.01899045e-01 
 1.67565126e-01  8.95961786e-01  8.90512691e-01  8.95017729e-01  9.60628290e-02  8.99925677e-01  4.01847683e-01 
 1.67665126e-01  8.95967821e-01  8.90528180e-01  8.95025279e-01  9.60679989e-02  8.99925677e-01  4.01796321e-01 
 1.67765126e-01  8.95973846e-01  8.90543639e-01  8.95032817e-01  9.60731768e-02  8.99925677e-01  4.01744960e-01 
 1.67865126e-01  8.95979862e-01  8.90559069e-01  8.95040342e-01  9.60783626e-02  8.99925677e-01  4.01693599e-01 
 1.67965126e-01  8.95985867e-01  8.90574468e-01  8.95047855e-01  9.60835564e-02  8.99925677e-01  4.01642239e-01 
 1.68065126e-01  8.95991864e-01  8.90589839e-01  8.95055356e-01  9.60887582e-02  8.99925677e-01  4.01590880e-01 
 1.68165126e-01  8.95997850e-01  8.90605179e-01  8.95062844e-01  9.60939679e-02  8.99925677e-01  4.01539521e-01 
 1.68265126e-01  8.96003827e-01  8.90620490e-01  8.95070320e-01  9.60991857e-02  8.99925677e-01  4.01488163e-01 
 1.68365126e-01  8.96009795e-01  8.90635772e-01  8.95077783e-01  9.61044115e-02  8.99925677e-01  4.01436806e-01 
 1.68465126e-01  8.96015753e-01  8.90651024e-01  8.95085235e-01  9.61096453e-02  8.99925677e-01  4.01385449e-01 
 1.68565126e-01  8.96021701e-01  8.90666248e-01  8.95092674e-01  9.61148871e-02  8.99925677e-01  4.01334093e-01 
 1.68665126e-01  8.96027640e-01  8.90681442e-01  8.95100101e-01  9.61201370e-02  8.99925677e-01  4.01282737e-01 
 1.68765126e-01  8.96033570e-01  8.90696606e-01  8.95107516e-01  9.61253950e-02  8.99925677e-01  4.01231382e-01 
 1.68865126e-01  8.96039490e-01  8.90711742e-01  8.95114918e-01  9.61306610e-02  8.99925677e-01  4.01180028e-01 
 1.68965126e-01  8.96045401e-01  8.90726849e-01  8.95122309e-01  9.61359352e-02  8.99925677e-01  4.01128674e-01 
 1.69065126e-01  8.96051302e-01  8.90741927e-01  8.95129687e-01  9.61412174e-02  8.99925677e-01  4.01077321e-01 
 1.69165126e-01  8.96057194e-01  8.90756976e-01  8.95137053e-01  9.61465078e-02  8.99925677e-01  4.01025968e-01 
 1.69265126e-01  8.96063076e-01  8.90771996e-01  8.95144407e-01  9.61518063e-02  8.99925677e-01  4.00974617e-01 
 1.69365126e-01  8.96068950e-01  8.90786988e-01  8.95151749e-01  9.61571130e-02  8.99925677e-01  4.00923265e-01 
 1.69465126e-01  8.96074813e-01  8.90801951e-01  8.95159079e-01  9.61624278e-02  8.99925677e-01  4.00871915e-01 
 1.69565126e-01  8.96080668e-01  8.90816886e-01  8.95166397e-01  9.61677509e-02  8.99925677e-01  4.00820565e-01 
 1.69665126e-01  8.96086513e-01  8.90831792e-01  8.95173703e-01  9.61730821e-02  8.99925677e-01  4.00769215e-01 
 1.69765126e-01  8.96092349e-01  8.90846670e-01  8.95180997e-01  9.61784215e-02  8.99925677e-01  4.00717867e-01 
 1.69865126e-01  8.96098175e-01  8.90861519e-01  8.95188280e-01  9.61837692e-02  8.99925677e-01  4.00666518e-01 
 1.69965126e-01  8.96103992e-01  8.90876340e-01  8.95195550e-01  9.61891250e-02  8.99925677e-01  4.00615171e-01 
 1.70065126e-01  8.96109800e-01  8.90891133e-01  8.95202808e-01  9.61944892e-02  8.99925677e-01  4.00563824e-01 
 1.70165126e-01  8.96115599e-01  8.90905898e-01  8.95210055e-01  9.61998616e-02  8.99925677e-01  4.00512478e-01 
 1.70265126e-01  8.96121389e-01  8.90920635e-01  8.95217289e-01  9.62052423e-02  8.99925677e-01  4.00461132e-01 
 1.70365126e-01  8.96127169e-01  8.90935344e-01  8.95224512e-01  9.62106312e-02  8.99925677e-01  4.00409787e-01 
 1.70465126e-01  8.96132940e-01  8.90950025e-01  8.95231723e-01  9.62160285e-02  8.99925677e-01  4.00358443e-01 
 1.70565126e-01  8.96138702e-01  8.90964678e-01  8.95238922e-01  9.62214341e-02  8.99925677e-01  4.00307099e-01 
 1.70665126e-01  8.96144455e-01  8.90979303e-01  8.95246110e-01  9.62268481e-02  8.99925677e-01  4.00255756e-01 
 1.70765126e-01  8.96150199e-01  8.90993901e-01  8.95253286e-01  9.62322703e-02  8.99925677e-01  4.00204413e-01 
 1.70865126e-01  8.96155933e-01  8.91008471e-01  8.95260450e-01  9.62377010e-02  8.99925677e-01  4.00153071e-01 
 1.70965126e-01  8.96161659e-01  8.91023013e-01  8.95267602e-01  9.62431400e-02  8.99925677e-01  4.00101730e-01 
 1.71065126e-01  8.96167375e-01  8.91037528e-01  8.95274743e-01  9.62485875e-02  8.99925677e-01  4.00050389e-01 
 1.71165126e-01  8.96173082e-01  8.91052015e-01  8.95281872e-01  9.62540433e-02  8.99925677e-01  3.99999049e-01 
 1.71265126e-01  8.96178781e-01  8.91066476e-01  8.95288989e-01  9.62595076e-02  8.99925677e-01  3.99947710e-01 
 1.71365126e-01  8.96184470e-01  8.91080908e-01  8.95296095e-01  9.62649802e-02  8.99925677e-01  3.99896371e-01 
 1.71465126e-01  8.96190150e-01  8.91095314e-01  8.95303189e-01  9.62704614e-02  8.99925677e-01  3.99845033e-01 
 1.71565126e-01  8.96195821e-01  8.91109693e-01  8.95310271e-01  9.62759510e-02  8.99925677e-01  3.99793695e-01 
 1.71665126e-01  8.96201483e-01  8.91124044e-01  8.95317342e-01  9.62814491e-02  8.99925677e-01  3.99742358e-01 
 1.71765126e-01  8.96207137e-01  8.91138368e-01  8.95324402e-01  9.62869557e-02  8.99925677e-01  3.99691022e-01 
 1.71865126e-01  8.96212781e-01  8.91152666e-01  8.95331450e-01  9.62924708e-02  8.99925677e-01  3.99639686e-01 
 1.71965126e-01  8.96218416e-01  8.91166936e-01  8.95338487e-01  9.62979944e-02  8.99925677e-01  3.99588351e-01 
 1.72065126e-01  8.96224042e-01  8.91181180e-01  8.95345512e-01  9.63035266e-02  8.99925677e-01  3.99537017e-01 
 1.72165126e-01  8.96229660e-01  8.91195397e-01  8.95352525e-01  9.63090673e-02  8.99925677e-01  3.99485683e-01 
 1.72265126e-01  8.96235268e-01  8.91209587e-01  8.95359528e-01  9.63146166e-02  8.99925677e-01  3.99434350e-01 
 1.72365126e-01  8.96240868e-01  8.91223751e-01  8.95366519e-01  9.63201744e-02  8.99925677e-01  3.99383017e-01 
 1.72465126e-01  8.96246459e-01  8.91237888e-01  8.95373498e-01  9.63257409e-02  8.99925677e-01  3.99331685e-01 
 1.72565126e-01  8.96252041e-01  8.91251998e-01  8.95380466e-01  9.63313160e-02  8.99925677e-01  3.99280354e-01 
 1.72665126e-01  8.96257614e-01  8.91266082e-01  8.95387423e-01  9.63368997e-02  8.99925677e-01  3.99229023e-01 
 1.72765126e-01  8.96263178e-01  8.91280140e-01  8.95394369e-01  9.63424920e-02  8.99925677e-01  3.99177693e-01 
 1.72865126e-01  8.96268734e-01  8.91294171e-01  8.95401303e-01  9.63480930e-02  8.99925677e-01  3.99126363e-01 
 1.72965126e-01  8.96274280e-01  8.91308176e-01  8.95408226e-01  9.63537027e-02  8.99925677e-01  3.99075035e-01 
 1.73065126e-01  8.96279818e-01  8.91322155e-01  8.95415138e-01  9.63593211e-02  8.99925677e-01  3.99023706e-01 
 1.73165126e-01  8.96285347e-01  8.91336108e-01  8.95422038e-01  9.63649482e-02  8.99925677e-01  3.98972379e-01 
 1.73265126e-01  8.96290868e-01  8.91350035e-01  8.95428927e-01  9.63705840e-02  8.99925677e-01  3.98921052e-01 
 1.73365126e-01  8.96296380e-01  8.91363935e-01  8.95435806e-01  9.63762285e-02  8.99925677e-01  3.98869725e-01 
 1.73465126e-01  8.96301883e-01  8.91377810e-01  8.95442672e-01  9.63818817e-02  8.99925677e-01  3.98818399e-01 
 1.73565126e-01  8.96307377e-01  8.91391659e-01  8.95449528e-01  9.63875438e-02  8.99925677e-01  3.98767074e-01 
 1.73665126e-01  8.96312862e-01  8.91405482e-01  8.95456373e-01  9.63932146e-02  8.99925677e-01  3.98715750e-01 
 1.73765126e-01  8.96318339e-01  8.91419279e-01  8.95463207e-01  9.63988942e-02  8.99925677e-01  3.98664426e-01 
 1.73865126e-01  8.96323808e-01  8.91433051e-01  8.95470029e-01  9.64045826e-02  8.99925677e-01  3.98613103e-01 
 1.73965126e-01  8.96329267e-01  8.91446797e-01  8.95476841e-01  9.64102799e-02  8.99925677e-01  3.98561780e-01 
 1.74065126e-01  8.96334718e-01  8.91460518e-01  8.95483641e-01  9.64159859e-02  8.99925677e-01  3.98510458e-01 
 1.74165126e-01  8.96340161e-01  8.91474213e-01  8.95490430e-01  9.64217009e-02  8.99925677e-01  3.98459137e-01 
 1.74265126e-01  8.96345595e-01  8.91487882e-01  8.95497209e-01  9.64274247e-02  8.99925677e-01  3.98407816e-01 
 1.74365126e-01  8.96351020e-01  8.91501526e-01  8.95503976e-01  9.64331574e-02  8.99925677e-01  3.98356496e-01 
 1.74465126e-01  8.96356437e-01  8.91515145e-01  8.95510733e-01  9.64388990e-02  8.99925677e-01  3.98305176e-01 
 1.74565126e-01  8.96361845e-01  8.91528738e-01  8.95517478e-01  9.64446495e-02  8.99925677e-01  3.98253857e-01 
 1.74665126e-01  8.96367244e-01  8.91542307e-01  8.95524213e-01  9.64504089e-02  8.99925677e-01  3.98202539e-01 
 1.74765126e-01  8.96372636e-01  8.91555850e-01  8.95530937e-01  9.64561773e-02  8.99925677e-01  3.98151221e-01 
 1.74865126e-01  8.96378018e-01  8.91569368e-01  8.95537649e-01  9.64619546e-02  8.99925677e-01  3.98099904e-01 
 1.74965126e-01  8.96383392e-01  8.91582861e-01  8.95544351e-01  9.64677410e-02  8.99925677e-01  3.98048588e-01 
 1.75065126e-01  8.96388758e-01  8.91596329e-01  8.95551043e-01  9.64735363e-02  8.99925677e-01  3.97997272e-01 
 1.75165126e-01  8.96394115e-01  8.91609772e-01  8.95557723e-01  9.64793406e-02  8.99925677e-01  3.97945957e-01 
 1.75265126e-01  8.96399464e-01  8.91623191e-01  8.95564393e-01  9.64851540e-02  8.99925677e-01  3.97894642e-01 
 1.75365126e-01  8.96404804e-01  8.91636584e-01  8.95571051e-01  9.64909764e-02  8.99925677e-01  3.97843328e-01 
 1.75465126e-01  8.96410136e-01  8.91649953e-01  8.95577699e-01  9.64968079e-02  8.99925677e-01  3.97792015e-01 
 1.75565126e-01  8.96415460e-01  8.91663297e-01  8.95584337e-01  9.65026484e-02  8.99925677e-01  3.97740702e-01 
 1.75665126e-01  8.96420775e-01  8.91676617e-01  8.95590963e-01  9.65084980e-02  8.99925677e-01  3.97689390e-01 
 1.75765126e-01  8.96426082e-01  8.91689912e-01  8.95597579e-01  9.65143568e-02  8.99925677e-01  3.97638079e-01 
 1.75865126e-01  8.96431380e-01  8.91703182e-01  8.95604184e-01  9.65202246e-02  8.99925677e-01  3.97586768e-01 
 1.75965126e-01  8.96436670e-01  8.91716428e-01  8.95610779e-01  9.65261016e-02  8.99925677e-01  3.97535458e-01 
 1.76065126e-01  8.96441952e-01  8.91729650e-01  8.95617363e-01  9.65319877e-02  8.99925677e-01  3.97484148e-01 
 1.76165126e-01  8.96447226e-01  8.91742847e-01  8.95623936e-01  9.65378830e-02  8.99925677e-01  3.97432839e-01 
 1.76265126e-01  8.96452491e-01  8.91756020e-01  8.95630499e-01  9.65437875e-02  8.99925677e-01  3.97381531e-01 
 1.76365126e-01  8.96457748e-01  8.91769169e-01  8.95637051e-01  9.65497012e-02  8.99925677e-01  3.97330223e-01 
 1.76465126e-01  8.96462996e-01  8.91782294e-01  8.95643592e-01  9.65556241e-02  8.99925677e-01  3.97278916e-01 
 1.76565126e-01  8.96468237e-01  8.91795394e-01  8.95650123e-01  9.65615563e-02  8.99925677e-01  3.97227609e-01 
 1.76665126e-01  8.96473469e-01  8.91808471e-01  8.95656644e-01  9.65674977e-02  8.99925677e-01  3.97176303e-01 
 1.76765126e-01  8.96478693e-01  8.91821523e-01  8.95663154e-01  9.65734483e-02  8.99925677e-01  3.97124998e-01 
 1.76865126e-01  8.96483908e-01  8.91834552e-01  8.95669653e-01  9.65794083e-02  8.99925677e-01  3.97073694e-01 
 1.76965126e-01  8.96489116e-01  8.91847557e-01  8.95676142e-01  9.65853775e-02  8.99925677e-01  3.97022390e-01 
 1.77065126e-01  8.96494315e-01  8.91860538e-01  8.95682621e-01  9.65913561e-02  8.99925677e-01  3.96971086e-01 
 1.77165126e-01  8.96499506e-01  8.91873495e-01  8.95689089e-01  9.65973440e-02  8.99925677e-01  3.96919784e-01 
 1.77265126e-01  8.96504689e-01  8.91886428e-01  8.95695547e-01  9.66033412e-02  8.99925677e-01  3.96868481e-01 
 1.77365126e-01  8.96509864e-01  8.91899338e-01  8.95701994e-01  9.66093478e-02  8.99925677e-01  3.96817180e-01 
 1.77465126e-01  8.96515031e-01  8.91912224e-01  8.95708431e-01  9.66153638e-02  8.99925677e-01  3.96765879e-01 
 1.77565126e-01  8.96520190e-01  8.91925087e-01  8.95714857e-01  9.66213892e-02  8.99925677e-01  3.96714579e-01 
 1.77665126e-01  8.96525340e-01  8.91937926e-01  8.95721274e-01  9.66274239e-02  8.99925677e-01  3.96663279e-01 
 1.77765126e-01  8.96530483e-01  8.91950741e-01  8.95727680e-01  9.66334682e-02  8.99925677e-01  3.96611980e-01 
 1.77865126e-01  8.96535617e-01  8.91963534e-01  8.95734075e-01  9.66395218e-02  8.99925677e-01  3.96560682e-01 
 1.77965126e-01  8.96540743e-01  8.91976303e-01  8.95740461e-01  9.66455849e-02  8.99925677e-01  3.96509384e-01 
 1.78065126e-01  8.96545862e-01  8.91989048e-01  8.95746836e-01  9.66516576e-02  8.99925677e-01  3.96458087e-01 
 1.78165126e-01  8.96550972e-01  8.92001771e-01  8.95753201e-01  9.66577397e-02  8.99925677e-01  3.96406790e-01 
 1.78265126e-01  8.96556074e-01  8.92014470e-01  8.95759556e-01  9.66638313e-02  8.99925677e-01  3.96355494e-01 
 1.78365126e-01  8.96561169e-01  8.92027146e-01  8.95765900e-01  9.66699324e-02  8.99925677e-01  3.96304199e-01 
 1.78465126e-01  8.96566255e-01  8.92039799e-01  8.95772234e-01  9.66760431e-02  8.99925677e-01  3.96252904e-01 
 1.78565126e-01  8.96571333e-01  8.92052429e-01  8.95778559e-01  9.66821634e-02  8.99925677e-01  3.96201610e-01 
 1.78665126e-01  8.96576404e-01  8.92065036e-01  8.95784873e-01  9.66882932e-02  8.99925677e-01  3.96150317e-01 
 1.78765126e-01  8.96581466e-01  8.92077621e-01  8.95791176e-01  9.66944327e-02  8.99925677e-01  3.96099024e-01 
 1.78865126e-01  8.96586521e-01  8.92090182e-01  8.95797470e-01  9.67005817e-02  8.99925677e-01  3.96047732e-01 
 1.78965126e-01  8.96591567e-01  8.92102720e-01  8.95803754e-01  9.67067404e-02  8.99925677e-01  3.95996440e-01 
 1.79065126e-01  8.96596606e-01  8.92115236e-01  8.95810027e-01  9.67129087e-02  8.99925677e-01  3.95945149e-01 
 1.79165126e-01  8.96601637e-01  8.92127729e-01  8.95816291e-01  9.67190867e-02  8.99925677e-01  3.95893859e-01 
 1.79265126e-01  8.96606660e-01  8.92140200e-01  8.95822544e-01  9.67252744e-02  8.99925677e-01  3.95842569e-01 
 1.79365126e-01  8.96611675e-01  8.92152648e-01  8.95828788e-01  9.67314718e-02  8.99925677e-01  3.95791280e-01 
 1.79465126e-01  8.96616682e-01  8.92165073e-01  8.95835021e-01  9.67376789e-02  8.99925677e-01  3.95739992e-01 
 1.79565126e-01  8.96621681e-01  8.92177476e-01  8.95841245e-01  9.67438957e-02  8.99925677e-01  3.95688704e-01 
 1.79665126e-01  8.96626673e-01  8.92189856e-01  8.95847459e-01  9.67501223e-02  8.99925677e-01  3.95637417e-01 
 1.79765126e-01  8.96631657e-01  8.92202214e-01  8.95853662e-01  9.67563586e-02  8.99925677e-01  3.95586130e-01 
 1.79865126e-01  8.96636633e-01  8.92214550e-01  8.95859856e-01  9.67626048e-02  8.99925677e-01  3.95534844e-01 
 1.79965126e-01  8.96641601e-01  8.92226863e-01  8.95866040e-01  9.67688607e-02  8.99925677e-01  3.95483559e-01 
 1.80065126e-01  8.96646561e-01  8.92239154e-01  8.95872213e-01  9.67751265e-02  8.99925677e-01  3.95432274e-01 
 1.80165126e-01  8.96651514e-01  8.92251423e-01  8.95878377e-01  9.67814021e-02  8.99925677e-01  3.95380990e-01 
 1.80265126e-01  8.96656459e-01  8.92263670e-01  8.95884532e-01  9.67876875e-02  8.99925677e-01  3.95329707e-01 
 1.80365126e-01  8.96661396e-01  8.92275895e-01  8.95890676e-01  9.67939828e-02  8.99925677e-01  3.95278424e-01 
 1.80465126e-01  8.96666326e-01  8.92288098e-01  8.95896810e-01  9.68002881e-02  8.99925677e-01  3.95227142e-01 
 1.80565126e-01  8.96671247e-01  8.92300278e-01  8.95902935e-01  9.68066032e-02  8.99925677e-01  3.95175860e-01 
 1.80665126e-01  8.96676162e-01  8.92312437e-01  8.95909050e-01  9.68129282e-02  8.99925677e-01  3.95124579e-01 
 1.80765126e-01  8.96681068e-01  8.92324574e-01  8.95915155e-01  9.68192632e-02  8.99925677e-01  3.95073299e-01 
 1.80865126e-01  8.96685967e-01  8.92336689e-01  8.95921250e-01  9.68256082e-02  8.99925677e-01  3.95022019e-01 
 1.80965126e-01  8.96690858e-01  8.92348782e-01  8.95927336e-01  9.68319631e-02  8.99925677e-01  3.94970740e-01 
 1.81065126e-01  8.96695742e-01  8.92360854e-01  8.95933412e-01  9.68383281e-02  8.99925677e-01  3.94919461e-01 
 1.81165126e-01  8.96700617e-01  8.92372903e-01  8.95939478e-01  9.68447030e-02  8.99925677e-01  3.94868184e-01 
 1.81265126e-01  8.96705486e-01  8.92384932e-01  8.95945535e-01  9.68510880e-02  8.99925677e-01  3.94816906e-01 
 1.81365126e-01  8.96710346e-01  8.92396938e-01  8.95951582e-01  9.68574830e-02  8.99925677e-01  3.94765630e-01 
 1.81465126e-01  8.96715200e-01  8.92408923e-01  8.95957619e-01  9.68638881e-02  8.99925677e-01  3.94714354e-01 
 1.81565126e-01  8.96720045e-01  8.92420887e-01  8.95963647e-01  9.68703033e-02  8.99925677e-01  3.94663078e-01 
 1.81665126e-01  8.96724883e-01  8.92432829e-01  8.95969665e-01  9.68767286e-02  8.99925677e-01  3.94611804e-01 
 1.81765126e-01  8.96729713e-01  8.92444749e-01  8.95975673e-01  9.68831640e-02  8.99925677e-01  3.94560529e-01 
 1.81865126e-01  8.96734536e-01  8.92456649e-01  8.95981672e-01  9.68896096e-02  8.99925677e-01  3.94509256e-01 
 1.81965126e-01  8.96739352e-01  8.92468527e-01  8.95987661e-01  9.68960653e-02  8.99925677e-01  3.94457983e-01 
 1.82065126e-01  8.96744160e-01  8.92480384e-01  8.95993641e-01  9.69025312e-02  8.99925677e-01  3.94406711e-01 
 1.82165126e-01  8.96748960e-01  8.92492219e-01  8.95999611e-01  9.69090073e-02  8.99925677e-01  3.94355439e-01 
 1.82265126e-01  8.96753753e-01  8.92504033e-01  8.96005572e-01  9.69154936e-02  8.99925677e-01  3.94304168e-01 
 1.82365126e-01  8.96758539e-01  8.92515827e-01  8.96011523e-01  9.69219901e-02  8.99925677e-01  3.94252898e-01 
 1.82465126e-01  8.96763317e-01  8.92527599e-01  8.96017465e-01  9.69284969e-02  8.99925677e-01  3.94201628e-01 
 1.82565126e-01  8.96768087e-01  8.92539350e-01  8.96023397e-01  9.69350140e-02  8.99925677e-01  3.94150359e-01 
 1.82665126e-01  8.96772850e-01  8.92551080e-01  8.96029320e-01  9.69415413e-02  8.99925677e-01  3.94099090e-01 
 1.82765126e-01  8.96777606e-01  8.92562789e-01  8.96035233e-01  9.69480790e-02  8.99925677e-01  3.94047822e-01 
 1.82865126e-01  8.96782354e-01  8.92574478e-01  8.96041137e-01  9.69546269e-02  8.99925677e-01  3.93996555e-01 
 1.82965126e-01  8.96787095e-01  8.92586145e-01  8.96047032e-01  9.69611852e-02  8.99925677e-01  3.93945288e-01 
 1.83065126e-01  8.96791829e-01  8.92597792e-01  8.96052917e-01  9.69677539e-02  8.99925677e-01  3.93894022e-01 
 1.83165126e-01  8.96796555e-01  8.92609418e-01  8.96058793e-01  9.69743330e-02  8.99925677e-01  3.93842757e-01 
 1.83265126e-01  8.96801274e-01  8.92621023e-01  8.96064659e-01  9.69809224e-02  8.99925677e-01  3.93791492e-01 
 1.83365126e-01  8.96805986e-01  8.92632608e-01  8.96070517e-01  9.69875223e-02  8.99925677e-01  3.93740228e-01 
 1.83465126e-01  8.96810690e-01  8.92644172e-01  8.96076365e-01  9.69941326e-02  8.99925677e-01  3.93688964e-01 
 1.83565126e-01  8.96815387e-01  8.92655715e-01  8.96082203e-01  9.70007534e-02  8.99925677e-01  3.93637701e-01 
 1.83665126e-01  8.96820076e-01  8.92667238e-01  8.96088032e-01  9.70073846e-02  8.99925677e-01  3.93586439e-01 
 1.83765126e-01  8.96824759e-01  8.92678741e-01  8.96093853e-01  9.70140263e-02  8.99925677e-01  3.93535177e-01 
 1.83865126e-01  8.96829434e-01  8.92690223e-01  8.96099663e-01  9.70206786e-02  8.99925677e-01  3.93483916e-01 
 1.83965126e-01  8.96834101e-01  8.92701684e-01  8.96105465e-01  9.70273413e-02  8.99925677e-01  3.93432656e-01 
 1.84065126e-01  8.96838762e-01  8.92713126e-01  8.96111257e-01  9.70340146e-02  8.99925677e-01  3.93381396e-01 
 1.84165126e-01  8.96843415e-01  8.92724547e-01  8.96117041e-01  9.70406985e-02  8.99925677e-01  3.93330137e-01 
 1.84265126e-01  8.96848061e-01  8.92735947e-01  8.96122815e-01  9.70473930e-02  8.99925677e-01  3.93278878e-01 
 1.84365126e-01  8.96852700e-01  8.92747328e-01  8.96128580e-01  9.70540981e-02  8.99925677e-01  3.93227620e-01 
 1.84465126e-01  8.96857332e-01  8.92758688e-01  8.96134335e-01  9.70608138e-02  8.99925677e-01  3.93176363e-01 
 1.84565126e-01  8.96861956e-01  8.92770029e-01  8.96140082e-01  9.70675401e-02  8.99925677e-01  3.93125106e-01 
 1.84665126e-01  8.96866573e-01  8.92781349e-01  8.96145820e-01  9.70742772e-02  8.99925677e-01  3.93073850e-01 
 1.84765126e-01  8.96871183e-01  8.92792649e-01  8.96151548e-01  9.70810249e-02  8.99925677e-01  3.93022595e-01 
 1.84865126e-01  8.96875786e-01  8.92803929e-01  8.96157267e-01  9.70877833e-02  8.99925677e-01  3.92971340e-01 
 1.84965126e-01  8.96880382e-01  8.92815189e-01  8.96162978e-01  9.70945524e-02  8.99925677e-01  3.92920086e-01 
 1.85065126e-01  8.96884971e-01  8.92826430e-01  8.96168679e-01  9.71013323e-02  8.99925677e-01  3.92868832e-01 
 1.85165126e-01  8.96889552e-01  8.92837650e-01  8.96174371e-01  9.71081229e-02  8.99925677e-01  3.92817579e-01 
 1.85265126e-01  8.96894127e-01  8.92848851e-01  8.96180054e-01  9.71149243e-02  8.99925677e-01  3.92766327e-01 
 1.85365126e-01  8.96898694e-01  8.92860032e-01  8.96185728e-01  9.71217365e-02  8.99925677e-01  3.92715075e-01 
 1.85465126e-01  8.96903255e-01  8.92871193e-01  8.96191394e-01  9.71285595e-02  8.99925677e-01  3.92663824e-01 
 1.85565126e-01  8.96907808e-01  8.92882335e-01  8.96197050e-01  9.71353934e-02  8.99925677e-01  3.92612574e-01 
 1.85665126e-01  8.96912354e-01  8.92893456e-01  8.96202697e-01  9.71422381e-02  8.99925677e-01  3.92561324e-01 
 1.85765126e-01  8.96916893e-01  8.92904559e-01  8.96208336e-01  9.71490937e-02  8.99925677e-01  3.92510074e-01 
 1.85865126e-01  8.96921425e-01  8.92915641e-01  8.96213965e-01  9.71559603e-02  8.99925677e-01  3.92458826e-01 
 1.85965126e-01  8.96925950e-01  8.92926705e-01  8.96219585e-01  9.71628377e-02  8.99925677e-01  3.92407578e-01 
 1.86065126e-01  8.96930468e-01  8.92937748e-01  8.96225197e-01  9.71697260e-02  8.99925677e-01  3.92356331e-01 
 1.86165126e-01  8.96934979e-01  8.92948773e-01  8.96230800e-01  9.71766254e-02  8.99925677e-01  3.92305084e-01 
 1.86265126e-01  8.96939483e-01  8.92959777e-01  8.96236394e-01  9.71835357e-02  8.99925677e-01  3.92253838e-01 
 1.86365126e-01  8.96943981e-01  8.92970763e-01  8.96241979e-01  9.71904570e-02  8.99925677e-01  3.92202592e-01 
 1.86465126e-01  8.96948471e-01  8.92981729e-01  8.96247555e-01  9.71973893e-02  8.99925677e-01  3.92151347e-01 
 1.86565126e-01  8.96952954e-01  8.92992676e-01  8.96253123e-01  9.72043326e-02  8.99925677e-01  3.92100103e-01 
 1.86665126e-01  8.96957430e-01  8.93003604e-01  8.96258681e-01  9.72112871e-02  8.99925677e-01  3.92048859e-01 
 1.86765126e-01  8.96961900e-01  8.93014513e-01  8.96264231e-01  9.72182526e-02  8.99925677e-01  3.91997616e-01 
 1.86865126e-01  8.96966362e-01  8.93025402e-01  8.96269772e-01  9.72252292e-02  8.99925677e-01  3.91946374e-01 
 1.86965126e-01  8.96970817e-01  8.93036272e-01  8.96275305e-01  9.72322169e-02  8.99925677e-01  3.91895132e-01 
 1.87065126e-01  8.96975266e-01  8.93047124e-01  8.96280828e-01  9.72392157e-02  8.99925677e-01  3.91843891e-01 
 1.87165126e-01  8.96979708e-01  8.93057956e-01  8.96286343e-01  9.72462257e-02  8.99925677e-01  3.91792651e-01 
 1.87265126e-01  8.96984143e-01  8.93068769e-01  8.96291849e-01  9.72532469e-02  8.99925677e-01  3.91741411e-01 
 1.87365126e-01  8.96988571e-01  8.93079564e-01  8.96297347e-01  9.72602793e-02  8.99925677e-01  3.91690171e-01 
 1.87465126e-01  8.96992992e-01  8.93090339e-01  8.96302836e-01  9.72673230e-02  8.99925677e-01  3.91638933e-01 
 1.87565126e-01  8.96997406e-01  8.93101096e-01  8.96308316e-01  9.72743778e-02  8.99925677e-01  3.91587695e-01 
 1.87665126e-01  8.97001814e-01  8.93111834e-01  8.96313788e-01  9.72814439e-02  8.99925677e-01  3.91536457e-01 
 1.87765126e-01  8.97006215e-01  8.93122553e-01  8.96319251e-01  9.72885214e-02  8.99925677e-01  3.91485221e-01 
 1.87865126e-01  8.97010608e-01  8.93133253e-01  8.96324705e-01  9.72956101e-02  8.99925677e-01  3.91433984e-01 
 1.87965126e-01  8.97014996e-01  8.93143935e-01  8.96330151e-01  9.73027101e-02  8.99925677e-01  3.91382749e-01 
 1.88065126e-01  8.97019376e-01  8.93154598e-01  8.96335588e-01  9.73098215e-02  8.99925677e-01  3.91331514e-01 
 1.88165126e-01  8.97023750e-01  8.93165242e-01  8.96341016e-01  9.73169442e-02  8.99925677e-01  3.91280280e-01 
 1.88265126e-01  8.97028116e-01  8.93175868e-01  8.96346436e-01  9.73240784e-02  8.99925677e-01  3.91229046e-01 
 1.88365126e-01  8.97032476e-01  8.93186475e-01  8.96351848e-01  9.73312239e-02  8.99925677e-01  3.91177813e-01 
 1.88465126e-01  8.97036830e-01  8.93197064e-01  8.96357251e-01  9.73383809e-02  8.99925677e-01  3.91126580e-01 
 1.88565126e-01  8.97041176e-01  8.93207634e-01  8.96362645e-01  9.73455493e-02  8.99925677e-01  3.91075349e-01 
 1.88665126e-01  8.97045516e-01  8.93218186e-01  8.96368031e-01  9.73527292e-02  8.99925677e-01  3.91024118e-01 
 1.88765126e-01  8.97049850e-01  8.93228720e-01  8.96373409e-01  9.73599206e-02  8.99925677e-01  3.90972887e-01 
 1.88865126e-01  8.97054176e-01  8.93239235e-01  8.96378778e-01  9.73671235e-02  8.99925677e-01  3.90921657e-01 
 1.88965126e-01  8.97058496e-01  8.93249732e-01  8.96384139e-01  9.73743380e-02  8.99925677e-01  3.90870428e-01 
 1.89065126e-01  8.97062809e-01  8.93260210e-01  8.96389491e-01  9.73815640e-02  8.99925677e-01  3.90819199e-01 
 1.89165126e-01  8.97067116e-01  8.93270671e-01  8.96394835e-01  9.73888015e-02  8.99925677e-01  3.90767971e-01 
 1.89265126e-01  8.97071416e-01  8.93281113e-01  8.96400170e-01  9.73960507e-02  8.99925677e-01  3.90716744e-01 
 1.89365126e-01  8.97075709e-01  8.93291537e-01  8.96405497e-01  9.74033115e-02  8.99925677e-01  3.90665517e-01 
 1.89465126e-01  8.97079996e-01  8.93301943e-01  8.96410816e-01  9.74105839e-02  8.99925677e-01  3.90614291e-01 
 1.89565126e-01  8.97084276e-01  8.93312331e-01  8.96416126e-01  9.74178680e-02  8.99925677e-01  3.90563065e-01 
 1.89665126e-01  8.97088549e-01  8.93322701e-01  8.96421428e-01  9.74251638e-02  8.99925677e-01  3.90511840e-01 
 1.89765126e-01  8.97092816e-01  8.93333053e-01  8.96426721e-01  9.74324713e-02  8.99925677e-01  3.90460616e-01 
 1.89865126e-01  8.97097077e-01  8.93343387e-01  8.96432007e-01  9.74397905e-02  8.99925677e-01  3.90409392e-01 
 1.89965126e-01  8.97101330e-01  8.93353703e-01  8.96437284e-01  9.74471215e-02  8.99925677e-01  3.90358169e-01 
 1.90065126e-01  8.97105578e-01  8.93364001e-01  8.96442552e-01  9.74544643e-02  8.99925677e-01  3.90306946e-01 
 1.90165126e-01  8.97109818e-01  8.93374281e-01  8.96447813e-01  9.74618188e-02  8.99925677e-01  3.90255725e-01 
 1.90265126e-01  8.97114052e-01  8.93384543e-01  8.96453065e-01  9.74691852e-02  8.99925677e-01  3.90204503e-01 
 1.90365126e-01  8.97118280e-01  8.93394788e-01  8.96458309e-01  9.74765634e-02  8.99925677e-01  3.90153283e-01 
 1.90465126e-01  8.97122501e-01  8.93405015e-01  8.96463544e-01  9.74839534e-02  8.99925677e-01  3.90102063e-01 
 1.90565126e-01  8.97126716e-01  8.93415225e-01  8.96468772e-01  9.74913553e-02  8.99925677e-01  3.90050843e-01 
 1.90665126e-01  8.97130924e-01  8.93425416e-01  8.96473991e-01  9.74987692e-02  8.99925677e-01  3.89999625e-01 
 1.90765126e-01  8.97135126e-01  8.93435590e-01  8.96479202e-01  9.75061949e-02  8.99925677e-01  3.89948407e-01 
 1.90865126e-01  8.97139321e-01  8.93445747e-01  8.96484405e-01  9.75136327e-02  8.99925677e-01  3.89897189e-01 
 1.90965126e-01  8.97143510e-01  8.93455886e-01  8.96489600e-01  9.75210823e-02  8.99925677e-01  3.89845972e-01 
 1.91065126e-01  8.97147692e-01  8.93466007e-01  8.96494786e-01  9.75285440e-02  8.99925677e-01  3.89794756e-01 
 1.91165126e-01  8.97151868e-01  8.93476111e-01  8.96499965e-01  9.75360177e-02  8.99925677e-01  3.89743541e-01 
 1.91265126e-01  8.97156037e-01  8.93486197e-01  8.96505135e-01  9.75435034e-02  8.99925677e-01  3.89692326e-01 
 1.91365126e-01  8.97160200e-01  8.93496267e-01  8.96510298e-01  9.75510012e-02  8.99925677e-01  3.89641111e-01 
 1.91465126e-01  8.97164357e-01  8.93506318e-01  8.96515452e-01  9.75585111e-02  8.99925677e-01  3.89589897e-01 
 1.91565126e-01  8.97168507e-01  8.93516353e-01  8.96520598e-01  9.75660331e-02  8.99925677e-01  3.89538684e-01 
 1.91665126e-01  8.97172651e-01  8.93526370e-01  8.96525736e-01  9.75735672e-02  8.99925677e-01  3.89487472e-01 
 1.91765126e-01  8.97176789e-01  8.93536370e-01  8.96530866e-01  9.75811134e-02  8.99925677e-01  3.89436260e-01 
 1.91865126e-01  8.97180920e-01  8.93546352e-01  8.96535988e-01  9.75886719e-02  8.99925677e-01  3.89385049e-01 
 1.91965126e-01  8.97185045e-01  8.93556318e-01  8.96541102e-01  9.75962425e-02  8.99925677e-01  3.89333838e-01 
 1.92065126e-01  8.97189163e-01  8.93566266e-01  8.96546208e-01  9.76038253e-02  8.99925677e-01  3.89282628e-01 
 1.92165126e-01  8.97193275e-01  8.93576198e-01  8.96551306e-01  9.76114204e-02  8.99925677e-01  3.89231419e-01 
 1.92265126e-01  8.97197381e-01  8.93586112e-01  8.96556396e-01  9.76190278e-02  8.99925677e-01  3.89180210e-01 
 1.92365126e-01  8.97201480e-01  8.93596009e-01  8.96561478e-01  9.76266474e-02  8.99925677e-01  3.89129002e-01 
 1.92465126e-01  8.97205574e-01  8.93605889e-01  8.96566552e-01  9.76342793e-02  8.99925677e-01  3.89077794e-01 
 1.92565126e-01  8.97209661e-01  8.93615752e-01  8.96571618e-01  9.76419236e-02  8.99925677e-01  3.89026587e-01 
 1.92665126e-01  8.97213741e-01  8.93625598e-01  8.96576677e-01  9.76495803e-02  8.99925677e-01  3.88975381e-01 
 1.92765126e-01  8.97217816e-01  8.93635428e-01  8.96581727e-01  9.76572493e-02  8.99925677e-01  3.88924176e-01 
 1.92865126e-01  8.97221884e-01  8.93645240e-01  8.96586769e-01  9.76649307e-02  8.99925677e-01  3.88872971e-01 
 1.92965126e-01  8.97225946e-01  8.93655036e-01  8.96591804e-01  9.76726246e-02  8.99925677e-01  3.88821766e-01 
 1.93065126e-01  8.97230002e-01  8.93664815e-01  8.96596831e-01  9.76803309e-02  8.99925677e-01  3.88770562e-01 
 1.93165126e-01  8.97234051e-01  8.93674577e-01  8.96601849e-01  9.76880496e-02  8.99925677e-01  3.88719359e-01 
 1.93265126e-01  8.97238094e-01  8.93684322e-01  8.96606861e-01  9.76957809e-02  8.99925677e-01  3.88668157e-01 
 1.93365126e-01  8.97242131e-01  8.93694051e-01  8.96611864e-01  9.77035247e-02  8.99925677e-01  3.88616955e-01 
 1.93465126e-01  8.97246162e-01  8.93703763e-01  8.96616859e-01  9.77112810e-02  8.99925677e-01  3.88565754e-01 
 1.93565126e-01  8.97250187e-01  8.93713458e-01  8.96621847e-01  9.77190499e-02  8.99925677e-01  3.88514553e-01 
 1.93665126e-01  8.97254205e-01  8.93723137e-01  8.96626826e-01  9.77268314e-02  8.99925677e-01  3.88463353e-01 
 1.93765126e-01  8.97258218e-01  8.93732799e-01  8.96631799e-01  9.77346255e-02  8.99925677e-01  3.88412153e-01 
 1.93865126e-01  8.97262224e-01  8.93742445e-01  8.96636763e-01  9.77424323e-02  8.99925677e-01  3.88360955e-01 
 1.93965126e-01  8.97266224e-01  8.93752074e-01  8.96641719e-01  9.77502517e-02  8.99925677e-01  3.88309757e-01 
 1.94065126e-01  8.97270218e-01  8.93761687e-01  8.96646668e-01  9.77580838e-02  8.99925677e-01  3.88258559e-01 
 1.94165126e-01  8.97274206e-01  8.93771283e-01  8.96651609e-01  9.77659286e-02  8.99925677e-01  3.88207362e-01 
 1.94265126e-01  8.97278187e-01  8.93780863e-01  8.96656543e-01  9.77737861e-02  8.99925677e-01  3.88156166e-01 
 1.94365126e-01  8.97282163e-01  8.93790427e-01  8.96661468e-01  9.77816564e-02  8.99925677e-01  3.88104970e-01 
 1.94465126e-01  8.97286133e-01  8.93799974e-01  8.96666386e-01  9.77895395e-02  8.99925677e-01  3.88053775e-01 
 1.94565126e-01  8.97290096e-01  8.93809505e-01  8.96671297e-01  9.77974354e-02  8.99925677e-01  3.88002581e-01 
 1.94665126e-01  8.97294053e-01  8.93819020e-01  8.96676199e-01  9.78053441e-02  8.99925677e-01  3.87951387e-01 
 1.94765126e-01  8.97298005e-01  8.93828518e-01  8.96681094e-01  9.78132657e-02  8.99925677e-01  3.87900194e-01 
 1.94865126e-01  8.97301950e-01  8.93838001e-01  8.96685982e-01  9.78212002e-02  8.99925677e-01  3.87849001e-01 
 1.94965126e-01  8.97305889e-01  8.93847467e-01  8.96690862e-01  9.78291475e-02  8.99925677e-01  3.87797809e-01 
 1.95065126e-01  8.97309823e-01  8.93856917e-01  8.96695734e-01  9.78371078e-02  8.99925677e-01  3.87746618e-01 
 1.95165126e-01  8.97313750e-01  8.93866351e-01  8.96700599e-01  9.78450811e-02  8.99925677e-01  3.87695427e-01 
 1.95265126e-01  8.97317671e-01  8.93875769e-01  8.96705456e-01  9.78530673e-02  8.99925677e-01  3.87644237e-01 
 1.95365126e-01  8.97321586e-01  8.93885171e-01  8.96710305e-01  9.78610665e-02  8.99925677e-01  3.87593048e-01 
 1.95465126e-01  8.97325495e-01  8.93894557e-01  8.96715147e-01  9.78690788e-02  8.99925677e-01  3.87541859e-01 
 1.95565126e-01  8.97329399e-01  8.93903927e-01  8.96719982e-01  9.78771041e-02  8.99925677e-01  3.87490671e-01 
 1.95665126e-01  8.97333296e-01  8.93913281e-01  8.96724808e-01  9.78851425e-02  8.99925677e-01  3.87439483e-01 
 1.95765126e-01  8.97337187e-01  8.93922619e-01  8.96729628e-01  9.78931940e-02  8.99925677e-01  3.87388296e-01 
 1.95865126e-01  8.97341072e-01  8.93931942e-01  8.96734440e-01  9.79012586e-02  8.99925677e-01  3.87337110e-01 
 1.95965126e-01  8.97344952e-01  8.93941248e-01  8.96739244e-01  9.79093364e-02  8.99925677e-01  3.87285924e-01 
 1.96065126e-01  8.97348825e-01  8.93950539e-01  8.96744041e-01  9.79174273e-02  8.99925677e-01  3.87234739e-01 
 1.96165126e-01  8.97352693e-01  8.93959814e-01  8.96748831e-01  9.79255315e-02  8.99925677e-01  3.87183555e-01 
 1.96265126e-01  8.97356555e-01  8.93969073e-01  8.96753613e-01  9.79336489e-02  8.99925677e-01  3.87132371e-01 
 1.96365126e-01  8.97360410e-01  8.93978316e-01  8.96758387e-01  9.79417795e-02  8.99925677e-01  3.87081188e-01 
 1.96465126e-01  8.97364260e-01  8.93987544e-01  8.96763154e-01  9.79499234e-02  8.99925677e-01  3.87030005e-01 
 1.96565126e-01  8.97368104e-01  8.93996756e-01  8.96767914e-01  9.79580807e-02  8.99925677e-01  3.86978823e-01 
 1.96665126e-01  8.97371942e-01  8.94005953e-01  8.96772667e-01  9.79662512e-02  8.99925677e-01  3.86927642e-01 
 1.96765126e-01  8.97375775e-01  8.94015134e-01  8.96777412e-01  9.79744351e-02  8.99925677e-01  3.86876461e-01 
 1.96865126e-01  8.97379601e-01  8.94024300e-01  8.96782149e-01  9.79826324e-02  8.99925677e-01  3.86825281e-01 
 1.96965126e-01  8.97383422e-01  8.94033450e-01  8.96786880e-01  9.79908431e-02  8.99925677e-01  3.86774102e-01 
 1.97065126e-01  8.97387236e-01  8.94042584e-01  8.96791603e-01  9.79990672e-02  8.99925677e-01  3.86722923e-01 
 1.97165126e-01  8.97391045e-01  8.94051703e-01  8.96796318e-01  9.80073048e-02  8.99925677e-01  3.86671744e-01 
 1.97265126e-01  8.97394848e-01  8.94060807e-01  8.96801026e-01  9.80155559e-02  8.99925677e-01  3.86620567e-01 
 1.97365126e-01  8.97398646e-01  8.94069895e-01  8.96805727e-01  9.80238205e-02  8.99925677e-01  3.86569390e-01 
 1.97465126e-01  8.97402437e-01  8.94078968e-01  8.96810421e-01  9.80320986e-02  8.99925677e-01  3.86518214e-01 
 1.97565126e-01  8.97406223e-01  8.94088026e-01  8.96815108e-01  9.80403903e-02  8.99925677e-01  3.86467038e-01 
 1.97665126e-01  8.97410003e-01  8.94097068e-01  8.96819787e-01  9.80486955e-02  8.99925677e-01  3.86415863e-01 
 1.97765126e-01  8.97413777e-01  8.94106095e-01  8.96824459e-01  9.80570144e-02  8.99925677e-01  3.86364688e-01 
 1.97865126e-01  8.97417545e-01  8.94115107e-01  8.96829123e-01  9.80653470e-02  8.99925677e-01  3.86313514e-01 
 1.97965126e-01  8.97421308e-01  8.94124103e-01  8.96833781e-01  9.80736932e-02  8.99925677e-01  3.86262341e-01 
 1.98065126e-01  8.97425065e-01  8.94133085e-01  8.96838431e-01  9.80820530e-02  8.99925677e-01  3.86211169e-01 
 1.98165126e-01  8.97428816e-01  8.94142051e-01  8.96843074e-01  9.80904266e-02  8.99925677e-01  3.86159997e-01 
 1.98265126e-01  8.97432562e-01  8.94151002e-01  8.96847710e-01  9.80988140e-02  8.99925677e-01  3.86108825e-01 
 1.98365126e-01  8.97436302e-01  8.94159938e-01  8.96852338e-01  9.81072151e-02  8.99925677e-01  3.86057655e-01 
 1.98465126e-01  8.97440036e-01  8.94168859e-01  8.96856960e-01  9.81156300e-02  8.99925677e-01  3.86006484e-01 
 1.98565126e-01  8.97443764e-01  8.94177765e-01  8.96861574e-01  9.81240588e-02  8.99925677e-01  3.85955315e-01 
 1.98665126e-01  8.97447487e-01  8.94186656e-01  8.96866181e-01  9.81325014e-02  8.99925677e-01  3.85904146e-01 
 1.98765126e-01  8.97451204e-01  8.94195532e-01  8.96870781e-01  9.81409579e-02  8.99925677e-01  3.85852978e-01 
 1.98865126e-01  8.97454915e-01  8.94204394e-01  8.96875374e-01  9.81494283e-02  8.99925677e-01  3.85801810e-01 
 1.98965126e-01  8.97458621e-01  8.94213240e-01  8.96879960e-01  9.81579126e-02  8.99925677e-01  3.85750643e-01 
 1.99065126e-01  8.97462321e-01  8.94222071e-01  8.96884539e-01  9.81664109e-02  8.99925677e-01  3.85699477e-01 
 1.99165126e-01  8.97466016e-01  8.94230888e-01  8.96889110e-01  9.81749232e-02  8.99925677e-01  3.85648311e-01 
 1.99265126e-01  8.97469704e-01  8.94239689e-01  8.96893675e-01  9.81834495e-02  8.99925677e-01  3.85597146e-01 
 1.99365126e-01  8.97473388e-01  8.94248476e-01  8.96898232e-01  9.81919898e-02  8.99925677e-01  3.85545982e-01 
 1.99465126e-01  8.97477065e-01  8.94257249e-01  8.96902783e-01  9.82005442e-02  8.99925677e-01  3.85494818e-01 
 1.99565126e-01  8.97480737e-01  8.94266006e-01  8.96907326e-01  9.82091127e-02  8.99925677e-01  3.85443654e-01 
 1.99665126e-01  8.97484404e-01  8.94274749e-01  8.96911862e-01  9.82176953e-02  8.99925677e-01  3.85392492e-01 
 1.99765126e-01  8.97488065e-01  8.94283477e-01  8.96916392e-01  9.82262921e-02  8.99925677e-01  3.85341330e-01 
 1.99865126e-01  8.97491720e-01  8.94292190e-01  8.96920914e-01  9.82349031e-02  8.99925677e-01  3.85290168e-01 
 1.99965126e-01  8.97495370e-01  8.94300889e-01  8.96925429e-01  9.82435282e-02  8.99925677e-01  3.85239008e-01 
 2.00065126e-01  8.97499014e-01  8.94309573e-01  8.96929938e-01  9.82521676e-02  8.99925677e-01  3.85187848e-01 
 2.00165126e-01  8.97502652e-01  8.94318243e-01  8.96934439e-01  9.82608213e-02  8.99925677e-01  3.85136688e-01 
 2.00265126e-01  8.97506285e-01  8.94326898e-01  8.96938934e-01  9.82694893e-02  8.99925677e-01  3.85085529e-01 
 2.00365126e-01  8.97509913e-01  8.94335539e-01  8.96943421e-01  9.82781715e-02  8.99925677e-01  3.85034371e-01 
 2.00465126e-01  8.97513535e-01  8.94344165e-01  8.96947902e-01  9.82868682e-02  8.99925677e-01  3.84983213e-01 
 2.00565126e-01  8.97517152e-01  8.94352777e-01  8.96952375e-01  9.82955792e-02  8.99925677e-01  3.84932056e-01 
 2.00665126e-01  8.97520763e-01  8.94361375e-01  8.96956842e-01  9.83043046e-02  8.99925677e-01  3.84880900e-01 
 2.00765126e-01  8.97524368e-01  8.94369958e-01  8.96961302e-01  9.83130444e-02  8.99925677e-01  3.84829744e-01 
 2.00865126e-01  8.97527968e-01  8.94378526e-01  8.96965755e-01  9.83217987e-02  8.99925677e-01  3.84778589e-01 
 2.00965126e-01  8.97531563e-01  8.94387081e-01  8.96970201e-01  9.83305675e-02  8.99925677e-01  3.84727434e-01 
 2.01065126e-01  8.97535152e-01  8.94395621e-01  8.96974640e-01  9.83393508e-02  8.99925677e-01  3.84676280e-01 
 2.01165126e-01  8.97538736e-01  8.94404147e-01  8.96979073e-01  9.83481486e-02  8.99925677e-01  3.84625127e-01 
 2.01265126e-01  8.97542314e-01  8.94412658e-01  8.96983498e-01  9.83569610e-02  8.99925677e-01  3.84573975e-01 
 2.01365126e-01  8.97545887e-01  8.94421155e-01  8.96987917e-01  9.83657881e-02  8.99925677e-01  3.84522823e-01 
 2.01465126e-01  8.97549454e-01  8.94429639e-01  8.96992329e-01  9.83746297e-02  8.99925677e-01  3.84471671e-01 
 2.01565126e-01  8.97553016e-01  8.94438108e-01  8.96996734e-01  9.83834860e-02  8.99925677e-01  3.84420520e-01 
 2.01665126e-01  8.97556573e-01  8.94446563e-01  8.97001132e-01  9.83923570e-02  8.99925677e-01  3.84369370e-01 
 2.01765126e-01  8.97560124e-01  8.94455003e-01  8.97005524e-01  9.84012427e-02  8.99925677e-01  3.84318221e-01 
 2.01865126e-01  8.97563670e-01  8.94463430e-01  8.97009908e-01  9.84101432e-02  8.99925677e-01  3.84267072e-01 
 2.01965126e-01  8.97567210e-01  8.94471843e-01  8.97014286e-01  9.84190584e-02  8.99925677e-01  3.84215924e-01 
 2.02065126e-01  8.97570745e-01  8.94480241e-01  8.97018658e-01  9.84279885e-02  8.99925677e-01  3.84164776e-01 
 2.02165126e-01  8.97574275e-01  8.94488626e-01  8.97023022e-01  9.84369334e-02  8.99925677e-01  3.84113629e-01 
 2.02265126e-01  8.97577799e-01  8.94496997e-01  8.97027380e-01  9.84458931e-02  8.99925677e-01  3.84062482e-01 
 2.02365126e-01  8.97581318e-01  8.94505354e-01  8.97031731e-01  9.84548677e-02  8.99925677e-01  3.84011337e-01 
 2.02465126e-01  8.97584832e-01  8.94513697e-01  8.97036075e-01  9.84638573e-02  8.99925677e-01  3.83960191e-01 
 2.02565126e-01  8.97588340e-01  8.94522026e-01  8.97040413e-01  9.84728618e-02  8.99925677e-01  3.83909047e-01 
 2.02665126e-01  8.97591843e-01  8.94530341e-01  8.97044744e-01  9.84818813e-02  8.99925677e-01  3.83857903e-01 
 2.02765126e-01  8.97595341e-01  8.94538642e-01  8.97049068e-01  9.84909158e-02  8.99925677e-01  3.83806760e-01 
 2.02865126e-01  8.97598833e-01  8.94546930e-01  8.97053386e-01  9.84999654e-02  8.99925677e-01  3.83755617e-01 
 2.02965126e-01  8.97602320e-01  8.94555203e-01  8.97057697e-01  9.85090300e-02  8.99925677e-01  3.83704475e-01 
 2.03065126e-01  8.97605802e-01  8.94563463e-01  8.97062001e-01  9.85181097e-02  8.99925677e-01  3.83653334e-01 
 2.03165126e-01  8.97609279e-01  8.94571710e-01  8.97066299e-01  9.85272046e-02  8.99925677e-01  3.83602193e-01 
 2.03265126e-01  8.97612750e-01  8.94579942e-01  8.97070590e-01  9.85363146e-02  8.99925677e-01  3.83551053e-01 
 2.03365126e-01  8.97616216e-01  8.94588161e-01  8.97074875e-01  9.85454398e-02  8.99925677e-01  3.83499913e-01 
 2.03465126e-01  8.97619677e-01  8.94596367e-01  8.97079153e-01  9.85545802e-02  8.99925677e-01  3.83448774e-01 
 2.03565126e-01  8.97623132e-01  8.94604558e-01  8.97083424e-01  9.85637359e-02  8.99925677e-01  3.83397636e-01 
 2.03665126e-01  8.97626582e-01  8.94612736e-01  8.97087689e-01  9.85729068e-02  8.99925677e-01  3.83346498e-01 
 2.03765126e-01  8.97630027e-01  8.94620901e-01  8.97091947e-01  9.85820931e-02  8.99925677e-01  3.83295361e-01 
 2.03865126e-01  8.97633467e-01  8.94629052e-01  8.97096199e-01  9.85912947e-02  8.99925677e-01  3.83244225e-01 
 2.03965126e-01  8.97636902e-01  8.94637189e-01  8.97100444e-01  9.86005117e-02  8.99925677e-01  3.83193089e-01 
 2.04065126e-01  8.97640331e-01  8.94645314e-01  8.97104683e-01  9.86097441e-02  8.99925677e-01  3.83141954e-01 
 2.04165126e-01  8.97643755e-01  8.94653424e-01  8.97108915e-01  9.86189919e-02  8.99925677e-01  3.83090819e-01 
 2.04265126e-01  8.97647174e-01  8.94661521e-01  8.97113141e-01  9.86282552e-02  8.99925677e-01  3.83039685e-01 
 2.04365126e-01  8.97650588e-01  8.94669605e-01  8.97117360e-01  9.86375340e-02  8.99925677e-01  3.82988552e-01 
 2.04465126e-01  8.97653997e-01  8.94677675e-01  8.97121573e-01  9.86468283e-02  8.99925677e-01  3.82937419e-01 
 2.04565126e-01  8.97657401e-01  8.94685732e-01  8.97125779e-01  9.86561382e-02  8.99925677e-01  3.82886287e-01 
 2.04665126e-01  8.97660799e-01  8.94693776e-01  8.97129979e-01  9.86654637e-02  8.99925677e-01  3.82835156e-01 
 2.04765126e-01  8.97664192e-01  8.94701807e-01  8.97134172e-01  9.86748048e-02  8.99925677e-01  3.82784025e-01 
 2.04865126e-01  8.97667580e-01  8.94709824e-01  8.97138359e-01  9.86841615e-02  8.99925677e-01  3.82732895e-01 
 2.04965126e-01  8.97670963e-01  8.94717828e-01  8.97142539e-01  9.86935340e-02  8.99925677e-01  3.82681765e-01 
 2.05065126e-01  8.97674341e-01  8.94725818e-01  8.97146713e-01  9.87029221e-02  8.99925677e-01  3.82630636e-01 
 2.05165126e-01  8.97677714e-01  8.94733796e-01  8.97150881e-01  9.87123260e-02  8.99925677e-01  3.82579508e-01 
 2.05265126e-01  8.97681081e-01  8.94741760e-01  8.97155042e-01  9.87217457e-02  8.99925677e-01  3.82528380e-01 
 2.05365126e-01  8.97684444e-01  8.94749711e-01  8.97159197e-01  9.87311812e-02  8.99925677e-01  3.82477253e-01 
 2.05465126e-01  8.97687802e-01  8.94757649e-01  8.97163345e-01  9.87406325e-02  8.99925677e-01  3.82426127e-01 
 2.05565126e-01  8.97691154e-01  8.94765574e-01  8.97167487e-01  9.87500997e-02  8.99925677e-01  3.82375001e-01 
 2.05665126e-01  8.97694501e-01  8.94773486e-01  8.97171623e-01  9.87595828e-02  8.99925677e-01  3.82323876e-01 
 2.05765126e-01  8.97697844e-01  8.94781385e-01  8.97175753e-01  9.87690819e-02  8.99925677e-01  3.82272751e-01 
 2.05865126e-01  8.97701181e-01  8.94789271e-01  8.97179876e-01  9.87785969e-02  8.99925677e-01  3.82221627e-01 
 2.05965126e-01  8.97704513e-01  8.94797143e-01  8.97183992e-01  9.87881279e-02  8.99925677e-01  3.82170504e-01 
 2.06065126e-01  8.97707840e-01  8.94805003e-01  8.97188103e-01  9.87976750e-02  8.99925677e-01  3.82119381e-01 
 2.06165126e-01  8.97711162e-01  8.94812850e-01  8.97192207e-01  9.88072381e-02  8.99925677e-01  3.82068259e-01 
 2.06265126e-01  8.97714479e-01  8.94820684e-01  8.97196305e-01  9.88168174e-02  8.99925677e-01  3.82017138e-01 
 2.06365126e-01  8.97717791e-01  8.94828505e-01  8.97200396e-01  9.88264128e-02  8.99925677e-01  3.81966017e-01 
 2.06465126e-01  8.97721098e-01  8.94836313e-01  8.97204482e-01  9.88360243e-02  8.99925677e-01  3.81914897e-01 
 2.06565126e-01  8.97724401e-01  8.94844109e-01  8.97208561e-01  9.88456520e-02  8.99925677e-01  3.81863777e-01 
 2.06665126e-01  8.97727698e-01  8.94851891e-01  8.97212634e-01  9.88552960e-02  8.99925677e-01  3.81812658e-01 
 2.06765126e-01  8.97730990e-01  8.94859661e-01  8.97216700e-01  9.88649562e-02  8.99925677e-01  3.81761540e-01 
 2.06865126e-01  8.97734277e-01  8.94867418e-01  8.97220760e-01  9.88746328e-02  8.99925677e-01  3.81710422e-01 
 2.06965126e-01  8.97737559e-01  8.94875162e-01  8.97224815e-01  9.88843256e-02  8.99925677e-01  3.81659305e-01 
 2.07065126e-01  8.97740836e-01  8.94882894e-01  8.97228863e-01  9.88940349e-02  8.99925677e-01  3.81608188e-01 
 2.07165126e-01  8.97744109e-01  8.94890613e-01  8.97232904e-01  9.89037605e-02  8.99925677e-01  3.81557073e-01 
 2.07265126e-01  8.97747376e-01  8.94898319e-01  8.97236940e-01  9.89135026e-02  8.99925677e-01  3.81505957e-01 
 2.07365126e-01  8.97750638e-01  8.94906012e-01  8.97240969e-01  9.89232611e-02  8.99925677e-01  3.81454843e-01 
 2.07465126e-01  8.97753896e-01  8.94913693e-01  8.97244992e-01  9.89330361e-02  8.99925677e-01  3.81403729e-01 
 2.07565126e-01  8.97757149e-01  8.94921361e-01  8.97249009e-01  9.89428277e-02  8.99925677e-01  3.81352616e-01 
 2.07665126e-01  8.97760396e-01  8.94929017e-01  8.97253020e-01  9.89526358e-02  8.99925677e-01  3.81301503e-01 
 2.07765126e-01  8.97763639e-01  8.94936660e-01  8.97257025e-01  9.89624605e-02  8.99925677e-01  3.81250391e-01 
 2.07865126e-01  8.97766877e-01  8.94944291e-01  8.97261024e-01  9.89723019e-02  8.99925677e-01  3.81199279e-01 
 2.07965126e-01  8.97770110e-01  8.94951909e-01  8.97265016e-01  9.89821599e-02  8.99925677e-01  3.81148168e-01 
 2.08065126e-01  8.97773338e-01  8.94959514e-01  8.97269003e-01  9.89920347e-02  8.99925677e-01  3.81097058e-01 
 2.08165126e-01  8.97776561e-01  8.94967108e-01  8.97272983e-01  9.90019261e-02  8.99925677e-01  3.81045949e-01 
 2.08265126e-01  8.97779780e-01  8.94974688e-01  8.97276957e-01  9.90118344e-02  8.99925677e-01  3.80994840e-01 
 2.08365126e-01  8.97782993e-01  8.94982257e-01  8.97280925e-01  9.90217594e-02  8.99925677e-01  3.80943731e-01 
 2.08465126e-01  8.97786202e-01  8.94989812e-01  8.97284888e-01  9.90317013e-02  8.99925677e-01  3.80892624e-01 
 2.08565126e-01  8.97789406e-01  8.94997356e-01  8.97288844e-01  9.90416601e-02  8.99925677e-01  3.80841516e-01 
 2.08665126e-01  8.97792605e-01  8.95004887e-01  8.97292794e-01  9.90516357e-02  8.99925677e-01  3.80790410e-01 
 2.08765126e-01  8.97795799e-01  8.95012406e-01  8.97296738e-01  9.90616284e-02  8.99925677e-01  3.80739304e-01 
 2.08865126e-01  8.97798989e-01  8.95019913e-01  8.97300676e-01  9.90716379e-02  8.99925677e-01  3.80688199e-01 
 2.08965126e-01  8.97802173e-01  8.95027407e-01  8.97304607e-01  9.90816646e-02  8.99925677e-01  3.80637094e-01 
 2.09065126e-01  8.97805353e-01  8.95034889e-01  8.97308533e-01  9.90917082e-02  8.99925677e-01  3.80585990e-01 
 2.09165126e-01  8.97808528e-01  8.95042359e-01  8.97312453e-01  9.91017690e-02  8.99925677e-01  3.80534887e-01 
 2.09265126e-01  8.97811698e-01  8.95049816e-01  8.97316367e-01  9.91118468e-02  8.99925677e-01  3.80483784e-01 
 2.09365126e-01  8.97814864e-01  8.95057262e-01  8.97320275e-01  9.91219418e-02  8.99925677e-01  3.80432682e-01 
 2.09465126e-01  8.97818025e-01  8.95064695e-01  8.97324177e-01  9.91320540e-02  8.99925677e-01  3.80381581e-01 
 2.09565126e-01  8.97821181e-01  8.95072116e-01  8.97328073e-01  9.91421835e-02  8.99925677e-01  3.80330480e-01 
 2.09665126e-01  8.97824332e-01  8.95079525e-01  8.97331964e-01  9.91523302e-02  8.99925677e-01  3.80279380e-01 
 2.09765126e-01  8.97827478e-01  8.95086922e-01  8.97335848e-01  9.91624942e-02  8.99925677e-01  3.80228280e-01 
 2.09865126e-01  8.97830620e-01  8.95094307e-01  8.97339726e-01  9.91726755e-02  8.99925677e-01  3.80177181e-01 
 2.09965126e-01  8.97833757e-01  8.95101680e-01  8.97343598e-01  9.91828742e-02  8.99925677e-01  3.80126083e-01 
 2.10065126e-01  8.97836889e-01  8.95109041e-01  8.97347465e-01  9.91930903e-02  8.99925677e-01  3.80074985e-01 
 2.10165126e-01  8.97840017e-01  8.95116390e-01  8.97351325e-01  9.92033239e-02  8.99925677e-01  3.80023888e-01 
 2.10265126e-01  8.97843140e-01  8.95123726e-01  8.97355180e-01  9.92135749e-02  8.99925677e-01  3.79972791e-01 
 2.10365126e-01  8.97846258e-01  8.95131051e-01  8.97359029e-01  9.92238434e-02  8.99925677e-01  3.79921696e-01 
 2.10465126e-01  8.97849371e-01  8.95138364e-01  8.97362872e-01  9.92341295e-02  8.99925677e-01  3.79870600e-01 
 2.10565126e-01  8.97852480e-01  8.95145665e-01  8.97366709e-01  9.92444332e-02  8.99925677e-01  3.79819506e-01 
 2.10665126e-01  8.97855584e-01  8.95152955e-01  8.97370540e-01  9.92547545e-02  8.99925677e-01  3.79768412e-01 
 2.10765126e-01  8.97858684e-01  8.95160232e-01  8.97374365e-01  9.92650934e-02  8.99925677e-01  3.79717318e-01 
 2.10865126e-01  8.97861778e-01  8.95167497e-01  8.97378185e-01  9.92754501e-02  8.99925677e-01  3.79666226e-01 
 2.10965126e-01  8.97864869e-01  8.95174751e-01  8.97381999e-01  9.92858245e-02  8.99925677e-01  3.79615134e-01 
 2.11065126e-01  8.97867954e-01  8.95181993e-01  8.97385807e-01  9.92962167e-02  8.99925677e-01  3.79564042e-01 
 2.11165126e-01  8.97871035e-01  8.95189223e-01  8.97389609e-01  9.93066266e-02  8.99925677e-01  3.79512951e-01 
 2.11265126e-01  8.97874111e-01  8.95196441e-01  8.97393405e-01  9.93170545e-02  8.99925677e-01  3.79461861e-01 
 2.11365126e-01  8.97877183e-01  8.95203648e-01  8.97397196e-01  9.93275002e-02  8.99925677e-01  3.79410771e-01 
 2.11465126e-01  8.97880250e-01  8.95210843e-01  8.97400980e-01  9.93379638e-02  8.99925677e-01  3.79359682e-01 
 2.11565126e-01  8.97883312e-01  8.95218026e-01  8.97404759e-01  9.93484454e-02  8.99925677e-01  3.79308594e-01 
 2.11665126e-01  8.97886370e-01  8.95225197e-01  8.97408533e-01  9.93589450e-02  8.99925677e-01  3.79257506e-01 
 2.11765126e-01  8.97889423e-01  8.95232357e-01  8.97412300e-01  9.93694626e-02  8.99925677e-01  3.79206419e-01 
 2.11865126e-01  8.97892472e-01  8.95239506e-01  8.97416062e-01  9.93799983e-02  8.99925677e-01  3.79155333e-01 
 2.11965126e-01  8.97895516e-01  8.95246642e-01  8.97419818e-01  9.93905521e-02  8.99925677e-01  3.79104247e-01 
 2.12065126e-01  8.97898555e-01  8.95253767e-01  8.97423569e-01  9.94011240e-02  8.99925677e-01  3.79053162e-01 
 2.12165126e-01  8.97901590e-01  8.95260881e-01  8.97427313e-01  9.94117142e-02  8.99925677e-01  3.79002077e-01 
 2.12265126e-01  8.97904620e-01  8.95267983e-01  8.97431052e-01  9.94223225e-02  8.99925677e-01  3.78950993e-01 
 2.12365126e-01  8.97907646e-01  8.95275073e-01  8.97434785e-01  9.94329492e-02  8.99925677e-01  3.78899910e-01 
 2.12465126e-01  8.97910667e-01  8.95282152e-01  8.97438513e-01  9.94435941e-02  8.99925677e-01  3.78848827e-01 
 2.12565126e-01  8.97913684e-01  8.95289220e-01  8.97442235e-01  9.94542574e-02  8.99925677e-01  3.78797745e-01 
 2.12665126e-01  8.97916696e-01  8.95296276e-01  8.97445951e-01  9.94649390e-02  8.99925677e-01  3.78746663e-01 
 2.12765126e-01  8.97919704e-01  8.95303321e-01  8.97449662e-01  9.94756391e-02  8.99925677e-01  3.78695582e-01 
 2.12865126e-01  8.97922707e-01  8.95310354e-01  8.97453367e-01  9.94863576e-02  8.99925677e-01  3.78644502e-01 
 2.12965126e-01  8.97925705e-01  8.95317376e-01  8.97457066e-01  9.94970946e-02  8.99925677e-01  3.78593422e-01 
 2.13065126e-01  8.97928700e-01  8.95324386e-01  8.97460760e-01  9.95078502e-02  8.99925677e-01  3.78542343e-01 
 2.13165126e-01  8.97931689e-01  8.95331385e-01  8.97464448e-01  9.95186243e-02  8.99925677e-01  3.78491265e-01 
 2.13265126e-01  8.97934674e-01  8.95338373e-01  8.97468131e-01  9.95294171e-02  8.99925677e-01  3.78440187e-01 
 2.13365126e-01  8.97937655e-01  8.95345350e-01  8.97471808e-01  9.95402285e-02  8.99925677e-01  3.78389110e-01 
 2.13465126e-01  8.97940631e-01  8.95352315e-01  8.97475479e-01  9.95510586e-02  8.99925677e-01  3.78338034e-01 
 2.13565126e-01  8.97943603e-01  8.95359269e-01  8.97479145e-01  9.95619074e-02  8.99925677e-01  3.78286958e-01 
 2.13665126e-01  8.97946570e-01  8.95366211e-01  8.97482805e-01  9.95727750e-02  8.99925677e-01  3.78235883e-01 
 2.13765126e-01  8.97949533e-01  8.95373143e-01  8.97486459e-01  9.95836615e-02  8.99925677e-01  3.78184808e-01 
 2.13865126e-01  8.97952491e-01  8.95380063e-01  8.97490109e-01  9.95945667e-02  8.99925677e-01  3.78133734e-01 
 2.13965126e-01  8.97955445e-01  8.95386972e-01  8.97493752e-01  9.96054909e-02  8.99925677e-01  3.78082661e-01 
 2.14065126e-01  8.97958395e-01  8.95393870e-01  8.97497390e-01  9.96164340e-02  8.99925677e-01  3.78031588e-01 
 2.14165126e-01  8.97961340e-01  8.95400757e-01  8.97501023e-01  9.96273961e-02  8.99925677e-01  3.77980516e-01 
 2.14265126e-01  8.97964281e-01  8.95407633e-01  8.97504650e-01  9.96383772e-02  8.99925677e-01  3.77929444e-01 
 2.14365126e-01  8.97967217e-01  8.95414498e-01  8.97508271e-01  9.96493773e-02  8.99925677e-01  3.77878373e-01 
 2.14465126e-01  8.97970149e-01  8.95421351e-01  8.97511887e-01  9.96603966e-02  8.99925677e-01  3.77827303e-01 
 2.14565126e-01  8.97973076e-01  8.95428194e-01  8.97515498e-01  9.96714350e-02  8.99925677e-01  3.77776233e-01 
 2.14665126e-01  8.97975999e-01  8.95435025e-01  8.97519103e-01  9.96824925e-02  8.99925677e-01  3.77725164e-01 
 2.14765126e-01  8.97978918e-01  8.95441846e-01  8.97522702e-01  9.96935693e-02  8.99925677e-01  3.77674096e-01 
 2.14865126e-01  8.97981832e-01  8.95448655e-01  8.97526296e-01  9.97046654e-02  8.99925677e-01  3.77623028e-01 
 2.14965126e-01  8.97984742e-01  8.95455454e-01  8.97529885e-01  9.97157807e-02  8.99925677e-01  3.77571961e-01 
 2.15065126e-01  8.97987648e-01  8.95462241e-01  8.97533468e-01  9.97269154e-02  8.99925677e-01  3.77520895e-01 
 2.15165126e-01  8.97990549e-01  8.95469018e-01  8.97537046e-01  9.97380695e-02  8.99925677e-01  3.77469829e-01 
 2.15265126e-01  8.97993446e-01  8.95475783e-01  8.97540618e-01  9.97492430e-02  8.99925677e-01  3.77418764e-01 
 2.15365126e-01  8.97996339e-01  8.95482538e-01  8.97544185e-01  9.97604360e-02  8.99925677e-01  3.77367699e-01 
 2.15465126e-01  8.97999227e-01  8.95489282e-01  8.97547747e-01  9.97716485e-02  8.99925677e-01  3.77316635e-01 
 2.15565126e-01  8.98002111e-01  8.95496015e-01  8.97551303e-01  9.97828805e-02  8.99925677e-01  3.77265572e-01 
 2.15665126e-01  8.98004991e-01  8.95502738e-01  8.97554854e-01  9.97941321e-02  8.99925677e-01  3.77214509e-01 
 2.15765126e-01  8.98007866e-01  8.95509449e-01  8.97558399e-01  9.98054034e-02  8.99925677e-01  3.77163447e-01 
 2.15865126e-01  8.98010737e-01  8.95516150e-01  8.97561939e-01  9.98166944e-02  8.99925677e-01  3.77112385e-01 
 2.15965126e-01  8.98013604e-01  8.95522840e-01  8.97565474e-01  9.98280051e-02  8.99925677e-01  3.77061324e-01 
 2.16065126e-01  8.98016466e-01  8.95529519e-01  8.97569003e-01  9.98393355e-02  8.99925677e-01  3.77010264e-01 
 2.16165126e-01  8.98019324e-01  8.95536187e-01  8.97572527e-01  9.98506858e-02  8.99925677e-01  3.76959204e-01 
 2.16265126e-01  8.98022178e-01  8.95542845e-01  8.97576046e-01  9.98620559e-02  8.99925677e-01  3.76908145e-01 
 2.16365126e-01  8.98025028e-01  8.95549492e-01  8.97579559e-01  9.98734459e-02  8.99925677e-01  3.76857087e-01 
 2.16465126e-01  8.98027873e-01  8.95556128e-01  8.97583067e-01  9.98848559e-02  8.99925677e-01  3.76806029e-01 
 2.16565126e-01  8.98030714e-01  8.95562754e-01  8.97586570e-01  9.98962858e-02  8.99925677e-01  3.76754972e-01 
 2.16665126e-01  8.98033551e-01  8.95569369e-01  8.97590067e-01  9.99077358e-02  8.99925677e-01  3.76703916e-01 
 2.16765126e-01  8.98036384e-01  8.95575973e-01  8.97593559e-01  9.99192058e-02  8.99925677e-01  3.76652860e-01 
 2.16865126e-01  8.98039212e-01  8.95582567e-01  8.97597046e-01  9.99306960e-02  8.99925677e-01  3.76601805e-01 
 2.16965126e-01  8.98042036e-01  8.95589150e-01  8.97600528e-01  9.99422063e-02  8.99925677e-01  3.76550750e-01 
 2.17065126e-01  8.98044856e-01  8.95595723e-01  8.97604004e-01  9.99537368e-02  8.99925677e-01  3.76499696e-01 
 2.17165126e-01  8.98047672e-01  8.95602285e-01  8.97607475e-01  9.99652875e-02  8.99925677e-01  3.76448643e-01 
 2.17265126e-01  8.98050483e-01  8.95608836e-01  8.97610941e-01  9.99768586e-02  8.99925677e-01  3.76397590e-01 
 2.17365126e-01  8.98053291e-01  8.95615378e-01  8.97614401e-01  9.99884499e-02  8.99925677e-01  3.76346538e-01 
 2.17465126e-01  8.98056094e-01  8.95621908e-01  8.97617856e-01  1.00000062e-01  8.99925677e-01  3.76295486e-01 
 2.17565126e-01  8.98058893e-01  8.95628428e-01  8.97621307e-01  1.00011694e-01  8.99925677e-01  3.76244435e-01 
 2.17665126e-01  8.98061687e-01  8.95634938e-01  8.97624751e-01  1.00023347e-01  8.99925677e-01  3.76193385e-01 
 2.17765126e-01  8.98064478e-01  8.95641437e-01  8.97628191e-01  1.00035020e-01  8.99925677e-01  3.76142335e-01 
 2.17865126e-01  8.98067264e-01  8.95647926e-01  8.97631625e-01  1.00046713e-01  8.99925677e-01  3.76091286e-01 
 2.17965126e-01  8.98070046e-01  8.95654405e-01  8.97635055e-01  1.00058428e-01  8.99925677e-01  3.76040238e-01 
 2.18065126e-01  8.98072824e-01  8.95660873e-01  8.97638479e-01  1.00070163e-01  8.99925677e-01  3.75989190e-01 
 2.18165126e-01  8.98075598e-01  8.95667331e-01  8.97641898e-01  1.00081918e-01  8.99925677e-01  3.75938143e-01 
 2.18265126e-01  8.98078368e-01  8.95673778e-01  8.97645311e-01  1.00093695e-01  8.99925677e-01  3.75887097e-01 
 2.18365126e-01  8.98081134e-01  8.95680215e-01  8.97648720e-01  1.00105492e-01  8.99925677e-01  3.75836051e-01 
 2.18465126e-01  8.98083895e-01  8.95686642e-01  8.97652123e-01  1.00117310e-01  8.99925677e-01  3.75785005e-01 
 2.18565126e-01  8.98086653e-01  8.95693059e-01  8.97655522e-01  1.00129149e-01  8.99925677e-01  3.75733961e-01 
 2.18665126e-01  8.98089406e-01  8.95699465e-01  8.97658915e-01  1.00141009e-01  8.99925677e-01  3.75682917e-01 
 2.18765126e-01  8.98092155e-01  8.95705861e-01  8.97662303e-01  1.00152890e-01  8.99925677e-01  3.75631873e-01 
 2.18865126e-01  8.98094900e-01  8.95712247e-01  8.97665686e-01  1.00164791e-01  8.99925677e-01  3.75580831e-01 
 2.18965126e-01  8.98097641e-01  8.95718623e-01  8.97669064e-01  1.00176714e-01  8.99925677e-01  3.75529789e-01 
 2.19065126e-01  8.98100378e-01  8.95724988e-01  8.97672436e-01  1.00188658e-01  8.99925677e-01  3.75478747e-01 
 2.19165126e-01  8.98103111e-01  8.95731343e-01  8.97675804e-01  1.00200623e-01  8.99925677e-01  3.75427706e-01 
 2.19265126e-01  8.98105839e-01  8.95737689e-01  8.97679166e-01  1.00212610e-01  8.99925677e-01  3.75376666e-01 
 2.19365126e-01  8.98108564e-01  8.95744024e-01  8.97682524e-01  1.00224617e-01  8.99925677e-01  3.75325626e-01 
 2.19465126e-01  8.98111285e-01  8.95750349e-01  8.97685876e-01  1.00236646e-01  8.99925677e-01  3.75274587e-01 
 2.19565126e-01  8.98114001e-01  8.95756663e-01  8.97689224e-01  1.00248696e-01  8.99925677e-01  3.75223549e-01 
 2.19665126e-01  8.98116714e-01  8.95762968e-01  8.97692566e-01  1.00260768e-01  8.99925677e-01  3.75172511e-01 
 2.19765126e-01  8.98119422e-01  8.95769263e-01  8.97695903e-01  1.00272861e-01  8.99925677e-01  3.75121474e-01 
 2.19865126e-01  8.98122126e-01  8.95775548e-01  8.97699235e-01  1.00284976e-01  8.99925677e-01  3.75070437e-01 
 2.19965126e-01  8.98124827e-01  8.95781822e-01  8.97702563e-01  1.00297112e-01  8.99925677e-01  3.75019402e-01 
 2.20065126e-01  8.98127523e-01  8.95788087e-01  8.97705885e-01  1.00309270e-01  8.99925677e-01  3.74968366e-01 
 2.20165126e-01  8.98130215e-01  8.95794342e-01  8.97709202e-01  1.00321449e-01  8.99925677e-01  3.74917332e-01 
 2.20265126e-01  8.98132904e-01  8.95800586e-01  8.97712514e-01  1.00333650e-01  8.99925677e-01  3.74866298e-01 
 2.20365126e-01  8.98135588e-01  8.95806821e-01  8.97715821e-01  1.00345873e-01  8.99925677e-01  3.74815264e-01 
 2.20465126e-01  8.98138268e-01  8.95813046e-01  8.97719124e-01  1.00358117e-01  8.99925677e-01  3.74764232e-01 
 2.20565126e-01  8.98140944e-01  8.95819261e-01  8.97722421e-01  1.00370384e-01  8.99925677e-01  3.74713199e-01 
 2.20665126e-01  8.98143617e-01  8.95825466e-01  8.97725713e-01  1.00382672e-01  8.99925677e-01  3.74662168e-01 
 2.20765126e-01  8.98146285e-01  8.95831661e-01  8.97729000e-01  1.00394982e-01  8.99925677e-01  3.74611137e-01 
 2.20865126e-01  8.98148949e-01  8.95837847e-01  8.97732283e-01  1.00407314e-01  8.99925677e-01  3.74560107e-01 
 2.20965126e-01  8.98151610e-01  8.95844022e-01  8.97735560e-01  1.00419668e-01  8.99925677e-01  3.74509077e-01 
 2.21065126e-01  8.98154266e-01  8.95850188e-01  8.97738833e-01  1.00432045e-01  8.99925677e-01  3.74458048e-01 
 2.21165126e-01  8.98156919e-01  8.95856344e-01  8.97742100e-01  1.00444443e-01  8.99925677e-01  3.74407020e-01 
 2.21265126e-01  8.98159567e-01  8.95862490e-01  8.97745363e-01  1.00456864e-01  8.99925677e-01  3.74355992e-01 
 2.21365126e-01  8.98162212e-01  8.95868626e-01  8.97748620e-01  1.00469306e-01  8.99925677e-01  3.74304965e-01 
 2.21465126e-01  8.98164852e-01  8.95874753e-01  8.97751873e-01  1.00481771e-01  8.99925677e-01  3.74253938e-01 
 2.21565126e-01  8.98167489e-01  8.95880869e-01  8.97755121e-01  1.00494259e-01  8.99925677e-01  3.74202913e-01 
 2.21665126e-01  8.98170122e-01  8.95886977e-01  8.97758364e-01  1.00506769e-01  8.99925677e-01  3.74151887e-01 
 2.21765126e-01  8.98172750e-01  8.95893074e-01  8.97761602e-01  1.00519301e-01  8.99925677e-01  3.74100863e-01 
 2.21865126e-01  8.98175375e-01  8.95899162e-01  8.97764836e-01  1.00531856e-01  8.99925677e-01  3.74049839e-01 
 2.21965126e-01  8.98177996e-01  8.95905240e-01  8.97768064e-01  1.00544433e-01  8.99925677e-01  3.73998815e-01 
 2.22065126e-01  8.98180613e-01  8.95911308e-01  8.97771288e-01  1.00557033e-01  8.99925677e-01  3.73947793e-01 
 2.22165126e-01  8.98183227e-01  8.95917367e-01  8.97774506e-01  1.00569655e-01  8.99925677e-01  3.73896770e-01 
 2.22265126e-01  8.98185836e-01  8.95923416e-01  8.97777720e-01  1.00582300e-01  8.99925677e-01  3.73845749e-01 
 2.22365126e-01  8.98188441e-01  8.95929456e-01  8.97780929e-01  1.00594968e-01  8.99925677e-01  3.73794728e-01 
 2.22465126e-01  8.98191043e-01  8.95935486e-01  8.97784133e-01  1.00607659e-01  8.99925677e-01  3.73743708e-01 
 2.22565126e-01  8.98193641e-01  8.95941506e-01  8.97787333e-01  1.00620372e-01  8.99925677e-01  3.73692688e-01 
 2.22665126e-01  8.98196235e-01  8.95947517e-01  8.97790527e-01  1.00633108e-01  8.99925677e-01  3.73641669e-01 
 2.22765126e-01  8.98198824e-01  8.95953519e-01  8.97793717e-01  1.00645868e-01  8.99925677e-01  3.73590651e-01 
 2.22865126e-01  8.98201411e-01  8.95959511e-01  8.97796902e-01  1.00658650e-01  8.99925677e-01  3.73539633e-01 
 2.22965126e-01  8.98203993e-01  8.95965493e-01  8.97800082e-01  1.00671455e-01  8.99925677e-01  3.73488616e-01 
 2.23065126e-01  8.98206571e-01  8.95971466e-01  8.97803257e-01  1.00684284e-01  8.99925677e-01  3.73437599e-01 
 2.23165126e-01  8.98209146e-01  8.95977429e-01  8.97806428e-01  1.00697136e-01  8.99925677e-01  3.73386584e-01 
 2.23265126e-01  8.98211717e-01  8.95983383e-01  8.97809594e-01  1.00710010e-01  8.99925677e-01  3.73335568e-01 
 2.23365126e-01  8.98214284e-01  8.95989328e-01  8.97812755e-01  1.00722908e-01  8.99925677e-01  3.73284554e-01 
 2.23465126e-01  8.98216847e-01  8.95995263e-01  8.97815911e-01  1.00735830e-01  8.99925677e-01  3.73233540e-01 
 2.23565126e-01  8.98219406e-01  8.96001189e-01  8.97819063e-01  1.00748775e-01  8.99925677e-01  3.73182526e-01 
 2.23665126e-01  8.98221962e-01  8.96007105e-01  8.97822210e-01  1.00761743e-01  8.99925677e-01  3.73131514e-01 
 2.23765126e-01  8.98224513e-01  8.96013012e-01  8.97825352e-01  1.00774735e-01  8.99925677e-01  3.73080501e-01 
 2.23865126e-01  8.98227061e-01  8.96018910e-01  8.97828489e-01  1.00787750e-01  8.99925677e-01  3.73029490e-01 
 2.23965126e-01  8.98229605e-01  8.96024798e-01  8.97831622e-01  1.00800789e-01  8.99925677e-01  3.72978479e-01 
 2.24065126e-01  8.98232146e-01  8.96030677e-01  8.97834750e-01  1.00813851e-01  8.99925677e-01  3.72927469e-01 
 2.24165126e-01  8.98234682e-01  8.96036547e-01  8.97837874e-01  1.00826937e-01  8.99925677e-01  3.72876459e-01 
 2.24265126e-01  8.98237215e-01  8.96042408e-01  8.97840992e-01  1.00840047e-01  8.99925677e-01  3.72825450e-01 
 2.24365126e-01  8.98239744e-01  8.96048259e-01  8.97844106e-01  1.00853181e-01  8.99925677e-01  3.72774442e-01 
 2.24465126e-01  8.98242269e-01  8.96054101e-01  8.97847215e-01  1.00866339e-01  8.99925677e-01  3.72723434e-01 
 2.24565126e-01  8.98244791e-01  8.96059934e-01  8.97850320e-01  1.00879520e-01  8.99925677e-01  3.72672427e-01 
 2.24665126e-01  8.98247309e-01  8.96065757e-01  8.97853420e-01  1.00892726e-01  8.99925677e-01  3.72621421e-01 
 2.24765126e-01  8.98249823e-01  8.96071572e-01  8.97856515e-01  1.00905955e-01  8.99925677e-01  3.72570415e-01 
 2.24865126e-01  8.98252333e-01  8.96077377e-01  8.97859606e-01  1.00919209e-01  8.99925677e-01  3.72519409e-01 
 2.24965126e-01  8.98254840e-01  8.96083173e-01  8.97862692e-01  1.00932486e-01  8.99925677e-01  3.72468405e-01 
 2.25065126e-01  8.98257343e-01  8.96088960e-01  8.97865773e-01  1.00945788e-01  8.99925677e-01  3.72417401e-01 
 2.25165126e-01  8.98259842e-01  8.96094738e-01  8.97868850e-01  1.00959115e-01  8.99925677e-01  3.72366397e-01 
 2.25265126e-01  8.98262337e-01  8.96100506e-01  8.97871922e-01  1.00972465e-01  8.99925677e-01  3.72315395e-01 
 2.25365126e-01  8.98264829e-01  8.96106266e-01  8.97874990e-01  1.00985840e-01  8.99925677e-01  3.72264393e-01 
 2.25465126e-01  8.98267317e-01  8.96112016e-01  8.97878053e-01  1.00999239e-01  8.99925677e-01  3.72213391e-01 
 2.25565126e-01  8.98269801e-01  8.96117758e-01  8.97881111e-01  1.01012663e-01  8.99925677e-01  3.72162390e-01 
 2.25665126e-01  8.98272282e-01  8.96123490e-01  8.97884165e-01  1.01026111e-01  8.99925677e-01  3.72111390e-01 
 2.25765126e-01  8.98274759e-01  8.96129213e-01  8.97887214e-01  1.01039584e-01  8.99925677e-01  3.72060390e-01 
 2.25865126e-01  8.98277232e-01  8.96134928e-01  8.97890259e-01  1.01053082e-01  8.99925677e-01  3.72009391e-01 
 2.25965126e-01  8.98279702e-01  8.96140633e-01  8.97893299e-01  1.01066604e-01  8.99925677e-01  3.71958393e-01 
 2.26065126e-01  8.98282168e-01  8.96146329e-01  8.97896334e-01  1.01080151e-01  8.99925677e-01  3.71907395e-01 
 2.26165126e-01  8.98284630e-01  8.96152017e-01  8.97899365e-01  1.01093723e-01  8.99925677e-01  3.71856398e-01 
 2.26265126e-01  8.98287089e-01  8.96157695e-01  8.97902392e-01  1.01107320e-01  8.99925677e-01  3.71805402e-01 
 2.26365126e-01  8.98289544e-01  8.96163365e-01  8.97905413e-01  1.01120942e-01  8.99925677e-01  3.71754406e-01 
 2.26465126e-01  8.98291995e-01  8.96169025e-01  8.97908431e-01  1.01134589e-01  8.99925677e-01  3.71703411e-01 
 2.26565126e-01  8.98294443e-01  8.96174677e-01  8.97911444e-01  1.01148260e-01  8.99925677e-01  3.71652416e-01 
 2.26665126e-01  8.98296887e-01  8.96180320e-01  8.97914452e-01  1.01161957e-01  8.99925677e-01  3.71601422e-01 
 2.26765126e-01  8.98299328e-01  8.96185954e-01  8.97917456e-01  1.01175679e-01  8.99925677e-01  3.71550429e-01 
 2.26865126e-01  8.98301765e-01  8.96191579e-01  8.97920455e-01  1.01189427e-01  8.99925677e-01  3.71499436e-01 
 2.26965126e-01  8.98304198e-01  8.96197195e-01  8.97923450e-01  1.01203200e-01  8.99925677e-01  3.71448444e-01 
 2.27065126e-01  8.98306627e-01  8.96202802e-01  8.97926440e-01  1.01216998e-01  8.99925677e-01  3.71397452e-01 
 2.27165126e-01  8.98309053e-01  8.96208401e-01  8.97929426e-01  1.01230821e-01  8.99925677e-01  3.71346462e-01 
 2.27265126e-01  8.98311476e-01  8.96213990e-01  8.97932407e-01  1.01244670e-01  8.99925677e-01  3.71295471e-01 
 2.27365126e-01  8.98313895e-01  8.96219571e-01  8.97935384e-01  1.01258545e-01  8.99925677e-01  3.71244482e-01 
 2.27465126e-01  8.98316310e-01  8.96225144e-01  8.97938357e-01  1.01272445e-01  8.99925677e-01  3.71193493e-01 
 2.27565126e-01  8.98318722e-01  8.96230707e-01  8.97941325e-01  1.01286371e-01  8.99925677e-01  3.71142504e-01 
 2.27665126e-01  8.98321130e-01  8.96236262e-01  8.97944289e-01  1.01300322e-01  8.99925677e-01  3.71091517e-01 
 2.27765126e-01  8.98323534e-01  8.96241808e-01  8.97947248e-01  1.01314300e-01  8.99925677e-01  3.71040530e-01 
 2.27865126e-01  8.98325935e-01  8.96247345e-01  8.97950202e-01  1.01328303e-01  8.99925677e-01  3.70989543e-01 
 2.27965126e-01  8.98328333e-01  8.96252874e-01  8.97953153e-01  1.01342332e-01  8.99925677e-01  3.70938557e-01 
 2.28065126e-01  8.98330727e-01  8.96258394e-01  8.97956099e-01  1.01356387e-01  8.99925677e-01  3.70887572e-01 
 2.28165126e-01  8.98333117e-01  8.96263905e-01  8.97959040e-01  1.01370468e-01  8.99925677e-01  3.70836587e-01 
 2.28265126e-01  8.98335504e-01  8.96269407e-01  8.97961977e-01  1.01384575e-01  8.99925677e-01  3.70785603e-01 
 2.28365126e-01  8.98337887e-01  8.96274901e-01  8.97964910e-01  1.01398709e-01  8.99925677e-01  3.70734620e-01 
 2.28465126e-01  8.98340267e-01  8.96280387e-01  8.97967838e-01  1.01412868e-01  8.99925677e-01  3.70683637e-01 
 2.28565126e-01  8.98342643e-01  8.96285864e-01  8.97970762e-01  1.01427054e-01  8.99925677e-01  3.70632655e-01 
 2.28665126e-01  8.98345016e-01  8.96291332e-01  8.97973682e-01  1.01441267e-01  8.99925677e-01  3.70581674e-01 
 2.28765126e-01  8.98347385e-01  8.96296791e-01  8.97976597e-01  1.01455505e-01  8.99925677e-01  3.70530693e-01 
 2.28865126e-01  8.98349751e-01  8.96302243e-01  8.97979508e-01  1.01469771e-01  8.99925677e-01  3.70479713e-01 
 2.28965126e-01  8.98352113e-01  8.96307685e-01  8.97982414e-01  1.01484062e-01  8.99925677e-01  3.70428733e-01 
 2.29065126e-01  8.98354471e-01  8.96313119e-01  8.97985316e-01  1.01498381e-01  8.99925677e-01  3.70377754e-01 
 2.29165126e-01  8.98356827e-01  8.96318545e-01  8.97988214e-01  1.01512726e-01  8.99925677e-01  3.70326776e-01 
 2.29265126e-01  8.98359178e-01  8.96323962e-01  8.97991108e-01  1.01527098e-01  8.99925677e-01  3.70275798e-01 
 2.29365126e-01  8.98361526e-01  8.96329370e-01  8.97993997e-01  1.01541496e-01  8.99925677e-01  3.70224821e-01 
 2.29465126e-01  8.98363871e-01  8.96334770e-01  8.97996882e-01  1.01555922e-01  8.99925677e-01  3.70173845e-01 
 2.29565126e-01  8.98366212e-01  8.96340162e-01  8.97999762e-01  1.01570374e-01  8.99925677e-01  3.70122869e-01 
 2.29665126e-01  8.98368550e-01  8.96345545e-01  8.98002638e-01  1.01584854e-01  8.99925677e-01  3.70071894e-01 
 2.29765126e-01  8.98370885e-01  8.96350920e-01  8.98005510e-01  1.01599360e-01  8.99925677e-01  3.70020919e-01 
 2.29865126e-01  8.98373215e-01  8.96356286e-01  8.98008378e-01  1.01613894e-01  8.99925677e-01  3.69969945e-01 
 2.29965126e-01  8.98375543e-01  8.96361644e-01  8.98011241e-01  1.01628455e-01  8.99925677e-01  3.69918972e-01 
 2.30065126e-01  8.98377867e-01  8.96366994e-01  8.98014101e-01  1.01643043e-01  8.99925677e-01  3.69867999e-01 
 2.30165126e-01  8.98380187e-01  8.96372335e-01  8.98016955e-01  1.01657658e-01  8.99925677e-01  3.69817027e-01 
 2.30265126e-01  8.98382505e-01  8.96377668e-01  8.98019806e-01  1.01672301e-01  8.99925677e-01  3.69766056e-01 
 2.30365126e-01  8.98384818e-01  8.96382992e-01  8.98022652e-01  1.01686972e-01  8.99925677e-01  3.69715085e-01 
 2.30465126e-01  8.98387129e-01  8.96388309e-01  8.98025494e-01  1.01701670e-01  8.99925677e-01  3.69664114e-01 
 2.30565126e-01  8.98389435e-01  8.96393616e-01  8.98028332e-01  1.01716395e-01  8.99925677e-01  3.69613145e-01 
 2.30665126e-01  8.98391739e-01  8.96398916e-01  8.98031166e-01  1.01731148e-01  8.99925677e-01  3.69562176e-01 
 2.30765126e-01  8.98394039e-01  8.96404207e-01  8.98033995e-01  1.01745929e-01  8.99925677e-01  3.69511208e-01 
 2.30865126e-01  8.98396336e-01  8.96409491e-01  8.98036820e-01  1.01760738e-01  8.99925677e-01  3.69460240e-01 
 2.30965126e-01  8.98398629e-01  8.96414765e-01  8.98039641e-01  1.01775575e-01  8.99925677e-01  3.69409273e-01 
 2.31065126e-01  8.98400919e-01  8.96420032e-01  8.98042458e-01  1.01790439e-01  8.99925677e-01  3.69358306e-01 
 2.31165126e-01  8.98403205e-01  8.96425290e-01  8.98045270e-01  1.01805332e-01  8.99925677e-01  3.69307341e-01 
 2.31265126e-01  8.98405488e-01  8.96430541e-01  8.98048079e-01  1.01820253e-01  8.99925677e-01  3.69256375e-01 
 2.31365126e-01  8.98407768e-01  8.96435783e-01  8.98050883e-01  1.01835202e-01  8.99925677e-01  3.69205411e-01 
 2.31465126e-01  8.98410044e-01  8.96441016e-01  8.98053683e-01  1.01850179e-01  8.99925677e-01  3.69154447e-01 
 2.31565126e-01  8.98412317e-01  8.96446242e-01  8.98056479e-01  1.01865184e-01  8.99925677e-01  3.69103484e-01 
 2.31665126e-01  8.98414587e-01  8.96451460e-01  8.98059270e-01  1.01880218e-01  8.99925677e-01  3.69052521e-01 
 2.31765126e-01  8.98416853e-01  8.96456669e-01  8.98062058e-01  1.01895280e-01  8.99925677e-01  3.69001559e-01 
 2.31865126e-01  8.98419116e-01  8.96461870e-01  8.98064841e-01  1.01910371e-01  8.99925677e-01  3.68950597e-01 
 2.31965126e-01  8.98421376e-01  8.96467064e-01  8.98067620e-01  1.01925490e-01  8.99925677e-01  3.68899637e-01 
 2.32065126e-01  8.98423632e-01  8.96472249e-01  8.98070395e-01  1.01940638e-01  8.99925677e-01  3.68848676e-01 
 2.32165126e-01  8.98425885e-01  8.96477426e-01  8.98073166e-01  1.01955815e-01  8.99925677e-01  3.68797717e-01 
 2.32265126e-01  8.98428135e-01  8.96482595e-01  8.98075933e-01  1.01971020e-01  8.99925677e-01  3.68746758e-01 
 2.32365126e-01  8.98430381e-01  8.96487755e-01  8.98078695e-01  1.01986255e-01  8.99925677e-01  3.68695800e-01 
 2.32465126e-01  8.98432624e-01  8.96492908e-01  8.98081454e-01  1.02001518e-01  8.99925677e-01  3.68644842e-01 
 2.32565126e-01  8.98434864e-01  8.96498053e-01  8.98084208e-01  1.02016810e-01  8.99925677e-01  3.68593885e-01 
 2.32665126e-01  8.98437100e-01  8.96503190e-01  8.98086958e-01  1.02032132e-01  8.99925677e-01  3.68542928e-01 
 2.32765126e-01  8.98439333e-01  8.96508319e-01  8.98089705e-01  1.02047482e-01  8.99925677e-01  3.68491973e-01 
 2.32865126e-01  8.98441563e-01  8.96513440e-01  8.98092447e-01  1.02062862e-01  8.99925677e-01  3.68441017e-01 
 2.32965126e-01  8.98443789e-01  8.96518552e-01  8.98095185e-01  1.02078271e-01  8.99925677e-01  3.68390063e-01 
 2.33065126e-01  8.98446012e-01  8.96523657e-01  8.98097919e-01  1.02093710e-01  8.99925677e-01  3.68339109e-01 
 2.33165126e-01  8.98448232e-01  8.96528754e-01  8.98100649e-01  1.02109178e-01  8.99925677e-01  3.68288156e-01 
 2.33265126e-01  8.98450449e-01  8.96533843e-01  8.98103374e-01  1.02124676e-01  8.99925677e-01  3.68237203e-01 
 2.33365126e-01  8.98452662e-01  8.96538925e-01  8.98106096e-01  1.02140203e-01  8.99925677e-01  3.68186251e-01 
 2.33465126e-01  8.98454872e-01  8.96543998e-01  8.98108814e-01  1.02155760e-01  8.99925677e-01  3.68135300e-01 
 2.33565126e-01  8.98457079e-01  8.96549063e-01  8.98111527e-01  1.02171346e-01  8.99925677e-01  3.68084349e-01 
 2.33665126e-01  8.98459283e-01  8.96554121e-01  8.98114237e-01  1.02186963e-01  8.99925677e-01  3.68033399e-01 
 2.33765126e-01  8.98461483e-01  8.96559170e-01  8.98116943e-01  1.02202609e-01  8.99925677e-01  3.67982449e-01 
 2.33865126e-01  8.98463680e-01  8.96564212e-01  8.98119644e-01  1.02218285e-01  8.99925677e-01  3.67931500e-01 
 2.33965126e-01  8.98465874e-01  8.96569246e-01  8.98122342e-01  1.02233992e-01  8.99925677e-01  3.67880552e-01 
 2.34065126e-01  8.98468064e-01  8.96574272e-01  8.98125035e-01  1.02249728e-01  8.99925677e-01  3.67829604e-01 
 2.34165126e-01  8.98470252e-01  8.96579291e-01  8.98127725e-01  1.02265495e-01  8.99925677e-01  3.67778657e-01 
 2.34265126e-01  8.98472436e-01  8.96584301e-01  8.98130410e-01  1.02281292e-01  8.99925677e-01  3.67727711e-01 
 2.34365126e-01  8.98474617e-01  8.96589304e-01  8.98133092e-01  1.02297119e-01  8.99925677e-01  3.67676765e-01 
 2.34465126e-01  8.98476794e-01  8.96594299e-01  8.98135769e-01  1.02312977e-01  8.99925677e-01  3.67625820e-01 
 2.34565126e-01  8.98478969e-01  8.96599286e-01  8.98138443e-01  1.02328866e-01  8.99925677e-01  3.67574875e-01 
 2.34665126e-01  8.98481140e-01  8.96604266e-01  8.98141112e-01  1.02344785e-01  8.99925677e-01  3.67523931e-01 
 2.34765126e-01  8.98483308e-01  8.96609238e-01  8.98143778e-01  1.02360735e-01  8.99925677e-01  3.67472988e-01 
 2.34865126e-01  8.98485473e-01  8.96614202e-01  8.98146440e-01  1.02376715e-01  8.99925677e-01  3.67422045e-01 
 2.34965126e-01  8.98487635e-01  8.96619158e-01  8.98149097e-01  1.02392726e-01  8.99925677e-01  3.67371103e-01 
 2.35065126e-01  8.98489793e-01  8.96624107e-01  8.98151751e-01  1.02408769e-01  8.99925677e-01  3.67320162e-01 
 2.35165126e-01  8.98491949e-01  8.96629048e-01  8.98154401e-01  1.02424842e-01  8.99925677e-01  3.67269221e-01 
 2.35265126e-01  8.98494101e-01  8.96633981e-01  8.98157047e-01  1.02440946e-01  8.99925677e-01  3.67218281e-01 
 2.35365126e-01  8.98496250e-01  8.96638907e-01  8.98159689e-01  1.02457082e-01  8.99925677e-01  3.67167342e-01 
 2.35465126e-01  8.98498396e-01  8.96643825e-01  8.98162327e-01  1.02473249e-01  8.99925677e-01  3.67116403e-01 
 2.35565126e-01  8.98500538e-01  8.96648736e-01  8.98164961e-01  1.02489447e-01  8.99925677e-01  3.67065464e-01 
 2.35665126e-01  8.98502678e-01  8.96653638e-01  8.98167591e-01  1.02505676e-01  8.99925677e-01  3.67014527e-01 
 2.35765126e-01  8.98504814e-01  8.96658534e-01  8.98170217e-01  1.02521937e-01  8.99925677e-01  3.66963590e-01 
 2.35865126e-01  8.98506947e-01  8.96663421e-01  8.98172840e-01  1.02538230e-01  8.99925677e-01  3.66912653e-01 
 2.35965126e-01  8.98509077e-01  8.96668302e-01  8.98175458e-01  1.02554554e-01  8.99925677e-01  3.66861718e-01 
 2.36065126e-01  8.98511204e-01  8.96673174e-01  8.98178073e-01  1.02570910e-01  8.99925677e-01  3.66810782e-01 
 2.36165126e-01  8.98513328e-01  8.96678039e-01  8.98180683e-01  1.02587298e-01  8.99925677e-01  3.66759848e-01 
 2.36265126e-01  8.98515449e-01  8.96682897e-01  8.98183290e-01  1.02603718e-01  8.99925677e-01  3.66708914e-01 
 2.36365126e-01  8.98517566e-01  8.96687747e-01  8.98185893e-01  1.02620169e-01  8.99925677e-01  3.66657981e-01 
 2.36465126e-01  8.98519681e-01  8.96692589e-01  8.98188492e-01  1.02636653e-01  8.99925677e-01  3.66607048e-01 
 2.36565126e-01  8.98521792e-01  8.96697424e-01  8.98191087e-01  1.02653169e-01  8.99925677e-01  3.66556116e-01 
 2.36665126e-01  8.98523900e-01  8.96702252e-01  8.98193679e-01  1.02669717e-01  8.99925677e-01  3.66505185e-01 
 2.36765126e-01  8.98526005e-01  8.96707072e-01  8.98196266e-01  1.02686298e-01  8.99925677e-01  3.66454254e-01 
 2.36865126e-01  8.98528107e-01  8.96711885e-01  8.98198850e-01  1.02702911e-01  8.99925677e-01  3.66403324e-01 
 2.36965126e-01  8.98530206e-01  8.96716690e-01  8.98201430e-01  1.02719556e-01  8.99925677e-01  3.66352394e-01 
 2.37065126e-01  8.98532302e-01  8.96721488e-01  8.98204006e-01  1.02736234e-01  8.99925677e-01  3.66301465e-01 
 2.37165126e-01  8.98534394e-01  8.96726278e-01  8.98206578e-01  1.02752945e-01  8.99925677e-01  3.66250537e-01 
 2.37265126e-01  8.98536484e-01  8.96731061e-01  8.98209146e-01  1.02769688e-01  8.99925677e-01  3.66199610e-01 
 2.37365126e-01  8.98538571e-01  8.96735836e-01  8.98211711e-01  1.02786465e-01  8.99925677e-01  3.66148683e-01 
 2.37465126e-01  8.98540654e-01  8.96740605e-01  8.98214272e-01  1.02803274e-01  8.99925677e-01  3.66097756e-01 
 2.37565126e-01  8.98542735e-01  8.96745365e-01  8.98216829e-01  1.02820116e-01  8.99925677e-01  3.66046831e-01 
 2.37665126e-01  8.98544812e-01  8.96750119e-01  8.98219382e-01  1.02836992e-01  8.99925677e-01  3.65995905e-01 
 2.37765126e-01  8.98546886e-01  8.96754865e-01  8.98221931e-01  1.02853900e-01  8.99925677e-01  3.65944981e-01 
 2.37865126e-01  8.98548958e-01  8.96759604e-01  8.98224477e-01  1.02870842e-01  8.99925677e-01  3.65894057e-01 
 2.37965126e-01  8.98551026e-01  8.96764335e-01  8.98227019e-01  1.02887817e-01  8.99925677e-01  3.65843134e-01 
 2.38065126e-01  8.98553091e-01  8.96769059e-01  8.98229557e-01  1.02904826e-01  8.99925677e-01  3.65792211e-01 
 2.38165126e-01  8.98555153e-01  8.96773776e-01  8.98232091e-01  1.02921868e-01  8.99925677e-01  3.65741289e-01 
 2.38265126e-01  8.98557212e-01  8.96778486e-01  8.98234622e-01  1.02938944e-01  8.99925677e-01  3.65690368e-01 
 2.38365126e-01  8.98559268e-01  8.96783188e-01  8.98237148e-01  1.02956054e-01  8.99925677e-01  3.65639447e-01 
 2.38465126e-01  8.98561321e-01  8.96787883e-01  8.98239671e-01  1.02973197e-01  8.99925677e-01  3.65588527e-01 
 2.38565126e-01  8.98563371e-01  8.96792571e-01  8.98242191e-01  1.02990375e-01  8.99925677e-01  3.65537608e-01 
 2.38665126e-01  8.98565418e-01  8.96797252e-01  8.98244706e-01  1.03007586e-01  8.99925677e-01  3.65486689e-01 
 2.38765126e-01  8.98567462e-01  8.96801925e-01  8.98247218e-01  1.03024831e-01  8.99925677e-01  3.65435770e-01 
 2.38865126e-01  8.98569503e-01  8.96806592e-01  8.98249726e-01  1.03042111e-01  8.99925677e-01  3.65384853e-01 
 2.38965126e-01  8.98571541e-01  8.96811251e-01  8.98252231e-01  1.03059425e-01  8.99925677e-01  3.65333936e-01 
 2.39065126e-01  8.98573576e-01  8.96815903e-01  8.98254731e-01  1.03076773e-01  8.99925677e-01  3.65283020e-01 
 2.39165126e-01  8.98575608e-01  8.96820547e-01  8.98257228e-01  1.03094156e-01  8.99925677e-01  3.65232104e-01 
 2.39265126e-01  8.98577637e-01  8.96825185e-01  8.98259722e-01  1.03111574e-01  8.99925677e-01  3.65181189e-01 
 2.39365126e-01  8.98579663e-01  8.96829815e-01  8.98262211e-01  1.03129026e-01  8.99925677e-01  3.65130274e-01 
 2.39465126e-01  8.98581687e-01  8.96834438e-01  8.98264697e-01  1.03146512e-01  8.99925677e-01  3.65079360e-01 
 2.39565126e-01  8.98583707e-01  8.96839055e-01  8.98267179e-01  1.03164034e-01  8.99925677e-01  3.65028447e-01 
 2.39665126e-01  8.98585724e-01  8.96843664e-01  8.98269658e-01  1.03181590e-01  8.99925677e-01  3.64977535e-01 
 2.39765126e-01  8.98587738e-01  8.96848266e-01  8.98272133e-01  1.03199182e-01  8.99925677e-01  3.64926623e-01 
 2.39865126e-01  8.98589749e-01  8.96852860e-01  8.98274604e-01  1.03216809e-01  8.99925677e-01  3.64875711e-01 
 2.39965126e-01  8.98591757e-01  8.96857448e-01  8.98277071e-01  1.03234471e-01  8.99925677e-01  3.64824801e-01 
 2.40065126e-01  8.98593763e-01  8.96862029e-01  8.98279535e-01  1.03252168e-01  8.99925677e-01  3.64773891e-01 
 2.40165126e-01  8.98595765e-01  8.96866603e-01  8.98281996e-01  1.03269901e-01  8.99925677e-01  3.64722981e-01 
 2.40265126e-01  8.98597764e-01  8.96871169e-01  8.98284452e-01  1.03287669e-01  8.99925677e-01  3.64672072e-01 
 2.40365126e-01  8.98599761e-01  8.96875729e-01  8.98286905e-01  1.03305473e-01  8.99925677e-01  3.64621164e-01 
 2.40465126e-01  8.98601754e-01  8.96880282e-01  8.98289355e-01  1.03323312e-01  8.99925677e-01  3.64570257e-01 
 2.40565126e-01  8.98603745e-01  8.96884827e-01  8.98291800e-01  1.03341188e-01  8.99925677e-01  3.64519350e-01 
 2.40665126e-01  8.98605733e-01  8.96889366e-01  8.98294242e-01  1.03359099e-01  8.99925677e-01  3.64468443e-01 
 2.40765126e-01  8.98607718e-01  8.96893897e-01  8.98296681e-01  1.03377046e-01  8.99925677e-01  3.64417538e-01 
 2.40865126e-01  8.98609699e-01  8.96898422e-01  8.98299116e-01  1.03395030e-01  8.99925677e-01  3.64366632e-01 
 2.40965126e-01  8.98611678e-01  8.96902940e-01  8.98301547e-01  1.03413049e-01  8.99925677e-01  3.64315728e-01 
 2.41065126e-01  8.98613654e-01  8.96907451e-01  8.98303975e-01  1.03431105e-01  8.99925677e-01  3.64264824e-01 
 2.41165126e-01  8.98615628e-01  8.96911955e-01  8.98306399e-01  1.03449198e-01  8.99925677e-01  3.64213921e-01 
 2.41265126e-01  8.98617598e-01  8.96916452e-01  8.98308819e-01  1.03467326e-01  8.99925677e-01  3.64163019e-01 
 2.41365126e-01  8.98619565e-01  8.96920942e-01  8.98311236e-01  1.03485492e-01  8.99925677e-01  3.64112117e-01 
 2.41465126e-01  8.98621530e-01  8.96925425e-01  8.98313650e-01  1.03503694e-01  8.99925677e-01  3.64061215e-01 
 2.41565126e-01  8.98623491e-01  8.96929901e-01  8.98316059e-01  1.03521933e-01  8.99925677e-01  3.64010315e-01 
 2.41665126e-01  8.98625450e-01  8.96934371e-01  8.98318466e-01  1.03540209e-01  8.99925677e-01  3.63959415e-01 
 2.41765126e-01  8.98627406e-01  8.96938833e-01  8.98320868e-01  1.03558522e-01  8.99925677e-01  3.63908515e-01 
 2.41865126e-01  8.98629359e-01  8.96943289e-01  8.98323267e-01  1.03576872e-01  8.99925677e-01  3.63857616e-01 
 2.41965126e-01  8.98631309e-01  8.96947738e-01  8.98325663e-01  1.03595259e-01  8.99925677e-01  3.63806718e-01 
 2.42065126e-01  8.98633256e-01  8.96952180e-01  8.98328055e-01  1.03613684e-01  8.99925677e-01  3.63755821e-01 
 2.42165126e-01  8.98635200e-01  8.96956615e-01  8.98330444e-01  1.03632146e-01  8.99925677e-01  3.63704924e-01 
 2.42265126e-01  8.98637142e-01  8.96961043e-01  8.98332829e-01  1.03650646e-01  8.99925677e-01  3.63654027e-01 
 2.42365126e-01  8.98639081e-01  8.96965465e-01  8.98335210e-01  1.03669183e-01  8.99925677e-01  3.63603132e-01 
 2.42465126e-01  8.98641017e-01  8.96969880e-01  8.98337588e-01  1.03687758e-01  8.99925677e-01  3.63552237e-01 
 2.42565126e-01  8.98642950e-01  8.96974288e-01  8.98339962e-01  1.03706371e-01  8.99925677e-01  3.63501342e-01 
 2.42665126e-01  8.98644880e-01  8.96978689e-01  8.98342333e-01  1.03725022e-01  8.99925677e-01  3.63450448e-01 
 2.42765126e-01  8.98646807e-01  8.96983084e-01  8.98344701e-01  1.03743711e-01  8.99925677e-01  3.63399555e-01 
 2.42865126e-01  8.98648732e-01  8.96987472e-01  8.98347064e-01  1.03762438e-01  8.99925677e-01  3.63348663e-01 
 2.42965126e-01  8.98650653e-01  8.96991853e-01  8.98349425e-01  1.03781204e-01  8.99925677e-01  3.63297771e-01 
 2.43065126e-01  8.98652572e-01  8.96996227e-01  8.98351782e-01  1.03800008e-01  8.99925677e-01  3.63246880e-01 
 2.43165126e-01  8.98654488e-01  8.97000595e-01  8.98354135e-01  1.03818850e-01  8.99925677e-01  3.63195989e-01 
 2.43265126e-01  8.98656401e-01  8.97004956e-01  8.98356485e-01  1.03837731e-01  8.99925677e-01  3.63145099e-01 
 2.43365126e-01  8.98658312e-01  8.97009311e-01  8.98358832e-01  1.03856651e-01  8.99925677e-01  3.63094210e-01 
 2.43465126e-01  8.98660220e-01  8.97013658e-01  8.98361175e-01  1.03875610e-01  8.99925677e-01  3.63043321e-01 
 2.43565126e-01  8.98662124e-01  8.97017999e-01  8.98363514e-01  1.03894607e-01  8.99925677e-01  3.62992433e-01 
 2.43665126e-01  8.98664026e-01  8.97022334e-01  8.98365850e-01  1.03913644e-01  8.99925677e-01  3.62941545e-01 
 2.43765126e-01  8.98665926e-01  8.97026661e-01  8.98368183e-01  1.03932720e-01  8.99925677e-01  3.62890658e-01 
 2.43865126e-01  8.98667822e-01  8.97030983e-01  8.98370512e-01  1.03951835e-01  8.99925677e-01  3.62839772e-01 
 2.43965126e-01  8.98669716e-01  8.97035297e-01  8.98372838e-01  1.03970990e-01  8.99925677e-01  3.62788886e-01 
 2.44065126e-01  8.98671607e-01  8.97039605e-01  8.98375160e-01  1.03990184e-01  8.99925677e-01  3.62738001e-01 
 2.44165126e-01  8.98673495e-01  8.97043906e-01  8.98377479e-01  1.04009418e-01  8.99925677e-01  3.62687117e-01 
 2.44265126e-01  8.98675380e-01  8.97048201e-01  8.98379795e-01  1.04028691e-01  8.99925677e-01  3.62636233e-01 
 2.44365126e-01  8.98677263e-01  8.97052489e-01  8.98382107e-01  1.04048005e-01  8.99925677e-01  3.62585350e-01 
 2.44465126e-01  8.98679143e-01  8.97056771e-01  8.98384416e-01  1.04067358e-01  8.99925677e-01  3.62534468e-01 
 2.44565126e-01  8.98681020e-01  8.97061046e-01  8.98386721e-01  1.04086752e-01  8.99925677e-01  3.62483586e-01 
 2.44665126e-01  8.98682894e-01  8.97065315e-01  8.98389023e-01  1.04106185e-01  8.99925677e-01  3.62432704e-01 
 2.44765126e-01  8.98684766e-01  8.97069577e-01  8.98391321e-01  1.04125659e-01  8.99925677e-01  3.62381824e-01 
 2.44865126e-01  8.98686635e-01  8.97073832e-01  8.98393616e-01  1.04145174e-01  8.99925677e-01  3.62330944e-01 
 2.44965126e-01  8.98688501e-01  8.97078081e-01  8.98395908e-01  1.04164729e-01  8.99925677e-01  3.62280065e-01 
 2.45065126e-01  8.98690364e-01  8.97082324e-01  8.98398196e-01  1.04184325e-01  8.99925677e-01  3.62229186e-01 
 2.45165126e-01  8.98692225e-01  8.97086560e-01  8.98400481e-01  1.04203961e-01  8.99925677e-01  3.62178308e-01 
 2.45265126e-01  8.98694083e-01  8.97090790e-01  8.98402763e-01  1.04223639e-01  8.99925677e-01  3.62127430e-01 
 2.45365126e-01  8.98695938e-01  8.97095013e-01  8.98405041e-01  1.04243357e-01  8.99925677e-01  3.62076553e-01 
 2.45465126e-01  8.98697791e-01  8.97099229e-01  8.98407316e-01  1.04263117e-01  8.99925677e-01  3.62025677e-01 
 2.45565126e-01  8.98699641e-01  8.97103440e-01  8.98409587e-01  1.04282918e-01  8.99925677e-01  3.61974801e-01 
 2.45665126e-01  8.98701488e-01  8.97107643e-01  8.98411856e-01  1.04302761e-01  8.99925677e-01  3.61923927e-01 
 2.45765126e-01  8.98703332e-01  8.97111841e-01  8.98414120e-01  1.04322645e-01  8.99925677e-01  3.61873052e-01 
 2.45865126e-01  8.98705174e-01  8.97116032e-01  8.98416382e-01  1.04342570e-01  8.99925677e-01  3.61822178e-01 
 2.45965126e-01  8.98707013e-01  8.97120216e-01  8.98418640e-01  1.04362538e-01  8.99925677e-01  3.61771305e-01 
 2.46065126e-01  8.98708849e-01  8.97124395e-01  8.98420895e-01  1.04382547e-01  8.99925677e-01  3.61720433e-01 
 2.46165126e-01  8.98710683e-01  8.97128567e-01  8.98423146e-01  1.04402599e-01  8.99925677e-01  3.61669561e-01 
 2.46265126e-01  8.98712514e-01  8.97132732e-01  8.98425394e-01  1.04422692e-01  8.99925677e-01  3.61618690e-01 
 2.46365126e-01  8.98714342e-01  8.97136891e-01  8.98427639e-01  1.04442828e-01  8.99925677e-01  3.61567819e-01 
 2.46465126e-01  8.98716168e-01  8.97141044e-01  8.98429881e-01  1.04463006e-01  8.99925677e-01  3.61516949e-01 
 2.46565126e-01  8.98717991e-01  8.97145190e-01  8.98432119e-01  1.04483227e-01  8.99925677e-01  3.61466080e-01 
 2.46665126e-01  8.98719811e-01  8.97149331e-01  8.98434354e-01  1.04503490e-01  8.99925677e-01  3.61415211e-01 
 2.46765126e-01  8.98721628e-01  8.97153464e-01  8.98436586e-01  1.04523797e-01  8.99925677e-01  3.61364343e-01 
 2.46865126e-01  8.98723443e-01  8.97157592e-01  8.98438814e-01  1.04544146e-01  8.99925677e-01  3.61313476e-01 
 2.46965126e-01  8.98725256e-01  8.97161713e-01  8.98441039e-01  1.04564538e-01  8.99925677e-01  3.61262609e-01 
 2.47065126e-01  8.98727065e-01  8.97165828e-01  8.98443261e-01  1.04584973e-01  8.99925677e-01  3.61211743e-01 
 2.47165126e-01  8.98728872e-01  8.97169937e-01  8.98445479e-01  1.04605452e-01  8.99925677e-01  3.61160877e-01 
 2.47265126e-01  8.98730677e-01  8.97174039e-01  8.98447695e-01  1.04625974e-01  8.99925677e-01  3.61110012e-01 
 2.47365126e-01  8.98732478e-01  8.97178136e-01  8.98449907e-01  1.04646540e-01  8.99925677e-01  3.61059148e-01 
 2.47465126e-01  8.98734277e-01  8.97182226e-01  8.98452116e-01  1.04667149e-01  8.99925677e-01  3.61008284e-01 
 2.47565126e-01  8.98736074e-01  8.97186309e-01  8.98454321e-01  1.04687802e-01  8.99925677e-01  3.60957421e-01 
 2.47665126e-01  8.98737868e-01  8.97190387e-01  8.98456523e-01  1.04708500e-01  8.99925677e-01  3.60906559e-01 
 2.47765126e-01  8.98739659e-01  8.97194458e-01  8.98458722e-01  1.04729241e-01  8.99925677e-01  3.60855697e-01 
 2.47865126e-01  8.98741447e-01  8.97198523e-01  8.98460918e-01  1.04750027e-01  8.99925677e-01  3.60804836e-01 
 2.47965126e-01  8.98743233e-01  8.97202582e-01  8.98463111e-01  1.04770856e-01  8.99925677e-01  3.60753975e-01 
 2.48065126e-01  8.98745017e-01  8.97206635e-01  8.98465300e-01  1.04791731e-01  8.99925677e-01  3.60703115e-01 
 2.48165126e-01  8.98746797e-01  8.97210682e-01  8.98467486e-01  1.04812650e-01  8.99925677e-01  3.60652256e-01 
 2.48265126e-01  8.98748576e-01  8.97214722e-01  8.98469669e-01  1.04833614e-01  8.99925677e-01  3.60601397e-01 
 2.48365126e-01  8.98750351e-01  8.97218756e-01  8.98471849e-01  1.04854623e-01  8.99925677e-01  3.60550539e-01 
 2.48465126e-01  8.98752124e-01  8.97222784e-01  8.98474025e-01  1.04875676e-01  8.99925677e-01  3.60499682e-01 
 2.48565126e-01  8.98753894e-01  8.97226806e-01  8.98476198e-01  1.04896775e-01  8.99925677e-01  3.60448825e-01 
 2.48665126e-01  8.98755662e-01  8.97230822e-01  8.98478368e-01  1.04917920e-01  8.99925677e-01  3.60397969e-01 
 2.48765126e-01  8.98757427e-01  8.97234832e-01  8.98480535e-01  1.04939109e-01  8.99925677e-01  3.60347113e-01 
 2.48865126e-01  8.98759190e-01  8.97238836e-01  8.98482699e-01  1.04960345e-01  8.99925677e-01  3.60296259e-01 
 2.48965126e-01  8.98760950e-01  8.97242834e-01  8.98484859e-01  1.04981626e-01  8.99925677e-01  3.60245404e-01 
 2.49065126e-01  8.98762707e-01  8.97246825e-01  8.98487017e-01  1.05002953e-01  8.99925677e-01  3.60194551e-01 
 2.49165126e-01  8.98764462e-01  8.97250811e-01  8.98489171e-01  1.05024326e-01  8.99925677e-01  3.60143698e-01 
 2.49265126e-01  8.98766215e-01  8.97254790e-01  8.98491322e-01  1.05045746e-01  8.99925677e-01  3.60092845e-01 
 2.49365126e-01  8.98767964e-01  8.97258764e-01  8.98493470e-01  1.05067211e-01  8.99925677e-01  3.60041993e-01 
 2.49465126e-01  8.98769712e-01  8.97262731e-01  8.98495614e-01  1.05088723e-01  8.99925677e-01  3.59991142e-01 
 2.49565126e-01  8.98771456e-01  8.97266692e-01  8.98497756e-01  1.05110282e-01  8.99925677e-01  3.59940292e-01 
 2.49665126e-01  8.98773198e-01  8.97270648e-01  8.98499894e-01  1.05131887e-01  8.99925677e-01  3.59889442e-01 
 2.49765126e-01  8.98774938e-01  8.97274597e-01  8.98502029e-01  1.05153540e-01  8.99925677e-01  3.59838593e-01 
 2.49865126e-01  8.98776675e-01  8.97278540e-01  8.98504162e-01  1.05175239e-01  8.99925677e-01  3.59787744e-01 
 2.49965126e-01  8.98778409e-01  8.97282478e-01  8.98506290e-01  1.05196986e-01  8.99925677e-01  3.59736896e-01 
 2.50065126e-01  8.98780141e-01  8.97286409e-01  8.98508416e-01  1.05218780e-01  8.99925677e-01  3.59686049e-01 
 2.50165126e-01  8.98781871e-01  8.97290334e-01  8.98510539e-01  1.05240621e-01  8.99925677e-01  3.59635202e-01 
 2.50265126e-01  8.98783598e-01  8.97294254e-01  8.98512659e-01  1.05262511e-01  8.99925677e-01  3.59584356e-01 
 2.50365126e-01  8.98785322e-01  8.97298167e-01  8.98514775e-01  1.05284447e-01  8.99925677e-01  3.59533510e-01 
 2.50465126e-01  8.98787044e-01  8.97302075e-01  8.98516888e-01  1.05306432e-01  8.99925677e-01  3.59482665e-01 
 2.50565126e-01  8.98788763e-01  8.97305976e-01  8.98518999e-01  1.05328465e-01  8.99925677e-01  3.59431821e-01 
 2.50665126e-01  8.98790480e-01  8.97309872e-01  8.98521106e-01  1.05350547e-01  8.99925677e-01  3.59380978e-01 
 2.50765126e-01  8.98792195e-01  8.97313762e-01  8.98523210e-01  1.05372676e-01  8.99925677e-01  3.59330135e-01 
 2.50865126e-01  8.98793906e-01  8.97317646e-01  8.98525311e-01  1.05394855e-01  8.99925677e-01  3.59279292e-01 
 2.50965126e-01  8.98795616e-01  8.97321524e-01  8.98527409e-01  1.05417081e-01  8.99925677e-01  3.59228451e-01 
 2.51065126e-01  8.98797323e-01  8.97325396e-01  8.98529503e-01  1.05439357e-01  8.99925677e-01  3.59177609e-01 
 2.51165126e-01  8.98799027e-01  8.97329262e-01  8.98531595e-01  1.05461682e-01  8.99925677e-01  3.59126769e-01 
 2.51265126e-01  8.98800729e-01  8.97333123e-01  8.98533684e-01  1.05484056e-01  8.99925677e-01  3.59075929e-01 
 2.51365126e-01  8.98802428e-01  8.97336977e-01  8.98535769e-01  1.05506480e-01  8.99925677e-01  3.59025090e-01 
 2.51465126e-01  8.98804125e-01  8.97340826e-01  8.98537852e-01  1.05528953e-01  8.99925677e-01  3.58974251e-01 
 2.51565126e-01  8.98805820e-01  8.97344669e-01  8.98539931e-01  1.05551475e-01  8.99925677e-01  3.58923413e-01 
 2.51665126e-01  8.98807511e-01  8.97348506e-01  8.98542008e-01  1.05574047e-01  8.99925677e-01  3.58872576e-01 
 2.51765126e-01  8.98809201e-01  8.97352337e-01  8.98544081e-01  1.05596670e-01  8.99925677e-01  3.58821739e-01 
 2.51865126e-01  8.98810888e-01  8.97356163e-01  8.98546151e-01  1.05619342e-01  8.99925677e-01  3.58770903e-01 
 2.51965126e-01  8.98812573e-01  8.97359983e-01  8.98548219e-01  1.05642065e-01  8.99925677e-01  3.58720068e-01 
 2.52065126e-01  8.98814255e-01  8.97363797e-01  8.98550283e-01  1.05664839e-01  8.99925677e-01  3.58669233e-01 
 2.52165126e-01  8.98815934e-01  8.97367605e-01  8.98552344e-01  1.05687662e-01  8.99925677e-01  3.58618399e-01 
 2.52265126e-01  8.98817612e-01  8.97371407e-01  8.98554402e-01  1.05710537e-01  8.99925677e-01  3.58567565e-01 
 2.52365126e-01  8.98819286e-01  8.97375204e-01  8.98556458e-01  1.05733463e-01  8.99925677e-01  3.58516732e-01 
 2.52465126e-01  8.98820959e-01  8.97378995e-01  8.98558510e-01  1.05756440e-01  8.99925677e-01  3.58465900e-01 
 2.52565126e-01  8.98822628e-01  8.97382780e-01  8.98560559e-01  1.05779468e-01  8.99925677e-01  3.58415068e-01 
 2.52665126e-01  8.98824296e-01  8.97386559e-01  8.98562605e-01  1.05802548e-01  8.99925677e-01  3.58364237e-01 
 2.52765126e-01  8.98825961e-01  8.97390333e-01  8.98564648e-01  1.05825679e-01  8.99925677e-01  3.58313407e-01 
 2.52865126e-01  8.98827624e-01  8.97394101e-01  8.98566688e-01  1.05848862e-01  8.99925677e-01  3.58262577e-01 
 2.52965126e-01  8.98829284e-01  8.97397863e-01  8.98568725e-01  1.05872097e-01  8.99925677e-01  3.58211748e-01 
 2.53065126e-01  8.98830941e-01  8.97401620e-01  8.98570760e-01  1.05895384e-01  8.99925677e-01  3.58160919e-01 
 2.53165126e-01  8.98832597e-01  8.97405371e-01  8.98572791e-01  1.05918724e-01  8.99925677e-01  3.58110091e-01 
 2.53265126e-01  8.98834250e-01  8.97409116e-01  8.98574819e-01  1.05942116e-01  8.99925677e-01  3.58059264e-01 
 2.53365126e-01  8.98835900e-01  8.97412855e-01  8.98576844e-01  1.05965561e-01  8.99925677e-01  3.58008438e-01 
 2.53465126e-01  8.98837548e-01  8.97416589e-01  8.98578867e-01  1.05989058e-01  8.99925677e-01  3.57957611e-01 
 2.53565126e-01  8.98839194e-01  8.97420318e-01  8.98580886e-01  1.06012609e-01  8.99925677e-01  3.57906786e-01 
 2.53665126e-01  8.98840837e-01  8.97424040e-01  8.98582902e-01  1.06036213e-01  8.99925677e-01  3.57855961e-01 
 2.53765126e-01  8.98842478e-01  8.97427757e-01  8.98584916e-01  1.06059870e-01  8.99925677e-01  3.57805137e-01 
 2.53865126e-01  8.98844117e-01  8.97431469e-01  8.98586926e-01  1.06083581e-01  8.99925677e-01  3.57754314e-01 
 2.53965126e-01  8.98845753e-01  8.97435175e-01  8.98588933e-01  1.06107345e-01  8.99925677e-01  3.57703491e-01 
 2.54065126e-01  8.98847387e-01  8.97438875e-01  8.98590938e-01  1.06131164e-01  8.99925677e-01  3.57652668e-01 
 2.54165126e-01  8.98849018e-01  8.97442569e-01  8.98592940e-01  1.06155036e-01  8.99925677e-01  3.57601847e-01 
 2.54265126e-01  8.98850647e-01  8.97446259e-01  8.98594938e-01  1.06178963e-01  8.99925677e-01  3.57551026e-01 
 2.54365126e-01  8.98852274e-01  8.97449942e-01  8.98596934e-01  1.06202944e-01  8.99925677e-01  3.57500205e-01 
 2.54465126e-01  8.98853898e-01  8.97453620e-01  8.98598927e-01  1.06226980e-01  8.99925677e-01  3.57449386e-01 
 2.54565126e-01  8.98855520e-01  8.97457292e-01  8.98600917e-01  1.06251071e-01  8.99925677e-01  3.57398567e-01 
 2.54665126e-01  8.98857139e-01  8.97460959e-01  8.98602904e-01  1.06275217e-01  8.99925677e-01  3.57347748e-01 
 2.54765126e-01  8.98858756e-01  8.97464620e-01  8.98604888e-01  1.06299417e-01  8.99925677e-01  3.57296930e-01 
 2.54865126e-01  8.98860371e-01  8.97468276e-01  8.98606869e-01  1.06323674e-01  8.99925677e-01  3.57246113e-01 
 2.54965126e-01  8.98861984e-01  8.97471927e-01  8.98608847e-01  1.06347986e-01  8.99925677e-01  3.57195296e-01 
 2.55065126e-01  8.98863594e-01  8.97475571e-01  8.98610822e-01  1.06372353e-01  8.99925677e-01  3.57144480e-01 
 2.55165126e-01  8.98865201e-01  8.97479211e-01  8.98612795e-01  1.06396777e-01  8.99925677e-01  3.57093665e-01 
 2.55265126e-01  8.98866807e-01  8.97482844e-01  8.98614764e-01  1.06421257e-01  8.99925677e-01  3.57042850e-01 
 2.55365126e-01  8.98868410e-01  8.97486473e-01  8.98616731e-01  1.06445793e-01  8.99925677e-01  3.56992036e-01 
 2.55465126e-01  8.98870011e-01  8.97490095e-01  8.98618695e-01  1.06470386e-01  8.99925677e-01  3.56941223e-01 
 2.55565126e-01  8.98871609e-01  8.97493713e-01  8.98620656e-01  1.06495035e-01  8.99925677e-01  3.56890410e-01 
 2.55665126e-01  8.98873205e-01  8.97497325e-01  8.98622614e-01  1.06519742e-01  8.99925677e-01  3.56839598e-01 
 2.55765126e-01  8.98874799e-01  8.97500931e-01  8.98624569e-01  1.06544505e-01  8.99925677e-01  3.56788786e-01 
 2.55865126e-01  8.98876390e-01  8.97504532e-01  8.98626522e-01  1.06569326e-01  8.99925677e-01  3.56737975e-01 
 2.55965126e-01  8.98877980e-01  8.97508128e-01  8.98628471e-01  1.06594204e-01  8.99925677e-01  3.56687165e-01 
 2.56065126e-01  8.98879566e-01  8.97511718e-01  8.98630418e-01  1.06619141e-01  8.99925677e-01  3.56636355e-01 
 2.56165126e-01  8.98881151e-01  8.97515303e-01  8.98632361e-01  1.06644135e-01  8.99925677e-01  3.56585546e-01 
 2.56265126e-01  8.98882733e-01  8.97518882e-01  8.98634302e-01  1.06669187e-01  8.99925677e-01  3.56534738e-01 
 2.56365126e-01  8.98884313e-01  8.97522456e-01  8.98636240e-01  1.06694297e-01  8.99925677e-01  3.56483930e-01 
 2.56465126e-01  8.98885891e-01  8.97526025e-01  8.98638176e-01  1.06719466e-01  8.99925677e-01  3.56433123e-01 
 2.56565126e-01  8.98887466e-01  8.97529588e-01  8.98640108e-01  1.06744694e-01  8.99925677e-01  3.56382316e-01 
 2.56665126e-01  8.98889039e-01  8.97533146e-01  8.98642038e-01  1.06769981e-01  8.99925677e-01  3.56331510e-01 
 2.56765126e-01  8.98890610e-01  8.97536698e-01  8.98643964e-01  1.06795327e-01  8.99925677e-01  3.56280705e-01 
 2.56865126e-01  8.98892178e-01  8.97540246e-01  8.98645888e-01  1.06820732e-01  8.99925677e-01  3.56229900e-01 
 2.56965126e-01  8.98893744e-01  8.97543787e-01  8.98647810e-01  1.06846197e-01  8.99925677e-01  3.56179096e-01 
 2.57065126e-01  8.98895308e-01  8.97547324e-01  8.98649728e-01  1.06871721e-01  8.99925677e-01  3.56128293e-01 
 2.57165126e-01  8.98896870e-01  8.97550855e-01  8.98651643e-01  1.06897306e-01  8.99925677e-01  3.56077490e-01 
 2.57265126e-01  8.98898429e-01  8.97554381e-01  8.98653556e-01  1.06922950e-01  8.99925677e-01  3.56026688e-01 
 2.57365126e-01  8.98899986e-01  8.97557902e-01  8.98655466e-01  1.06948656e-01  8.99925677e-01  3.55975886e-01 
 2.57465126e-01  8.98901541e-01  8.97561417e-01  8.98657373e-01  1.06974422e-01  8.99925677e-01  3.55925085e-01 
 2.57565126e-01  8.98903094e-01  8.97564927e-01  8.98659278e-01  1.07000248e-01  8.99925677e-01  3.55874285e-01 
 2.57665126e-01  8.98904644e-01  8.97568432e-01  8.98661179e-01  1.07026136e-01  8.99925677e-01  3.55823485e-01 
 2.57765126e-01  8.98906192e-01  8.97571931e-01  8.98663078e-01  1.07052085e-01  8.99925677e-01  3.55772686e-01 
 2.57865126e-01  8.98907738e-01  8.97575425e-01  8.98664974e-01  1.07078096e-01  8.99925677e-01  3.55721888e-01 
 2.57965126e-01  8.98909281e-01  8.97578914e-01  8.98666867e-01  1.07104168e-01  8.99925677e-01  3.55671090e-01 
 2.58065126e-01  8.98910823e-01  8.97582398e-01  8.98668758e-01  1.07130302e-01  8.99925677e-01  3.55620293e-01 
 2.58165126e-01  8.98912362e-01  8.97585876e-01  8.98670645e-01  1.07156499e-01  8.99925677e-01  3.55569497e-01 
 2.58265126e-01  8.98913898e-01  8.97589349e-01  8.98672530e-01  1.07182758e-01  8.99925677e-01  3.55518701e-01 
 2.58365126e-01  8.98915433e-01  8.97592817e-01  8.98674412e-01  1.07209079e-01  8.99925677e-01  3.55467905e-01 
 2.58465126e-01  8.98916965e-01  8.97596280e-01  8.98676292e-01  1.07235463e-01  8.99925677e-01  3.55417111e-01 
 2.58565126e-01  8.98918495e-01  8.97599738e-01  8.98678168e-01  1.07261911e-01  8.99925677e-01  3.55366317e-01 
 2.58665126e-01  8.98920023e-01  8.97603190e-01  8.98680042e-01  1.07288421e-01  8.99925677e-01  3.55315523e-01 
 2.58765126e-01  8.98921549e-01  8.97606637e-01  8.98681914e-01  1.07314996e-01  8.99925677e-01  3.55264731e-01 
 2.58865126e-01  8.98923072e-01  8.97610079e-01  8.98683782e-01  1.07341634e-01  8.99925677e-01  3.55213939e-01 
 2.58965126e-01  8.98924594e-01  8.97613516e-01  8.98685648e-01  1.07368336e-01  8.99925677e-01  3.55163147e-01 
 2.59065126e-01  8.98926113e-01  8.97616948e-01  8.98687511e-01  1.07395102e-01  8.99925677e-01  3.55112356e-01 
 2.59165126e-01  8.98927630e-01  8.97620374e-01  8.98689371e-01  1.07421933e-01  8.99925677e-01  3.55061566e-01 
 2.59265126e-01  8.98929144e-01  8.97623796e-01  8.98691229e-01  1.07448828e-01  8.99925677e-01  3.55010776e-01 
 2.59365126e-01  8.98930657e-01  8.97627212e-01  8.98693084e-01  1.07475789e-01  8.99925677e-01  3.54959988e-01 
 2.59465126e-01  8.98932167e-01  8.97630623e-01  8.98694936e-01  1.07502815e-01  8.99925677e-01  3.54909199e-01 
 2.59565126e-01  8.98933675e-01  8.97634029e-01  8.98696785e-01  1.07529906e-01  8.99925677e-01  3.54858411e-01 
 2.59665126e-01  8.98935181e-01  8.97637430e-01  8.98698632e-01  1.07557063e-01  8.99925677e-01  3.54807624e-01 
 2.59765126e-01  8.98936684e-01  8.97640826e-01  8.98700476e-01  1.07584285e-01  8.99925677e-01  3.54756838e-01 
 2.59865126e-01  8.98938186e-01  8.97644217e-01  8.98702317e-01  1.07611574e-01  8.99925677e-01  3.54706052e-01 
 2.59965126e-01  8.98939685e-01  8.97647602e-01  8.98704156e-01  1.07638930e-01  8.99925677e-01  3.54655267e-01 
 2.60065126e-01  8.98941182e-01  8.97650983e-01  8.98705992e-01  1.07666352e-01  8.99925677e-01  3.54604482e-01 
 2.60165126e-01  8.98942677e-01  8.97654358e-01  8.98707825e-01  1.07693840e-01  8.99925677e-01  3.54553698e-01 
 2.60265126e-01  8.98944170e-01  8.97657729e-01  8.98709656e-01  1.07721397e-01  8.99925677e-01  3.54502915e-01 
 2.60365126e-01  8.98945661e-01  8.97661094e-01  8.98711484e-01  1.07749020e-01  8.99925677e-01  3.54452132e-01 
 2.60465126e-01  8.98947149e-01  8.97664454e-01  8.98713309e-01  1.07776711e-01  8.99925677e-01  3.54401350e-01 
 2.60565126e-01  8.98948635e-01  8.97667810e-01  8.98715132e-01  1.07804470e-01  8.99925677e-01  3.54350569e-01 
 2.60665126e-01  8.98950119e-01  8.97671160e-01  8.98716952e-01  1.07832298e-01  8.99925677e-01  3.54299788e-01 
 2.60765126e-01  8.98951601e-01  8.97674505e-01  8.98718769e-01  1.07860193e-01  8.99925677e-01  3.54249008e-01 
 2.60865126e-01  8.98953081e-01  8.97677845e-01  8.98720584e-01  1.07888158e-01  8.99925677e-01  3.54198229e-01 
 2.60965126e-01  8.98954559e-01  8.97681180e-01  8.98722396e-01  1.07916191e-01  8.99925677e-01  3.54147450e-01 
 2.61065126e-01  8.98956034e-01  8.97684511e-01  8.98724205e-01  1.07944294e-01  8.99925677e-01  3.54096671e-01 
 2.61165126e-01  8.98957508e-01  8.97687836e-01  8.98726012e-01  1.07972466e-01  8.99925677e-01  3.54045894e-01 
 2.61265126e-01  8.98958979e-01  8.97691156e-01  8.98727816e-01  1.08000708e-01  8.99925677e-01  3.53995117e-01 
 2.61365126e-01  8.98960448e-01  8.97694471e-01  8.98729617e-01  1.08029020e-01  8.99925677e-01  3.53944340e-01 
 2.61465126e-01  8.98961915e-01  8.97697782e-01  8.98731416e-01  1.08057403e-01  8.99925677e-01  3.53893565e-01 
 2.61565126e-01  8.98963380e-01  8.97701087e-01  8.98733212e-01  1.08085855e-01  8.99925677e-01  3.53842789e-01 
 2.61665126e-01  8.98964843e-01  8.97704387e-01  8.98735006e-01  1.08114379e-01  8.99925677e-01  3.53792015e-01 
 2.61765126e-01  8.98966303e-01  8.97707683e-01  8.98736797e-01  1.08142974e-01  8.99925677e-01  3.53741241e-01 
 2.61865126e-01  8.98967762e-01  8.97710973e-01  8.98738585e-01  1.08171640e-01  8.99925677e-01  3.53690468e-01 
 2.61965126e-01  8.98969218e-01  8.97714259e-01  8.98740371e-01  1.08200378e-01  8.99925677e-01  3.53639695e-01 
 2.62065126e-01  8.98970672e-01  8.97717540e-01  8.98742154e-01  1.08229188e-01  8.99925677e-01  3.53588923e-01 
 2.62165126e-01  8.98972125e-01  8.97720815e-01  8.98743934e-01  1.08258070e-01  8.99925677e-01  3.53538152e-01 
 2.62265126e-01  8.98973575e-01  8.97724086e-01  8.98745712e-01  1.08287025e-01  8.99925677e-01  3.53487381e-01 
 2.62365126e-01  8.98975023e-01  8.97727352e-01  8.98747488e-01  1.08316052e-01  8.99925677e-01  3.53436611e-01 
 2.62465126e-01  8.98976468e-01  8.97730613e-01  8.98749260e-01  1.08345153e-01  8.99925677e-01  3.53385842e-01 
 2.62565126e-01  8.98977912e-01  8.97733869e-01  8.98751031e-01  1.08374327e-01  8.99925677e-01  3.53335073e-01 
 2.62665126e-01  8.98979354e-01  8.97737121e-01  8.98752798e-01  1.08403574e-01  8.99925677e-01  3.53284305e-01 
 2.62765126e-01  8.98980793e-01  8.97740367e-01  8.98754563e-01  1.08432896e-01  8.99925677e-01  3.53233537e-01 
 2.62865126e-01  8.98982231e-01  8.97743609e-01  8.98756326e-01  1.08462291e-01  8.99925677e-01  3.53182770e-01 
 2.62965126e-01  8.98983666e-01  8.97746846e-01  8.98758086e-01  1.08491762e-01  8.99925677e-01  3.53132004e-01 
 2.63065126e-01  8.98985099e-01  8.97750077e-01  8.98759843e-01  1.08521307e-01  8.99925677e-01  3.53081238e-01 
 2.63165126e-01  8.98986531e-01  8.97753305e-01  8.98761598e-01  1.08550927e-01  8.99925677e-01  3.53030473e-01 
 2.63265126e-01  8.98987960e-01  8.97756527e-01  8.98763350e-01  1.08580623e-01  8.99925677e-01  3.52979708e-01 
 2.63365126e-01  8.98989387e-01  8.97759744e-01  8.98765099e-01  1.08610394e-01  8.99925677e-01  3.52928945e-01 
 2.63465126e-01  8.98990812e-01  8.97762957e-01  8.98766846e-01  1.08640242e-01  8.99925677e-01  3.52878182e-01 
 2.63565126e-01  8.98992235e-01  8.97766165e-01  8.98768591e-01  1.08670166e-01  8.99925677e-01  3.52827419e-01 
 2.63665126e-01  8.98993656e-01  8.97769368e-01  8.98770333e-01  1.08700166e-01  8.99925677e-01  3.52776657e-01 
 2.63765126e-01  8.98995074e-01  8.97772566e-01  8.98772072e-01  1.08730244e-01  8.99925677e-01  3.52725896e-01 
 2.63865126e-01  8.98996491e-01  8.97775760e-01  8.98773809e-01  1.08760398e-01  8.99925677e-01  3.52675135e-01 
 2.63965126e-01  8.98997906e-01  8.97778948e-01  8.98775544e-01  1.08790631e-01  8.99925677e-01  3.52624375e-01 
 2.64065126e-01  8.98999319e-01  8.97782132e-01  8.98777276e-01  1.08820941e-01  8.99925677e-01  3.52573616e-01 
 2.64165126e-01  8.99000729e-01  8.97785311e-01  8.98779005e-01  1.08851329e-01  8.99925677e-01  3.52522857e-01 
 2.64265126e-01  8.99002138e-01  8.97788486e-01  8.98780732e-01  1.08881796e-01  8.99925677e-01  3.52472099e-01 
 2.64365126e-01  8.99003544e-01  8.97791656e-01  8.98782456e-01  1.08912342e-01  8.99925677e-01  3.52421341e-01 
 2.64465126e-01  8.99004949e-01  8.97794821e-01  8.98784178e-01  1.08942967e-01  8.99925677e-01  3.52370584e-01 
 2.64565126e-01  8.99006351e-01  8.97797981e-01  8.98785897e-01  1.08973672e-01  8.99925677e-01  3.52319828e-01 
 2.64665126e-01  8.99007752e-01  8.97801136e-01  8.98787614e-01  1.09004456e-01  8.99925677e-01  3.52269073e-01 
 2.64765126e-01  8.99009150e-01  8.97804287e-01  8.98789328e-01  1.09035321e-01  8.99925677e-01  3.52218318e-01 
 2.64865126e-01  8.99010546e-01  8.97807433e-01  8.98791040e-01  1.09066266e-01  8.99925677e-01  3.52167563e-01 
 2.64965126e-01  8.99011941e-01  8.97810575e-01  8.98792749e-01  1.09097292e-01  8.99925677e-01  3.52116809e-01 
 2.65065126e-01  8.99013333e-01  8.97813711e-01  8.98794456e-01  1.09128399e-01  8.99925677e-01  3.52066056e-01 
 2.65165126e-01  8.99014723e-01  8.97816843e-01  8.98796160e-01  1.09159587e-01  8.99925677e-01  3.52015304e-01 
 2.65265126e-01  8.99016111e-01  8.97819971e-01  8.98797862e-01  1.09190858e-01  8.99925677e-01  3.51964552e-01 
 2.65365126e-01  8.99017498e-01  8.97823094e-01  8.98799562e-01  1.09222210e-01  8.99925677e-01  3.51913801e-01 
 2.65465126e-01  8.99018882e-01  8.97826212e-01  8.98801259e-01  1.09253645e-01  8.99925677e-01  3.51863050e-01 
 2.65565126e-01  8.99020264e-01  8.97829325e-01  8.98802953e-01  1.09285163e-01  8.99925677e-01  3.51812300e-01 
 2.65665126e-01  8.99021645e-01  8.97832434e-01  8.98804645e-01  1.09316765e-01  8.99925677e-01  3.51761551e-01 
 2.65765126e-01  8.99023023e-01  8.97835538e-01  8.98806334e-01  1.09348449e-01  8.99925677e-01  3.51710802e-01 
 2.65865126e-01  8.99024399e-01  8.97838637e-01  8.98808021e-01  1.09380218e-01  8.99925677e-01  3.51660054e-01 
 2.65965126e-01  8.99025773e-01  8.97841732e-01  8.98809706e-01  1.09412071e-01  8.99925677e-01  3.51609307e-01 
 2.66065126e-01  8.99027146e-01  8.97844823e-01  8.98811388e-01  1.09444009e-01  8.99925677e-01  3.51558560e-01 
 2.66165126e-01  8.99028516e-01  8.97847908e-01  8.98813068e-01  1.09476031e-01  8.99925677e-01  3.51507814e-01 
 2.66265126e-01  8.99029884e-01  8.97850989e-01  8.98814745e-01  1.09508139e-01  8.99925677e-01  3.51457068e-01 
 2.66365126e-01  8.99031251e-01  8.97854066e-01  8.98816420e-01  1.09540333e-01  8.99925677e-01  3.51406323e-01 
 2.66465126e-01  8.99032615e-01  8.97857138e-01  8.98818092e-01  1.09572613e-01  8.99925677e-01  3.51355579e-01 
 2.66565126e-01  8.99033977e-01  8.97860205e-01  8.98819762e-01  1.09604979e-01  8.99925677e-01  3.51304835e-01 
 2.66665126e-01  8.99035338e-01  8.97863268e-01  8.98821430e-01  1.09637432e-01  8.99925677e-01  3.51254092e-01 
 2.66765126e-01  8.99036696e-01  8.97866326e-01  8.98823095e-01  1.09669973e-01  8.99925677e-01  3.51203350e-01 
 2.66865126e-01  8.99038053e-01  8.97869380e-01  8.98824757e-01  1.09702601e-01  8.99925677e-01  3.51152608e-01 
 2.66965126e-01  8.99039407e-01  8.97872429e-01  8.98826418e-01  1.09735316e-01  8.99925677e-01  3.51101867e-01 
 2.67065126e-01  8.99040760e-01  8.97875473e-01  8.98828075e-01  1.09768121e-01  8.99925677e-01  3.51051127e-01 
 2.67165126e-01  8.99042110e-01  8.97878513e-01  8.98829731e-01  1.09801014e-01  8.99925677e-01  3.51000387e-01 
 2.67265126e-01  8.99043459e-01  8.97881549e-01  8.98831384e-01  1.09833996e-01  8.99925677e-01  3.50949647e-01 
 2.67365126e-01  8.99044805e-01  8.97884580e-01  8.98833034e-01  1.09867067e-01  8.99925677e-01  3.50898909e-01 
 2.67465126e-01  8.99046150e-01  8.97887606e-01  8.98834683e-01  1.09900229e-01  8.99925677e-01  3.50848171e-01 
 2.67565126e-01  8.99047493e-01  8.97890628e-01  8.98836328e-01  1.09933480e-01  8.99925677e-01  3.50797434e-01 
 2.67665126e-01  8.99048834e-01  8.97893646e-01  8.98837972e-01  1.09966823e-01  8.99925677e-01  3.50746697e-01 
 2.67765126e-01  8.99050173e-01  8.97896658e-01  8.98839613e-01  1.10000257e-01  8.99925677e-01  3.50695961e-01 
 2.67865126e-01  8.99051510e-01  8.97899667e-01  8.98841251e-01  1.10033782e-01  8.99925677e-01  3.50645225e-01 
 2.67965126e-01  8.99052845e-01  8.97902671e-01  8.98842888e-01  1.10067399e-01  8.99925677e-01  3.50594490e-01 
 2.68065126e-01  8.99054178e-01  8.97905670e-01  8.98844522e-01  1.10101108e-01  8.99925677e-01  3.50543756e-01 
 2.68165126e-01  8.99055509e-01  8.97908666e-01  8.98846153e-01  1.10134910e-01  8.99925677e-01  3.50493023e-01 
 2.68265126e-01  8.99056838e-01  8.97911656e-01  8.98847782e-01  1.10168805e-01  8.99925677e-01  3.50442290e-01 
 2.68365126e-01  8.99058165e-01  8.97914642e-01  8.98849409e-01  1.10202794e-01  8.99925677e-01  3.50391557e-01 
 2.68465126e-01  8.99059491e-01  8.97917624e-01  8.98851033e-01  1.10236876e-01  8.99925677e-01  3.50340826e-01 
 2.68565126e-01  8.99060814e-01  8.97920601e-01  8.98852655e-01  1.10271053e-01  8.99925677e-01  3.50290095e-01 
 2.68665126e-01  8.99062136e-01  8.97923574e-01  8.98854275e-01  1.10305325e-01  8.99925677e-01  3.50239364e-01 
 2.68765126e-01  8.99063456e-01  8.97926543e-01  8.98855892e-01  1.10339692e-01  8.99925677e-01  3.50188634e-01 
 2.68865126e-01  8.99064773e-01  8.97929507e-01  8.98857507e-01  1.10374155e-01  8.99925677e-01  3.50137905e-01 
 2.68965126e-01  8.99066089e-01  8.97932466e-01  8.98859120e-01  1.10408714e-01  8.99925677e-01  3.50087177e-01 
 2.69065126e-01  8.99067403e-01  8.97935421e-01  8.98860730e-01  1.10443369e-01  8.99925677e-01  3.50036449e-01 
 2.69165126e-01  8.99068715e-01  8.97938372e-01  8.98862338e-01  1.10478122e-01  8.99925677e-01  3.49985722e-01 
 2.69265126e-01  8.99070025e-01  8.97941319e-01  8.98863944e-01  1.10512972e-01  8.99925677e-01  3.49934995e-01 
 2.69365126e-01  8.99071334e-01  8.97944261e-01  8.98865547e-01  1.10547920e-01  8.99925677e-01  3.49884269e-01 
 2.69465126e-01  8.99072640e-01  8.97947198e-01  8.98867148e-01  1.10582966e-01  8.99925677e-01  3.49833544e-01 
 2.69565126e-01  8.99073944e-01  8.97950132e-01  8.98868747e-01  1.10618111e-01  8.99925677e-01  3.49782819e-01 
 2.69665126e-01  8.99075247e-01  8.97953061e-01  8.98870343e-01  1.10653355e-01  8.99925677e-01  3.49732095e-01 
 2.69765126e-01  8.99076548e-01  8.97955985e-01  8.98871937e-01  1.10688699e-01  8.99925677e-01  3.49681371e-01 
 2.69865126e-01  8.99077846e-01  8.97958906e-01  8.98873529e-01  1.10724143e-01  8.99925677e-01  3.49630648e-01 
 2.69965126e-01  8.99079143e-01  8.97961822e-01  8.98875118e-01  1.10759687e-01  8.99925677e-01  3.49579926e-01 
 2.70065126e-01  8.99080438e-01  8.97964733e-01  8.98876705e-01  1.10795333e-01  8.99925677e-01  3.49529205e-01 
 2.70165126e-01  8.99081732e-01  8.97967640e-01  8.98878290e-01  1.10831080e-01  8.99925677e-01  3.49478484e-01 
 2.70265126e-01  8.99083023e-01  8.97970543e-01  8.98879872e-01  1.10866930e-01  8.99925677e-01  3.49427763e-01 
 2.70365126e-01  8.99084312e-01  8.97973442e-01  8.98881452e-01  1.10902882e-01  8.99925677e-01  3.49377044e-01 
 2.70465126e-01  8.99085600e-01  8.97976336e-01  8.98883030e-01  1.10938937e-01  8.99925677e-01  3.49326325e-01 
 2.70565126e-01  8.99086886e-01  8.97979227e-01  8.98884606e-01  1.10975095e-01  8.99925677e-01  3.49275606e-01 
 2.70665126e-01  8.99088170e-01  8.97982112e-01  8.98886179e-01  1.11011357e-01  8.99925677e-01  3.49224888e-01 
 2.70765126e-01  8.99089452e-01  8.97984994e-01  8.98887750e-01  1.11047724e-01  8.99925677e-01  3.49174171e-01 
 2.70865126e-01  8.99090732e-01  8.97987871e-01  8.98889319e-01  1.11084196e-01  8.99925677e-01  3.49123455e-01 
 2.70965126e-01  8.99092010e-01  8.97990744e-01  8.98890885e-01  1.11120773e-01  8.99925677e-01  3.49072739e-01 
 2.71065126e-01  8.99093287e-01  8.97993613e-01  8.98892449e-01  1.11157457e-01  8.99925677e-01  3.49022024e-01 
 2.71165126e-01  8.99094561e-01  8.97996477e-01  8.98894011e-01  1.11194247e-01  8.99925677e-01  3.48971309e-01 
 2.71265126e-01  8.99095834e-01  8.97999337e-01  8.98895571e-01  1.11231144e-01  8.99925677e-01  3.48920595e-01 
 2.71365126e-01  8.99097105e-01  8.98002193e-01  8.98897128e-01  1.11268148e-01  8.99925677e-01  3.48869881e-01 
 2.71465126e-01  8.99098374e-01  8.98005045e-01  8.98898683e-01  1.11305260e-01  8.99925677e-01  3.48819169e-01 
 2.71565126e-01  8.99099641e-01  8.98007892e-01  8.98900236e-01  1.11342481e-01  8.99925677e-01  3.48768457e-01 
 2.71665126e-01  8.99100907e-01  8.98010736e-01  8.98901787e-01  1.11379811e-01  8.99925677e-01  3.48717745e-01 
 2.71765126e-01  8.99102170e-01  8.98013575e-01  8.98903335e-01  1.11417251e-01  8.99925677e-01  3.48667034e-01 
 2.71865126e-01  8.99103432e-01  8.98016409e-01  8.98904881e-01  1.11454801e-01  8.99925677e-01  3.48616324e-01 
 2.71965126e-01  8.99104692e-01  8.98019240e-01  8.98906425e-01  1.11492462e-01  8.99925677e-01  3.48565614e-01 
 2.72065126e-01  8.99105950e-01  8.98022066e-01  8.98907967e-01  1.11530233e-01  8.99925677e-01  3.48514906e-01 
 2.72165126e-01  8.99107207e-01  8.98024889e-01  8.98909506e-01  1.11568117e-01  8.99925677e-01  3.48464197e-01 
 2.72265126e-01  8.99108461e-01  8.98027707e-01  8.98911043e-01  1.11606113e-01  8.99925677e-01  3.48413489e-01 
 2.72365126e-01  8.99109714e-01  8.98030521e-01  8.98912578e-01  1.11644222e-01  8.99925677e-01  3.48362782e-01 
 2.72465126e-01  8.99110965e-01  8.98033330e-01  8.98914111e-01  1.11682444e-01  8.99925677e-01  3.48312076e-01 
 2.72565126e-01  8.99112214e-01  8.98036136e-01  8.98915641e-01  1.11720781e-01  8.99925677e-01  3.48261370e-01 
 2.72665126e-01  8.99113461e-01  8.98038937e-01  8.98917169e-01  1.11759232e-01  8.99925677e-01  3.48210665e-01 
 2.72765126e-01  8.99114707e-01  8.98041735e-01  8.98918695e-01  1.11797798e-01  8.99925677e-01  3.48159960e-01 
 2.72865126e-01  8.99115950e-01  8.98044528e-01  8.98920219e-01  1.11836480e-01  8.99925677e-01  3.48109257e-01 
 2.72965126e-01  8.99117192e-01  8.98047317e-01  8.98921741e-01  1.11875278e-01  8.99925677e-01  3.48058553e-01 
 2.73065126e-01  8.99118432e-01  8.98050101e-01  8.98923260e-01  1.11914193e-01  8.99925677e-01  3.48007851e-01 
 2.73165126e-01  8.99119671e-01  8.98052882e-01  8.98924777e-01  1.11953226e-01  8.99925677e-01  3.47957149e-01 
 2.73265126e-01  8.99120907e-01  8.98055659e-01  8.98926292e-01  1.11992377e-01  8.99925677e-01  3.47906447e-01 
 2.73365126e-01  8.99122142e-01  8.98058431e-01  8.98927805e-01  1.12031646e-01  8.99925677e-01  3.47855747e-01 
 2.73465126e-01  8.99123375e-01  8.98061200e-01  8.98929316e-01  1.12071035e-01  8.99925677e-01  3.47805046e-01 
 2.73565126e-01  8.99124606e-01  8.98063964e-01  8.98930824e-01  1.12110544e-01  8.99925677e-01  3.47754347e-01 
 2.73665126e-01  8.99125835e-01  8.98066724e-01  8.98932330e-01  1.12150173e-01  8.99925677e-01  3.47703648e-01 
 2.73765126e-01  8.99127063e-01  8.98069480e-01  8.98933835e-01  1.12189923e-01  8.99925677e-01  3.47652950e-01 
 2.73865126e-01  8.99128289e-01  8.98072232e-01  8.98935336e-01  1.12229796e-01  8.99925677e-01  3.47602252e-01 
 2.73965126e-01  8.99129513e-01  8.98074980e-01  8.98936836e-01  1.12269790e-01  8.99925677e-01  3.47551555e-01 
 2.74065126e-01  8.99130735e-01  8.98077724e-01  8.98938334e-01  1.12309908e-01  8.99925677e-01  3.47500859e-01 
 2.74165126e-01  8.99131956e-01  8.98080464e-01  8.98939829e-01  1.12350149e-01  8.99925677e-01  3.47450163e-01 
 2.74265126e-01  8.99133175e-01  8.98083200e-01  8.98941322e-01  1.12390515e-01  8.99925677e-01  3.47399468e-01 
 2.74365126e-01  8.99134392e-01  8.98085931e-01  8.98942813e-01  1.12431006e-01  8.99925677e-01  3.47348774e-01 
 2.74465126e-01  8.99135607e-01  8.98088659e-01  8.98944302e-01  1.12471622e-01  8.99925677e-01  3.47298080e-01 
 2.74565126e-01  8.99136821e-01  8.98091383e-01  8.98945789e-01  1.12512365e-01  8.99925677e-01  3.47247387e-01 
 2.74665126e-01  8.99138032e-01  8.98094102e-01  8.98947273e-01  1.12553234e-01  8.99925677e-01  3.47196694e-01 
 2.74765126e-01  8.99139242e-01  8.98096818e-01  8.98948756e-01  1.12594231e-01  8.99925677e-01  3.47146003e-01 
 2.74865126e-01  8.99140451e-01  8.98099529e-01  8.98950236e-01  1.12635357e-01  8.99925677e-01  3.47095311e-01 
 2.74965126e-01  8.99141657e-01  8.98102237e-01  8.98951714e-01  1.12676611e-01  8.99925677e-01  3.47044621e-01 
 2.75065126e-01  8.99142862e-01  8.98104941e-01  8.98953190e-01  1.12717996e-01  8.99925677e-01  3.46993931e-01 
 2.75165126e-01  8.99144065e-01  8.98107640e-01  8.98954664e-01  1.12759510e-01  8.99925677e-01  3.46943241e-01 
 2.75265126e-01  8.99145266e-01  8.98110336e-01  8.98956136e-01  1.12801156e-01  8.99925677e-01  3.46892553e-01 
 2.75365126e-01  8.99146466e-01  8.98113027e-01  8.98957605e-01  1.12842934e-01  8.99925677e-01  3.46841865e-01 
 2.75465126e-01  8.99147664e-01  8.98115715e-01  8.98959073e-01  1.12884844e-01  8.99925677e-01  3.46791177e-01 
 2.75565126e-01  8.99148860e-01  8.98118399e-01  8.98960538e-01  1.12926887e-01  8.99925677e-01  3.46740490e-01 
 2.75665126e-01  8.99150054e-01  8.98121078e-01  8.98962001e-01  1.12969064e-01  8.99925677e-01  3.46689804e-01 
 2.75765126e-01  8.99151247e-01  8.98123754e-01  8.98963462e-01  1.13011376e-01  8.99925677e-01  3.46639119e-01 
 2.75865126e-01  8.99152438e-01  8.98126426e-01  8.98964921e-01  1.13053823e-01  8.99925677e-01  3.46588434e-01 
 2.75965126e-01  8.99153627e-01  8.98129094e-01  8.98966378e-01  1.13096406e-01  8.99925677e-01  3.46537749e-01 
 2.76065126e-01  8.99154815e-01  8.98131757e-01  8.98967833e-01  1.13139127e-01  8.99925677e-01  3.46487066e-01 
 2.76165126e-01  8.99156001e-01  8.98134417e-01  8.98969285e-01  1.13181985e-01  8.99925677e-01  3.46436383e-01 
 2.76265126e-01  8.99157185e-01  8.98137073e-01  8.98970736e-01  1.13224981e-01  8.99925677e-01  3.46385700e-01 
 2.76365126e-01  8.99158367e-01  8.98139725e-01  8.98972184e-01  1.13268116e-01  8.99925677e-01  3.46335019e-01 
 2.76465126e-01  8.99159548e-01  8.98142374e-01  8.98973631e-01  1.13311392e-01  8.99925677e-01  3.46284337e-01 
 2.76565126e-01  8.99160727e-01  8.98145018e-01  8.98975075e-01  1.13354808e-01  8.99925677e-01  3.46233657e-01 
 2.76665126e-01  8.99161904e-01  8.98147658e-01  8.98976517e-01  1.13398366e-01  8.99925677e-01  3.46182977e-01 
 2.76765126e-01  8.99163080e-01  8.98150295e-01  8.98977957e-01  1.13442066e-01  8.99925677e-01  3.46132298e-01 
 2.76865126e-01  8.99164254e-01  8.98152927e-01  8.98979395e-01  1.13485909e-01  8.99925677e-01  3.46081619e-01 
 2.76965126e-01  8.99165426e-01  8.98155556e-01  8.98980831e-01  1.13529896e-01  8.99925677e-01  3.46030941e-01 
 2.77065126e-01  8.99166596e-01  8.98158181e-01  8.98982265e-01  1.13574028e-01  8.99925677e-01  3.45980264e-01 
 2.77165126e-01  8.99167765e-01  8.98160802e-01  8.98983697e-01  1.13618305e-01  8.99925677e-01  3.45929587e-01 
 2.77265126e-01  8.99168933e-01  8.98163419e-01  8.98985126e-01  1.13662729e-01  8.99925677e-01  3.45878911e-01 
 2.77365126e-01  8.99170098e-01  8.98166032e-01  8.98986554e-01  1.13707300e-01  8.99925677e-01  3.45828236e-01 
 2.77465126e-01  8.99171262e-01  8.98168641e-01  8.98987979e-01  1.13752019e-01  8.99925677e-01  3.45777561e-01 
 2.77565126e-01  8.99172424e-01  8.98171247e-01  8.98989403e-01  1.13796887e-01  8.99925677e-01  3.45726887e-01 
 2.77665126e-01  8.99173584e-01  8.98173849e-01  8.98990824e-01  1.13841904e-01  8.99925677e-01  3.45676213e-01 
 2.77765126e-01  8.99174743e-01  8.98176446e-01  8.98992244e-01  1.13887073e-01  8.99925677e-01  3.45625541e-01 
 2.77865126e-01  8.99175900e-01  8.98179040e-01  8.98993661e-01  1.13932392e-01  8.99925677e-01  3.45574868e-01 
 2.77965126e-01  8.99177056e-01  8.98181631e-01  8.98995076e-01  1.13977865e-01  8.99925677e-01  3.45524197e-01 
 2.78065126e-01  8.99178209e-01  8.98184217e-01  8.98996489e-01  1.14023490e-01  8.99925677e-01  3.45473526e-01 
 2.78165126e-01  8.99179362e-01  8.98186800e-01  8.98997901e-01  1.14069270e-01  8.99925677e-01  3.45422855e-01 
 2.78265126e-01  8.99180512e-01  8.98189378e-01  8.98999310e-01  1.14115205e-01  8.99925677e-01  3.45372186e-01 
 2.78365126e-01  8.99181661e-01  8.98191953e-01  8.99000717e-01  1.14161296e-01  8.99925677e-01  3.45321517e-01 
 2.78465126e-01  8.99182808e-01  8.98194524e-01  8.99002122e-01  1.14207543e-01  8.99925677e-01  3.45270848e-01 
 2.78565126e-01  8.99183953e-01  8.98197092e-01  8.99003525e-01  1.14253949e-01  8.99925677e-01  3.45220180e-01 
 2.78665126e-01  8.99185097e-01  8.98199655e-01  8.99004926e-01  1.14300513e-01  8.99925677e-01  3.45169513e-01 
 2.78765126e-01  8.99186239e-01  8.98202215e-01  8.99006325e-01  1.14347238e-01  8.99925677e-01  3.45118847e-01 
 2.78865126e-01  8.99187380e-01  8.98204771e-01  8.99007722e-01  1.14394122e-01  8.99925677e-01  3.45068181e-01 
 2.78965126e-01  8.99188519e-01  8.98207323e-01  8.99009117e-01  1.14441169e-01  8.99925677e-01  3.45017516e-01 
 2.79065126e-01  8.99189656e-01  8.98209872e-01  8.99010510e-01  1.14488378e-01  8.99925677e-01  3.44966851e-01 
 2.79165126e-01  8.99190792e-01  8.98212416e-01  8.99011901e-01  1.14535751e-01  8.99925677e-01  3.44916187e-01 
 2.79265126e-01  8.99191926e-01  8.98214957e-01  8.99013290e-01  1.14583288e-01  8.99925677e-01  3.44865524e-01 
 2.79365126e-01  8.99193058e-01  8.98217495e-01  8.99014676e-01  1.14630991e-01  8.99925677e-01  3.44814861e-01 
 2.79465126e-01  8.99194189e-01  8.98220028e-01  8.99016061e-01  1.14678861e-01  8.99925677e-01  3.44764199e-01 
 2.79565126e-01  8.99195318e-01  8.98222558e-01  8.99017444e-01  1.14726898e-01  8.99925677e-01  3.44713537e-01 
 2.79665126e-01  8.99196445e-01  8.98225084e-01  8.99018825e-01  1.14775104e-01  8.99925677e-01  3.44662877e-01 
 2.79765126e-01  8.99197571e-01  8.98227606e-01  8.99020204e-01  1.14823480e-01  8.99925677e-01  3.44612216e-01 
 2.79865126e-01  8.99198696e-01  8.98230125e-01  8.99021581e-01  1.14872027e-01  8.99925677e-01  3.44561557e-01 
 2.79965126e-01  8.99199818e-01  8.98232640e-01  8.99022956e-01  1.14920745e-01  8.99925677e-01  3.44510898e-01 
 2.80065126e-01  8.99200939e-01  8.98235151e-01  8.99024329e-01  1.14969636e-01  8.99925677e-01  3.44460240e-01 
 2.80165126e-01  8.99202059e-01  8.98237658e-01  8.99025700e-01  1.15018701e-01  8.99925677e-01  3.44409582e-01 
 2.80265126e-01  8.99203176e-01  8.98240162e-01  8.99027069e-01  1.15067942e-01  8.99925677e-01  3.44358925e-01 
 2.80365126e-01  8.99204293e-01  8.98242662e-01  8.99028436e-01  1.15117358e-01  8.99925677e-01  3.44308269e-01 
 2.80465126e-01  8.99205407e-01  8.98245159e-01  8.99029801e-01  1.15166952e-01  8.99925677e-01  3.44257613e-01 
 2.80565126e-01  8.99206520e-01  8.98247652e-01  8.99031164e-01  1.15216724e-01  8.99925677e-01  3.44206958e-01 
 2.80665126e-01  8.99207631e-01  8.98250141e-01  8.99032525e-01  1.15266676e-01  8.99925677e-01  3.44156304e-01 
 2.80765126e-01  8.99208741e-01  8.98252626e-01  8.99033884e-01  1.15316808e-01  8.99925677e-01  3.44105650e-01 
 2.80865126e-01  8.99209849e-01  8.98255108e-01  8.99035241e-01  1.15367123e-01  8.99925677e-01  3.44054997e-01 
 2.80965126e-01  8.99210956e-01  8.98257586e-01  8.99036596e-01  1.15417620e-01  8.99925677e-01  3.44004344e-01 
 2.81065126e-01  8.99212061e-01  8.98260061e-01  8.99037949e-01  1.15468301e-01  8.99925677e-01  3.43953692e-01 
 2.81165126e-01  8.99213164e-01  8.98262531e-01  8.99039300e-01  1.15519168e-01  8.99925677e-01  3.43903041e-01 
 2.81265126e-01  8.99214266e-01  8.98264999e-01  8.99040650e-01  1.15570222e-01  8.99925677e-01  3.43852390e-01 
 2.81365126e-01  8.99215366e-01  8.98267462e-01  8.99041997e-01  1.15621463e-01  8.99925677e-01  3.43801740e-01 
 2.81465126e-01  8.99216465e-01  8.98269922e-01  8.99043343e-01  1.15672893e-01  8.99925677e-01  3.43751091e-01 
 2.81565126e-01  8.99217562e-01  8.98272378e-01  8.99044686e-01  1.15724514e-01  8.99925677e-01  3.43700442e-01 
 2.81665126e-01  8.99218657e-01  8.98274831e-01  8.99046028e-01  1.15776326e-01  8.99925677e-01  3.43649794e-01 
 2.81765126e-01  8.99219751e-01  8.98277280e-01  8.99047367e-01  1.15828331e-01  8.99925677e-01  3.43599147e-01 
 2.81865126e-01  8.99220844e-01  8.98279726e-01  8.99048705e-01  1.15880530e-01  8.99925677e-01  3.43548500e-01 
 2.81965126e-01  8.99221934e-01  8.98282168e-01  8.99050041e-01  1.15932924e-01  8.99925677e-01  3.43497854e-01 
 2.82065126e-01  8.99223023e-01  8.98284606e-01  8.99051374e-01  1.15985515e-01  8.99925677e-01  3.43447208e-01 
 2.82165126e-01  8.99224111e-01  8.98287041e-01  8.99052706e-01  1.16038304e-01  8.99925677e-01  3.43396564e-01 
 2.82265126e-01  8.99225197e-01  8.98289472e-01  8.99054036e-01  1.16091293e-01  8.99925677e-01  3.43345919e-01 
 2.82365126e-01  8.99226282e-01  8.98291900e-01  8.99055364e-01  1.16144482e-01  8.99925677e-01  3.43295276e-01 
 2.82465126e-01  8.99227365e-01  8.98294324e-01  8.99056690e-01  1.16197872e-01  8.99925677e-01  3.43244633e-01 
 2.82565126e-01  8.99228446e-01  8.98296744e-01  8.99058015e-01  1.16251467e-01  8.99925677e-01  3.43193990e-01 
 2.82665126e-01  8.99229526e-01  8.98299161e-01  8.99059337e-01  1.16305266e-01  8.99925677e-01  3.43143349e-01 
 2.82765126e-01  8.99230604e-01  8.98301574e-01  8.99060657e-01  1.16359271e-01  8.99925677e-01  3.43092708e-01 
 2.82865126e-01  8.99231681e-01  8.98303984e-01  8.99061976e-01  1.16413484e-01  8.99925677e-01  3.43042067e-01 
 2.82965126e-01  8.99232756e-01  8.98306391e-01  8.99063292e-01  1.16467906e-01  8.99925677e-01  3.42991428e-01 
 2.83065126e-01  8.99233829e-01  8.98308793e-01  8.99064607e-01  1.16522538e-01  8.99925677e-01  3.42940788e-01 
 2.83165126e-01  8.99234901e-01  8.98311192e-01  8.99065920e-01  1.16577382e-01  8.99925677e-01  3.42890150e-01 
 2.83265126e-01  8.99235972e-01  8.98313588e-01  8.99067231e-01  1.16632440e-01  8.99925677e-01  3.42839512e-01 
 2.83365126e-01  8.99237041e-01  8.98315980e-01  8.99068540e-01  1.16687712e-01  8.99925677e-01  3.42788875e-01 
 2.83465126e-01  8.99238108e-01  8.98318369e-01  8.99069847e-01  1.16743201e-01  8.99925677e-01  3.42738238e-01 
 2.83565126e-01  8.99239174e-01  8.98320754e-01  8.99071152e-01  1.16798908e-01  8.99925677e-01  3.42687602e-01 
 2.83665126e-01  8.99240239e-01  8.98323136e-01  8.99072455e-01  1.16854835e-01  8.99925677e-01  3.42636967e-01 
 2.83765126e-01  8.99241302e-01  8.98325514e-01  8.99073757e-01  1.16910982e-01  8.99925677e-01  3.42586333e-01 
 2.83865126e-01  8.99242363e-01  8.98327889e-01  8.99075056e-01  1.16967352e-01  8.99925677e-01  3.42535699e-01 
 2.83965126e-01  8.99243423e-01  8.98330260e-01  8.99076354e-01  1.17023946e-01  8.99925677e-01  3.42485065e-01 
 2.84065126e-01  8.99244481e-01  8.98332628e-01  8.99077650e-01  1.17080766e-01  8.99925677e-01  3.42434432e-01 
 2.84165126e-01  8.99245538e-01  8.98334992e-01  8.99078944e-01  1.17137813e-01  8.99925677e-01  3.42383800e-01 
 2.84265126e-01  8.99246593e-01  8.98337352e-01  8.99080236e-01  1.17195090e-01  8.99925677e-01  3.42333169e-01 
 2.84365126e-01  8.99247647e-01  8.98339710e-01  8.99081526e-01  1.17252597e-01  8.99925677e-01  3.42282538e-01 
 2.84465126e-01  8.99248699e-01  8.98342064e-01  8.99082815e-01  1.17310337e-01  8.99925677e-01  3.42231908e-01 
 2.84565126e-01  8.99249750e-01  8.98344414e-01  8.99084101e-01  1.17368310e-01  8.99925677e-01  3.42181279e-01 
 2.84665126e-01  8.99250799e-01  8.98346761e-01  8.99085386e-01  1.17426520e-01  8.99925677e-01  3.42130650e-01 
 2.84765126e-01  8.99251847e-01  8.98349104e-01  8.99086669e-01  1.17484967e-01  8.99925677e-01  3.42080021e-01 
 2.84865126e-01  8.99252893e-01  8.98351444e-01  8.99087949e-01  1.17543654e-01  8.99925677e-01  3.42029394e-01 
 2.84965126e-01  8.99253937e-01  8.98353781e-01  8.99089229e-01  1.17602581e-01  8.99925677e-01  3.41978767e-01 
 2.85065126e-01  8.99254981e-01  8.98356114e-01  8.99090506e-01  1.17661752e-01  8.99925677e-01  3.41928141e-01 
 2.85165126e-01  8.99256022e-01  8.98358444e-01  8.99091781e-01  1.17721167e-01  8.99925677e-01  3.41877515e-01 
 2.85265126e-01  8.99257062e-01  8.98360770e-01  8.99093055e-01  1.17780829e-01  8.99925677e-01  3.41826890e-01 
 2.85365126e-01  8.99258101e-01  8.98363093e-01  8.99094327e-01  1.17840740e-01  8.99925677e-01  3.41776266e-01 
 2.85465126e-01  8.99259138e-01  8.98365413e-01  8.99095597e-01  1.17900900e-01  8.99925677e-01  3.41725642e-01 
 2.85565126e-01  8.99260174e-01  8.98367729e-01  8.99096865e-01  1.17961313e-01  8.99925677e-01  3.41675019e-01 
 2.85665126e-01  8.99261208e-01  8.98370042e-01  8.99098131e-01  1.18021980e-01  8.99925677e-01  3.41624396e-01 
 2.85765126e-01  8.99262241e-01  8.98372351e-01  8.99099395e-01  1.18082903e-01  8.99925677e-01  3.41573775e-01 
 2.85865126e-01  8.99263272e-01  8.98374657e-01  8.99100658e-01  1.18144085e-01  8.99925677e-01  3.41523153e-01 
 2.85965126e-01  8.99264302e-01  8.98376960e-01  8.99101919e-01  1.18205526e-01  8.99925677e-01  3.41472533e-01 
 2.86065126e-01  8.99265330e-01  8.98379259e-01  8.99103178e-01  1.18267230e-01  8.99925677e-01  3.41421913e-01 
 2.86165126e-01  8.99266357e-01  8.98381555e-01  8.99104435e-01  1.18329197e-01  8.99925677e-01  3.41371294e-01 
 2.86265126e-01  8.99267382e-01  8.98383847e-01  8.99105690e-01  1.18391431e-01  8.99925677e-01  3.41320675e-01 
 2.86365126e-01  8.99268406e-01  8.98386136e-01  8.99106944e-01  1.18453933e-01  8.99925677e-01  3.41270057e-01 
 2.86465126e-01  8.99269429e-01  8.98388422e-01  8.99108196e-01  1.18516706e-01  8.99925677e-01  3.41219440e-01 
 2.86565126e-01  8.99270449e-01  8.98390705e-01  8.99109445e-01  1.18579751e-01  8.99925677e-01  3.41168823e-01 
 2.86665126e-01  8.99271469e-01  8.98392984e-01  8.99110694e-01  1.18643071e-01  8.99925677e-01  3.41118207e-01 
 2.86765126e-01  8.99272487e-01  8.98395259e-01  8.99111940e-01  1.18706668e-01  8.99925677e-01  3.41067592e-01 
 2.86865126e-01  8.99273503e-01  8.98397532e-01  8.99113184e-01  1.18770544e-01  8.99925677e-01  3.41016977e-01 
 2.86965126e-01  8.99274519e-01  8.98399801e-01  8.99114427e-01  1.18834701e-01  8.99925677e-01  3.40966363e-01 
 2.87065126e-01  8.99275532e-01  8.98402067e-01  8.99115668e-01  1.18899142e-01  8.99925677e-01  3.40915750e-01 
 2.87165126e-01  8.99276544e-01  8.98404329e-01  8.99116907e-01  1.18963870e-01  8.99925677e-01  3.40865137e-01 
 2.87265126e-01  8.99277555e-01  8.98406588e-01  8.99118145e-01  1.19028885e-01  8.99925677e-01  3.40814525e-01 
 2.87365126e-01  8.99278564e-01  8.98408844e-01  8.99119380e-01  1.19094191e-01  8.99925677e-01  3.40763913e-01 
 2.87465126e-01  8.99279572e-01  8.98411096e-01  8.99120614e-01  1.19159790e-01  8.99925677e-01  3.40713303e-01 
 2.87565126e-01  8.99280578e-01  8.98413346e-01  8.99121846e-01  1.19225685e-01  8.99925677e-01  3.40662692e-01 
 2.87665126e-01  8.99281583e-01  8.98415592e-01  8.99123076e-01  1.19291878e-01  8.99925677e-01  3.40612083e-01 
 2.87765126e-01  8.99282587e-01  8.98417834e-01  8.99124305e-01  1.19358371e-01  8.99925677e-01  3.40561474e-01 
 2.87865126e-01  8.99283589e-01  8.98420074e-01  8.99125532e-01  1.19425167e-01  8.99925677e-01  3.40510866e-01 
 2.87965126e-01  8.99284589e-01  8.98422310e-01  8.99126757e-01  1.19492269e-01  8.99925677e-01  3.40460258e-01 
 2.88065126e-01  8.99285589e-01  8.98424542e-01  8.99127980e-01  1.19559679e-01  8.99925677e-01  3.40409651e-01 
 2.88165126e-01  8.99286586e-01  8.98426772e-01  8.99129201e-01  1.19627400e-01  8.99925677e-01  3.40359045e-01 
 2.88265126e-01  8.99287583e-01  8.98428998e-01  8.99130421e-01  1.19695433e-01  8.99925677e-01  3.40308439e-01 
 2.88365126e-01  8.99288577e-01  8.98431221e-01  8.99131639e-01  1.19763783e-01  8.99925677e-01  3.40257834e-01 
 2.88465126e-01  8.99289571e-01  8.98433441e-01  8.99132855e-01  1.19832452e-01  8.99925677e-01  3.40207230e-01 
 2.88565126e-01  8.99290563e-01  8.98435657e-01  8.99134069e-01  1.19901442e-01  8.99925677e-01  3.40156626e-01 
 2.88665126e-01  8.99291553e-01  8.98437871e-01  8.99135282e-01  1.19970757e-01  8.99925677e-01  3.40106023e-01 
 2.88765126e-01  8.99292543e-01  8.98440081e-01  8.99136493e-01  1.20040399e-01  8.99925677e-01  3.40055421e-01 
 2.88865126e-01  8.99293530e-01  8.98442288e-01  8.99137702e-01  1.20110371e-01  8.99925677e-01  3.40004819e-01 
 2.88965126e-01  8.99294517e-01  8.98444491e-01  8.99138910e-01  1.20180675e-01  8.99925677e-01  3.39954218e-01 
 2.89065126e-01  8.99295502e-01  8.98446692e-01  8.99140115e-01  1.20251316e-01  8.99925677e-01  3.39903618e-01 
 2.89165126e-01  8.99296485e-01  8.98448889e-01  8.99141319e-01  1.20322295e-01  8.99925677e-01  3.39853018e-01 
 2.89265126e-01  8.99297467e-01  8.98451083e-01  8.99142522e-01  1.20393616e-01  8.99925677e-01  3.39802419e-01 
 2.89365126e-01  8.99298448e-01  8.98453273e-01  8.99143722e-01  1.20465282e-01  8.99925677e-01  3.39751820e-01 
 2.89465126e-01  8.99299427e-01  8.98455461e-01  8.99144921e-01  1.20537296e-01  8.99925677e-01  3.39701222e-01 
 2.89565126e-01  8.99300405e-01  8.98457645e-01  8.99146118e-01  1.20609662e-01  8.99925677e-01  3.39650625e-01 
 2.89665126e-01  8.99301381e-01  8.98459826e-01  8.99147313e-01  1.20682381e-01  8.99925677e-01  3.39600029e-01 
 2.89765126e-01  8.99302356e-01  8.98462004e-01  8.99148507e-01  1.20755459e-01  8.99925677e-01  3.39549433e-01 
 2.89865126e-01  8.99303330e-01  8.98464179e-01  8.99149699e-01  1.20828897e-01  8.99925677e-01  3.39498838e-01 
 2.89965126e-01  8.99304302e-01  8.98466350e-01  8.99150889e-01  1.20902699e-01  8.99925677e-01  3.39448243e-01 
 2.90065126e-01  8.99305273e-01  8.98468519e-01  8.99152077e-01  1.20976869e-01  8.99925677e-01  3.39397649e-01 
 2.90165126e-01  8.99306243e-01  8.98470684e-01  8.99153264e-01  1.21051410e-01  8.99925677e-01  3.39347056e-01 
 2.90265126e-01  8.99307211e-01  8.98472846e-01  8.99154449e-01  1.21126325e-01  8.99925677e-01  3.39296463e-01 
 2.90365126e-01  8.99308178e-01  8.98475005e-01  8.99155633e-01  1.21201619e-01  8.99925677e-01  3.39245871e-01 
 2.90465126e-01  8.99309143e-01  8.98477161e-01  8.99156814e-01  1.21277293e-01  8.99925677e-01  3.39195280e-01 
 2.90565126e-01  8.99310107e-01  8.98479313e-01  8.99157994e-01  1.21353353e-01  8.99925677e-01  3.39144690e-01 
 2.90665126e-01  8.99311069e-01  8.98481463e-01  8.99159172e-01  1.21429802e-01  8.99925677e-01  3.39094100e-01 
 2.90765126e-01  8.99312030e-01  8.98483609e-01  8.99160349e-01  1.21506643e-01  8.99925677e-01  3.39043510e-01 
 2.90865126e-01  8.99312990e-01  8.98485752e-01  8.99161524e-01  1.21583881e-01  8.99925677e-01  3.38992922e-01 
 2.90965126e-01  8.99313949e-01  8.98487892e-01  8.99162697e-01  1.21661519e-01  8.99925677e-01  3.38942334e-01 
 2.91065126e-01  8.99314906e-01  8.98490029e-01  8.99163868e-01  1.21739561e-01  8.99925677e-01  3.38891746e-01 
 2.91165126e-01  8.99315861e-01  8.98492163e-01  8.99165038e-01  1.21818010e-01  8.99925677e-01  3.38841160e-01 
 2.91265126e-01  8.99316816e-01  8.98494294e-01  8.99166206e-01  1.21896872e-01  8.99925677e-01  3.38790574e-01 
 2.91365126e-01  8.99317769e-01  8.98496421e-01  8.99167373e-01  1.21976150e-01  8.99925677e-01  3.38739988e-01 
 2.91465126e-01  8.99318720e-01  8.98498546e-01  8.99168538e-01  1.22055848e-01  8.99925677e-01  3.38689403e-01 
 2.91565126e-01  8.99319670e-01  8.98500667e-01  8.99169701e-01  1.22135970e-01  8.99925677e-01  3.38638819e-01 
 2.91665126e-01  8.99320619e-01  8.98502785e-01  8.99170862e-01  1.22216521e-01  8.99925677e-01  3.38588236e-01 
 2.91765126e-01  8.99321567e-01  8.98504901e-01  8.99172022e-01  1.22297504e-01  8.99925677e-01  3.38537653e-01 
 2.91865126e-01  8.99322513e-01  8.98507013e-01  8.99173180e-01  1.22378925e-01  8.99925677e-01  3.38487071e-01 
 2.91965126e-01  8.99323458e-01  8.98509122e-01  8.99174336e-01  1.22460788e-01  8.99925677e-01  3.38436490e-01 
 2.92065126e-01  8.99324401e-01  8.98511228e-01  8.99175491e-01  1.22543097e-01  8.99925677e-01  3.38385909e-01 
 2.92165126e-01  8.99325343e-01  8.98513330e-01  8.99176644e-01  1.22625857e-01  8.99925677e-01  3.38335329e-01 
 2.92265126e-01  8.99326284e-01  8.98515430e-01  8.99177795e-01  1.22709072e-01  8.99925677e-01  3.38284750e-01 
 2.92365126e-01  8.99327223e-01  8.98517527e-01  8.99178945e-01  1.22792747e-01  8.99925677e-01  3.38234171e-01 
 2.92465126e-01  8.99328161e-01  8.98519621e-01  8.99180093e-01  1.22876888e-01  8.99925677e-01  3.38183593e-01 
 2.92565126e-01  8.99329098e-01  8.98521711e-01  8.99181240e-01  1.22961498e-01  8.99925677e-01  3.38133015e-01 
 2.92665126e-01  8.99330033e-01  8.98523799e-01  8.99182385e-01  1.23046583e-01  8.99925677e-01  3.38082439e-01 
 2.92765126e-01  8.99330967e-01  8.98525883e-01  8.99183528e-01  1.23132147e-01  8.99925677e-01  3.38031863e-01 
 2.92865126e-01  8.99331900e-01  8.98527965e-01  8.99184669e-01  1.23218197e-01  8.99925677e-01  3.37981287e-01 
 2.92965126e-01  8.99332831e-01  8.98530043e-01  8.99185809e-01  1.23304737e-01  8.99925677e-01  3.37930712e-01 
 2.93065126e-01  8.99333761e-01  8.98532119e-01  8.99186947e-01  1.23391772e-01  8.99925677e-01  3.37880138e-01 
 2.93165126e-01  8.99334690e-01  8.98534191e-01  8.99188084e-01  1.23479308e-01  8.99925677e-01  3.37829565e-01 
 2.93265126e-01  8.99335617e-01  8.98536260e-01  8.99189219e-01  1.23567350e-01  8.99925677e-01  3.37778992e-01 
 2.93365126e-01  8.99336543e-01  8.98538327e-01  8.99190352e-01  1.23655904e-01  8.99925677e-01  3.37728420e-01 
 2.93465126e-01  8.99337467e-01  8.98540390e-01  8.99191484e-01  1.23744976e-01  8.99925677e-01  3.37677849e-01 
 2.93565126e-01  8.99338391e-01  8.98542450e-01  8.99192614e-01  1.23834570e-01  8.99925677e-01  3.37627278e-01 
 2.93665126e-01  8.99339313e-01  8.98544508e-01  8.99193743e-01  1.23924693e-01  8.99925677e-01  3.37576708e-01 
 2.93765126e-01  8.99340233e-01  8.98546562e-01  8.99194870e-01  1.24015351e-01  8.99925677e-01  3.37526139e-01 
 2.93865126e-01  8.99341153e-01  8.98548613e-01  8.99195995e-01  1.24106550e-01  8.99925677e-01  3.37475570e-01 
 2.93965126e-01  8.99342071e-01  8.98550661e-01  8.99197118e-01  1.24198296e-01  8.99925677e-01  3.37425002e-01 
 2.94065126e-01  8.99342988e-01  8.98552707e-01  8.99198240e-01  1.24290595e-01  8.99925677e-01  3.37374435e-01 
 2.94165126e-01  8.99343903e-01  8.98554749e-01  8.99199361e-01  1.24383454e-01  8.99925677e-01  3.37323868e-01 
 2.94265126e-01  8.99344817e-01  8.98556789e-01  8.99200480e-01  1.24476878e-01  8.99925677e-01  3.37273302e-01 
 2.94365126e-01  8.99345730e-01  8.98558825e-01  8.99201597e-01  1.24570875e-01  8.99925677e-01  3.37222737e-01 
 2.94465126e-01  8.99346641e-01  8.98560858e-01  8.99202712e-01  1.24665451e-01  8.99925677e-01  3.37172172e-01 
 2.94565126e-01  8.99347552e-01  8.98562889e-01  8.99203826e-01  1.24760612e-01  8.99925677e-01  3.37121608e-01 
 2.94665126e-01  8.99348460e-01  8.98564916e-01  8.99204939e-01  1.24856367e-01  8.99925677e-01  3.37071045e-01 
 2.94765126e-01  8.99349368e-01  8.98566941e-01  8.99206049e-01  1.24952721e-01  8.99925677e-01  3.37020482e-01 
 2.94865126e-01  8.99350274e-01  8.98568962e-01  8.99207159e-01  1.25049683e-01  8.99925677e-01  3.36969920e-01 
 2.94965126e-01  8.99351179e-01  8.98570981e-01  8.99208266e-01  1.25147258e-01  8.99925677e-01  3.36919359e-01 
 2.95065126e-01  8.99352083e-01  8.98572997e-01  8.99209372e-01  1.25245455e-01  8.99925677e-01  3.36868798e-01 
 2.95165126e-01  8.99352985e-01  8.98575010e-01  8.99210477e-01  1.25344281e-01  8.99925677e-01  3.36818238e-01 
 2.95265126e-01  8.99353886e-01  8.98577019e-01  8.99211579e-01  1.25443744e-01  8.99925677e-01  3.36767679e-01 
 2.95365126e-01  8.99354786e-01  8.98579026e-01  8.99212681e-01  1.25543851e-01  8.99925677e-01  3.36717121e-01 
 2.95465126e-01  8.99355685e-01  8.98581030e-01  8.99213780e-01  1.25644611e-01  8.99925677e-01  3.36666563e-01 
 2.95565126e-01  8.99356582e-01  8.98583031e-01  8.99214878e-01  1.25746032e-01  8.99925677e-01  3.36616006e-01 
 2.95665126e-01  8.99357478e-01  8.98585030e-01  8.99215975e-01  1.25848121e-01  8.99925677e-01  3.36565449e-01 
 2.95765126e-01  8.99358373e-01  8.98587025e-01  8.99217070e-01  1.25950888e-01  8.99925677e-01  3.36514894e-01 
 2.95865126e-01  8.99359266e-01  8.98589017e-01  8.99218163e-01  1.26054340e-01  8.99925677e-01  3.36464338e-01 
 2.95965126e-01  8.99360158e-01  8.98591007e-01  8.99219255e-01  1.26158487e-01  8.99925677e-01  3.36413784e-01 
 2.96065126e-01  8.99361049e-01  8.98592993e-01  8.99220345e-01  1.26263337e-01  8.99925677e-01  3.36363230e-01 
 2.96165126e-01  8.99361938e-01  8.98594977e-01  8.99221434e-01  1.26368900e-01  8.99925677e-01  3.36312677e-01 
 2.96265126e-01  8.99362827e-01  8.98596958e-01  8.99222521e-01  1.26475184e-01  8.99925677e-01  3.36262125e-01 
 2.96365126e-01  8.99363714e-01  8.98598936e-01  8.99223606e-01  1.26582199e-01  8.99925677e-01  3.36211574e-01 
 2.96465126e-01  8.99364599e-01  8.98600911e-01  8.99224690e-01  1.26689955e-01  8.99925677e-01  3.36161023e-01 
 2.96565126e-01  8.99365484e-01  8.98602883e-01  8.99225773e-01  1.26798462e-01  8.99925677e-01  3.36110472e-01 
 2.96665126e-01  8.99366367e-01  8.98604852e-01  8.99226853e-01  1.26907728e-01  8.99925677e-01  3.36059923e-01 
 2.96765126e-01  8.99367249e-01  8.98606818e-01  8.99227933e-01  1.27017765e-01  8.99925677e-01  3.36009374e-01 
 2.96865126e-01  8.99368130e-01  8.98608782e-01  8.99229010e-01  1.27128583e-01  8.99925677e-01  3.35958826e-01 
 2.96965126e-01  8.99369009e-01  8.98610742e-01  8.99230087e-01  1.27240193e-01  8.99925677e-01  3.35908279e-01 
 2.97065126e-01  8.99369887e-01  8.98612700e-01  8.99231161e-01  1.27352604e-01  8.99925677e-01  3.35857732e-01 
 2.97165126e-01  8.99370764e-01  8.98614655e-01  8.99232234e-01  1.27465829e-01  8.99925677e-01  3.35807186e-01 
 2.97265126e-01  8.99371640e-01  8.98616607e-01  8.99233306e-01  1.27579878e-01  8.99925677e-01  3.35756641e-01 
 2.97365126e-01  8.99372514e-01  8.98618557e-01  8.99234376e-01  1.27694763e-01  8.99925677e-01  3.35706096e-01 
 2.97465126e-01  8.99373387e-01  8.98620503e-01  8.99235445e-01  1.27810496e-01  8.99925677e-01  3.35655552e-01 
 2.97565126e-01  8.99374259e-01  8.98622447e-01  8.99236511e-01  1.27927088e-01  8.99925677e-01  3.35605009e-01 
 2.97665126e-01  8.99375130e-01  8.98624387e-01  8.99237577e-01  1.28044551e-01  8.99925677e-01  3.35554467e-01 
 2.97765126e-01  8.99375999e-01  8.98626325e-01  8.99238641e-01  1.28162899e-01  8.99925677e-01  3.35503925e-01 
 2.97865126e-01  8.99376867e-01  8.98628261e-01  8.99239703e-01  1.28282144e-01  8.99925677e-01  3.35453384e-01 
 2.97965126e-01  8.99377734e-01  8.98630193e-01  8.99240764e-01  1.28402298e-01  8.99925677e-01  3.35402844e-01 
 2.98065126e-01  8.99378600e-01  8.98632122e-01  8.99241823e-01  1.28523375e-01  8.99925677e-01  3.35352304e-01 
 2.98165126e-01  8.99379464e-01  8.98634049e-01  8.99242881e-01  1.28645389e-01  8.99925677e-01  3.35301765e-01 
 2.98265126e-01  8.99380328e-01  8.98635973e-01  8.99243937e-01  1.28768353e-01  8.99925677e-01  3.35251227e-01 
 2.98365126e-01  8.99381189e-01  8.98637894e-01  8.99244992e-01  1.28892281e-01  8.99925677e-01  3.35200690e-01 
 2.98465126e-01  8.99382050e-01  8.98639812e-01  8.99246045e-01  1.29017188e-01  8.99925677e-01  3.35150153e-01 
 2.98565126e-01  8.99382910e-01  8.98641728e-01  8.99247097e-01  1.29143089e-01  8.99925677e-01  3.35099617e-01 
 2.98665126e-01  8.99383768e-01  8.98643641e-01  8.99248147e-01  1.29269999e-01  8.99925677e-01  3.35049082e-01 
 2.98765126e-01  8.99384625e-01  8.98645551e-01  8.99249196e-01  1.29397932e-01  8.99925677e-01  3.34998548e-01 
 2.98865126e-01  8.99385481e-01  8.98647458e-01  8.99250243e-01  1.29526906e-01  8.99925677e-01  3.34948014e-01 
 2.98965126e-01  8.99386335e-01  8.98649362e-01  8.99251289e-01  1.29656935e-01  8.99925677e-01  3.34897481e-01 
 2.99065126e-01  8.99387189e-01  8.98651264e-01  8.99252333e-01  1.29788037e-01  8.99925677e-01  3.34846949e-01 
 2.99165126e-01  8.99388041e-01  8.98653163e-01  8.99253376e-01  1.29920229e-01  8.99925677e-01  3.34796417e-01 
 2.99265126e-01  8.99388892e-01  8.98655059e-01  8.99254417e-01  1.30053527e-01  8.99925677e-01  3.34745887e-01 
 2.99365126e-01  8.99389741e-01  8.98656952e-01  8.99255457e-01  1.30187949e-01  8.99925677e-01  3.34695357e-01 
 2.99465126e-01  8.99390590e-01  8.98658843e-01  8.99256495e-01  1.30323513e-01  8.99925677e-01  3.34644827e-01 
 2.99565126e-01  8.99391437e-01  8.98660731e-01  8.99257532e-01  1.30460239e-01  8.99925677e-01  3.34594299e-01 
 2.99665126e-01  8.99392283e-01  8.98662616e-01  8.99258567e-01  1.30598144e-01  8.99925677e-01  3.34543771e-01 
 2.99765126e-01  8.99393128e-01  8.98664498e-01  8.99259601e-01  1.30737249e-01  8.99925677e-01  3.34493244e-01 
 2.99865126e-01  8.99393972e-01  8.98666378e-01  8.99260633e-01  1.30877572e-01  8.99925677e-01  3.34442718e-01 
 2.99965126e-01  8.99394814e-01  8.98668255e-01  8.99261664e-01  1.31019135e-01  8.99925677e-01  3.34392192e-01 
 3.00065126e-01  8.99395655e-01  8.98670129e-01  8.99262693e-01  1.31161958e-01  8.99925677e-01  3.34341668e-01 
 3.00165126e-01  8.99396495e-01  8.98672000e-01  8.99263721e-01  1.31306063e-01  8.99925677e-01  3.34291144e-01 
 3.00265126e-01  8.99397334e-01  8.98673869e-01  8.99264748e-01  1.31451471e-01  8.99925677e-01  3.34240621e-01 
 3.00365126e-01  8.99398172e-01  8.98675735e-01  8.99265773e-01  1.31598206e-01  8.99925677e-01  3.34190098e-01 
 3.00465126e-01  8.99399008e-01  8.98677598e-01  8.99266796e-01  1.31746289e-01  8.99925677e-01  3.34139577e-01 
 3.00565126e-01  8.99399843e-01  8.98679459e-01  8.99267818e-01  1.31895745e-01  8.99925677e-01  3.34089056e-01 
 3.00665126e-01  8.99400677e-01  8.98681317e-01  8.99268838e-01  1.32046598e-01  8.99925677e-01  3.34038536e-01 
 3.00765126e-01  8.99401510e-01  8.98683172e-01  8.99269857e-01  1.32198872e-01  8.99925677e-01  3.33988017e-01 
 3.00865126e-01  8.99402342e-01  8.98685024e-01  8.99270875e-01  1.32352594e-01  8.99925677e-01  3.33937498e-01 
 3.00965126e-01  8.99403172e-01  8.98686874e-01  8.99271891e-01  1.32507788e-01  8.99925677e-01  3.33886981e-01 
 3.01065126e-01  8.99404001e-01  8.98688721e-01  8.99272906e-01  1.32664483e-01  8.99925677e-01  3.33836464e-01 
 3.01165126e-01  8.99404829e-01  8.98690565e-01  8.99273919e-01  1.32822706e-01  8.99925677e-01  3.33785948e-01 
 3.01265126e-01  8.99405656e-01  8.98692407e-01  8.99274931e-01  1.32982484e-01  8.99925677e-01  3.33735432e-01 
 3.01365126e-01  8.99406482e-01  8.98694246e-01  8.99275941e-01  1.33143847e-01  8.99925677e-01  3.33684918e-01 
 3.01465126e-01  8.99407306e-01  8.98696083e-01  8.99276950e-01  1.33306825e-01  8.99925677e-01  3.33634404e-01 
 3.01565126e-01  8.99408130e-01  8.98697916e-01  8.99277957e-01  1.33471449e-01  8.99925677e-01  3.33583892e-01 
 3.01665126e-01  8.99408952e-01  8.98699747e-01  8.99278963e-01  1.33637749e-01  8.99925677e-01  3.33533380e-01 
 3.01765126e-01  8.99409773e-01  8.98701576e-01  8.99279968e-01  1.33805759e-01  8.99925677e-01  3.33482869e-01 
 3.01865126e-01  8.99410593e-01  8.98703401e-01  8.99280971e-01  1.33975511e-01  8.99925677e-01  3.33432358e-01 
 3.01965126e-01  8.99411411e-01  8.98705224e-01  8.99281972e-01  1.34147040e-01  8.99925677e-01  3.33381849e-01 
 3.02065126e-01  8.99412229e-01  8.98707045e-01  8.99282973e-01  1.34320381e-01  8.99925677e-01  3.33331340e-01 
 3.02165126e-01  8.99413045e-01  8.98708863e-01  8.99283971e-01  1.34495571e-01  8.99925677e-01  3.33280833e-01 
 3.02265126e-01  8.99413860e-01  8.98710678e-01  8.99284969e-01  1.34672646e-01  8.99925677e-01  3.33230326e-01 
 3.02365126e-01  8.99414674e-01  8.98712490e-01  8.99285965e-01  1.34851645e-01  8.99925677e-01  3.33179820e-01 
 3.02465126e-01  8.99415487e-01  8.98714300e-01  8.99286959e-01  1.35032607e-01  8.99925677e-01  3.33129315e-01 
 3.02565126e-01  8.99416298e-01  8.98716107e-01  8.99287952e-01  1.35215573e-01  8.99925677e-01  3.33078811e-01 
 3.02665126e-01  8.99417109e-01  8.98717912e-01  8.99288944e-01  1.35400586e-01  8.99925677e-01  3.33028307e-01 
 3.02765126e-01  8.99417918e-01  8.98719714e-01  8.99289934e-01  1.35587687e-01  8.99925677e-01  3.32977805e-01 
 3.02865126e-01  8.99418726e-01  8.98721513e-01  8.99290923e-01  1.35776922e-01  8.99925677e-01  3.32927303e-01 
 3.02965126e-01  8.99419533e-01  8.98723310e-01  8.99291910e-01  1.35968337e-01  8.99925677e-01  3.32876803e-01 
 3.03065126e-01  8.99420339e-01  8.98725104e-01  8.99292896e-01  1.36161979e-01  8.99925677e-01  3.32826303e-01 
 3.03165126e-01  8.99421144e-01  8.98726896e-01  8.99293880e-01  1.36357896e-01  8.99925677e-01  3.32775804e-01 
 3.03265126e-01  8.99421947e-01  8.98728684e-01  8.99294863e-01  1.36556138e-01  8.99925677e-01  3.32725306e-01 
 3.03365126e-01  8.99422750e-01  8.98730471e-01  8.99295845e-01  1.36756759e-01  8.99925677e-01  3.32674809e-01 
 3.03465126e-01  8.99423551e-01  8.98732254e-01  8.99296825e-01  1.36959811e-01  8.99925677e-01  3.32624313e-01 
 3.03565126e-01  8.99424351e-01  8.98734036e-01  8.99297804e-01  1.37165349e-01  8.99925677e-01  3.32573818e-01 
 3.03665126e-01  8.99425150e-01  8.98735814e-01  8.99298782e-01  1.37373431e-01  8.99925677e-01  3.32523324e-01 
 3.03765126e-01  8.99425948e-01  8.98737590e-01  8.99299758e-01  1.37584116e-01  8.99925677e-01  3.32472831e-01 
 3.03865126e-01  8.99426744e-01  8.98739363e-01  8.99300732e-01  1.37797465e-01  8.99925677e-01  3.32422339e-01 
 3.03965126e-01  8.99427540e-01  8.98741134e-01  8.99301705e-01  1.38013541e-01  8.99925677e-01  3.32371848e-01 
 3.04065126e-01  8.99428334e-01  8.98742902e-01  8.99302677e-01  1.38232408e-01  8.99925677e-01  3.32321358e-01 
 3.04165126e-01  8.99429127e-01  8.98744668e-01  8.99303648e-01  1.38454135e-01  8.99925677e-01  3.32270869e-01 
 3.04265126e-01  8.99429919e-01  8.98746431e-01  8.99304617e-01  1.38678791e-01  8.99925677e-01  3.32220380e-01 
 3.04365126e-01  8.99430710e-01  8.98748192e-01  8.99305584e-01  1.38906449e-01  8.99925677e-01  3.32169893e-01 
 3.04465126e-01  8.99431500e-01  8.98749949e-01  8.99306551e-01  1.39137182e-01  8.99925677e-01  3.32119408e-01 
 3.04565126e-01  8.99432289e-01  8.98751705e-01  8.99307516e-01  1.39371069e-01  8.99925677e-01  3.32068923e-01 
 3.04665126e-01  8.99433076e-01  8.98753458e-01  8.99308479e-01  1.39608190e-01  8.99925677e-01  3.32018439e-01 
 3.04765126e-01  8.99433863e-01  8.98755208e-01  8.99309441e-01  1.39848628e-01  8.99925677e-01  3.31967956e-01 
 3.04865126e-01  8.99434648e-01  8.98756956e-01  8.99310402e-01  1.40092468e-01  8.99925677e-01  3.31917474e-01 
 3.04965126e-01  8.99435432e-01  8.98758701e-01  8.99311361e-01  1.40339801e-01  8.99925677e-01  3.31866994e-01 
 3.05065126e-01  8.99436215e-01  8.98760443e-01  8.99312319e-01  1.40590720e-01  8.99925677e-01  3.31816515e-01 
 3.05165126e-01  8.99436997e-01  8.98762183e-01  8.99313276e-01  1.40845319e-01  8.99925677e-01  3.31766036e-01 
 3.05265126e-01  8.99437778e-01  8.98763921e-01  8.99314231e-01  1.41103699e-01  8.99925677e-01  3.31715559e-01 
 3.05365126e-01  8.99438557e-01  8.98765656e-01  8.99315185e-01  1.41365965e-01  8.99925677e-01  3.31665084e-01 
 3.05465126e-01  8.99439336e-01  8.98767389e-01  8.99316137e-01  1.41632223e-01  8.99925677e-01  3.31614609e-01 
 3.05565126e-01  8.99440113e-01  8.98769118e-01  8.99317088e-01  1.41902586e-01  8.99925677e-01  3.31564136e-01 
 3.05665126e-01  8.99440889e-01  8.98770846e-01  8.99318038e-01  1.42177170e-01  8.99925677e-01  3.31513664e-01 
 3.05765126e-01  8.99441665e-01  8.98772571e-01  8.99318986e-01  1.42456096e-01  8.99925677e-01  3.31463193e-01 
 3.05865126e-01  8.99442439e-01  8.98774293e-01  8.99319933e-01  1.42739491e-01  8.99925677e-01  3.31412723e-01 
 3.05965126e-01  8.99443212e-01  8.98776013e-01  8.99320879e-01  1.43027486e-01  8.99925677e-01  3.31362255e-01 
 3.06065126e-01  8.99443983e-01  8.98777731e-01  8.99321823e-01  1.43320218e-01  8.99925677e-01  3.31311788e-01 
 3.06165126e-01  8.99444754e-01  8.98779445e-01  8.99322766e-01  1.43617828e-01  8.99925677e-01  3.31261323e-01 
 3.06265126e-01  8.99445524e-01  8.98781158e-01  8.99323707e-01  1.43920466e-01  8.99925677e-01  3.31210859e-01 
 3.06365126e-01  8.99446292e-01  8.98782868e-01  8.99324648e-01  1.44228287e-01  8.99925677e-01  3.31160396e-01 
 3.06465126e-01  8.99447060e-01  8.98784575e-01  8.99325586e-01  1.44541451e-01  8.99925677e-01  3.31109935e-01 
 3.06565126e-01  8.99447826e-01  8.98786280e-01  8.99326524e-01  1.44860129e-01  8.99925677e-01  3.31059475e-01 
 3.06665126e-01  8.99448591e-01  8.98787982e-01  8.99327460e-01  1.45184495e-01  8.99925677e-01  3.31009017e-01 
 3.06765126e-01  8.99449355e-01  8.98789682e-01  8.99328395e-01  1.45514735e-01  8.99925677e-01  3.30958561e-01 
 3.06865126e-01  8.99450118e-01  8.98791380e-01  8.99329328e-01  1.45851040e-01  8.99925677e-01  3.30908106e-01 
 3.06965126e-01  8.99450880e-01  8.98793074e-01  8.99330260e-01  1.46193613e-01  8.99925677e-01  3.30857652e-01 
 3.07065126e-01  8.99451641e-01  8.98794767e-01  8.99331191e-01  1.46542662e-01  8.99925677e-01  3.30807200e-01 
 3.07165126e-01  8.99452400e-01  8.98796457e-01  8.99332120e-01  1.46898410e-01  8.99925677e-01  3.30756751e-01 
 3.07265126e-01  8.99453159e-01  8.98798144e-01  8.99333048e-01  1.47261086e-01  8.99925677e-01  3.30706302e-01 
 3.07365126e-01  8.99453916e-01  8.98799829e-01  8.99333975e-01  1.47630934e-01  8.99925677e-01  3.30655856e-01 
 3.07465126e-01  8.99454673e-01  8.98801512e-01  8.99334900e-01  1.48008206e-01  8.99925677e-01  3.30605411e-01 
 3.07565126e-01  8.99455428e-01  8.98803192e-01  8.99335824e-01  1.48393169e-01  8.99925677e-01  3.30554969e-01 
 3.07665126e-01  8.99456182e-01  8.98804870e-01  8.99336746e-01  1.48786103e-01  8.99925677e-01  3.30504528e-01 
 3.07765126e-01  8.99456935e-01  8.98806545e-01  8.99337668e-01  1.49187301e-01  8.99925677e-01  3.30454089e-01 
 3.07865126e-01  8.99457687e-01  8.98808217e-01  8.99338588e-01  1.49597072e-01  8.99925677e-01  3.30403653e-01 
 3.07965126e-01  8.99458438e-01  8.98809887e-01  8.99339506e-01  1.50015739e-01  8.99925677e-01  3.30353218e-01 
 3.08065126e-01  8.99459188e-01  8.98811555e-01  8.99340423e-01  1.50443645e-01  8.99925677e-01  3.30302786e-01 
 3.08165126e-01  8.99459937e-01  8.98813220e-01  8.99341339e-01  1.50881148e-01  8.99925677e-01  3.30252356e-01 
 3.08265126e-01  8.99460684e-01  8.98814883e-01  8.99342254e-01  1.51328626e-01  8.99925677e-01  3.30201929e-01 
 3.08365126e-01  8.99461431e-01  8.98816544e-01  8.99343167e-01  1.51786480e-01  8.99925677e-01  3.30151503e-01 
 3.08465126e-01  8.99462176e-01  8.98818202e-01  8.99344079e-01  1.52255129e-01  8.99925677e-01  3.30101081e-01 
 3.08565126e-01  8.99462921e-01  8.98819857e-01  8.99344990e-01  1.52735017e-01  8.99925677e-01  3.30050661e-01 
 3.08665126e-01  8.99463664e-01  8.98821510e-01  8.99345899e-01  1.53226613e-01  8.99925677e-01  3.30000244e-01 
 3.08765126e-01  8.99464406e-01  8.98823160e-01  8.99346807e-01  1.53730412e-01  8.99925677e-01  3.29949829e-01 
 3.08865126e-01  8.99465147e-01  8.98824809e-01  8.99347713e-01  1.54246937e-01  8.99925677e-01  3.29899417e-01 
 3.08965126e-01  8.99465887e-01  8.98826454e-01  8.99348618e-01  1.54776742e-01  8.99925677e-01  3.29849009e-01 
 3.09065126e-01  8.99466626e-01  8.98828097e-01  8.99349522e-01  1.55320414e-01  8.99925677e-01  3.29798603e-01 
 3.09165126e-01  8.99467364e-01  8.98829738e-01  8.99350425e-01  1.55878573e-01  8.99925677e-01  3.29748201e-01 
 3.09265126e-01  8.99468101e-01  8.98831376e-01  8.99351326e-01  1.56451877e-01  8.99925677e-01  3.29697802e-01 
 3.09365126e-01  8.99468836e-01  8.98833012e-01  8.99352226e-01  1.57041025e-01  8.99925677e-01  3.29647407e-01 
 3.09465126e-01  8.99469571e-01  8.98834646e-01  8.99353125e-01  1.57646756e-01  8.99925677e-01  3.29597015e-01 
 3.09565126e-01  8.99470304e-01  8.98836276e-01  8.99354022e-01  1.58269857e-01  8.99925677e-01  3.29546628e-01 
 3.09665126e-01  8.99471037e-01  8.98837905e-01  8.99354918e-01  1.58911164e-01  8.99925677e-01  3.29496244e-01 
 3.09765126e-01  8.99471768e-01  8.98839531e-01  8.99355812e-01  1.59571564e-01  8.99925677e-01  3.29445864e-01 
 3.09865126e-01  8.99472498e-01  8.98841154e-01  8.99356705e-01  1.60252004e-01  8.99925677e-01  3.29395489e-01 
 3.09965126e-01  8.99473227e-01  8.98842775e-01  8.99357597e-01  1.60953487e-01  8.99925677e-01  3.29345118e-01 
 3.10065126e-01  8.99473955e-01  8.98844394e-01  8.99358488e-01  1.61677086e-01  8.99925677e-01  3.29294753e-01 
 3.10165126e-01  8.99474682e-01  8.98846010e-01  8.99359377e-01  1.62423941e-01  8.99925677e-01  3.29244392e-01 
 3.10265126e-01  8.99475408e-01  8.98847624e-01  8.99360265e-01  1.63195268e-01  8.99925677e-01  3.29194036e-01 
 3.10365126e-01  8.99476133e-01  8.98849235e-01  8.99361151e-01  1.63992365e-01  8.99925677e-01  3.29143686e-01 
 3.10465126e-01  8.99476856e-01  8.98850844e-01  8.99362036e-01  1.64816614e-01  8.99925677e-01  3.29093341e-01 
 3.10565126e-01  8.99477579e-01  8.98852450e-01  8.99362920e-01  1.65669494e-01  8.99925677e-01  3.29043003e-01 
 3.10665126e-01  8.99478300e-01  8.98854054e-01  8.99363802e-01  1.66552581e-01  8.99925677e-01  3.28992671e-01 
 3.10765126e-01  8.99479021e-01  8.98855655e-01  8.99364684e-01  1.67467558e-01  8.99925677e-01  3.28942346e-01 
 3.10865126e-01  8.99479740e-01  8.98857254e-01  8.99365563e-01  1.68416224e-01  8.99925677e-01  3.28892027e-01 
 3.10965126e-01  8.99480458e-01  8.98858850e-01  8.99366442e-01  1.69400500e-01  8.99925677e-01  3.28841716e-01 
 3.11065126e-01  8.99481175e-01  8.98860444e-01  8.99367319e-01  1.70422437e-01  8.99925677e-01  3.28791413e-01 
 3.11165126e-01  8.99481891e-01  8.98862035e-01  8.99368194e-01  1.71484227e-01  8.99925677e-01  3.28741117e-01 
 3.11265126e-01  8.99482605e-01  8.98863624e-01  8.99369068e-01  1.72588208e-01  8.99925677e-01  3.28690831e-01 
 3.11365126e-01  8.99483319e-01  8.98865210e-01  8.99369941e-01  1.73736879e-01  8.99925677e-01  3.28640553e-01 
 3.11465126e-01  8.99484031e-01  8.98866793e-01  8.99370813e-01  1.74932903e-01  8.99925677e-01  3.28590284e-01 
 3.11565126e-01  8.99484743e-01  8.98868374e-01  8.99371683e-01  1.76179119e-01  8.99925677e-01  3.28540025e-01 
 3.11665126e-01  8.99485453e-01  8.98869953e-01  8.99372551e-01  1.77478553e-01  8.99925677e-01  3.28489776e-01 
 3.11765126e-01  8.99486162e-01  8.98871529e-01  8.99373419e-01  1.78834421e-01  8.99925677e-01  3.28439538e-01 
 3.11865126e-01  8.99486870e-01  8.98873102e-01  8.99374284e-01  1.80250143e-01  8.99925677e-01  3.28389311e-01 
 3.11965126e-01  8.99487577e-01  8.98874673e-01  8.99375149e-01  1.81729344e-01  8.99925677e-01  3.28339095e-01 
 3.12065126e-01  8.99488282e-01  8.98876241e-01  8.99376012e-01  1.83275863e-01  8.99925677e-01  3.28288892e-01 
 3.12165126e-01  8.99488987e-01  8.98877806e-01  8.99376874e-01  1.84893755e-01  8.99925677e-01  3.28238701e-01 
 3.12265126e-01  8.99489690e-01  8.98879369e-01  8.99377734e-01  1.86587290e-01  8.99925677e-01  3.28188523e-01 
 3.12365126e-01  8.99490392e-01  8.98880930e-01  8.99378592e-01  1.88360954e-01  8.99925677e-01  3.28138358e-01 
 3.12465126e-01  8.99491093e-01  8.98882487e-01  8.99379450e-01  1.90219442e-01  8.99925677e-01  3.28088207e-01 
 3.12565126e-01  8.99491793e-01  8.98884042e-01  8.99380306e-01  1.92167646e-01  8.99925677e-01  3.28038070e-01 
 3.12665126e-01  8.99492491e-01  8.98885594e-01  8.99381160e-01  1.94210643e-01  8.99925677e-01  3.27987947e-01 
 3.12765126e-01  8.99493189e-01  8.98887144e-01  8.99382013e-01  1.96353673e-01  8.99925677e-01  3.27937839e-01 
 3.12865126e-01  8.99493885e-01  8.98888691e-01  8.99382865e-01  1.98602114e-01  8.99925677e-01  3.27887745e-01 
 3.12965126e-01  8.99494580e-01  8.98890236e-01  8.99383715e-01  2.00961444e-01  8.99925677e-01  3.27837666e-01 
 3.13065126e-01  8.99495274e-01  8.98891777e-01  8.99384563e-01  2.03437207e-01  8.99925677e-01  3.27787601e-01 
 3.13165126e-01  8.99495966e-01  8.98893317e-01  8.99385411e-01  2.06034964e-01  8.99925677e-01  3.27737551e-01 
 3.13265126e-01  8.99496658e-01  8.98894853e-01  8.99386256e-01  2.08760237e-01  8.99925677e-01  3.27687515e-01 
 3.13365126e-01  8.99497348e-01  8.98896387e-01  8.99387101e-01  2.11618451e-01  8.99925677e-01  3.27637492e-01 
 3.13465126e-01  8.99498038e-01  8.98897918e-01  8.99387944e-01  2.14614869e-01  8.99925677e-01  3.27587482e-01 
 3.13565126e-01  8.99498726e-01  8.98899447e-01  8.99388785e-01  2.17754523e-01  8.99925677e-01  3.27537483e-01 
 3.13665126e-01  8.99499413e-01  8.98900973e-01  8.99389625e-01  2.21042140e-01  8.99925677e-01  3.27487496e-01 
 3.13765126e-01  8.99500098e-01  8.98902497e-01  8.99390464e-01  2.24482074e-01  8.99925677e-01  3.27437519e-01 
 3.13865126e-01  8.99500783e-01  8.98904019e-01  8.99391302e-01  2.28078234e-01  8.99925677e-01  3.27387550e-01 
 3.13965126e-01  8.99501467e-01  8.98905538e-01  8.99392138e-01  2.31834018e-01  8.99925677e-01  3.27337589e-01 
 3.14065126e-01  8.99502149e-01  8.98907054e-01  8.99392973e-01  2.35752256e-01  8.99925677e-01  3.27287633e-01 
 3.14165126e-01  8.99502831e-01  8.98908569e-01  8.99393807e-01  2.39835158e-01  8.99925677e-01  3.27237682e-01 
 3.14265126e-01  8.99503512e-01  8.98910081e-01  8.99394639e-01  2.44084279e-01  8.99925677e-01  3.27187733e-01 
 3.14365126e-01  8.99504191e-01  8.98911591e-01  8.99395470e-01  2.48500488e-01  8.99925677e-01  3.27137785e-01 
 3.14465126e-01  8.99504870e-01  8.98913098e-01  8.99396300e-01  2.53083957e-01  8.99925677e-01  3.27087836e-01 
 3.14565126e-01  8.99505548e-01  8.98914604e-01  8.99397129e-01  2.57834162e-01  8.99925677e-01  3.27037884e-01 
 3.14665126e-01  8.99506225e-01  8.98916108e-01  8.99397957e-01  2.62749897e-01  8.99925677e-01  3.26987928e-01 
 3.14765126e-01  8.99506900e-01  8.98917609e-01  8.99398784e-01  2.67829298e-01  8.99925677e-01  3.26937967e-01 
 3.14865126e-01  8.99507576e-01  8.98919109e-01  8.99399609e-01  2.73069887e-01  8.99925677e-01  3.26887997e-01 
 3.14965126e-01  8.99508250e-01  8.98920607e-01  8.99400434e-01  2.78468613e-01  8.99925677e-01  3.26838019e-01 
 3.15065126e-01  8.99508923e-01  8.98922103e-01  8.99401258e-01  2.84021910e-01  8.99925677e-01  3.26788031e-01 
 3.15165126e-01  8.99509596e-01  8.98923598e-01  8.99402080e-01  2.89725761e-01  8.99925677e-01  3.26738032e-01 
 3.15265126e-01  8.99510268e-01  8.98925090e-01  8.99402902e-01  2.95575756e-01  8.99925677e-01  3.26688020e-01 
 3.15365126e-01  8.99510939e-01  8.98926581e-01  8.99403723e-01  3.01567159e-01  8.99925677e-01  3.26637996e-01 
 3.15465126e-01  8.99511609e-01  8.98928070e-01  8.99404543e-01  3.07694976e-01  8.99925677e-01  3.26587957e-01 
 3.15565126e-01  8.99512279e-01  8.98929557e-01  8.99405362e-01  3.13954013e-01  8.99925677e-01  3.26537905e-01 
 3.15665126e-01  8.99512947e-01  8.98931043e-01  8.99406180e-01  3.20338936e-01  8.99925677e-01  3.26487838e-01 
 3.15765126e-01  8.99513615e-01  8.98932527e-01  8.99406997e-01  3.26844326e-01  8.99925677e-01  3.26437756e-01 
 3.15865126e-01  8.99514283e-01  8.98934009e-01  8.99407813e-01  3.33464729e-01  8.99925677e-01  3.26387660e-01 
 3.15965126e-01  8.99514949e-01  8.98935490e-01  8.99408628e-01  3.40194697e-01  8.99925677e-01  3.26337548e-01 
 3.16065126e-01  8.99515615e-01  8.98936969e-01  8.99409443e-01  3.47028828e-01  8.99925677e-01  3.26287422e-01 
 3.16165126e-01  8.99516280e-01  8.98938447e-01  8.99410256e-01  3.53961795e-01  8.99925677e-01  3.26237281e-01 
 3.16265126e-01  8.99516945e-01  8.98939922e-01  8.99411069e-01  3.60988377e-01  8.99925677e-01  3.26187126e-01 
 3.16365126e-01  8.99517608e-01  8.98941396e-01  8.99411880e-01  3.68103474e-01  8.99925677e-01  3.26136957e-01 
 3.16465126e-01  8.99518271e-01  8.98942869e-01  8.99412691e-01  3.75302129e-01  8.99925677e-01  3.26086774e-01 
 3.16565126e-01  8.99518933e-01  8.98944339e-01  8.99413501e-01  3.82579536e-01  8.99925677e-01  3.26036578e-01 
 3.16665126e-01  8.99519595e-01  8.98945808e-01  8.99414310e-01  3.89931047e-01  8.99925677e-01  3.25986369e-01 
 3.16765126e-01  8.99520255e-01  8.98947276e-01  8.99415118e-01  3.97352178e-01  8.99925677e-01  3.25936147e-01 
 3.16865126e-01  8.99520915e-01  8.98948741e-01  8.99415925e-01  4.04838612e-01  8.99925677e-01  3.25885913e-01 
 3.16965126e-01  8.99521574e-01  8.98950205e-01  8.99416731e-01  4.12386191e-01  8.99925677e-01  3.25835668e-01 
 3.17065126e-01  8.99522233e-01  8.98951667e-01  8.99417536e-01  4.19990916e-01  8.99925677e-01  3.25785411e-01 
 3.17165126e-01  8.99522890e-01  8.98953127e-01  8.99418340e-01  4.27648943e-01  8.99925677e-01  3.25735143e-01 
 3.17265126e-01  8.99523547e-01  8.98954586e-01  8.99419143e-01  4.35356571e-01  8.99925677e-01  3.25684865e-01 
 3.17365126e-01  8.99524203e-01  8.98956043e-01  8.99419946e-01  4.43110234e-01  8.99925677e-01  3.25634577e-01 
 3.17465126e-01  8.99524858e-01  8.98957498e-01  8.99420747e-01  4.50906495e-01  8.99925677e-01  3.25584279e-01 
 3.17565126e-01  8.99525513e-01  8.98958951e-01  8.99421547e-01  4.58742028e-01  8.99925677e-01  3.25533971e-01 
 3.17665126e-01  8.99526166e-01  8.98960402e-01  8.99422347e-01  4.66613612e-01  8.99925677e-01  3.25483654e-01 
 3.17765126e-01  8.99526819e-01  8.98961852e-01  8.99423145e-01  4.74518115e-01  8.99925677e-01  3.25433327e-01 
 3.17865126e-01  8.99527471e-01  8.98963300e-01  8.99423942e-01  4.82452484e-01  8.99925677e-01  3.25382992e-01 
 3.17965126e-01  8.99528122e-01  8.98964746e-01  8.99424739e-01  4.90413725e-01  8.99925677e-01  3.25332648e-01 
 3.18065126e-01  8.99528772e-01  8.98966190e-01  8.99425534e-01  4.98398897e-01  8.99925677e-01  3.25282295e-01 
 3.18165126e-01  8.99529422e-01  8.98967632e-01  8.99426329e-01  5.06405086e-01  8.99925677e-01  3.25231933e-01 
 3.18265126e-01  8.99530071e-01  8.98969073e-01  8.99427122e-01  5.14429401e-01  8.99925677e-01  3.25181562e-01 
 3.18365126e-01  8.99530719e-01  8.98970512e-01  8.99427915e-01  5.22468945e-01  8.99925677e-01  3.25131183e-01 
 3.18465126e-01  8.99531366e-01  8.98971949e-01  8.99428706e-01  5.30520809e-01  8.99925677e-01  3.25080794e-01 
 3.18565126e-01  8.99532012e-01  8.98973384e-01  8.99429497e-01  5.38582041e-01  8.99925677e-01  3.25030397e-01 
 3.18665126e-01  8.99532658e-01  8.98974817e-01  8.99430286e-01  5.46649635e-01  8.99925677e-01  3.24979989e-01 
 3.18765126e-01  8.99533303e-01  8.98976249e-01  8.99431075e-01  5.54720505e-01  8.99925677e-01  3.24929572e-01 
 3.18865126e-01  8.99533947e-01  8.98977679e-01  8.99431862e-01  5.62791461e-01  8.99925677e-01  3.24879144e-01 
 3.18965126e-01  8.99534590e-01  8.98979107e-01  8.99432649e-01  5.70859184e-01  8.99925677e-01  3.24828706e-01 
 3.19065126e-01  8.99535233e-01  8.98980533e-01  8.99433435e-01  5.78920199e-01  8.99925677e-01  3.24778256e-01 
 3.19165126e-01  8.99535874e-01  8.98981958e-01  8.99434220e-01  5.86970840e-01  8.99925677e-01  3.24727794e-01 
 3.19265126e-01  8.99536515e-01  8.98983381e-01  8.99435003e-01  5.95007219e-01  8.99925677e-01  3.24677318e-01 
 3.19365126e-01  8.99537156e-01  8.98984803e-01  8.99435786e-01  6.03025186e-01  8.99925677e-01  3.24626829e-01 
 3.19465126e-01  8.99537795e-01  8.98986222e-01  8.99436569e-01  6.11020288e-01  8.99925677e-01  3.24576324e-01 
 3.19565126e-01  8.99538434e-01  8.98987641e-01  8.99437350e-01  6.18987721e-01  8.99925677e-01  3.24525803e-01 
 3.19665126e-01  8.99539072e-01  8.98989057e-01  8.99438130e-01  6.26922280e-01  8.99925677e-01  3.24475263e-01 
 3.19765126e-01  8.99539710e-01  8.98990473e-01  8.99438910e-01  6.34818298e-01  8.99925677e-01  3.24424704e-01 
 3.19865126e-01  8.99540346e-01  8.98991886e-01  8.99439689e-01  6.42669585e-01  8.99925677e-01  3.24374122e-01 
 3.19965126e-01  8.99540983e-01  8.98993299e-01  8.99440467e-01  6.50469360e-01  8.99925677e-01  3.24323517e-01 
 3.20065126e-01  8.99541618e-01  8.98994710e-01  8.99441244e-01  6.58210175e-01  8.99925677e-01  3.24272885e-01 
 3.20165126e-01  8.99542253e-01  8.98996120e-01  8.99442021e-01  6.65883837e-01  8.99925677e-01  3.24222224e-01 
 3.20265126e-01  8.99542888e-01  8.98997528e-01  8.99442797e-01  6.73481325e-01  8.99925677e-01  3.24171531e-01 
 3.20365126e-01  8.99543522e-01  8.98998936e-01  8.99443572e-01  6.80992708e-01  8.99925677e-01  3.24120802e-01 
 3.20465126e-01  8.99544155e-01  8.99000343e-01  8.99444347e-01  6.88407067e-01  8.99925677e-01  3.24070033e-01 
 3.20565126e-01  8.99544788e-01  8.99001749e-01  8.99445121e-01  6.95712428e-01  8.99925677e-01  3.24019221e-01 
 3.20665126e-01  8.99545421e-01  8.99003154e-01  8.99445895e-01  7.02895708e-01  8.99925677e-01  3.23968361e-01 
 3.20765126e-01  8.99546054e-01  8.99004558e-01  8.99446669e-01  7.09942701e-01  8.99925677e-01  3.23917450e-01 
 3.20865126e-01  8.99546686e-01  8.99005962e-01  8.99447442e-01  7.16838105e-01  8.99925677e-01  3.23866483e-01 
 3.20965126e-01  8.99547318e-01  8.99007365e-01  8.99448215e-01  7.23565607e-01  8.99925677e-01  3.23815456e-01 
 3.21065126e-01  8.99547950e-01  8.99008768e-01  8.99448988e-01  7.30108065e-01  8.99925677e-01  3.23764366e-01 
 3.21165126e-01  8.99548582e-01  8.99010171e-01  8.99449761e-01  7.36447788e-01  8.99925677e-01  3.23713211e-01 
 3.21265126e-01  8.99549214e-01  8.99011573e-01  8.99450533e-01  7.42566941e-01  8.99925677e-01  3.23661991e-01 
 3.21365126e-01  8.99549845e-01  8.99012976e-01  8.99451306e-01  7.48448088e-01  8.99925677e-01  3.23610707e-01 
 3.21465126e-01  8.99550477e-01  8.99014378e-01  8.99452078e-01  7.54074865e-01  8.99925677e-01  3.23559362e-01 
 3.21565126e-01  8.99551108e-01  8.99015779e-01  8.99452850e-01  7.59432752e-01  8.99925677e-01  3.23507963e-01 
 3.21665126e-01  8.99551739e-01  8.99017180e-01  8.99453622e-01  7.64509895e-01  8.99925677e-01  3.23456520e-01 
 3.21765126e-01  8.99552370e-01  8.99018580e-01  8.99454394e-01  7.69297903e-01  8.99925677e-01  3.23405046e-01 
 3.21865126e-01  8.99553000e-01  8.99019979e-01  8.99455164e-01  7.73792502e-01  8.99925677e-01  3.23353557e-01 
 3.21965126e-01  8.99553630e-01  8.99021375e-01  8.99455934e-01  7.77993959e-01  8.99925677e-01  3.23302068e-01 
 3.22065126e-01  8.99554258e-01  8.99022770e-01  8.99456702e-01  7.81907194e-01  8.99925677e-01  3.23250598e-01 
 3.22165126e-01  8.99554885e-01  8.99024161e-01  8.99457469e-01  7.85541525e-01  8.99925677e-01  3.23199164e-01 
 3.22265126e-01  8.99555511e-01  8.99025550e-01  8.99458235e-01  7.88910087e-01  8.99925677e-01  3.23147779e-01 
 3.22365126e-01  8.99556136e-01  8.99026935e-01  8.99458998e-01  7.92028979e-01  8.99925677e-01  3.23096455e-01 
 3.22465126e-01  8.99556758e-01  8.99028316e-01  8.99459760e-01  7.94916279e-01  8.99925677e-01  3.23045200e-01 
 3.22565126e-01  8.99557379e-01  8.99029693e-01  8.99460519e-01  7.97591028e-01  8.99925677e-01  3.22994018e-01 
 3.22665126e-01  8.99557999e-01  8.99031066e-01  8.99461276e-01  8.00072329e-01  8.99925677e-01  3.22942908e-01 
 3.22765126e-01  8.99558616e-01  8.99032436e-01  8.99462031e-01  8.02378615e-01  8.99925677e-01  3.22891868e-01 
 3.22865126e-01  8.99559232e-01  8.99033801e-01  8.99462784e-01  8.04527139e-01  8.99925677e-01  3.22840893e-01 
 3.22965126e-01  8.99559846e-01  8.99035163e-01  8.99463535e-01  8.06533673e-01  8.99925677e-01  3.22789979e-01 
 3.23065126e-01  8.99560458e-01  8.99036521e-01  8.99464283e-01  8.08412386e-01  8.99925677e-01  3.22739118e-01 
 3.23165126e-01  8.99561069e-01  8.99037877e-01  8.99465030e-01  8.10175862e-01  8.99925677e-01  3.22688305e-01 
 3.23265126e-01  8.99561679e-01  8.99039229e-01  8.99465776e-01  8.11835192e-01  8.99925677e-01  3.22637533e-01 
 3.23365126e-01  8.99562287e-01  8.99040578e-01  8.99466519e-01  8.13400127e-01  8.99925677e-01  3.22586799e-01 
 3.23465126e-01  8.99562894e-01  8.99041924e-01  8.99467261e-01  8.14879234e-01  8.99925677e-01  3.22536096e-01 
 3.23565126e-01  8.99563500e-01  8.99043267e-01  8.99468002e-01  8.16280055e-01  8.99925677e-01  3.22485423e-01 
 3.23665126e-01  8.99564104e-01  8.99044608e-01  8.99468741e-01  8.17609252e-01  8.99925677e-01  3.22434775e-01 
 3.23765126e-01  8.99564708e-01  8.99045946e-01  8.99469479e-01  8.18872727e-01  8.99925677e-01  3.22384149e-01 
 3.23865126e-01  8.99565310e-01  8.99047282e-01  8.99470215e-01  8.20075735e-01  8.99925677e-01  3.22333543e-01 
 3.23965126e-01  8.99565911e-01  8.99048616e-01  8.99470950e-01  8.21222967e-01  8.99925677e-01  3.22282956e-01 
 3.24065126e-01  8.99566511e-01  8.99049947e-01  8.99471684e-01  8.22318629e-01  8.99925677e-01  3.22232385e-01 
 3.24165126e-01  8.99567110e-01  8.99051275e-01  8.99472417e-01  8.23366503e-01  8.99925677e-01  3.22181828e-01 
 3.24265126e-01  8.99567708e-01  8.99052602e-01  8.99473148e-01  8.24370002e-01  8.99925677e-01  3.22131284e-01 
 3.24365126e-01  8.99568305e-01  8.99053926e-01  8.99473878e-01  8.25332210e-01  8.99925677e-01  3.22080753e-01 
 3.24465126e-01  8.99568901e-01  8.99055248e-01  8.99474607e-01  8.26255929e-01  8.99925677e-01  3.22030233e-01 
 3.24565126e-01  8.99569496e-01  8.99056568e-01  8.99475334e-01  8.27143702e-01  8.99925677e-01  3.21979723e-01 
 3.24665126e-01  8.99570090e-01  8.99057886e-01  8.99476061e-01  8.27997851e-01  8.99925677e-01  3.21929222e-01 
 3.24765126e-01  8.99570683e-01  8.99059202e-01  8.99476786e-01  8.28820493e-01  8.99925677e-01  3.21878729e-01 
 3.24865126e-01  8.99571276e-01  8.99060515e-01  8.99477510e-01  8.29613568e-01  8.99925677e-01  3.21828245e-01 
 3.24965126e-01  8.99571867e-01  8.99061827e-01  8.99478233e-01  8.30378856e-01  8.99925677e-01  3.21777767e-01 
 3.25065126e-01  8.99572457e-01  8.99063136e-01  8.99478955e-01  8.31117990e-01  8.99925677e-01  3.21727296e-01 
 3.25165126e-01  8.99573047e-01  8.99064444e-01  8.99479676e-01  8.31832476e-01  8.99925677e-01  3.21676832e-01 
 3.25265126e-01  8.99573636e-01  8.99065749e-01  8.99480396e-01  8.32523703e-01  8.99925677e-01  3.21626373e-01 
 3.25365126e-01  8.99574223e-01  8.99067053e-01  8.99481114e-01  8.33192952e-01  8.99925677e-01  3.21575920e-01 
 3.25465126e-01  8.99574810e-01  8.99068354e-01  8.99481832e-01  8.33841411e-01  8.99925677e-01  3.21525472e-01 
 3.25565126e-01  8.99575396e-01  8.99069654e-01  8.99482548e-01  8.34470179e-01  8.99925677e-01  3.21475028e-01 
 3.25665126e-01  8.99575981e-01  8.99070951e-01  8.99483264e-01  8.35080277e-01  8.99925677e-01  3.21424589e-01 
 3.25765126e-01  8.99576565e-01  8.99072247e-01  8.99483978e-01  8.35672654e-01  8.99925677e-01  3.21374154e-01 
 3.25865126e-01  8.99577148e-01  8.99073540e-01  8.99484691e-01  8.36248193e-01  8.99925677e-01  3.21323723e-01 
 3.25965126e-01  8.99577731e-01  8.99074832e-01  8.99485403e-01  8.36807718e-01  8.99925677e-01  3.21273296e-01 
 3.26065126e-01  8.99578312e-01  8.99076122e-01  8.99486114e-01  8.37351997e-01  8.99925677e-01  3.21222872e-01 
 3.26165126e-01  8.99578893e-01  8.99077410e-01  8.99486824e-01  8.37881749e-01  8.99925677e-01  3.21172451e-01 
 3.26265126e-01  8.99579473e-01  8.99078696e-01  8.99487533e-01  8.38397644e-01  8.99925677e-01  3.21122034e-01 
 3.26365126e-01  8.99580052e-01  8.99079980e-01  8.99488241e-01  8.38900314e-01  8.99925677e-01  3.21071619e-01 
 3.26465126e-01  8.99580630e-01  8.99081262e-01  8.99488948e-01  8.39390346e-01  8.99925677e-01  3.21021208e-01 
 3.26565126e-01  8.99581208e-01  8.99082542e-01  8.99489654e-01  8.39868296e-01  8.99925677e-01  3.20970799e-01 
 3.26665126e-01  8.99581784e-01  8.99083820e-01  8.99490359e-01  8.40334685e-01  8.99925677e-01  3.20920393e-01 
 3.26765126e-01  8.99582360e-01  8.99085097e-01  8.99491063e-01  8.40790002e-01  8.99925677e-01  3.20869989e-01 
 3.26865126e-01  8.99582934e-01  8.99086371e-01  8.99491766e-01  8.41234708e-01  8.99925677e-01  3.20819587e-01 
 3.26965126e-01  8.99583508e-01  8.99087644e-01  8.99492467e-01  8.41669239e-01  8.99925677e-01  3.20769188e-01 
 3.27065126e-01  8.99584081e-01  8.99088915e-01  8.99493168e-01  8.42094004e-01  8.99925677e-01  3.20718791e-01 
 3.27165126e-01  8.99584654e-01  8.99090184e-01  8.99493868e-01  8.42509391e-01  8.99925677e-01  3.20668396e-01 
 3.27265126e-01  8.99585225e-01  8.99091451e-01  8.99494567e-01  8.42915766e-01  8.99925677e-01  3.20618002e-01 
 3.27365126e-01  8.99585796e-01  8.99092717e-01  8.99495264e-01  8.43313475e-01  8.99925677e-01  3.20567611e-01 
 3.27465126e-01  8.99586366e-01  8.99093980e-01  8.99495961e-01  8.43702847e-01  8.99925677e-01  3.20517222e-01 
 3.27565126e-01  8.99586935e-01  8.99095242e-01  8.99496657e-01  8.44084193e-01  8.99925677e-01  3.20466834e-01 
 3.27665126e-01  8.99587503e-01  8.99096501e-01  8.99497352e-01  8.44457806e-01  8.99925677e-01  3.20416449e-01 
 3.27765126e-01  8.99588070e-01  8.99097759e-01  8.99498045e-01  8.44823967e-01  8.99925677e-01  3.20366065e-01 
 3.27865126e-01  8.99588637e-01  8.99099016e-01  8.99498738e-01  8.45182941e-01  8.99925677e-01  3.20315682e-01 
 3.27965126e-01  8.99589202e-01  8.99100270e-01  8.99499430e-01  8.45534981e-01  8.99925677e-01  3.20265301e-01 
 3.28065126e-01  8.99589767e-01  8.99101522e-01  8.99500120e-01  8.45880327e-01  8.99925677e-01  3.20214922e-01 
 3.28165126e-01  8.99590331e-01  8.99102773e-01  8.99500810e-01  8.46219207e-01  8.99925677e-01  3.20164544e-01 
 3.28265126e-01  8.99590895e-01  8.99104022e-01  8.99501499e-01  8.46551839e-01  8.99925677e-01  3.20114167e-01 
 3.28365126e-01  8.99591457e-01  8.99105269e-01  8.99502187e-01  8.46878431e-01  8.99925677e-01  3.20063792e-01 
 3.28465126e-01  8.99592019e-01  8.99106514e-01  8.99502873e-01  8.47199180e-01  8.99925677e-01  3.20013419e-01 
 3.28565126e-01  8.99592580e-01  8.99107758e-01  8.99503559e-01  8.47514275e-01  8.99925677e-01  3.19963046e-01 
 3.28665126e-01  8.99593140e-01  8.99108999e-01  8.99504244e-01  8.47823896e-01  8.99925677e-01  3.19912675e-01 
 3.28765126e-01  8.99593699e-01  8.99110239e-01  8.99504928e-01  8.48128216e-01  8.99925677e-01  3.19862305e-01 
 3.28865126e-01  8.99594258e-01  8.99111477e-01  8.99505611e-01  8.48427398e-01  8.99925677e-01  3.19811937e-01 
 3.28965126e-01  8.99594815e-01  8.99112714e-01  8.99506292e-01  8.48721601e-01  8.99925677e-01  3.19761570e-01 
 3.29065126e-01  8.99595372e-01  8.99113948e-01  8.99506973e-01  8.49010976e-01  8.99925677e-01  3.19711203e-01 
 3.29165126e-01  8.99595928e-01  8.99115181e-01  8.99507653e-01  8.49295666e-01  8.99925677e-01  3.19660839e-01 
 3.29265126e-01  8.99596484e-01  8.99116412e-01  8.99508332e-01  8.49575809e-01  8.99925677e-01  3.19610475e-01 
 3.29365126e-01  8.99597038e-01  8.99117641e-01  8.99509010e-01  8.49851538e-01  8.99925677e-01  3.19560112e-01 
 3.29465126e-01  8.99597592e-01  8.99118869e-01  8.99509687e-01  8.50122981e-01  8.99925677e-01  3.19509750e-01 
 3.29565126e-01  8.99598145e-01  8.99120094e-01  8.99510363e-01  8.50390258e-01  8.99925677e-01  3.19459390e-01 
 3.29665126e-01  8.99598697e-01  8.99121318e-01  8.99511038e-01  8.50653488e-01  8.99925677e-01  3.19409031e-01 
 3.29765126e-01  8.99599248e-01  8.99122540e-01  8.99511712e-01  8.50912781e-01  8.99925677e-01  3.19358672e-01 
 3.29865126e-01  8.99599799e-01  8.99123761e-01  8.99512385e-01  8.51168248e-01  8.99925677e-01  3.19308315e-01 
 3.29965126e-01  8.99600348e-01  8.99124979e-01  8.99513057e-01  8.51419990e-01  8.99925677e-01  3.19257959e-01 
 3.30065126e-01  8.99600897e-01  8.99126196e-01  8.99513729e-01  8.51668108e-01  8.99925677e-01  3.19207603e-01 
 3.30165126e-01  8.99601446e-01  8.99127411e-01  8.99514399e-01  8.51912698e-01  8.99925677e-01  3.19157249e-01 
 3.30265126e-01  8.99601993e-01  8.99128625e-01  8.99515068e-01  8.52153852e-01  8.99925677e-01  3.19106896e-01 
 3.30365126e-01  8.99602540e-01  8.99129836e-01  8.99515737e-01  8.52391659e-01  8.99925677e-01  3.19056543e-01 
 3.30465126e-01  8.99603085e-01  8.99131046e-01  8.99516404e-01  8.52626206e-01  8.99925677e-01  3.19006192e-01 
 3.30565126e-01  8.99603631e-01  8.99132254e-01  8.99517070e-01  8.52857574e-01  8.99925677e-01  3.18955842e-01 
 3.30665126e-01  8.99604175e-01  8.99133461e-01  8.99517736e-01  8.53085843e-01  8.99925677e-01  3.18905492e-01 
 3.30765126e-01  8.99604718e-01  8.99134666e-01  8.99518400e-01  8.53311090e-01  8.99925677e-01  3.18855143e-01 
 3.30865126e-01  8.99605261e-01  8.99135869e-01  8.99519064e-01  8.53533390e-01  8.99925677e-01  3.18804796e-01 
 3.30965126e-01  8.99605803e-01  8.99137070e-01  8.99519727e-01  8.53752813e-01  8.99925677e-01  3.18754449e-01 
 3.31065126e-01  8.99606344e-01  8.99138269e-01  8.99520388e-01  8.53969429e-01  8.99925677e-01  3.18704103e-01 
 3.31165126e-01  8.99606885e-01  8.99139467e-01  8.99521049e-01  8.54183304e-01  8.99925677e-01  3.18653758e-01 
 3.31265126e-01  8.99607424e-01  8.99140663e-01  8.99521709e-01  8.54394503e-01  8.99925677e-01  3.18603414e-01 
 3.31365126e-01  8.99607963e-01  8.99141858e-01  8.99522368e-01  8.54603088e-01  8.99925677e-01  3.18553071e-01 
 3.31465126e-01  8.99608502e-01  8.99143050e-01  8.99523026e-01  8.54809119e-01  8.99925677e-01  3.18502728e-01 
 3.31565126e-01  8.99609039e-01  8.99144241e-01  8.99523683e-01  8.55012655e-01  8.99925677e-01  3.18452387e-01 
 3.31665126e-01  8.99609576e-01  8.99145430e-01  8.99524339e-01  8.55213752e-01  8.99925677e-01  3.18402046e-01 
 3.31765126e-01  8.99610111e-01  8.99146618e-01  8.99524994e-01  8.55412464e-01  8.99925677e-01  3.18351706e-01 
 3.31865126e-01  8.99610646e-01  8.99147804e-01  8.99525648e-01  8.55608844e-01  8.99925677e-01  3.18301367e-01 
 3.31965126e-01  8.99611181e-01  8.99148988e-01  8.99526301e-01  8.55802943e-01  8.99925677e-01  3.18251029e-01 
 3.32065126e-01  8.99611714e-01  8.99150170e-01  8.99526954e-01  8.55994811e-01  8.99925677e-01  3.18200691e-01 
 3.32165126e-01  8.99612247e-01  8.99151351e-01  8.99527605e-01  8.56184496e-01  8.99925677e-01  3.18150355e-01 
 3.32265126e-01  8.99612779e-01  8.99152530e-01  8.99528256e-01  8.56372043e-01  8.99925677e-01  3.18100019e-01 
 3.32365126e-01  8.99613311e-01  8.99153708e-01  8.99528905e-01  8.56557499e-01  8.99925677e-01  3.18049684e-01 
 3.32465126e-01  8.99613841e-01  8.99154883e-01  8.99529554e-01  8.56740907e-01  8.99925677e-01  3.17999350e-01 
 3.32565126e-01  8.99614371e-01  8.99156057e-01  8.99530202e-01  8.56922309e-01  8.99925677e-01  3.17949016e-01 
 3.32665126e-01  8.99614900e-01  8.99157230e-01  8.99530848e-01  8.57101746e-01  8.99925677e-01  3.17898684e-01 
 3.32765126e-01  8.99615428e-01  8.99158400e-01  8.99531494e-01  8.57279259e-01  8.99925677e-01  3.17848352e-01 
 3.32865126e-01  8.99615956e-01  8.99159569e-01  8.99532139e-01  8.57454885e-01  8.99925677e-01  3.17798021e-01 
 3.32965126e-01  8.99616483e-01  8.99160736e-01  8.99532783e-01  8.57628664e-01  8.99925677e-01  3.17747691e-01 
 3.33065126e-01  8.99617009e-01  8.99161902e-01  8.99533426e-01  8.57800630e-01  8.99925677e-01  3.17697361e-01 
 3.33165126e-01  8.99617534e-01  8.99163066e-01  8.99534069e-01  8.57970820e-01  8.99925677e-01  3.17647032e-01 
 3.33265126e-01  8.99618058e-01  8.99164228e-01  8.99534710e-01  8.58139269e-01  8.99925677e-01  3.17596704e-01 
 3.33365126e-01  8.99618582e-01  8.99165389e-01  8.99535350e-01  8.58306009e-01  8.99925677e-01  3.17546377e-01 
 3.33465126e-01  8.99619105e-01  8.99166548e-01  8.99535990e-01  8.58471073e-01  8.99925677e-01  3.17496051e-01 
 3.33565126e-01  8.99619628e-01  8.99167705e-01  8.99536628e-01  8.58634494e-01  8.99925677e-01  3.17445725e-01 
 3.33665126e-01  8.99620149e-01  8.99168861e-01  8.99537266e-01  8.58796301e-01  8.99925677e-01  3.17395400e-01 
 3.33765126e-01  8.99620670e-01  8.99170015e-01  8.99537903e-01  8.58956526e-01  8.99925677e-01  3.17345076e-01 
 3.33865126e-01  8.99621190e-01  8.99171167e-01  8.99538539e-01  8.59115196e-01  8.99925677e-01  3.17294752e-01 
 3.33965126e-01  8.99621710e-01  8.99172318e-01  8.99539174e-01  8.59272341e-01  8.99925677e-01  3.17244430e-01 
 3.34065126e-01  8.99622228e-01  8.99173467e-01  8.99539808e-01  8.59427988e-01  8.99925677e-01  3.17194108e-01 
 3.34165126e-01  8.99622746e-01  8.99174615e-01  8.99540441e-01  8.59582164e-01  8.99925677e-01  3.17143786e-01 
 3.34265126e-01  8.99623263e-01  8.99175760e-01  8.99541073e-01  8.59734895e-01  8.99925677e-01  3.17093466e-01 
 3.34365126e-01  8.99623780e-01  8.99176905e-01  8.99541705e-01  8.59886208e-01  8.99925677e-01  3.17043146e-01 
 3.34465126e-01  8.99624295e-01  8.99178047e-01  8.99542335e-01  8.60036126e-01  8.99925677e-01  3.16992827e-01 
 3.34565126e-01  8.99624810e-01  8.99179188e-01  8.99542965e-01  8.60184674e-01  8.99925677e-01  3.16942509e-01 
 3.34665126e-01  8.99625325e-01  8.99180327e-01  8.99543593e-01  8.60331876e-01  8.99925677e-01  3.16892191e-01 
 3.34765126e-01  8.99625838e-01  8.99181465e-01  8.99544221e-01  8.60477755e-01  8.99925677e-01  3.16841874e-01 
 3.34865126e-01  8.99626351e-01  8.99182601e-01  8.99544848e-01  8.60622332e-01  8.99925677e-01  3.16791558e-01 
 3.34965126e-01  8.99626863e-01  8.99183735e-01  8.99545474e-01  8.60765632e-01  8.99925677e-01  3.16741243e-01 
 3.35065126e-01  8.99627374e-01  8.99184868e-01  8.99546099e-01  8.60907673e-01  8.99925677e-01  3.16690928e-01 
 3.35165126e-01  8.99627885e-01  8.99185999e-01  8.99546723e-01  8.61048478e-01  8.99925677e-01  3.16640614e-01 
 3.35265126e-01  8.99628395e-01  8.99187129e-01  8.99547347e-01  8.61188067e-01  8.99925677e-01  3.16590301e-01 
 3.35365126e-01  8.99628904e-01  8.99188257e-01  8.99547969e-01  8.61326460e-01  8.99925677e-01  3.16539988e-01 
 3.35465126e-01  8.99629412e-01  8.99189383e-01  8.99548591e-01  8.61463676e-01  8.99925677e-01  3.16489676e-01 
 3.35565126e-01  8.99629920e-01  8.99190508e-01  8.99549211e-01  8.61599734e-01  8.99925677e-01  3.16439365e-01 
 3.35665126e-01  8.99630427e-01  8.99191631e-01  8.99549831e-01  8.61734652e-01  8.99925677e-01  3.16389054e-01 
 3.35765126e-01  8.99630933e-01  8.99192752e-01  8.99550450e-01  8.61868449e-01  8.99925677e-01  3.16338745e-01 
 3.35865126e-01  8.99631439e-01  8.99193872e-01  8.99551068e-01  8.62001142e-01  8.99925677e-01  3.16288436e-01 
 3.35965126e-01  8.99631944e-01  8.99194990e-01  8.99551685e-01  8.62132749e-01  8.99925677e-01  3.16238127e-01 
 3.36065126e-01  8.99632448e-01  8.99196107e-01  8.99552302e-01  8.62263286e-01  8.99925677e-01  3.16187820e-01 
 3.36165126e-01  8.99632951e-01  8.99197222e-01  8.99552917e-01  8.62392770e-01  8.99925677e-01  3.16137513e-01 
 3.36265126e-01  8.99633454e-01  8.99198336e-01  8.99553532e-01  8.62521217e-01  8.99925677e-01  3.16087206e-01 
 3.36365126e-01  8.99633956e-01  8.99199448e-01  8.99554145e-01  8.62648643e-01  8.99925677e-01  3.16036901e-01 
 3.36465126e-01  8.99634457e-01  8.99200558e-01  8.99554758e-01  8.62775063e-01  8.99925677e-01  3.15986596e-01 
 3.36565126e-01  8.99634958e-01  8.99201667e-01  8.99555370e-01  8.62900492e-01  8.99925677e-01  3.15936292e-01 
 3.36665126e-01  8.99635458e-01  8.99202774e-01  8.99555981e-01  8.63024944e-01  8.99925677e-01  3.15885988e-01 
 3.36765126e-01  8.99635957e-01  8.99203879e-01  8.99556592e-01  8.63148435e-01  8.99925677e-01  3.15835685e-01 
 3.36865126e-01  8.99636455e-01  8.99204983e-01  8.99557201e-01  8.63270979e-01  8.99925677e-01  3.15785383e-01 
 3.36965126e-01  8.99636953e-01  8.99206086e-01  8.99557809e-01  8.63392588e-01  8.99925677e-01  3.15735082e-01 
 3.37065126e-01  8.99637450e-01  8.99207187e-01  8.99558417e-01  8.63513277e-01  8.99925677e-01  3.15684781e-01 
 3.37165126e-01  8.99637947e-01  8.99208286e-01  8.99559024e-01  8.63633059e-01  8.99925677e-01  3.15634481e-01 
 3.37265126e-01  8.99638442e-01  8.99209384e-01  8.99559630e-01  8.63751947e-01  8.99925677e-01  3.15584181e-01 
 3.37365126e-01  8.99638937e-01  8.99210480e-01  8.99560235e-01  8.63869953e-01  8.99925677e-01  3.15533883e-01 
 3.37465126e-01  8.99639431e-01  8.99211575e-01  8.99560839e-01  8.63987090e-01  8.99925677e-01  3.15483585e-01 
 3.37565126e-01  8.99639925e-01  8.99212668e-01  8.99561442e-01  8.64103369e-01  8.99925677e-01  3.15433287e-01 
 3.37665126e-01  8.99640418e-01  8.99213759e-01  8.99562045e-01  8.64218804e-01  8.99925677e-01  3.15382991e-01 
 3.37765126e-01  8.99640910e-01  8.99214849e-01  8.99562646e-01  8.64333405e-01  8.99925677e-01  3.15332695e-01 
 3.37865126e-01  8.99641401e-01  8.99215937e-01  8.99563247e-01  8.64447184e-01  8.99925677e-01  3.15282399e-01 
 3.37965126e-01  8.99641892e-01  8.99217024e-01  8.99563847e-01  8.64560152e-01  8.99925677e-01  3.15232105e-01 
 3.38065126e-01  8.99642382e-01  8.99218110e-01  8.99564446e-01  8.64672320e-01  8.99925677e-01  3.15181811e-01 
 3.38165126e-01  8.99642871e-01  8.99219193e-01  8.99565044e-01  8.64783698e-01  8.99925677e-01  3.15131517e-01 
 3.38265126e-01  8.99643360e-01  8.99220275e-01  8.99565642e-01  8.64894298e-01  8.99925677e-01  3.15081225e-01 
 3.38365126e-01  8.99643848e-01  8.99221356e-01  8.99566238e-01  8.65004130e-01  8.99925677e-01  3.15030933e-01 
 3.38465126e-01  8.99644335e-01  8.99222435e-01  8.99566834e-01  8.65113203e-01  8.99925677e-01  3.14980642e-01 
 3.38565126e-01  8.99644822e-01  8.99223513e-01  8.99567429e-01  8.65221528e-01  8.99925677e-01  3.14930351e-01 
 3.38665126e-01  8.99645308e-01  8.99224589e-01  8.99568023e-01  8.65329114e-01  8.99925677e-01  3.14880061e-01 
 3.38765126e-01  8.99645793e-01  8.99225663e-01  8.99568616e-01  8.65435971e-01  8.99925677e-01  3.14829772e-01 
 3.38865126e-01  8.99646278e-01  8.99226736e-01  8.99569208e-01  8.65542108e-01  8.99925677e-01  3.14779483e-01 
 3.38965126e-01  8.99646761e-01  8.99227808e-01  8.99569800e-01  8.65647535e-01  8.99925677e-01  3.14729195e-01 
 3.39065126e-01  8.99647245e-01  8.99228878e-01  8.99570390e-01  8.65752260e-01  8.99925677e-01  3.14678908e-01 
 3.39165126e-01  8.99647727e-01  8.99229946e-01  8.99570980e-01  8.65856292e-01  8.99925677e-01  3.14628622e-01 
 3.39265126e-01  8.99648209e-01  8.99231013e-01  8.99571569e-01  8.65959640e-01  8.99925677e-01  3.14578336e-01 
 3.39365126e-01  8.99648690e-01  8.99232078e-01  8.99572157e-01  8.66062313e-01  8.99925677e-01  3.14528050e-01 
 3.39465126e-01  8.99649170e-01  8.99233142e-01  8.99572745e-01  8.66164319e-01  8.99925677e-01  3.14477766e-01 
 3.39565126e-01  8.99649650e-01  8.99234204e-01  8.99573331e-01  8.66265665e-01  8.99925677e-01  3.14427482e-01 
 3.39665126e-01  8.99650129e-01  8.99235265e-01  8.99573917e-01  8.66366361e-01  8.99925677e-01  3.14377199e-01 
 3.39765126e-01  8.99650608e-01  8.99236324e-01  8.99574502e-01  8.66466413e-01  8.99925677e-01  3.14326916e-01 
 3.39865126e-01  8.99651085e-01  8.99237382e-01  8.99575086e-01  8.66565830e-01  8.99925677e-01  3.14276634e-01 
 3.39965126e-01  8.99651562e-01  8.99238438e-01  8.99575669e-01  8.66664620e-01  8.99925677e-01  3.14226353e-01 
 3.40065126e-01  8.99652039e-01  8.99239493e-01  8.99576251e-01  8.66762789e-01  8.99925677e-01  3.14176072e-01 
 3.40165126e-01  8.99652515e-01  8.99240546e-01  8.99576833e-01  8.66860346e-01  8.99925677e-01  3.14125793e-01 
 3.40265126e-01  8.99652990e-01  8.99241598e-01  8.99577413e-01  8.66957297e-01  8.99925677e-01  3.14075513e-01 
 3.40365126e-01  8.99653464e-01  8.99242648e-01  8.99577993e-01  8.67053650e-01  8.99925677e-01  3.14025235e-01 
 3.40465126e-01  8.99653938e-01  8.99243697e-01  8.99578572e-01  8.67149411e-01  8.99925677e-01  3.13974957e-01 
 3.40565126e-01  8.99654411e-01  8.99244745e-01  8.99579150e-01  8.67244587e-01  8.99925677e-01  3.13924680e-01 
 3.40665126e-01  8.99654883e-01  8.99245790e-01  8.99579728e-01  8.67339185e-01  8.99925677e-01  3.13874403e-01 
 3.40765126e-01  8.99655355e-01  8.99246835e-01  8.99580304e-01  8.67433213e-01  8.99925677e-01  3.13824127e-01 
 3.40865126e-01  8.99655826e-01  8.99247877e-01  8.99580880e-01  8.67526675e-01  8.99925677e-01  3.13773852e-01 
 3.40965126e-01  8.99656296e-01  8.99248919e-01  8.99581455e-01  8.67619579e-01  8.99925677e-01  3.13723577e-01 
 3.41065126e-01  8.99656766e-01  8.99249959e-01  8.99582029e-01  8.67711931e-01  8.99925677e-01  3.13673303e-01 
 3.41165126e-01  8.99657235e-01  8.99250997e-01  8.99582603e-01  8.67803737e-01  8.99925677e-01  3.13623030e-01 
 3.41265126e-01  8.99657703e-01  8.99252034e-01  8.99583175e-01  8.67895003e-01  8.99925677e-01  3.13572757e-01 
 3.41365126e-01  8.99658171e-01  8.99253069e-01  8.99583747e-01  8.67985735e-01  8.99925677e-01  3.13522485e-01 
 3.41465126e-01  8.99658638e-01  8.99254103e-01  8.99584318e-01  8.68075940e-01  8.99925677e-01  3.13472214e-01 
 3.41565126e-01  8.99659104e-01  8.99255136e-01  8.99584888e-01  8.68165622e-01  8.99925677e-01  3.13421943e-01 
 3.41665126e-01  8.99659570e-01  8.99256167e-01  8.99585457e-01  8.68254787e-01  8.99925677e-01  3.13371673e-01 
 3.41765126e-01  8.99660035e-01  8.99257196e-01  8.99586026e-01  8.68343442e-01  8.99925677e-01  3.13321404e-01 
 3.41865126e-01  8.99660499e-01  8.99258224e-01  8.99586593e-01  8.68431591e-01  8.99925677e-01  3.13271135e-01 
 3.41965126e-01  8.99660963e-01  8.99259251e-01  8.99587160e-01  8.68519241e-01  8.99925677e-01  3.13220867e-01 
 3.42065126e-01  8.99661426e-01  8.99260276e-01  8.99587726e-01  8.68606396e-01  8.99925677e-01  3.13170600e-01 
 3.42165126e-01  8.99661889e-01  8.99261300e-01  8.99588292e-01  8.68693061e-01  8.99925677e-01  3.13120333e-01 
 3.42265126e-01  8.99662350e-01  8.99262322e-01  8.99588856e-01  8.68779242e-01  8.99925677e-01  3.13070067e-01 
 3.42365126e-01  8.99662811e-01  8.99263343e-01  8.99589420e-01  8.68864944e-01  8.99925677e-01  3.13019802e-01 
 3.42465126e-01  8.99663272e-01  8.99264362e-01  8.99589983e-01  8.68950172e-01  8.99925677e-01  3.12969537e-01 
 3.42565126e-01  8.99663732e-01  8.99265380e-01  8.99590545e-01  8.69034930e-01  8.99925677e-01  3.12919273e-01 
 3.42665126e-01  8.99664191e-01  8.99266396e-01  8.99591106e-01  8.69119224e-01  8.99925677e-01  3.12869009e-01 
 3.42765126e-01  8.99664649e-01  8.99267411e-01  8.99591666e-01  8.69203059e-01  8.99925677e-01  3.12818746e-01 
 3.42865126e-01  8.99665107e-01  8.99268425e-01  8.99592226e-01  8.69286439e-01  8.99925677e-01  3.12768484e-01 
 3.42965126e-01  8.99665565e-01  8.99269437e-01  8.99592785e-01  8.69369368e-01  8.99925677e-01  3.12718223e-01 
 3.43065126e-01  8.99666021e-01  8.99270448e-01  8.99593343e-01  8.69451852e-01  8.99925677e-01  3.12667962e-01 
 3.43165126e-01  8.99666477e-01  8.99271457e-01  8.99593901e-01  8.69533894e-01  8.99925677e-01  3.12617702e-01 
 3.43265126e-01  8.99666932e-01  8.99272465e-01  8.99594457e-01  8.69615500e-01  8.99925677e-01  3.12567442e-01 
 3.43365126e-01  8.99667387e-01  8.99273471e-01  8.99595013e-01  8.69696673e-01  8.99925677e-01  3.12517183e-01 
 3.43465126e-01  8.99667841e-01  8.99274476e-01  8.99595568e-01  8.69777418e-01  8.99925677e-01  3.12466925e-01 
 3.43565126e-01  8.99668294e-01  8.99275479e-01  8.99596122e-01  8.69857739e-01  8.99925677e-01  3.12416668e-01 
 3.43665126e-01  8.99668747e-01  8.99276481e-01  8.99596675e-01  8.69937640e-01  8.99925677e-01  3.12366411e-01 
 3.43765126e-01  8.99669199e-01  8.99277482e-01  8.99597228e-01  8.70017125e-01  8.99925677e-01  3.12316154e-01 
 3.43865126e-01  8.99669651e-01  8.99278481e-01  8.99597780e-01  8.70096199e-01  8.99925677e-01  3.12265899e-01 
 3.43965126e-01  8.99670101e-01  8.99279479e-01  8.99598331e-01  8.70174865e-01  8.99925677e-01  3.12215644e-01 
 3.44065126e-01  8.99670552e-01  8.99280475e-01  8.99598881e-01  8.70253127e-01  8.99925677e-01  3.12165390e-01 
 3.44165126e-01  8.99671001e-01  8.99281470e-01  8.99599431e-01  8.70330990e-01  8.99925677e-01  3.12115136e-01 
 3.44265126e-01  8.99671450e-01  8.99282464e-01  8.99599979e-01  8.70408456e-01  8.99925677e-01  3.12064883e-01 
 3.44365126e-01  8.99671898e-01  8.99283456e-01  8.99600527e-01  8.70485530e-01  8.99925677e-01  3.12014631e-01 
 3.44465126e-01  8.99672346e-01  8.99284447e-01  8.99601075e-01  8.70562216e-01  8.99925677e-01  3.11964379e-01 
 3.44565126e-01  8.99672793e-01  8.99285436e-01  8.99601621e-01  8.70638516e-01  8.99925677e-01  3.11914128e-01 
 3.44665126e-01  8.99673239e-01  8.99286424e-01  8.99602167e-01  8.70714435e-01  8.99925677e-01  3.11863877e-01 
 3.44765126e-01  8.99673685e-01  8.99287410e-01  8.99602711e-01  8.70789976e-01  8.99925677e-01  3.11813628e-01 
 3.44865126e-01  8.99674130e-01  8.99288396e-01  8.99603255e-01  8.70865143e-01  8.99925677e-01  3.11763378e-01 
 3.44965126e-01  8.99674575e-01  8.99289379e-01  8.99603799e-01  8.70939939e-01  8.99925677e-01  3.11713130e-01 
 3.45065126e-01  8.99675018e-01  8.99290362e-01  8.99604341e-01  8.71014368e-01  8.99925677e-01  3.11662882e-01 
 3.45165126e-01  8.99675462e-01  8.99291342e-01  8.99604883e-01  8.71088432e-01  8.99925677e-01  3.11612635e-01 
 3.45265126e-01  8.99675904e-01  8.99292322e-01  8.99605424e-01  8.71162136e-01  8.99925677e-01  3.11562388e-01 
 3.45365126e-01  8.99676346e-01  8.99293300e-01  8.99605964e-01  8.71235482e-01  8.99925677e-01  3.11512143e-01 
 3.45465126e-01  8.99676788e-01  8.99294277e-01  8.99606504e-01  8.71308473e-01  8.99925677e-01  3.11461897e-01 
 3.45565126e-01  8.99677228e-01  8.99295252e-01  8.99607043e-01  8.71381114e-01  8.99925677e-01  3.11411653e-01 
 3.45665126e-01  8.99677668e-01  8.99296226e-01  8.99607581e-01  8.71453406e-01  8.99925677e-01  3.11361409e-01 
 3.45765126e-01  8.99678108e-01  8.99297199e-01  8.99608118e-01  8.71525354e-01  8.99925677e-01  3.11311166e-01 
 3.45865126e-01  8.99678547e-01  8.99298170e-01  8.99608654e-01  8.71596959e-01  8.99925677e-01  3.11260923e-01 
 3.45965126e-01  8.99678985e-01  8.99299140e-01  8.99609190e-01  8.71668226e-01  8.99925677e-01  3.11210681e-01 
 3.46065126e-01  8.99679423e-01  8.99300108e-01  8.99609725e-01  8.71739157e-01  8.99925677e-01  3.11160440e-01 
 3.46165126e-01  8.99679860e-01  8.99301075e-01  8.99610259e-01  8.71809754e-01  8.99925677e-01  3.11110199e-01 
 3.46265126e-01  8.99680296e-01  8.99302041e-01  8.99610792e-01  8.71880022e-01  8.99925677e-01  3.11059959e-01 
 3.46365126e-01  8.99680732e-01  8.99303005e-01  8.99611325e-01  8.71949962e-01  8.99925677e-01  3.11009720e-01 
 3.46465126e-01  8.99681167e-01  8.99303968e-01  8.99611857e-01  8.72019578e-01  8.99925677e-01  3.10959481e-01 
 3.46565126e-01  8.99681602e-01  8.99304930e-01  8.99612388e-01  8.72088872e-01  8.99925677e-01  3.10909243e-01 
 3.46665126e-01  8.99682035e-01  8.99305890e-01  8.99612919e-01  8.72157848e-01  8.99925677e-01  3.10859005e-01 
 3.46765126e-01  8.99682469e-01  8.99306849e-01  8.99613448e-01  8.72226507e-01  8.99925677e-01  3.10808769e-01 
 3.46865126e-01  8.99682902e-01  8.99307806e-01  8.99613977e-01  8.72294852e-01  8.99925677e-01  3.10758532e-01 
 3.46965126e-01  8.99683334e-01  8.99308762e-01  8.99614505e-01  8.72362887e-01  8.99925677e-01  3.10708297e-01 
 3.47065126e-01  8.99683765e-01  8.99309717e-01  8.99615033e-01  8.72430613e-01  8.99925677e-01  3.10658062e-01 
 3.47165126e-01  8.99684196e-01  8.99310671e-01  8.99615559e-01  8.72498034e-01  8.99925677e-01  3.10607828e-01 
 3.47265126e-01  8.99684626e-01  8.99311623e-01  8.99616085e-01  8.72565151e-01  8.99925677e-01  3.10557594e-01 
 3.47365126e-01  8.99685056e-01  8.99312573e-01  8.99616610e-01  8.72631968e-01  8.99925677e-01  3.10507361e-01 
 3.47465126e-01  8.99685485e-01  8.99313523e-01  8.99617135e-01  8.72698486e-01  8.99925677e-01  3.10457129e-01 
 3.47565126e-01  8.99685913e-01  8.99314471e-01  8.99617659e-01  8.72764709e-01  8.99925677e-01  3.10406897e-01 
 3.47665126e-01  8.99686341e-01  8.99315417e-01  8.99618182e-01  8.72830638e-01  8.99925677e-01  3.10356666e-01 
 3.47765126e-01  8.99686768e-01  8.99316363e-01  8.99618704e-01  8.72896276e-01  8.99925677e-01  3.10306436e-01 
 3.47865126e-01  8.99687195e-01  8.99317307e-01  8.99619225e-01  8.72961626e-01  8.99925677e-01  3.10256206e-01 
 3.47965126e-01  8.99687621e-01  8.99318249e-01  8.99619746e-01  8.73026689e-01  8.99925677e-01  3.10205977e-01 
 3.48065126e-01  8.99688047e-01  8.99319191e-01  8.99620266e-01  8.73091469e-01  8.99925677e-01  3.10155749e-01 
 3.48165126e-01  8.99688471e-01  8.99320131e-01  8.99620785e-01  8.73155966e-01  8.99925677e-01  3.10105521e-01 
 3.48265126e-01  8.99688896e-01  8.99321069e-01  8.99621304e-01  8.73220184e-01  8.99925677e-01  3.10055294e-01 
 3.48365126e-01  8.99689319e-01  8.99322007e-01  8.99621822e-01  8.73284125e-01  8.99925677e-01  3.10005068e-01 
 3.48465126e-01  8.99689742e-01  8.99322943e-01  8.99622339e-01  8.73347791e-01  8.99925677e-01  3.09954842e-01 
 3.48565126e-01  8.99690165e-01  8.99323877e-01  8.99622855e-01  8.73411184e-01  8.99925677e-01  3.09904617e-01 
 3.48665126e-01  8.99690587e-01  8.99324810e-01  8.99623371e-01  8.73474306e-01  8.99925677e-01  3.09854392e-01 
 3.48765126e-01  8.99691008e-01  8.99325742e-01  8.99623886e-01  8.73537159e-01  8.99925677e-01  3.09804168e-01 
 3.48865126e-01  8.99691429e-01  8.99326673e-01  8.99624400e-01  8.73599746e-01  8.99925677e-01  3.09753945e-01 
 3.48965126e-01  8.99691849e-01  8.99327602e-01  8.99624913e-01  8.73662068e-01  8.99925677e-01  3.09703722e-01 
 3.49065126e-01  8.99692268e-01  8.99328530e-01  8.99625426e-01  8.73724127e-01  8.99925677e-01  3.09653501e-01 
 3.49165126e-01  8.99692687e-01  8.99329457e-01  8.99625938e-01  8.73785926e-01  8.99925677e-01  3.09603279e-01 
 3.49265126e-01  8.99693105e-01  8.99330383e-01  8.99626449e-01  8.73847467e-01  8.99925677e-01  3.09553059e-01 
 3.49365126e-01  8.99693523e-01  8.99331307e-01  8.99626960e-01  8.73908751e-01  8.99925677e-01  3.09502839e-01 
 3.49465126e-01  8.99693940e-01  8.99332229e-01  8.99627470e-01  8.73969780e-01  8.99925677e-01  3.09452619e-01 
 3.49565126e-01  8.99694357e-01  8.99333151e-01  8.99627979e-01  8.74030557e-01  8.99925677e-01  3.09402400e-01 
 3.49665126e-01  8.99694773e-01  8.99334071e-01  8.99628487e-01  8.74091083e-01  8.99925677e-01  3.09352182e-01 
 3.49765126e-01  8.99695188e-01  8.99334990e-01  8.99628995e-01  8.74151360e-01  8.99925677e-01  3.09301965e-01 
 3.49865126e-01  8.99695603e-01  8.99335907e-01  8.99629502e-01  8.74211390e-01  8.99925677e-01  3.09251748e-01 
 3.49965126e-01  8.99696017e-01  8.99336824e-01  8.99630008e-01  8.74271175e-01  8.99925677e-01  3.09201532e-01 
 3.50065126e-01  8.99696430e-01  8.99337739e-01  8.99630514e-01  8.74330716e-01  8.99925677e-01  3.09151317e-01 
 3.50165126e-01  8.99696843e-01  8.99338652e-01  8.99631018e-01  8.74390016e-01  8.99925677e-01  3.09101102e-01 
 3.50265126e-01  8.99697256e-01  8.99339565e-01  8.99631522e-01  8.74449076e-01  8.99925677e-01  3.09050887e-01 
 3.50365126e-01  8.99697668e-01  8.99340476e-01  8.99632026e-01  8.74507898e-01  8.99925677e-01  3.09000674e-01 
 3.50465126e-01  8.99698079e-01  8.99341386e-01  8.99632529e-01  8.74566484e-01  8.99925677e-01  3.08950461e-01 
 3.50565126e-01  8.99698490e-01  8.99342294e-01  8.99633031e-01  8.74624834e-01  8.99925677e-01  3.08900249e-01 
 3.50665126e-01  8.99698900e-01  8.99343201e-01  8.99633532e-01  8.74682952e-01  8.99925677e-01  3.08850037e-01 
 3.50765126e-01  8.99699309e-01  8.99344107e-01  8.99634032e-01  8.74740839e-01  8.99925677e-01  3.08799826e-01 
 3.50865126e-01  8.99699718e-01  8.99345012e-01  8.99634532e-01  8.74798496e-01  8.99925677e-01  3.08749616e-01 
 3.50965126e-01  8.99700127e-01  8.99345915e-01  8.99635031e-01  8.74855925e-01  8.99925677e-01  3.08699406e-01 
 3.51065126e-01  8.99700534e-01  8.99346817e-01  8.99635530e-01  8.74913128e-01  8.99925677e-01  3.08649197e-01 
 3.51165126e-01  8.99700942e-01  8.99347718e-01  8.99636027e-01  8.74970106e-01  8.99925677e-01  3.08598988e-01 
 3.51265126e-01  8.99701348e-01  8.99348617e-01  8.99636525e-01  8.75026861e-01  8.99925677e-01  3.08548781e-01 
 3.51365126e-01  8.99701754e-01  8.99349516e-01  8.99637021e-01  8.75083394e-01  8.99925677e-01  3.08498574e-01 
 3.51465126e-01  8.99702160e-01  8.99350413e-01  8.99637516e-01  8.75139707e-01  8.99925677e-01  3.08448367e-01 
 3.51565126e-01  8.99702565e-01  8.99351308e-01  8.99638011e-01  8.75195802e-01  8.99925677e-01  3.08398161e-01 
 3.51665126e-01  8.99702969e-01  8.99352203e-01  8.99638506e-01  8.75251680e-01  8.99925677e-01  3.08347956e-01 
 3.51765126e-01  8.99703373e-01  8.99353096e-01  8.99638999e-01  8.75307342e-01  8.99925677e-01  3.08297751e-01 
 3.51865126e-01  8.99703776e-01  8.99353988e-01  8.99639492e-01  8.75362791e-01  8.99925677e-01  3.08247548e-01 
 3.51965126e-01  8.99704179e-01  8.99354878e-01  8.99639984e-01  8.75418027e-01  8.99925677e-01  3.08197344e-01 
 3.52065126e-01  8.99704581e-01  8.99355768e-01  8.99640476e-01  8.75473052e-01  8.99925677e-01  3.08147142e-01 
 3.52165126e-01  8.99704982e-01  8.99356656e-01  8.99640966e-01  8.75527867e-01  8.99925677e-01  3.08096940e-01 
 3.52265126e-01  8.99705383e-01  8.99357543e-01  8.99641456e-01  8.75582474e-01  8.99925677e-01  3.08046738e-01 
 3.52365126e-01  8.99705784e-01  8.99358428e-01  8.99641946e-01  8.75636874e-01  8.99925677e-01  3.07996538e-01 
 3.52465126e-01  8.99706183e-01  8.99359312e-01  8.99642434e-01  8.75691069e-01  8.99925677e-01  3.07946337e-01 
 3.52565126e-01  8.99706583e-01  8.99360195e-01  8.99642922e-01  8.75745060e-01  8.99925677e-01  3.07896138e-01 
 3.52665126e-01  8.99706981e-01  8.99361077e-01  8.99643410e-01  8.75798848e-01  8.99925677e-01  3.07845939e-01 
 3.52765126e-01  8.99707380e-01  8.99361958e-01  8.99643896e-01  8.75852435e-01  8.99925677e-01  3.07795741e-01 
 3.52865126e-01  8.99707777e-01  8.99362837e-01  8.99644382e-01  8.75905822e-01  8.99925677e-01  3.07745544e-01 
 3.52965126e-01  8.99708174e-01  8.99363715e-01  8.99644868e-01  8.75959011e-01  8.99925677e-01  3.07695347e-01 
 3.53065126e-01  8.99708571e-01  8.99364592e-01  8.99645352e-01  8.76012002e-01  8.99925677e-01  3.07645151e-01 
 3.53165126e-01  8.99708966e-01  8.99365468e-01  8.99645836e-01  8.76064797e-01  8.99925677e-01  3.07594955e-01 
 3.53265126e-01  8.99709362e-01  8.99366342e-01  8.99646319e-01  8.76117398e-01  8.99925677e-01  3.07544760e-01 
 3.53365126e-01  8.99709757e-01  8.99367215e-01  8.99646802e-01  8.76169805e-01  8.99925677e-01  3.07494566e-01 
 3.53465126e-01  8.99710151e-01  8.99368087e-01  8.99647284e-01  8.76222020e-01  8.99925677e-01  3.07444372e-01 
 3.53565126e-01  8.99710544e-01  8.99368958e-01  8.99647765e-01  8.76274044e-01  8.99925677e-01  3.07394179e-01 
 3.53665126e-01  8.99710938e-01  8.99369827e-01  8.99648245e-01  8.76325878e-01  8.99925677e-01  3.07343987e-01 
 3.53765126e-01  8.99711330e-01  8.99370695e-01  8.99648725e-01  8.76377524e-01  8.99925677e-01  3.07293795e-01 
 3.53865126e-01  8.99711722e-01  8.99371562e-01  8.99649204e-01  8.76428983e-01  8.99925677e-01  3.07243604e-01 
 3.53965126e-01  8.99712114e-01  8.99372428e-01  8.99649683e-01  8.76480256e-01  8.99925677e-01  3.07193414e-01 
 3.54065126e-01  8.99712504e-01  8.99373292e-01  8.99650160e-01  8.76531344e-01  8.99925677e-01  3.07143224e-01 
 3.54165126e-01  8.99712895e-01  8.99374156e-01  8.99650637e-01  8.76582248e-01  8.99925677e-01  3.07093035e-01 
 3.54265126e-01  8.99713285e-01  8.99375018e-01  8.99651114e-01  8.76632969e-01  8.99925677e-01  3.07042846e-01 
 3.54365126e-01  8.99713674e-01  8.99375878e-01  8.99651590e-01  8.76683510e-01  8.99925677e-01  3.06992658e-01 
 3.54465126e-01  8.99714063e-01  8.99376738e-01  8.99652065e-01  8.76733870e-01  8.99925677e-01  3.06942471e-01 
 3.54565126e-01  8.99714451e-01  8.99377596e-01  8.99652539e-01  8.76784051e-01  8.99925677e-01  3.06892285e-01 
 3.54665126e-01  8.99714838e-01  8.99378454e-01  8.99653013e-01  8.76834054e-01  8.99925677e-01  3.06842099e-01 
 3.54765126e-01  8.99715225e-01  8.99379309e-01  8.99653486e-01  8.76883880e-01  8.99925677e-01  3.06791913e-01 
 3.54865126e-01  8.99715612e-01  8.99380164e-01  8.99653958e-01  8.76933530e-01  8.99925677e-01  3.06741729e-01 
 3.54965126e-01  8.99715998e-01  8.99381018e-01  8.99654430e-01  8.76983006e-01  8.99925677e-01  3.06691545e-01 
 3.55065126e-01  8.99716383e-01  8.99381870e-01  8.99654901e-01  8.77032308e-01  8.99925677e-01  3.06641361e-01 
 3.55165126e-01  8.99716768e-01  8.99382721e-01  8.99655371e-01  8.77081438e-01  8.99925677e-01  3.06591179e-01 
 3.55265126e-01  8.99717153e-01  8.99383571e-01  8.99655841e-01  8.77130396e-01  8.99925677e-01  3.06540997e-01 
 3.55365126e-01  8.99717536e-01  8.99384420e-01  8.99656310e-01  8.77179184e-01  8.99925677e-01  3.06490815e-01 
 3.55465126e-01  8.99717920e-01  8.99385267e-01  8.99656779e-01  8.77227803e-01  8.99925677e-01  3.06440634e-01 
 3.55565126e-01  8.99718302e-01  8.99386114e-01  8.99657246e-01  8.77276253e-01  8.99925677e-01  3.06390454e-01 
 3.55665126e-01  8.99718684e-01  8.99386959e-01  8.99657714e-01  8.77324536e-01  8.99925677e-01  3.06340275e-01 
 3.55765126e-01  8.99719066e-01  8.99387803e-01  8.99658180e-01  8.77372652e-01  8.99925677e-01  3.06290096e-01 
 3.55865126e-01  8.99719447e-01  8.99388645e-01  8.99658646e-01  8.77420603e-01  8.99925677e-01  3.06239918e-01 
 3.55965126e-01  8.99719828e-01  8.99389487e-01  8.99659111e-01  8.77468390e-01  8.99925677e-01  3.06189740e-01 
 3.56065126e-01  8.99720208e-01  8.99390327e-01  8.99659575e-01  8.77516014e-01  8.99925677e-01  3.06139563e-01 
 3.56165126e-01  8.99720587e-01  8.99391166e-01  8.99660039e-01  8.77563475e-01  8.99925677e-01  3.06089387e-01 
 3.56265126e-01  8.99720966e-01  8.99392004e-01  8.99660502e-01  8.77610775e-01  8.99925677e-01  3.06039211e-01 
 3.56365126e-01  8.99721345e-01  8.99392841e-01  8.99660965e-01  8.77657914e-01  8.99925677e-01  3.05989036e-01 
 3.56465126e-01  8.99721723e-01  8.99393677e-01  8.99661427e-01  8.77704894e-01  8.99925677e-01  3.05938862e-01 
 3.56565126e-01  8.99722100e-01  8.99394511e-01  8.99661888e-01  8.77751715e-01  8.99925677e-01  3.05888688e-01 
 3.56665126e-01  8.99722477e-01  8.99395344e-01  8.99662349e-01  8.77798379e-01  8.99925677e-01  3.05838515e-01 
 3.56765126e-01  8.99722853e-01  8.99396176e-01  8.99662808e-01  8.77844886e-01  8.99925677e-01  3.05788342e-01 
 3.56865126e-01  8.99723229e-01  8.99397007e-01  8.99663268e-01  8.77891237e-01  8.99925677e-01  3.05738171e-01 
 3.56965126e-01  8.99723604e-01  8.99397837e-01  8.99663726e-01  8.77937433e-01  8.99925677e-01  3.05687999e-01 
 3.57065126e-01  8.99723979e-01  8.99398665e-01  8.99664184e-01  8.77983476e-01  8.99925677e-01  3.05637829e-01 
 3.57165126e-01  8.99724353e-01  8.99399493e-01  8.99664642e-01  8.78029365e-01  8.99925677e-01  3.05587659e-01 
 3.57265126e-01  8.99724727e-01  8.99400319e-01  8.99665098e-01  8.78075102e-01  8.99925677e-01  3.05537490e-01 
 3.57365126e-01  8.99725100e-01  8.99401144e-01  8.99665554e-01  8.78120687e-01  8.99925677e-01  3.05487321e-01 
 3.57465126e-01  8.99725472e-01  8.99401968e-01  8.99666010e-01  8.78166123e-01  8.99925677e-01  3.05437153e-01 
 3.57565126e-01  8.99725844e-01  8.99402790e-01  8.99666465e-01  8.78211408e-01  8.99925677e-01  3.05386986e-01 
 3.57665126e-01  8.99726216e-01  8.99403612e-01  8.99666919e-01  8.78256545e-01  8.99925677e-01  3.05336819e-01 
 3.57765126e-01  8.99726587e-01  8.99404432e-01  8.99667372e-01  8.78301534e-01  8.99925677e-01  3.05286653e-01 
 3.57865126e-01  8.99726958e-01  8.99405251e-01  8.99667825e-01  8.78346375e-01  8.99925677e-01  3.05236488e-01 
 3.57965126e-01  8.99727327e-01  8.99406069e-01  8.99668277e-01  8.78391071e-01  8.99925677e-01  3.05186323e-01 
 3.58065126e-01  8.99727697e-01  8.99406886e-01  8.99668729e-01  8.78435621e-01  8.99925677e-01  3.05136159e-01 
 3.58165126e-01  8.99728066e-01  8.99407702e-01  8.99669180e-01  8.78480026e-01  8.99925677e-01  3.05085995e-01 
 3.58265126e-01  8.99728434e-01  8.99408517e-01  8.99669630e-01  8.78524288e-01  8.99925677e-01  3.05035833e-01 
 3.58365126e-01  8.99728802e-01  8.99409330e-01  8.99670080e-01  8.78568406e-01  8.99925677e-01  3.04985670e-01 
 3.58465126e-01  8.99729170e-01  8.99410142e-01  8.99670529e-01  8.78612383e-01  8.99925677e-01  3.04935509e-01 
 3.58565126e-01  8.99729537e-01  8.99410953e-01  8.99670977e-01  8.78656217e-01  8.99925677e-01  3.04885348e-01 
 3.58665126e-01  8.99729903e-01  8.99411763e-01  8.99671425e-01  8.78699912e-01  8.99925677e-01  3.04835188e-01 
 3.58765126e-01  8.99730269e-01  8.99412572e-01  8.99671872e-01  8.78743466e-01  8.99925677e-01  3.04785028e-01 
 3.58865126e-01  8.99730634e-01  8.99413380e-01  8.99672318e-01  8.78786881e-01  8.99925677e-01  3.04734869e-01 
 3.58965126e-01  8.99730999e-01  8.99414186e-01  8.99672764e-01  8.78830158e-01  8.99925677e-01  3.04684711e-01 
 3.59065126e-01  8.99731363e-01  8.99414992e-01  8.99673209e-01  8.78873297e-01  8.99925677e-01  3.04634553e-01 
 3.59165126e-01  8.99731727e-01  8.99415796e-01  8.99673654e-01  8.78916299e-01  8.99925677e-01  3.04584396e-01 
 3.59265126e-01  8.99732090e-01  8.99416599e-01  8.99674098e-01  8.78959166e-01  8.99925677e-01  3.04534239e-01 
 3.59365126e-01  8.99732453e-01  8.99417401e-01  8.99674541e-01  8.79001897e-01  8.99925677e-01  3.04484084e-01 
 3.59465126e-01  8.99732815e-01  8.99418202e-01  8.99674984e-01  8.79044493e-01  8.99925677e-01  3.04433929e-01 
 3.59565126e-01  8.99733177e-01  8.99419002e-01  8.99675426e-01  8.79086955e-01  8.99925677e-01  3.04383774e-01 
 3.59665126e-01  8.99733538e-01  8.99419800e-01  8.99675868e-01  8.79129284e-01  8.99925677e-01  3.04333620e-01 
 3.59765126e-01  8.99733899e-01  8.99420598e-01  8.99676309e-01  8.79171481e-01  8.99925677e-01  3.04283467e-01 
 3.59865126e-01  8.99734259e-01  8.99421394e-01  8.99676749e-01  8.79213545e-01  8.99925677e-01  3.04233314e-01 
 3.59965126e-01  8.99734619e-01  8.99422189e-01  8.99677188e-01  8.79255479e-01  8.99925677e-01  3.04183162e-01 
 3.60065126e-01  8.99734978e-01  8.99422983e-01  8.99677627e-01  8.79297282e-01  8.99925677e-01  3.04133011e-01 
 3.60165126e-01  8.99735337e-01  8.99423776e-01  8.99678066e-01  8.79338956e-01  8.99925677e-01  3.04082861e-01 
 3.60265126e-01  8.99735695e-01  8.99424568e-01  8.99678504e-01  8.79380500e-01  8.99925677e-01  3.04032711e-01 
 3.60365126e-01  8.99736053e-01  8.99425359e-01  8.99678941e-01  8.79421916e-01  8.99925677e-01  3.03982561e-01 
 3.60465126e-01  8.99736410e-01  8.99426148e-01  8.99679377e-01  8.79463205e-01  8.99925677e-01  3.03932412e-01 
 3.60565126e-01  8.99736766e-01  8.99426937e-01  8.99679813e-01  8.79504366e-01  8.99925677e-01  3.03882264e-01 
 3.60665126e-01  8.99737123e-01  8.99427724e-01  8.99680249e-01  8.79545401e-01  8.99925677e-01  3.03832117e-01 
 3.60765126e-01  8.99737478e-01  8.99428510e-01  8.99680683e-01  8.79586311e-01  8.99925677e-01  3.03781970e-01 
 3.60865126e-01  8.99737834e-01  8.99429295e-01  8.99681117e-01  8.79627095e-01  8.99925677e-01  3.03731824e-01 
 3.60965126e-01  8.99738188e-01  8.99430079e-01  8.99681551e-01  8.79667755e-01  8.99925677e-01  3.03681678e-01 
 3.61065126e-01  8.99738542e-01  8.99430862e-01  8.99681984e-01  8.79708291e-01  8.99925677e-01  3.03631534e-01 
 3.61165126e-01  8.99738896e-01  8.99431644e-01  8.99682416e-01  8.79748704e-01  8.99925677e-01  3.03581389e-01 
 3.61265126e-01  8.99739249e-01  8.99432425e-01  8.99682848e-01  8.79788995e-01  8.99925677e-01  3.03531246e-01 
 3.61365126e-01  8.99739602e-01  8.99433205e-01  8.99683279e-01  8.79829163e-01  8.99925677e-01  3.03481103e-01 
 3.61465126e-01  8.99739954e-01  8.99433983e-01  8.99683709e-01  8.79869211e-01  8.99925677e-01  3.03430960e-01 
 3.61565126e-01  8.99740306e-01  8.99434760e-01  8.99684139e-01  8.79909137e-01  8.99925677e-01  3.03380819e-01 
 3.61665126e-01  8.99740657e-01  8.99435537e-01  8.99684568e-01  8.79948944e-01  8.99925677e-01  3.03330678e-01 
 3.61765126e-01  8.99741008e-01  8.99436312e-01  8.99684997e-01  8.79988631e-01  8.99925677e-01  3.03280537e-01 
 3.61865126e-01  8.99741358e-01  8.99437086e-01  8.99685425e-01  8.80028200e-01  8.99925677e-01  3.03230398e-01 
 3.61965126e-01  8.99741708e-01  8.99437859e-01  8.99685852e-01  8.80067650e-01  8.99925677e-01  3.03180258e-01 
 3.62065126e-01  8.99742057e-01  8.99438631e-01  8.99686279e-01  8.80106983e-01  8.99925677e-01  3.03130120e-01 
 3.62165126e-01  8.99742406e-01  8.99439402e-01  8.99686705e-01  8.80146198e-01  8.99925677e-01  3.03079982e-01 
 3.62265126e-01  8.99742754e-01  8.99440172e-01  8.99687131e-01  8.80185298e-01  8.99925677e-01  3.03029845e-01 
 3.62365126e-01  8.99743102e-01  8.99440940e-01  8.99687556e-01  8.80224281e-01  8.99925677e-01  3.02979708e-01 
 3.62465126e-01  8.99743449e-01  8.99441708e-01  8.99687980e-01  8.80263149e-01  8.99925677e-01  3.02929572e-01 
 3.62565126e-01  8.99743796e-01  8.99442474e-01  8.99688404e-01  8.80301902e-01  8.99925677e-01  3.02879437e-01 
 3.62665126e-01  8.99744142e-01  8.99443240e-01  8.99688827e-01  8.80340541e-01  8.99925677e-01  3.02829303e-01 
 3.62765126e-01  8.99744488e-01  8.99444004e-01  8.99689250e-01  8.80379066e-01  8.99925677e-01  3.02779169e-01 
 3.62865126e-01  8.99744833e-01  8.99444767e-01  8.99689672e-01  8.80417479e-01  8.99925677e-01  3.02729035e-01 
 3.62965126e-01  8.99745178e-01  8.99445529e-01  8.99690093e-01  8.80455779e-01  8.99925677e-01  3.02678903e-01 
 3.63065126e-01  8.99745522e-01  8.99446291e-01  8.99690514e-01  8.80493967e-01  8.99925677e-01  3.02628770e-01 
 3.63165126e-01  8.99745866e-01  8.99447051e-01  8.99690934e-01  8.80532043e-01  8.99925677e-01  3.02578639e-01 
 3.63265126e-01  8.99746209e-01  8.99447810e-01  8.99691354e-01  8.80570009e-01  8.99925677e-01  3.02528508e-01 
 3.63365126e-01  8.99746552e-01  8.99448567e-01  8.99691773e-01  8.80607864e-01  8.99925677e-01  3.02478378e-01 
 3.63465126e-01  8.99746895e-01  8.99449324e-01  8.99692192e-01  8.80645609e-01  8.99925677e-01  3.02428249e-01 
 3.63565126e-01  8.99747237e-01  8.99450080e-01  8.99692609e-01  8.80683246e-01  8.99925677e-01  3.02378120e-01 
 3.63665126e-01  8.99747578e-01  8.99450835e-01  8.99693027e-01  8.80720773e-01  8.99925677e-01  3.02327992e-01 
 3.63765126e-01  8.99747919e-01  8.99451588e-01  8.99693443e-01  8.80758192e-01  8.99925677e-01  3.02277864e-01 
 3.63865126e-01  8.99748260e-01  8.99452341e-01  8.99693860e-01  8.80795504e-01  8.99925677e-01  3.02227737e-01 
 3.63965126e-01  8.99748600e-01  8.99453092e-01  8.99694275e-01  8.80832708e-01  8.99925677e-01  3.02177611e-01 
 3.64065126e-01  8.99748939e-01  8.99453843e-01  8.99694690e-01  8.80869806e-01  8.99925677e-01  3.02127485e-01 
 3.64165126e-01  8.99749278e-01  8.99454592e-01  8.99695104e-01  8.80906797e-01  8.99925677e-01  3.02077360e-01 
 3.64265126e-01  8.99749617e-01  8.99455340e-01  8.99695518e-01  8.80943683e-01  8.99925677e-01  3.02027236e-01 
 3.64365126e-01  8.99749955e-01  8.99456088e-01  8.99695931e-01  8.80980464e-01  8.99925677e-01  3.01977112e-01 
 3.64465126e-01  8.99750293e-01  8.99456834e-01  8.99696344e-01  8.81017140e-01  8.99925677e-01  3.01926989e-01 
 3.64565126e-01  8.99750630e-01  8.99457579e-01  8.99696756e-01  8.81053711e-01  8.99925677e-01  3.01876866e-01 
 3.64665126e-01  8.99750966e-01  8.99458323e-01  8.99697168e-01  8.81090179e-01  8.99925677e-01  3.01826745e-01 
 3.64765126e-01  8.99751303e-01  8.99459066e-01  8.99697578e-01  8.81126544e-01  8.99925677e-01  3.01776624e-01 
 3.64865126e-01  8.99751638e-01  8.99459808e-01  8.99697989e-01  8.81162806e-01  8.99925677e-01  3.01726503e-01 
 3.64965126e-01  8.99751974e-01  8.99460549e-01  8.99698399e-01  8.81198966e-01  8.99925677e-01  3.01676383e-01 
 3.65065126e-01  8.99752308e-01  8.99461289e-01  8.99698808e-01  8.81235024e-01  8.99925677e-01  3.01626264e-01 
 3.65165126e-01  8.99752643e-01  8.99462028e-01  8.99699216e-01  8.81270981e-01  8.99925677e-01  3.01576145e-01 
 3.65265126e-01  8.99752977e-01  8.99462765e-01  8.99699624e-01  8.81306837e-01  8.99925677e-01  3.01526027e-01 
 3.65365126e-01  8.99753310e-01  8.99463502e-01  8.99700032e-01  8.81342592e-01  8.99925677e-01  3.01475910e-01 
 3.65465126e-01  8.99753643e-01  8.99464238e-01  8.99700439e-01  8.81378247e-01  8.99925677e-01  3.01425793e-01 
 3.65565126e-01  8.99753975e-01  8.99464973e-01  8.99700845e-01  8.81413803e-01  8.99925677e-01  3.01375677e-01 
 3.65665126e-01  8.99754307e-01  8.99465706e-01  8.99701251e-01  8.81449260e-01  8.99925677e-01  3.01325562e-01 
 3.65765126e-01  8.99754639e-01  8.99466439e-01  8.99701656e-01  8.81484619e-01  8.99925677e-01  3.01275447e-01 
 3.65865126e-01  8.99754970e-01  8.99467170e-01  8.99702060e-01  8.81519879e-01  8.99925677e-01  3.01225333e-01 
 3.65965126e-01  8.99755300e-01  8.99467901e-01  8.99702464e-01  8.81555042e-01  8.99925677e-01  3.01175220e-01 
 3.66065126e-01  8.99755630e-01  8.99468631e-01  8.99702868e-01  8.81590107e-01  8.99925677e-01  3.01125107e-01 
 3.66165126e-01  8.99755960e-01  8.99469359e-01  8.99703271e-01  8.81625076e-01  8.99925677e-01  3.01074994e-01 
 3.66265126e-01  8.99756289e-01  8.99470086e-01  8.99703673e-01  8.81659948e-01  8.99925677e-01  3.01024883e-01 
 3.66365126e-01  8.99756618e-01  8.99470813e-01  8.99704075e-01  8.81694724e-01  8.99925677e-01  3.00974772e-01 
 3.66465126e-01  8.99756946e-01  8.99471538e-01  8.99704476e-01  8.81729405e-01  8.99925677e-01  3.00924662e-01 
 3.66565126e-01  8.99757274e-01  8.99472263e-01  8.99704876e-01  8.81763991e-01  8.99925677e-01  3.00874552e-01 
 3.66665126e-01  8.99757601e-01  8.99472986e-01  8.99705276e-01  8.81798482e-01  8.99925677e-01  3.00824443e-01 
 3.66765126e-01  8.99757928e-01  8.99473708e-01  8.99705676e-01  8.81832879e-01  8.99925677e-01  3.00774335e-01 
 3.66865126e-01  8.99758255e-01  8.99474430e-01  8.99706075e-01  8.81867182e-01  8.99925677e-01  3.00724227e-01 
 3.66965126e-01  8.99758581e-01  8.99475150e-01  8.99706473e-01  8.81901391e-01  8.99925677e-01  3.00674120e-01 
 3.67065126e-01  8.99758906e-01  8.99475869e-01  8.99706871e-01  8.81935508e-01  8.99925677e-01  3.00624014e-01 
 3.67165126e-01  8.99759231e-01  8.99476588e-01  8.99707268e-01  8.81969532e-01  8.99925677e-01  3.00573908e-01 
 3.67265126e-01  8.99759556e-01  8.99477305e-01  8.99707665e-01  8.82003464e-01  8.99925677e-01  3.00523803e-01 
 3.67365126e-01  8.99759880e-01  8.99478021e-01  8.99708061e-01  8.82037304e-01  8.99925677e-01  3.00473698e-01 
 3.67465126e-01  8.99760204e-01  8.99478736e-01  8.99708457e-01  8.82071053e-01  8.99925677e-01  3.00423594e-01 
 3.67565126e-01  8.99760527e-01  8.99479451e-01  8.99708852e-01  8.82104711e-01  8.99925677e-01  3.00373491e-01 
 3.67665126e-01  8.99760850e-01  8.99480164e-01  8.99709246e-01  8.82138278e-01  8.99925677e-01  3.00323389e-01 
 3.67765126e-01  8.99761172e-01  8.99480876e-01  8.99709640e-01  8.82171755e-01  8.99925677e-01  3.00273287e-01 
 3.67865126e-01  8.99761494e-01  8.99481587e-01  8.99710033e-01  8.82205142e-01  8.99925677e-01  3.00223185e-01 
 3.67965126e-01  8.99761815e-01  8.99482297e-01  8.99710426e-01  8.82238440e-01  8.99925677e-01  3.00173085e-01 
 3.68065126e-01  8.99762136e-01  8.99483007e-01  8.99710818e-01  8.82271649e-01  8.99925677e-01  3.00122985e-01 
 3.68165126e-01  8.99762457e-01  8.99483715e-01  8.99711210e-01  8.82304769e-01  8.99925677e-01  3.00072885e-01 
 3.68265126e-01  8.99762777e-01  8.99484422e-01  8.99711601e-01  8.82337801e-01  8.99925677e-01  3.00022787e-01 
 3.68365126e-01  8.99763096e-01  8.99485128e-01  8.99711992e-01  8.82370745e-01  8.99925677e-01  2.99972688e-01 
 3.68465126e-01  8.99763415e-01  8.99485833e-01  8.99712382e-01  8.82403602e-01  8.99925677e-01  2.99922591e-01 
 3.68565126e-01  8.99763734e-01  8.99486538e-01  8.99712771e-01  8.82436371e-01  8.99925677e-01  2.99872494e-01 
 3.68665126e-01  8.99764052e-01  8.99487241e-01  8.99713160e-01  8.82469054e-01  8.99925677e-01  2.99822398e-01 
 3.68765126e-01  8.99764370e-01  8.99487943e-01  8.99713549e-01  8.82501650e-01  8.99925677e-01  2.99772302e-01 
 3.68865126e-01  8.99764688e-01  8.99488644e-01  8.99713937e-01  8.82534161e-01  8.99925677e-01  2.99722208e-01 
 3.68965126e-01  8.99765005e-01  8.99489345e-01  8.99714324e-01  8.82566585e-01  8.99925677e-01  2.99672113e-01 
 3.69065126e-01  8.99765321e-01  8.99490044e-01  8.99714711e-01  8.82598925e-01  8.99925677e-01  2.99622020e-01 
 3.69165126e-01  8.99765637e-01  8.99490742e-01  8.99715097e-01  8.82631179e-01  8.99925677e-01  2.99571927e-01 
 3.69265126e-01  8.99765953e-01  8.99491440e-01  8.99715482e-01  8.82663349e-01  8.99925677e-01  2.99521834e-01 
 3.69365126e-01  8.99766268e-01  8.99492136e-01  8.99715868e-01  8.82695435e-01  8.99925677e-01  2.99471743e-01 
 3.69465126e-01  8.99766582e-01  8.99492831e-01  8.99716252e-01  8.82727437e-01  8.99925677e-01  2.99421652e-01 
 3.69565126e-01  8.99766897e-01  8.99493526e-01  8.99716636e-01  8.82759355e-01  8.99925677e-01  2.99371561e-01 
 3.69665126e-01  8.99767211e-01  8.99494219e-01  8.99717020e-01  8.82791190e-01  8.99925677e-01  2.99321472e-01 
 3.69765126e-01  8.99767524e-01  8.99494911e-01  8.99717403e-01  8.82822942e-01  8.99925677e-01  2.99271382e-01 
 3.69865126e-01  8.99767837e-01  8.99495603e-01  8.99717785e-01  8.82854612e-01  8.99925677e-01  2.99221294e-01 
 3.69965126e-01  8.99768149e-01  8.99496293e-01  8.99718167e-01  8.82886199e-01  8.99925677e-01  2.99171206e-01 
 3.70065126e-01  8.99768461e-01  8.99496983e-01  8.99718548e-01  8.82917705e-01  8.99925677e-01  2.99121119e-01 
 3.70165126e-01  8.99768773e-01  8.99497671e-01  8.99718929e-01  8.82949130e-01  8.99925677e-01  2.99071032e-01 
 3.70265126e-01  8.99769084e-01  8.99498359e-01  8.99719310e-01  8.82980473e-01  8.99925677e-01  2.99020947e-01 
 3.70365126e-01  8.99769395e-01  8.99499045e-01  8.99719689e-01  8.83011735e-01  8.99925677e-01  2.98970861e-01 
 3.70465126e-01  8.99769705e-01  8.99499731e-01  8.99720069e-01  8.83042917e-01  8.99925677e-01  2.98920777e-01 
 3.70565126e-01  8.99770015e-01  8.99500416e-01  8.99720447e-01  8.83074019e-01  8.99925677e-01  2.98870693e-01 
 3.70665126e-01  8.99770325e-01  8.99501099e-01  8.99720825e-01  8.83105041e-01  8.99925677e-01  2.98820609e-01 
 3.70765126e-01  8.99770634e-01  8.99501782e-01  8.99721203e-01  8.83135983e-01  8.99925677e-01  2.98770527e-01 
 3.70865126e-01  8.99770942e-01  8.99502464e-01  8.99721580e-01  8.83166847e-01  8.99925677e-01  2.98720445e-01 
 3.70965126e-01  8.99771250e-01  8.99503144e-01  8.99721957e-01  8.83197631e-01  8.99925677e-01  2.98670363e-01 
 3.71065126e-01  8.99771558e-01  8.99503824e-01  8.99722333e-01  8.83228337e-01  8.99925677e-01  2.98620282e-01 
 3.71165126e-01  8.99771865e-01  8.99504503e-01  8.99722708e-01  8.83258965e-01  8.99925677e-01  2.98570202e-01 
 3.71265126e-01  8.99772172e-01  8.99505181e-01  8.99723083e-01  8.83289514e-01  8.99925677e-01  2.98520123e-01 
 3.71365126e-01  8.99772479e-01  8.99505858e-01  8.99723458e-01  8.83319986e-01  8.99925677e-01  2.98470044e-01 
 3.71465126e-01  8.99772784e-01  8.99506534e-01  8.99723832e-01  8.83350381e-01  8.99925677e-01  2.98419966e-01 
 3.71565126e-01  8.99773090e-01  8.99507209e-01  8.99724205e-01  8.83380699e-01  8.99925677e-01  2.98369888e-01 
 3.71665126e-01  8.99773395e-01  8.99507883e-01  8.99724578e-01  8.83410940e-01  8.99925677e-01  2.98319811e-01 
 3.71765126e-01  8.99773700e-01  8.99508556e-01  8.99724950e-01  8.83441105e-01  8.99925677e-01  2.98269735e-01 
 3.71865126e-01  8.99774004e-01  8.99509228e-01  8.99725322e-01  8.83471194e-01  8.99925677e-01  2.98219659e-01 
 3.71965126e-01  8.99774308e-01  8.99509900e-01  8.99725693e-01  8.83501207e-01  8.99925677e-01  2.98169584e-01 
 3.72065126e-01  8.99774611e-01  8.99510570e-01  8.99726064e-01  8.83531145e-01  8.99925677e-01  2.98119510e-01 
 3.72165126e-01  8.99774914e-01  8.99511239e-01  8.99726434e-01  8.83561007e-01  8.99925677e-01  2.98069436e-01 
 3.72265126e-01  8.99775217e-01  8.99511908e-01  8.99726804e-01  8.83590795e-01  8.99925677e-01  2.98019363e-01 
 3.72365126e-01  8.99775519e-01  8.99512575e-01  8.99727173e-01  8.83620508e-01  8.99925677e-01  2.97969291e-01 
 3.72465126e-01  8.99775821e-01  8.99513242e-01  8.99727542e-01  8.83650146e-01  8.99925677e-01  2.97919219e-01 
 3.72565126e-01  8.99776122e-01  8.99513907e-01  8.99727910e-01  8.83679711e-01  8.99925677e-01  2.97869148e-01 
 3.72665126e-01  8.99776423e-01  8.99514572e-01  8.99728278e-01  8.83709202e-01  8.99925677e-01  2.97819077e-01 
 3.72765126e-01  8.99776723e-01  8.99515236e-01  8.99728645e-01  8.83738620e-01  8.99925677e-01  2.97769007e-01 
 3.72865126e-01  8.99777023e-01  8.99515899e-01  8.99729012e-01  8.83767964e-01  8.99925677e-01  2.97718938e-01 
 3.72965126e-01  8.99777323e-01  8.99516561e-01  8.99729378e-01  8.83797236e-01  8.99925677e-01  2.97668869e-01 
 3.73065126e-01  8.99777622e-01  8.99517221e-01  8.99729744e-01  8.83826435e-01  8.99925677e-01  2.97618801e-01 
 3.73165126e-01  8.99777921e-01  8.99517881e-01  8.99730109e-01  8.83855562e-01  8.99925677e-01  2.97568734e-01 
 3.73265126e-01  8.99778219e-01  8.99518541e-01  8.99730473e-01  8.83884617e-01  8.99925677e-01  2.97518667e-01 
 3.73365126e-01  8.99778517e-01  8.99519199e-01  8.99730837e-01  8.83913600e-01  8.99925677e-01  2.97468601e-01 
 3.73465126e-01  8.99778815e-01  8.99519856e-01  8.99731201e-01  8.83942511e-01  8.99925677e-01  2.97418536e-01 
 3.73565126e-01  8.99779112e-01  8.99520512e-01  8.99731564e-01  8.83971352e-01  8.99925677e-01  2.97368471e-01 
 3.73665126e-01  8.99779408e-01  8.99521168e-01  8.99731926e-01  8.84000121e-01  8.99925677e-01  2.97318407e-01 
 3.73765126e-01  8.99779705e-01  8.99521822e-01  8.99732289e-01  8.84028820e-01  8.99925677e-01  2.97268344e-01 
 3.73865126e-01  8.99780000e-01  8.99522475e-01  8.99732650e-01  8.84057448e-01  8.99925677e-01  2.97218281e-01 
 3.73965126e-01  8.99780296e-01  8.99523128e-01  8.99733011e-01  8.84086007e-01  8.99925677e-01  2.97168219e-01 
 3.74065126e-01  8.99780591e-01  8.99523780e-01  8.99733372e-01  8.84114495e-01  8.99925677e-01  2.97118157e-01 
 3.74165126e-01  8.99780885e-01  8.99524431e-01  8.99733732e-01  8.84142914e-01  8.99925677e-01  2.97068096e-01 
 3.74265126e-01  8.99781180e-01  8.99525080e-01  8.99734091e-01  8.84171264e-01  8.99925677e-01  2.97018036e-01 
 3.74365126e-01  8.99781473e-01  8.99525729e-01  8.99734450e-01  8.84199545e-01  8.99925677e-01  2.96967976e-01 
 3.74465126e-01  8.99781767e-01  8.99526377e-01  8.99734809e-01  8.84227757e-01  8.99925677e-01  2.96917917e-01 
 3.74565126e-01  8.99782060e-01  8.99527024e-01  8.99735167e-01  8.84255900e-01  8.99925677e-01  2.96867859e-01 
 3.74665126e-01  8.99782352e-01  8.99527671e-01  8.99735524e-01  8.84283975e-01  8.99925677e-01  2.96817801e-01 
 3.74765126e-01  8.99782644e-01  8.99528316e-01  8.99735881e-01  8.84311982e-01  8.99925677e-01  2.96767744e-01 
 3.74865126e-01  8.99782936e-01  8.99528960e-01  8.99736238e-01  8.84339921e-01  8.99925677e-01  2.96717688e-01 
 3.74965126e-01  8.99783227e-01  8.99529604e-01  8.99736593e-01  8.84367793e-01  8.99925677e-01  2.96667632e-01 
 3.75065126e-01  8.99783518e-01  8.99530246e-01  8.99736949e-01  8.84395597e-01  8.99925677e-01  2.96617577e-01 
 3.75165126e-01  8.99783809e-01  8.99530888e-01  8.99737304e-01  8.84423335e-01  8.99925677e-01  2.96567522e-01 
 3.75265126e-01  8.99784099e-01  8.99531529e-01  8.99737658e-01  8.84451006e-01  8.99925677e-01  2.96517469e-01 
 3.75365126e-01  8.99784388e-01  8.99532169e-01  8.99738012e-01  8.84478610e-01  8.99925677e-01  2.96467415e-01 
 3.75465126e-01  8.99784678e-01  8.99532808e-01  8.99738366e-01  8.84506148e-01  8.99925677e-01  2.96417363e-01 
 3.75565126e-01  8.99784967e-01  8.99533446e-01  8.99738719e-01  8.84533620e-01  8.99925677e-01  2.96367311e-01 
 3.75665126e-01  8.99785255e-01  8.99534083e-01  8.99739071e-01  8.84561026e-01  8.99925677e-01  2.96317260e-01 
 3.75765126e-01  8.99785543e-01  8.99534719e-01  8.99739423e-01  8.84588367e-01  8.99925677e-01  2.96267209e-01 
 3.75865126e-01  8.99785831e-01  8.99535354e-01  8.99739775e-01  8.84615642e-01  8.99925677e-01  2.96217159e-01 
 3.75965126e-01  8.99786118e-01  8.99535989e-01  8.99740126e-01  8.84642852e-01  8.99925677e-01  2.96167110e-01 
 3.76065126e-01  8.99786405e-01  8.99536623e-01  8.99740476e-01  8.84669998e-01  8.99925677e-01  2.96117061e-01 
 3.76165126e-01  8.99786691e-01  8.99537255e-01  8.99740827e-01  8.84697078e-01  8.99925677e-01  2.96067013e-01 
 3.76265126e-01  8.99786977e-01  8.99537887e-01  8.99741176e-01  8.84724095e-01  8.99925677e-01  2.96016965e-01 
 3.76365126e-01  8.99787263e-01  8.99538518e-01  8.99741525e-01  8.84751047e-01  8.99925677e-01  2.95966919e-01 
 3.76465126e-01  8.99787548e-01  8.99539148e-01  8.99741874e-01  8.84777936e-01  8.99925677e-01  2.95916872e-01 
 3.76565126e-01  8.99787833e-01  8.99539777e-01  8.99742222e-01  8.84804761e-01  8.99925677e-01  2.95866827e-01 
 3.76665126e-01  8.99788117e-01  8.99540405e-01  8.99742569e-01  8.84831522e-01  8.99925677e-01  2.95816782e-01 
 3.76765126e-01  8.99788401e-01  8.99541033e-01  8.99742916e-01  8.84858220e-01  8.99925677e-01  2.95766738e-01 
 3.76865126e-01  8.99788685e-01  8.99541659e-01  8.99743263e-01  8.84884855e-01  8.99925677e-01  2.95716694e-01 
 3.76965126e-01  8.99788968e-01  8.99542285e-01  8.99743609e-01  8.84911428e-01  8.99925677e-01  2.95666651e-01 
 3.77065126e-01  8.99789251e-01  8.99542910e-01  8.99743955e-01  8.84937938e-01  8.99925677e-01  2.95616609e-01 
 3.77165126e-01  8.99789533e-01  8.99543533e-01  8.99744300e-01  8.84964386e-01  8.99925677e-01  2.95566567e-01 
 3.77265126e-01  8.99789816e-01  8.99544156e-01  8.99744645e-01  8.84990771e-01  8.99925677e-01  2.95516526e-01 
 3.77365126e-01  8.99790097e-01  8.99544778e-01  8.99744989e-01  8.85017095e-01  8.99925677e-01  2.95466486e-01 
 3.77465126e-01  8.99790378e-01  8.99545400e-01  8.99745333e-01  8.85043357e-01  8.99925677e-01  2.95416446e-01 
 3.77565126e-01  8.99790659e-01  8.99546020e-01  8.99745676e-01  8.85069558e-01  8.99925677e-01  2.95366407e-01 
 3.77665126e-01  8.99790940e-01  8.99546639e-01  8.99746018e-01  8.85095697e-01  8.99925677e-01  2.95316369e-01 
 3.77765126e-01  8.99791220e-01  8.99547258e-01  8.99746361e-01  8.85121776e-01  8.99925677e-01  2.95266331e-01 
 3.77865126e-01  8.99791499e-01  8.99547876e-01  8.99746703e-01  8.85147794e-01  8.99925677e-01  2.95216294e-01 
 3.77965126e-01  8.99791779e-01  8.99548493e-01  8.99747044e-01  8.85173751e-01  8.99925677e-01  2.95166257e-01 
 3.78065126e-01  8.99792058e-01  8.99549109e-01  8.99747385e-01  8.85199648e-01  8.99925677e-01  2.95116221e-01 
 3.78165126e-01  8.99792336e-01  8.99549724e-01  8.99747725e-01  8.85225484e-01  8.99925677e-01  2.95066186e-01 
 3.78265126e-01  8.99792614e-01  8.99550338e-01  8.99748065e-01  8.85251261e-01  8.99925677e-01  2.95016152e-01 
 3.78365126e-01  8.99792892e-01  8.99550951e-01  8.99748404e-01  8.85276978e-01  8.99925677e-01  2.94966118e-01 
 3.78465126e-01  8.99793169e-01  8.99551564e-01  8.99748743e-01  8.85302636e-01  8.99925677e-01  2.94916084e-01 
 3.78565126e-01  8.99793446e-01  8.99552176e-01  8.99749082e-01  8.85328234e-01  8.99925677e-01  2.94866052e-01 
 3.78665126e-01  8.99793723e-01  8.99552787e-01  8.99749420e-01  8.85353774e-01  8.99925677e-01  2.94816020e-01 
 3.78765126e-01  8.99793999e-01  8.99553396e-01  8.99749757e-01  8.85379254e-01  8.99925677e-01  2.94765988e-01 
 3.78865126e-01  8.99794275e-01  8.99554006e-01  8.99750094e-01  8.85404676e-01  8.99925677e-01  2.94715957e-01 
 3.78965126e-01  8.99794550e-01  8.99554614e-01  8.99750431e-01  8.85430039e-01  8.99925677e-01  2.94665927e-01 
 3.79065126e-01  8.99794825e-01  8.99555221e-01  8.99750767e-01  8.85455344e-01  8.99925677e-01  2.94615898e-01 
 3.79165126e-01  8.99795100e-01  8.99555828e-01  8.99751102e-01  8.85480591e-01  8.99925677e-01  2.94565869e-01 
 3.79265126e-01  8.99795374e-01  8.99556433e-01  8.99751437e-01  8.85505780e-01  8.99925677e-01  2.94515841e-01 
 3.79365126e-01  8.99795648e-01  8.99557038e-01  8.99751772e-01  8.85530911e-01  8.99925677e-01  2.94465813e-01 
 3.79465126e-01  8.99795921e-01  8.99557642e-01  8.99752106e-01  8.85555985e-01  8.99925677e-01  2.94415786e-01 
 3.79565126e-01  8.99796194e-01  8.99558245e-01  8.99752440e-01  8.85581002e-01  8.99925677e-01  2.94365760e-01 
 3.79665126e-01  8.99796467e-01  8.99558848e-01  8.99752773e-01  8.85605961e-01  8.99925677e-01  2.94315735e-01 
 3.79765126e-01  8.99796739e-01  8.99559449e-01  8.99753106e-01  8.85630864e-01  8.99925677e-01  2.94265710e-01 
 3.79865126e-01  8.99797011e-01  8.99560050e-01  8.99753438e-01  8.85655710e-01  8.99925677e-01  2.94215685e-01 
 3.79965126e-01  8.99797283e-01  8.99560649e-01  8.99753770e-01  8.85680499e-01  8.99925677e-01  2.94165662e-01 
 3.80065126e-01  8.99797554e-01  8.99561248e-01  8.99754102e-01  8.85705233e-01  8.99925677e-01  2.94115639e-01 
 3.80165126e-01  8.99797825e-01  8.99561846e-01  8.99754432e-01  8.85729910e-01  8.99925677e-01  2.94065616e-01 
 3.80265126e-01  8.99798095e-01  8.99562444e-01  8.99754763e-01  8.85754531e-01  8.99925677e-01  2.94015594e-01 
 3.80365126e-01  8.99798365e-01  8.99563040e-01  8.99755093e-01  8.85779096e-01  8.99925677e-01  2.93965573e-01 
 3.80465126e-01  8.99798635e-01  8.99563636e-01  8.99755422e-01  8.85803606e-01  8.99925677e-01  2.93915553e-01 
 3.80565126e-01  8.99798904e-01  8.99564230e-01  8.99755752e-01  8.85828061e-01  8.99925677e-01  2.93865533e-01 
 3.80665126e-01  8.99799173e-01  8.99564824e-01  8.99756080e-01  8.85852460e-01  8.99925677e-01  2.93815514e-01 
 3.80765126e-01  8.99799442e-01  8.99565417e-01  8.99756408e-01  8.85876804e-01  8.99925677e-01  2.93765495e-01 
 3.80865126e-01  8.99799710e-01  8.99566009e-01  8.99756736e-01  8.85901094e-01  8.99925677e-01  2.93715477e-01 
 3.80965126e-01  8.99799978e-01  8.99566601e-01  8.99757063e-01  8.85925329e-01  8.99925677e-01  2.93665460e-01 
 3.81065126e-01  8.99800245e-01  8.99567191e-01  8.99757390e-01  8.85949509e-01  8.99925677e-01  2.93615443e-01 
 3.81165126e-01  8.99800512e-01  8.99567781e-01  8.99757716e-01  8.85973635e-01  8.99925677e-01  2.93565427e-01 
 3.81265126e-01  8.99800779e-01  8.99568370e-01  8.99758042e-01  8.85997707e-01  8.99925677e-01  2.93515412e-01 
 3.81365126e-01  8.99801045e-01  8.99568958e-01  8.99758368e-01  8.86021726e-01  8.99925677e-01  2.93465397e-01 
 3.81465126e-01  8.99801311e-01  8.99569545e-01  8.99758692e-01  8.86045690e-01  8.99925677e-01  2.93415383e-01 
 3.81565126e-01  8.99801576e-01  8.99570132e-01  8.99759017e-01  8.86069601e-01  8.99925677e-01  2.93365370e-01 
 3.81665126e-01  8.99801842e-01  8.99570717e-01  8.99759341e-01  8.86093459e-01  8.99925677e-01  2.93315357e-01 
 3.81765126e-01  8.99802106e-01  8.99571302e-01  8.99759665e-01  8.86117263e-01  8.99925677e-01  2.93265345e-01 
 3.81865126e-01  8.99802371e-01  8.99571886e-01  8.99759988e-01  8.86141015e-01  8.99925677e-01  2.93215334e-01 
 3.81965126e-01  8.99802635e-01  8.99572469e-01  8.99760310e-01  8.86164713e-01  8.99925677e-01  2.93165323e-01 
 3.82065126e-01  8.99802898e-01  8.99573051e-01  8.99760633e-01  8.86188359e-01  8.99925677e-01  2.93115312e-01 
 3.82165126e-01  8.99803162e-01  8.99573633e-01  8.99760954e-01  8.86211953e-01  8.99925677e-01  2.93065303e-01 
 3.82265126e-01  8.99803425e-01  8.99574214e-01  8.99761276e-01  8.86235494e-01  8.99925677e-01  2.93015294e-01 
 3.82365126e-01  8.99803687e-01  8.99574793e-01  8.99761596e-01  8.86258983e-01  8.99925677e-01  2.92965286e-01 
 3.82465126e-01  8.99803949e-01  8.99575372e-01  8.99761917e-01  8.86282420e-01  8.99925677e-01  2.92915278e-01 
 3.82565126e-01  8.99804211e-01  8.99575951e-01  8.99762237e-01  8.86305805e-01  8.99925677e-01  2.92865271e-01 
 3.82665126e-01  8.99804473e-01  8.99576528e-01  8.99762556e-01  8.86329138e-01  8.99925677e-01  2.92815265e-01 
 3.82765126e-01  8.99804734e-01  8.99577105e-01  8.99762875e-01  8.86352420e-01  8.99925677e-01  2.92765259e-01 
 3.82865126e-01  8.99804995e-01  8.99577680e-01  8.99763194e-01  8.86375651e-01  8.99925677e-01  2.92715254e-01 
 3.82965126e-01  8.99805255e-01  8.99578255e-01  8.99763512e-01  8.86398831e-01  8.99925677e-01  2.92665250e-01 
 3.83065126e-01  8.99805515e-01  8.99578830e-01  8.99763830e-01  8.86421959e-01  8.99925677e-01  2.92615246e-01 
 3.83165126e-01  8.99805775e-01  8.99579403e-01  8.99764147e-01  8.86445037e-01  8.99925677e-01  2.92565243e-01 
 3.83265126e-01  8.99806034e-01  8.99579976e-01  8.99764464e-01  8.86468064e-01  8.99925677e-01  2.92515240e-01 
 3.83365126e-01  8.99806293e-01  8.99580547e-01  8.99764780e-01  8.86491041e-01  8.99925677e-01  2.92465238e-01 
 3.83465126e-01  8.99806551e-01  8.99581118e-01  8.99765096e-01  8.86513967e-01  8.99925677e-01  2.92415237e-01 
 3.83565126e-01  8.99806810e-01  8.99581688e-01  8.99765412e-01  8.86536843e-01  8.99925677e-01  2.92365237e-01 
 3.83665126e-01  8.99807067e-01  8.99582258e-01  8.99765727e-01  8.86559670e-01  8.99925677e-01  2.92315237e-01 
 3.83765126e-01  8.99807325e-01  8.99582826e-01  8.99766042e-01  8.86582446e-01  8.99925677e-01  2.92265237e-01 
 3.83865126e-01  8.99807582e-01  8.99583394e-01  8.99766356e-01  8.86605173e-01  8.99925677e-01  2.92215239e-01 
 3.83965126e-01  8.99807839e-01  8.99583961e-01  8.99766670e-01  8.86627850e-01  8.99925677e-01  2.92165241e-01 
 3.84065126e-01  8.99808095e-01  8.99584527e-01  8.99766983e-01  8.86650477e-01  8.99925677e-01  2.92115243e-01 
 3.84165126e-01  8.99808351e-01  8.99585093e-01  8.99767296e-01  8.86673056e-01  8.99925677e-01  2.92065247e-01 
 3.84265126e-01  8.99808607e-01  8.99585657e-01  8.99767608e-01  8.86695586e-01  8.99925677e-01  2.92015251e-01 
 3.84365126e-01  8.99808862e-01  8.99586221e-01  8.99767920e-01  8.86718066e-01  8.99925677e-01  2.91965255e-01 
 3.84465126e-01  8.99809117e-01  8.99586784e-01  8.99768232e-01  8.86740498e-01  8.99925677e-01  2.91915260e-01 
 3.84565126e-01  8.99809372e-01  8.99587346e-01  8.99768543e-01  8.86762881e-01  8.99925677e-01  2.91865266e-01 
 3.84665126e-01  8.99809626e-01  8.99587908e-01  8.99768854e-01  8.86785216e-01  8.99925677e-01  2.91815273e-01 
 3.84765126e-01  8.99809880e-01  8.99588468e-01  8.99769164e-01  8.86807503e-01  8.99925677e-01  2.91765280e-01 
 3.84865126e-01  8.99810133e-01  8.99589028e-01  8.99769474e-01  8.86829741e-01  8.99925677e-01  2.91715288e-01 
 3.84965126e-01  8.99810386e-01  8.99589587e-01  8.99769783e-01  8.86851932e-01  8.99925677e-01  2.91665296e-01 
 3.85065126e-01  8.99810639e-01  8.99590145e-01  8.99770092e-01  8.86874074e-01  8.99925677e-01  2.91615305e-01 
 3.85165126e-01  8.99810892e-01  8.99590703e-01  8.99770400e-01  8.86896169e-01  8.99925677e-01  2.91565315e-01 
 3.85265126e-01  8.99811144e-01  8.99591260e-01  8.99770708e-01  8.86918217e-01  8.99925677e-01  2.91515325e-01 
 3.85365126e-01  8.99811395e-01  8.99591815e-01  8.99771016e-01  8.86940217e-01  8.99925677e-01  2.91465336e-01 
 3.85465126e-01  8.99811647e-01  8.99592371e-01  8.99771323e-01  8.86962169e-01  8.99925677e-01  2.91415348e-01 
 3.85565126e-01  8.99811898e-01  8.99592925e-01  8.99771630e-01  8.86984075e-01  8.99925677e-01  2.91365360e-01 
 3.85665126e-01  8.99812149e-01  8.99593479e-01  8.99771936e-01  8.87005934e-01  8.99925677e-01  2.91315373e-01 
 3.85765126e-01  8.99812399e-01  8.99594031e-01  8.99772242e-01  8.87027746e-01  8.99925677e-01  2.91265387e-01 
 3.85865126e-01  8.99812649e-01  8.99594583e-01  8.99772548e-01  8.87049511e-01  8.99925677e-01  2.91215401e-01 
 3.85965126e-01  8.99812899e-01  8.99595135e-01  8.99772853e-01  8.87071230e-01  8.99925677e-01  2.91165416e-01 
 3.86065126e-01  8.99813148e-01  8.99595685e-01  8.99773158e-01  8.87092902e-01  8.99925677e-01  2.91115431e-01 
 3.86165126e-01  8.99813397e-01  8.99596235e-01  8.99773462e-01  8.87114528e-01  8.99925677e-01  2.91065447e-01 
 3.86265126e-01  8.99813645e-01  8.99596784e-01  8.99773766e-01  8.87136109e-01  8.99925677e-01  2.91015464e-01 
 3.86365126e-01  8.99813894e-01  8.99597332e-01  8.99774069e-01  8.87157643e-01  8.99925677e-01  2.90965481e-01 
 3.86465126e-01  8.99814142e-01  8.99597879e-01  8.99774372e-01  8.87179131e-01  8.99925677e-01  2.90915499e-01 
 3.86565126e-01  8.99814389e-01  8.99598426e-01  8.99774674e-01  8.87200574e-01  8.99925677e-01  2.90865518e-01 
 3.86665126e-01  8.99814636e-01  8.99598972e-01  8.99774977e-01  8.87221971e-01  8.99925677e-01  2.90815538e-01 
 3.86765126e-01  8.99814883e-01  8.99599517e-01  8.99775278e-01  8.87243323e-01  8.99925677e-01  2.90765558e-01 
 3.86865126e-01  8.99815130e-01  8.99600061e-01  8.99775579e-01  8.87264629e-01  8.99925677e-01  2.90715578e-01 
 3.86965126e-01  8.99815376e-01  8.99600605e-01  8.99775880e-01  8.87285891e-01  8.99925677e-01  2.90665599e-01 
 3.87065126e-01  8.99815622e-01  8.99601148e-01  8.99776181e-01  8.87307107e-01  8.99925677e-01  2.90615621e-01 
 3.87165126e-01  8.99815867e-01  8.99601690e-01  8.99776481e-01  8.87328279e-01  8.99925677e-01  2.90565644e-01 
 3.87265126e-01  8.99816112e-01  8.99602231e-01  8.99776780e-01  8.87349406e-01  8.99925677e-01  2.90515667e-01 
 3.87365126e-01  8.99816357e-01  8.99602771e-01  8.99777079e-01  8.87370488e-01  8.99925677e-01  2.90465691e-01 
 3.87465126e-01  8.99816602e-01  8.99603311e-01  8.99777378e-01  8.87391526e-01  8.99925677e-01  2.90415715e-01 
 3.87565126e-01  8.99816846e-01  8.99603850e-01  8.99777676e-01  8.87412520e-01  8.99925677e-01  2.90365741e-01 
 3.87665126e-01  8.99817089e-01  8.99604388e-01  8.99777974e-01  8.87433469e-01  8.99925677e-01  2.90315766e-01 
 3.87765126e-01  8.99817333e-01  8.99604926e-01  8.99778272e-01  8.87454375e-01  8.99925677e-01  2.90265793e-01 
 3.87865126e-01  8.99817576e-01  8.99605463e-01  8.99778569e-01  8.87475237e-01  8.99925677e-01  2.90215820e-01 
 3.87965126e-01  8.99817819e-01  8.99605999e-01  8.99778865e-01  8.87496054e-01  8.99925677e-01  2.90165848e-01 
 3.88065126e-01  8.99818061e-01  8.99606534e-01  8.99779162e-01  8.87516829e-01  8.99925677e-01  2.90115876e-01 
 3.88165126e-01  8.99818303e-01  8.99607068e-01  8.99779457e-01  8.87537559e-01  8.99925677e-01  2.90065905e-01 
 3.88265126e-01  8.99818545e-01  8.99607602e-01  8.99779753e-01  8.87558247e-01  8.99925677e-01  2.90015935e-01 
 3.88365126e-01  8.99818786e-01  8.99608135e-01  8.99780048e-01  8.87578891e-01  8.99925677e-01  2.89965965e-01 
 3.88465126e-01  8.99819027e-01  8.99608667e-01  8.99780342e-01  8.87599492e-01  8.99925677e-01  2.89915996e-01 
 3.88565126e-01  8.99819268e-01  8.99609199e-01  8.99780637e-01  8.87620050e-01  8.99925677e-01  2.89866027e-01 
 3.88665126e-01  8.99819508e-01  8.99609730e-01  8.99780930e-01  8.87640565e-01  8.99925677e-01  2.89816060e-01 
 3.88765126e-01  8.99819748e-01  8.99610260e-01  8.99781224e-01  8.87661037e-01  8.99925677e-01  2.89766092e-01 
 3.88865126e-01  8.99819988e-01  8.99610789e-01  8.99781517e-01  8.87681467e-01  8.99925677e-01  2.89716126e-01 
 3.88965126e-01  8.99820228e-01  8.99611317e-01  8.99781809e-01  8.87701855e-01  8.99925677e-01  2.89666160e-01 
 3.89065126e-01  8.99820467e-01  8.99611845e-01  8.99782101e-01  8.87722200e-01  8.99925677e-01  2.89616195e-01 
 3.89165126e-01  8.99820705e-01  8.99612372e-01  8.99782393e-01  8.87742502e-01  8.99925677e-01  2.89566230e-01 
 3.89265126e-01  8.99820944e-01  8.99612899e-01  8.99782684e-01  8.87762763e-01  8.99925677e-01  2.89516266e-01 
 3.89365126e-01  8.99821182e-01  8.99613424e-01  8.99782975e-01  8.87782982e-01  8.99925677e-01  2.89466303e-01 
 3.89465126e-01  8.99821419e-01  8.99613949e-01  8.99783265e-01  8.87803158e-01  8.99925677e-01  2.89416340e-01 
 3.89565126e-01  8.99821657e-01  8.99614473e-01  8.99783556e-01  8.87823294e-01  8.99925677e-01  2.89366378e-01 
 3.89665126e-01  8.99821894e-01  8.99614996e-01  8.99783845e-01  8.87843387e-01  8.99925677e-01  2.89316417e-01 
 3.89765126e-01  8.99822130e-01  8.99615519e-01  8.99784134e-01  8.87863439e-01  8.99925677e-01  2.89266456e-01 
 3.89865126e-01  8.99822367e-01  8.99616041e-01  8.99784423e-01  8.87883450e-01  8.99925677e-01  2.89216496e-01 
 3.89965126e-01  8.99822603e-01  8.99616562e-01  8.99784712e-01  8.87903419e-01  8.99925677e-01  2.89166537e-01 
 3.90065126e-01  8.99822839e-01  8.99617083e-01  8.99785000e-01  8.87923347e-01  8.99925677e-01  2.89116578e-01 
 3.90165126e-01  8.99823074e-01  8.99617602e-01  8.99785287e-01  8.87943235e-01  8.99925677e-01  2.89066620e-01 
 3.90265126e-01  8.99823309e-01  8.99618121e-01  8.99785575e-01  8.87963081e-01  8.99925677e-01  2.89016662e-01 
 3.90365126e-01  8.99823544e-01  8.99618639e-01  8.99785861e-01  8.87982887e-01  8.99925677e-01  2.88966705e-01 
 3.90465126e-01  8.99823778e-01  8.99619157e-01  8.99786148e-01  8.88002652e-01  8.99925677e-01  2.88916749e-01 
 3.90565126e-01  8.99824012e-01  8.99619674e-01  8.99786434e-01  8.88022376e-01  8.99925677e-01  2.88866794e-01 
 3.90665126e-01  8.99824246e-01  8.99620190e-01  8.99786720e-01  8.88042060e-01  8.99925677e-01  2.88816839e-01 
 3.90765126e-01  8.99824479e-01  8.99620705e-01  8.99787005e-01  8.88061704e-01  8.99925677e-01  2.88766884e-01 
 3.90865126e-01  8.99824712e-01  8.99621220e-01  8.99787290e-01  8.88081307e-01  8.99925677e-01  2.88716931e-01 
 3.90965126e-01  8.99824945e-01  8.99621734e-01  8.99787574e-01  8.88100871e-01  8.99925677e-01  2.88666978e-01 
 3.91065126e-01  8.99825178e-01  8.99622247e-01  8.99787858e-01  8.88120394e-01  8.99925677e-01  2.88617025e-01 
 3.91165126e-01  8.99825410e-01  8.99622759e-01  8.99788142e-01  8.88139878e-01  8.99925677e-01  2.88567074e-01 
 3.91265126e-01  8.99825642e-01  8.99623271e-01  8.99788425e-01  8.88159322e-01  8.99925677e-01  2.88517123e-01 
 3.91365126e-01  8.99825873e-01  8.99623782e-01  8.99788708e-01  8.88178726e-01  8.99925677e-01  2.88467172e-01 
 3.91465126e-01  8.99826104e-01  8.99624292e-01  8.99788990e-01  8.88198091e-01  8.99925677e-01  2.88417222e-01 
 3.91565126e-01  8.99826335e-01  8.99624802e-01  8.99789272e-01  8.88217416e-01  8.99925677e-01  2.88367273e-01 
 3.91665126e-01  8.99826565e-01  8.99625311e-01  8.99789554e-01  8.88236702e-01  8.99925677e-01  2.88317325e-01 
 3.91765126e-01  8.99826796e-01  8.99625819e-01  8.99789835e-01  8.88255949e-01  8.99925677e-01  2.88267377e-01 
 3.91865126e-01  8.99827025e-01  8.99626327e-01  8.99790116e-01  8.88275157e-01  8.99925677e-01  2.88217430e-01 
 3.91965126e-01  8.99827255e-01  8.99626833e-01  8.99790397e-01  8.88294326e-01  8.99925677e-01  2.88167483e-01 
 3.92065126e-01  8.99827484e-01  8.99627339e-01  8.99790677e-01  8.88313457e-01  8.99925677e-01  2.88117537e-01 
 3.92165126e-01  8.99827713e-01  8.99627845e-01  8.99790956e-01  8.88332548e-01  8.99925677e-01  2.88067592e-01 
 3.92265126e-01  8.99827942e-01  8.99628349e-01  8.99791236e-01  8.88351601e-01  8.99925677e-01  2.88017647e-01 
 3.92365126e-01  8.99828170e-01  8.99628853e-01  8.99791515e-01  8.88370615e-01  8.99925677e-01  2.87967703e-01 
 3.92465126e-01  8.99828398e-01  8.99629356e-01  8.99791793e-01  8.88389591e-01  8.99925677e-01  2.87917760e-01 
 3.92565126e-01  8.99828625e-01  8.99629859e-01  8.99792071e-01  8.88408529e-01  8.99925677e-01  2.87867817e-01 
 3.92665126e-01  8.99828853e-01  8.99630361e-01  8.99792349e-01  8.88427429e-01  8.99925677e-01  2.87817875e-01 
 3.92765126e-01  8.99829080e-01  8.99630862e-01  8.99792626e-01  8.88446290e-01  8.99925677e-01  2.87767934e-01 
 3.92865126e-01  8.99829306e-01  8.99631362e-01  8.99792903e-01  8.88465113e-01  8.99925677e-01  2.87717993e-01 
 3.92965126e-01  8.99829533e-01  8.99631862e-01  8.99793180e-01  8.88483899e-01  8.99925677e-01  2.87668053e-01 
 3.93065126e-01  8.99829759e-01  8.99632361e-01  8.99793456e-01  8.88502647e-01  8.99925677e-01  2.87618113e-01 
 3.93165126e-01  8.99829984e-01  8.99632859e-01  8.99793732e-01  8.88521357e-01  8.99925677e-01  2.87568174e-01 
 3.93265126e-01  8.99830210e-01  8.99633357e-01  8.99794007e-01  8.88540030e-01  8.99925677e-01  2.87518236e-01 
 3.93365126e-01  8.99830435e-01  8.99633854e-01  8.99794282e-01  8.88558665e-01  8.99925677e-01  2.87468299e-01 
 3.93465126e-01  8.99830659e-01  8.99634350e-01  8.99794557e-01  8.88577263e-01  8.99925677e-01  2.87418362e-01 
 3.93565126e-01  8.99830884e-01  8.99634845e-01  8.99794831e-01  8.88595824e-01  8.99925677e-01  2.87368426e-01 
 3.93665126e-01  8.99831108e-01  8.99635340e-01  8.99795105e-01  8.88614347e-01  8.99925677e-01  2.87318490e-01 
 3.93765126e-01  8.99831332e-01  8.99635834e-01  8.99795379e-01  8.88632834e-01  8.99925677e-01  2.87268555e-01 
 3.93865126e-01  8.99831555e-01  8.99636328e-01  8.99795652e-01  8.88651284e-01  8.99925677e-01  2.87218621e-01 
 3.93965126e-01  8.99831779e-01  8.99636820e-01  8.99795924e-01  8.88669697e-01  8.99925677e-01  2.87168687e-01 
 3.94065126e-01  8.99832001e-01  8.99637313e-01  8.99796197e-01  8.88688073e-01  8.99925677e-01  2.87118754e-01 
 3.94165126e-01  8.99832224e-01  8.99637804e-01  8.99796469e-01  8.88706412e-01  8.99925677e-01  2.87068821e-01 
 3.94265126e-01  8.99832446e-01  8.99638295e-01  8.99796740e-01  8.88724715e-01  8.99925677e-01  2.87018890e-01 
 3.94365126e-01  8.99832668e-01  8.99638785e-01  8.99797012e-01  8.88742982e-01  8.99925677e-01  2.86968959e-01 
 3.94465126e-01  8.99832890e-01  8.99639274e-01  8.99797282e-01  8.88761212e-01  8.99925677e-01  2.86919028e-01 
 3.94565126e-01  8.99833111e-01  8.99639762e-01  8.99797553e-01  8.88779406e-01  8.99925677e-01  2.86869098e-01 
 3.94665126e-01  8.99833332e-01  8.99640250e-01  8.99797823e-01  8.88797564e-01  8.99925677e-01  2.86819169e-01 
 3.94765126e-01  8.99833553e-01  8.99640738e-01  8.99798093e-01  8.88815686e-01  8.99925677e-01  2.86769240e-01 
 3.94865126e-01  8.99833773e-01  8.99641224e-01  8.99798362e-01  8.88833772e-01  8.99925677e-01  2.86719313e-01 
 3.94965126e-01  8.99833993e-01  8.99641710e-01  8.99798631e-01  8.88851822e-01  8.99925677e-01  2.86669385e-01 
 3.95065126e-01  8.99834213e-01  8.99642195e-01  8.99798899e-01  8.88869837e-01  8.99925677e-01  2.86619459e-01 
 3.95165126e-01  8.99834433e-01  8.99642680e-01  8.99799168e-01  8.88887816e-01  8.99925677e-01  2.86569533e-01 
 3.95265126e-01  8.99834652e-01  8.99643164e-01  8.99799435e-01  8.88905759e-01  8.99925677e-01  2.86519607e-01 
 3.95365126e-01  8.99834871e-01  8.99643647e-01  8.99799703e-01  8.88923667e-01  8.99925677e-01  2.86469683e-01 
 3.95465126e-01  8.99835089e-01  8.99644129e-01  8.99799970e-01  8.88941540e-01  8.99925677e-01  2.86419759e-01 
 3.95565126e-01  8.99835307e-01  8.99644611e-01  8.99800237e-01  8.88959377e-01  8.99925677e-01  2.86369835e-01 
 3.95665126e-01  8.99835525e-01  8.99645092e-01  8.99800503e-01  8.88977179e-01  8.99925677e-01  2.86319913e-01 
 3.95765126e-01  8.99835743e-01  8.99645573e-01  8.99800769e-01  8.88994946e-01  8.99925677e-01  2.86269990e-01 
 3.95865126e-01  8.99835960e-01  8.99646052e-01  8.99801035e-01  8.89012679e-01  8.99925677e-01  2.86220069e-01 
 3.95965126e-01  8.99836177e-01  8.99646532e-01  8.99801300e-01  8.89030376e-01  8.99925677e-01  2.86170148e-01 
 3.96065126e-01  8.99836394e-01  8.99647010e-01  8.99801565e-01  8.89048039e-01  8.99925677e-01  2.86120228e-01 
 3.96165126e-01  8.99836610e-01  8.99647488e-01  8.99801829e-01  8.89065667e-01  8.99925677e-01  2.86070308e-01 
 3.96265126e-01  8.99836827e-01  8.99647965e-01  8.99802093e-01  8.89083260e-01  8.99925677e-01  2.86020390e-01 
 3.96365126e-01  8.99837042e-01  8.99648441e-01  8.99802357e-01  8.89100819e-01  8.99925677e-01  2.85970471e-01 
 3.96465126e-01  8.99837258e-01  8.99648917e-01  8.99802620e-01  8.89118343e-01  8.99925677e-01  2.85920554e-01 
 3.96565126e-01  8.99837473e-01  8.99649392e-01  8.99802883e-01  8.89135834e-01  8.99925677e-01  2.85870637e-01 
 3.96665126e-01  8.99837688e-01  8.99649867e-01  8.99803146e-01  8.89153290e-01  8.99925677e-01  2.85820720e-01 
 3.96765126e-01  8.99837903e-01  8.99650340e-01  8.99803408e-01  8.89170712e-01  8.99925677e-01  2.85770805e-01 
 3.96865126e-01  8.99838117e-01  8.99650814e-01  8.99803670e-01  8.89188099e-01  8.99925677e-01  2.85720890e-01 
 3.96965126e-01  8.99838331e-01  8.99651286e-01  8.99803932e-01  8.89205453e-01  8.99925677e-01  2.85670975e-01 
 3.97065126e-01  8.99838545e-01  8.99651758e-01  8.99804193e-01  8.89222773e-01  8.99925677e-01  2.85621062e-01 
 3.97165126e-01  8.99838758e-01  8.99652229e-01  8.99804453e-01  8.89240060e-01  8.99925677e-01  2.85571149e-01 
 3.97265126e-01  8.99838971e-01  8.99652699e-01  8.99804714e-01  8.89257312e-01  8.99925677e-01  2.85521236e-01 
 3.97365126e-01  8.99839184e-01  8.99653169e-01  8.99804974e-01  8.89274532e-01  8.99925677e-01  2.85471324e-01 
 3.97465126e-01  8.99839396e-01  8.99653638e-01  8.99805234e-01  8.89291717e-01  8.99925677e-01  2.85421413e-01 
 3.97565126e-01  8.99839609e-01  8.99654107e-01  8.99805493e-01  8.89308869e-01  8.99925677e-01  2.85371503e-01 
 3.97665126e-01  8.99839821e-01  8.99654575e-01  8.99805752e-01  8.89325988e-01  8.99925677e-01  2.85321593e-01 
 3.97765126e-01  8.99840032e-01  8.99655042e-01  8.99806011e-01  8.89343074e-01  8.99925677e-01  2.85271683e-01 
 3.97865126e-01  8.99840244e-01  8.99655509e-01  8.99806269e-01  8.89360127e-01  8.99925677e-01  2.85221775e-01 
 3.97965126e-01  8.99840455e-01  8.99655974e-01  8.99806527e-01  8.89377146e-01  8.99925677e-01  2.85171867e-01 
 3.98065126e-01  8.99840665e-01  8.99656440e-01  8.99806784e-01  8.89394133e-01  8.99925677e-01  2.85121960e-01 
 3.98165126e-01  8.99840876e-01  8.99656904e-01  8.99807041e-01  8.89411086e-01  8.99925677e-01  2.85072053e-01 
 3.98265126e-01  8.99841086e-01  8.99657368e-01  8.99807298e-01  8.89428007e-01  8.99925677e-01  2.85022147e-01 
 3.98365126e-01  8.99841296e-01  8.99657831e-01  8.99807555e-01  8.89444896e-01  8.99925677e-01  2.84972242e-01 
 3.98465126e-01  8.99841505e-01  8.99658294e-01  8.99807811e-01  8.89461751e-01  8.99925677e-01  2.84922337e-01 
 3.98565126e-01  8.99841715e-01  8.99658756e-01  8.99808067e-01  8.89478574e-01  8.99925677e-01  2.84872433e-01 
 3.98665126e-01  8.99841924e-01  8.99659217e-01  8.99808322e-01  8.89495365e-01  8.99925677e-01  2.84822529e-01 
 3.98765126e-01  8.99842132e-01  8.99659678e-01  8.99808577e-01  8.89512123e-01  8.99925677e-01  2.84772627e-01 
 3.98865126e-01  8.99842341e-01  8.99660138e-01  8.99808832e-01  8.89528849e-01  8.99925677e-01  2.84722724e-01 
 3.98965126e-01  8.99842549e-01  8.99660598e-01  8.99809086e-01  8.89545543e-01  8.99925677e-01  2.84672823e-01 
 3.99065126e-01  8.99842757e-01  8.99661056e-01  8.99809340e-01  8.89562205e-01  8.99925677e-01  2.84622922e-01 
 3.99165126e-01  8.99842964e-01  8.99661515e-01  8.99809593e-01  8.89578834e-01  8.99925677e-01  2.84573022e-01 
 3.99265126e-01  8.99843171e-01  8.99661972e-01  8.99809847e-01  8.89595432e-01  8.99925677e-01  2.84523122e-01 
 3.99365126e-01  8.99843378e-01  8.99662429e-01  8.99810100e-01  8.89611998e-01  8.99925677e-01  2.84473223e-01 
 3.99465126e-01  8.99843585e-01  8.99662885e-01  8.99810352e-01  8.89628532e-01  8.99925677e-01  2.84423325e-01 
 3.99565126e-01  8.99843791e-01  8.99663341e-01  8.99810604e-01  8.89645035e-01  8.99925677e-01  2.84373428e-01 
 3.99665126e-01  8.99843998e-01  8.99663796e-01  8.99810856e-01  8.89661506e-01  8.99925677e-01  2.84323531e-01 
 3.99765126e-01  8.99844203e-01  8.99664250e-01  8.99811108e-01  8.89677945e-01  8.99925677e-01  2.84273634e-01 
 3.99865126e-01  8.99844409e-01  8.99664704e-01  8.99811359e-01  8.89694353e-01  8.99925677e-01  2.84223739e-01 
 3.99965126e-01  8.99844614e-01  8.99665157e-01  8.99811610e-01  8.89710729e-01  8.99925677e-01  2.84173843e-01 
 4.00000000e-01  8.99844686e-01  8.99665314e-01  8.99811697e-01  8.89716433e-01  8.99925677e-01  2.84156443e-01 
