 1.00000000e-06  3.02334885e-01  3.00000031e-01  2.99999969e-01 
 1.06917676e-06  3.02338957e-01  3.00000034e-01  2.99999966e-01 
 1.20753028e-06  3.02347185e-01  3.00000038e-01  2.99999962e-01 
 1.48423732e-06  3.02363903e-01  3.00000047e-01  2.99999953e-01 
 2.03765139e-06  3.02398276e-01  3.00000064e-01  2.99999936e-01 
 3.14447954e-06  3.02470201e-01  3.00000099e-01  2.99999901e-01 
 5.35813585e-06  3.02623300e-01  3.00000168e-01  2.99999832e-01 
 9.78544845e-06  3.02940883e-01  3.00000307e-01  2.99999693e-01 
 1.86400737e-05  3.03392262e-01  3.00000586e-01  2.99999414e-01 
 3.63493241e-05  3.02566668e-01  3.00001142e-01  2.99998858e-01 
 7.17678249e-05  2.97113522e-01  3.00002255e-01  2.99997745e-01 
 1.00000000e-04  2.91787854e-01  3.00003142e-01  2.99996858e-01 
 1.07083700e-04  2.90411636e-01  3.00003364e-01  2.99996636e-01 
 1.21251101e-04  2.87744935e-01  3.00003809e-01  2.99996191e-01 
 1.49585901e-04  2.82550073e-01  3.00004699e-01  2.99995301e-01 
 2.06255503e-04  2.72240293e-01  3.00006480e-01  2.99993520e-01 
 3.06255503e-04  2.54060537e-01  3.00009621e-01  2.99990379e-01 
 4.06255503e-04  2.35894201e-01  3.00012762e-01  2.99987238e-01 
 5.06255503e-04  2.17743147e-01  3.00015902e-01  2.99984098e-01 
 6.06255503e-04  1.99608987e-01  3.00019041e-01  2.99980959e-01 
 7.06255503e-04  1.81501095e-01  3.00022180e-01  2.99977820e-01 
 8.06255503e-04  1.63487408e-01  3.00025318e-01  2.99974682e-01 
 9.06255503e-04  1.46027778e-01  3.00028455e-01  2.99971545e-01 
 1.00625550e-03  1.31269553e-01  3.00031591e-01  2.99968409e-01 
 1.10625550e-03  1.23175199e-01  3.00034726e-01  2.99965274e-01 
 1.20625550e-03  1.21741682e-01  3.00037859e-01  2.99962141e-01 
 1.30625550e-03  1.23783504e-01  3.00040991e-01  2.99959009e-01 
 1.40625550e-03  1.26765084e-01  3.00044121e-01  2.99955879e-01 
 1.50625550e-03  1.29758510e-01  3.00047250e-01  2.99952750e-01 
 1.60625550e-03  1.32514987e-01  3.00050376e-01  2.99949624e-01 
 1.70625550e-03  1.35061007e-01  3.00053501e-01  2.99946499e-01 
 1.80625550e-03  1.37459308e-01  3.00056623e-01  2.99943377e-01 
 1.90625550e-03  1.39750647e-01  3.00059744e-01  2.99940256e-01 
 2.00625550e-03  1.41957526e-01  3.00062862e-01  2.99937138e-01 
 2.10625550e-03  1.44089996e-01  3.00065977e-01  2.99934023e-01 
 2.20625550e-03  1.46155396e-01  3.00069090e-01  2.99930910e-01 
 2.30625550e-03  1.48160028e-01  3.00072200e-01  2.99927800e-01 
 2.40625550e-03  1.50109516e-01  3.00075307e-01  2.99924693e-01 
 2.50625550e-03  1.52010146e-01  3.00078411e-01  2.99921589e-01 
 2.60625550e-03  1.53864665e-01  3.00081512e-01  2.99918488e-01 
 2.70625550e-03  1.55676207e-01  3.00084610e-01  2.99915390e-01 
 2.80625550e-03  1.57447818e-01  3.00087705e-01  2.99912295e-01 
 2.90625550e-03  1.59182309e-01  3.00090796e-01  2.99909204e-01 
 3.00625550e-03  1.60882214e-01  3.00093884e-01  2.99906116e-01 
 3.10625550e-03  1.62549809e-01  3.00096968e-01  2.99903032e-01 
 3.20625550e-03  1.64187132e-01  3.00100048e-01  2.99899952e-01 
 3.30625550e-03  1.65796016e-01  3.00103124e-01  2.99896876e-01 
 3.40625550e-03  1.67379433e-01  3.00106196e-01  2.99893804e-01 
 3.50625550e-03  1.68937284e-01  3.00109263e-01  2.99890737e-01 
 3.60625550e-03  1.70470282e-01  3.00112327e-01  2.99887673e-01 
 3.70625550e-03  1.71979412e-01  3.00115386e-01  2.99884614e-01 
 3.80625550e-03  1.73465720e-01  3.00118440e-01  2.99881560e-01 
 3.90625550e-03  1.74930226e-01  3.00121490e-01  2.99878510e-01 
 4.00625550e-03  1.76373888e-01  3.00124535e-01  2.99875465e-01 
 4.10625550e-03  1.77797602e-01  3.00127575e-01  2.99872425e-01 
 4.20625550e-03  1.79202197e-01  3.00130610e-01  2.99869390e-01 
 4.30625550e-03  1.80588444e-01  3.00133640e-01  2.99866360e-01 
 4.40625550e-03  1.81957058e-01  3.00136665e-01  2.99863335e-01 
 4.50625550e-03  1.83308708e-01  3.00139684e-01  2.99860316e-01 
 4.60625550e-03  1.84644018e-01  3.00142698e-01  2.99857302e-01 
 4.70625550e-03  1.85963571e-01  3.00145706e-01  2.99854294e-01 
 4.80625550e-03  1.87267915e-01  3.00148708e-01  2.99851292e-01 
 4.90625550e-03  1.88557563e-01  3.00151705e-01  2.99848295e-01 
 5.00625550e-03  1.89832999e-01  3.00154695e-01  2.99845305e-01 
 5.10625550e-03  1.91094678e-01  3.00157680e-01  2.99842320e-01 
 5.20625550e-03  1.92343032e-01  3.00160658e-01  2.99839342e-01 
 5.30625550e-03  1.93578466e-01  3.00163630e-01  2.99836370e-01 
 5.40625550e-03  1.94802688e-01  3.00166595e-01  2.99833405e-01 
 5.50625550e-03  1.96014468e-01  3.00169554e-01  2.99830446e-01 
 5.60625550e-03  1.97213499e-01  3.00172506e-01  2.99827494e-01 
 5.70625550e-03  1.98399855e-01  3.00175451e-01  2.99824549e-01 
 5.80625550e-03  1.99573756e-01  3.00178390e-01  2.99821610e-01 
 5.90625550e-03  2.00735475e-01  3.00181321e-01  2.99818679e-01 
 6.00625550e-03  2.01885296e-01  3.00184245e-01  2.99815755e-01 
 6.10625550e-03  2.03023500e-01  3.00187162e-01  2.99812838e-01 
 6.20625550e-03  2.04150354e-01  3.00190071e-01  2.99809929e-01 
 6.30625550e-03  2.05266120e-01  3.00192973e-01  2.99807027e-01 
 6.40625550e-03  2.06371043e-01  3.00195868e-01  2.99804132e-01 
 6.50625550e-03  2.07465363e-01  3.00198754e-01  2.99801246e-01 
 6.60625550e-03  2.08549307e-01  3.00201633e-01  2.99798367e-01 
 6.70625550e-03  2.09623094e-01  3.00204504e-01  2.99795496e-01 
 6.80625550e-03  2.10686934e-01  3.00207367e-01  2.99792633e-01 
 6.90625550e-03  2.11741030e-01  3.00210221e-01  2.99789779e-01 
 7.00625550e-03  2.12785575e-01  3.00213067e-01  2.99786933e-01 
 7.10625550e-03  2.13820758e-01  3.00215905e-01  2.99784095e-01 
 7.20625550e-03  2.14846759e-01  3.00218735e-01  2.99781265e-01 
 7.30625550e-03  2.15863752e-01  3.00221555e-01  2.99778445e-01 
 7.40625550e-03  2.16871905e-01  3.00224367e-01  2.99775633e-01 
 7.50625550e-03  2.17871379e-01  3.00227170e-01  2.99772830e-01 
 7.60625550e-03  2.18862332e-01  3.00229964e-01  2.99770036e-01 
 7.70625550e-03  2.19844915e-01  3.00232749e-01  2.99767251e-01 
 7.80625550e-03  2.20819274e-01  3.00235525e-01  2.99764475e-01 
 7.90625550e-03  2.21785550e-01  3.00238292e-01  2.99761708e-01 
 8.00625550e-03  2.22743881e-01  3.00241049e-01  2.99758951e-01 
 8.10625550e-03  2.23694399e-01  3.00243797e-01  2.99756203e-01 
 8.20625550e-03  2.24637233e-01  3.00246535e-01  2.99753465e-01 
 8.30625550e-03  2.25572507e-01  3.00249263e-01  2.99750737e-01 
 8.40625550e-03  2.26500343e-01  3.00251981e-01  2.99748019e-01 
 8.50625550e-03  2.27420857e-01  3.00254690e-01  2.99745310e-01 
 8.60625550e-03  2.28334164e-01  3.00257388e-01  2.99742612e-01 
 8.70625550e-03  2.29240373e-01  3.00260077e-01  2.99739923e-01 
 8.80625550e-03  2.30139592e-01  3.00262755e-01  2.99737245e-01 
 8.90625550e-03  2.31031925e-01  3.00265422e-01  2.99734578e-01 
 9.00625550e-03  2.31917474e-01  3.00268079e-01  2.99731921e-01 
 9.10625550e-03  2.32796338e-01  3.00270726e-01  2.99729274e-01 
 9.20625550e-03  2.33669030e-01  3.00273362e-01  2.99726638e-01 
 9.30625550e-03  2.34536067e-01  3.00275987e-01  2.99724013e-01 
 9.40625550e-03  2.35397811e-01  3.00278601e-01  2.99721399e-01 
 9.50625550e-03  2.36254483e-01  3.00281204e-01  2.99718796e-01 
 9.60625550e-03  2.37106222e-01  3.00283796e-01  2.99716204e-01 
 9.70625550e-03  2.37953125e-01  3.00286377e-01  2.99713623e-01 
 9.80625550e-03  2.38795271e-01  3.00288947e-01  2.99711053e-01 
 9.90625550e-03  2.39632732e-01  3.00291505e-01  2.99708495e-01 
 1.00062555e-02  2.40465575e-01  3.00294052e-01  2.99705948e-01 
 1.01062555e-02  2.41293865e-01  3.00296587e-01  2.99703413e-01 
 1.02062555e-02  2.42117666e-01  3.00299110e-01  2.99700890e-01 
 1.03062555e-02  2.42937039e-01  3.00301622e-01  2.99698378e-01 
 1.04062555e-02  2.43752046e-01  3.00304121e-01  2.99695879e-01 
 1.05062555e-02  2.44562745e-01  3.00306609e-01  2.99693391e-01 
 1.06062555e-02  2.45369193e-01  3.00309084e-01  2.99690916e-01 
 1.07062555e-02  2.46171446e-01  3.00311548e-01  2.99688452e-01 
 1.08062555e-02  2.46969558e-01  3.00313999e-01  2.99686001e-01 
 1.09062555e-02  2.47763583e-01  3.00316437e-01  2.99683563e-01 
 1.10062555e-02  2.48553573e-01  3.00318863e-01  2.99681137e-01 
 1.11062555e-02  2.49339578e-01  3.00321277e-01  2.99678723e-01 
 1.12062555e-02  2.50121647e-01  3.00323678e-01  2.99676322e-01 
 1.13062555e-02  2.50899828e-01  3.00326066e-01  2.99673934e-01 
 1.14062555e-02  2.51674169e-01  3.00328441e-01  2.99671559e-01 
 1.15062555e-02  2.52444714e-01  3.00330803e-01  2.99669197e-01 
 1.16062555e-02  2.53211510e-01  3.00333153e-01  2.99666847e-01 
 1.17062555e-02  2.53974599e-01  3.00335489e-01  2.99664511e-01 
 1.18062555e-02  2.54734024e-01  3.00337811e-01  2.99662189e-01 
 1.19062555e-02  2.55489827e-01  3.00340121e-01  2.99659879e-01 
 1.20062555e-02  2.56242047e-01  3.00342417e-01  2.99657583e-01 
 1.21062555e-02  2.56990726e-01  3.00344699e-01  2.99655301e-01 
 1.22062555e-02  2.57735901e-01  3.00346968e-01  2.99653032e-01 
 1.23062555e-02  2.58478937e-01  3.00349223e-01  2.99650777e-01 
 1.24062555e-02  2.59218270e-01  3.00351465e-01  2.99648535e-01 
 1.25062555e-02  2.59953283e-01  3.00353692e-01  2.99646308e-01 
 1.26062555e-02  2.60683751e-01  3.00355906e-01  2.99644094e-01 
 1.27062555e-02  2.61409611e-01  3.00358105e-01  2.99641895e-01 
 1.28062555e-02  2.62130871e-01  3.00360291e-01  2.99639709e-01 
 1.29062555e-02  2.62847561e-01  3.00362462e-01  2.99637538e-01 
 1.30062555e-02  2.63559718e-01  3.00364619e-01  2.99635381e-01 
 1.31062555e-02  2.64267383e-01  3.00366761e-01  2.99633239e-01 
 1.32062555e-02  2.64970597e-01  3.00368889e-01  2.99631111e-01 
 1.33062555e-02  2.65669399e-01  3.00371003e-01  2.99628997e-01 
 1.34062555e-02  2.66363828e-01  3.00373101e-01  2.99626899e-01 
 1.35062555e-02  2.67053921e-01  3.00375185e-01  2.99624815e-01 
 1.36062555e-02  2.67739716e-01  3.00377255e-01  2.99622745e-01 
 1.37062555e-02  2.68421251e-01  3.00379309e-01  2.99620691e-01 
 1.38062555e-02  2.69098559e-01  3.00381348e-01  2.99618652e-01 
 1.39062555e-02  2.69771678e-01  3.00383373e-01  2.99616627e-01 
 1.40062555e-02  2.70440640e-01  3.00385382e-01  2.99614618e-01 
 1.41062555e-02  2.71105480e-01  3.00387376e-01  2.99612624e-01 
 1.42062555e-02  2.71766230e-01  3.00389354e-01  2.99610646e-01 
 1.43062555e-02  2.72422923e-01  3.00391318e-01  2.99608682e-01 
 1.44062555e-02  2.73075591e-01  3.00393266e-01  2.99606734e-01 
 1.45062555e-02  2.73724264e-01  3.00395198e-01  2.99604802e-01 
 1.46062555e-02  2.74368973e-01  3.00397115e-01  2.99602885e-01 
 1.47062555e-02  2.75009748e-01  3.00399016e-01  2.99600984e-01 
 1.48062555e-02  2.75646618e-01  3.00400901e-01  2.99599099e-01 
 1.49062555e-02  2.76279612e-01  3.00402770e-01  2.99597230e-01 
 1.50062555e-02  2.76908757e-01  3.00404624e-01  2.99595376e-01 
 1.51062555e-02  2.77534081e-01  3.00406462e-01  2.99593538e-01 
 1.52062555e-02  2.78155611e-01  3.00408283e-01  2.99591717e-01 
 1.53062555e-02  2.78773374e-01  3.00410089e-01  2.99589911e-01 
 1.54062555e-02  2.79387395e-01  3.00411878e-01  2.99588122e-01 
 1.55062555e-02  2.79997699e-01  3.00413651e-01  2.99586349e-01 
 1.56062555e-02  2.80604312e-01  3.00415407e-01  2.99584593e-01 
 1.57062555e-02  2.81207258e-01  3.00417148e-01  2.99582852e-01 
 1.58062555e-02  2.81806561e-01  3.00418871e-01  2.99581129e-01 
 1.59062555e-02  2.82402244e-01  3.00420579e-01  2.99579421e-01 
 1.60062555e-02  2.82994331e-01  3.00422269e-01  2.99577731e-01 
 1.61062555e-02  2.83582843e-01  3.00423943e-01  2.99576057e-01 
 1.62062555e-02  2.84167803e-01  3.00425600e-01  2.99574400e-01 
 1.63062555e-02  2.84749232e-01  3.00427241e-01  2.99572759e-01 
 1.64062555e-02  2.85327152e-01  3.00428864e-01  2.99571136e-01 
 1.65062555e-02  2.85901583e-01  3.00430471e-01  2.99569529e-01 
 1.66062555e-02  2.86472546e-01  3.00432061e-01  2.99567939e-01 
 1.67062555e-02  2.87040060e-01  3.00433633e-01  2.99566367e-01 
 1.68062555e-02  2.87604146e-01  3.00435189e-01  2.99564811e-01 
 1.69062555e-02  2.88164823e-01  3.00436727e-01  2.99563273e-01 
 1.70062555e-02  2.88722109e-01  3.00438248e-01  2.99561752e-01 
 1.71062555e-02  2.89276023e-01  3.00439752e-01  2.99560248e-01 
 1.72062555e-02  2.89826582e-01  3.00441238e-01  2.99558762e-01 
 1.73062555e-02  2.90373805e-01  3.00442707e-01  2.99557293e-01 
 1.74062555e-02  2.90917709e-01  3.00444159e-01  2.99555841e-01 
 1.75062555e-02  2.91458312e-01  3.00445592e-01  2.99554408e-01 
 1.76062555e-02  2.91995629e-01  3.00447009e-01  2.99552991e-01 
 1.77062555e-02  2.92529677e-01  3.00448407e-01  2.99551593e-01 
 1.78062555e-02  2.93060472e-01  3.00449788e-01  2.99550212e-01 
 1.79062555e-02  2.93588030e-01  3.00451152e-01  2.99548848e-01 
 1.80062555e-02  2.94112367e-01  3.00452497e-01  2.99547503e-01 
 1.81062555e-02  2.94633497e-01  3.00453825e-01  2.99546175e-01 
 1.82062555e-02  2.95151436e-01  3.00455134e-01  2.99544866e-01 
 1.83062555e-02  2.95666197e-01  3.00456426e-01  2.99543574e-01 
 1.84062555e-02  2.96177796e-01  3.00457700e-01  2.99542300e-01 
 1.85062555e-02  2.96686246e-01  3.00458955e-01  2.99541045e-01 
 1.86062555e-02  2.97191560e-01  3.00460193e-01  2.99539807e-01 
 1.87062555e-02  2.97693753e-01  3.00461412e-01  2.99538588e-01 
 1.88062555e-02  2.98192838e-01  3.00462613e-01  2.99537387e-01 
 1.89062555e-02  2.98688827e-01  3.00463796e-01  2.99536204e-01 
 1.90062555e-02  2.99181746e-01  3.00464961e-01  2.99535039e-01 
 1.91062555e-02  2.99671593e-01  3.00466107e-01  2.99533893e-01 
 1.92062555e-02  3.00158374e-01  3.00467234e-01  2.99532766e-01 
 1.93062555e-02  3.00642099e-01  3.00468344e-01  2.99531656e-01 
 1.94062555e-02  3.01122778e-01  3.00469435e-01  2.99530565e-01 
 1.95062555e-02  3.01600423e-01  3.00470507e-01  2.99529493e-01 
 1.96062555e-02  3.02075046e-01  3.00471561e-01  2.99528439e-01 
 1.97062555e-02  3.02546657e-01  3.00472596e-01  2.99527404e-01 
 1.98062555e-02  3.03015268e-01  3.00473612e-01  2.99526388e-01 
 1.99062555e-02  3.03480889e-01  3.00474610e-01  2.99525390e-01 
 2.00062555e-02  3.03943531e-01  3.00475589e-01  2.99524411e-01 
 2.01062555e-02  3.04403203e-01  3.00476549e-01  2.99523451e-01 
 2.02062555e-02  3.04859917e-01  3.00477491e-01  2.99522509e-01 
 2.03062555e-02  3.05313682e-01  3.00478413e-01  2.99521587e-01 
 2.04062555e-02  3.05764508e-01  3.00479317e-01  2.99520683e-01 
 2.05062555e-02  3.06212403e-01  3.00480202e-01  2.99519798e-01 
 2.06062555e-02  3.06657377e-01  3.00481067e-01  2.99518933e-01 
 2.07062555e-02  3.07099440e-01  3.00481914e-01  2.99518086e-01 
 2.08062555e-02  3.07538599e-01  3.00482742e-01  2.99517258e-01 
 2.09062555e-02  3.07974863e-01  3.00483551e-01  2.99516449e-01 
 2.10062555e-02  3.08408241e-01  3.00484340e-01  2.99515660e-01 
 2.11062555e-02  3.08838742e-01  3.00485111e-01  2.99514889e-01 
 2.12062555e-02  3.09266372e-01  3.00485862e-01  2.99514138e-01 
 2.13062555e-02  3.09691140e-01  3.00486594e-01  2.99513406e-01 
 2.14062555e-02  3.10113053e-01  3.00487307e-01  2.99512693e-01 
 2.15062555e-02  3.10532119e-01  3.00488001e-01  2.99511999e-01 
 2.16062555e-02  3.10948346e-01  3.00488676e-01  2.99511324e-01 
 2.17062555e-02  3.11361739e-01  3.00489331e-01  2.99510669e-01 
 2.18062555e-02  3.11772308e-01  3.00489967e-01  2.99510033e-01 
 2.19062555e-02  3.12180057e-01  3.00490583e-01  2.99509417e-01 
 2.20062555e-02  3.12584995e-01  3.00491180e-01  2.99508820e-01 
 2.21062555e-02  3.12987127e-01  3.00491758e-01  2.99508242e-01 
 2.22062555e-02  3.13386460e-01  3.00492317e-01  2.99507683e-01 
 2.23062555e-02  3.13783000e-01  3.00492855e-01  2.99507145e-01 
 2.24062555e-02  3.14176753e-01  3.00493375e-01  2.99506625e-01 
 2.25062555e-02  3.14567725e-01  3.00493875e-01  2.99506125e-01 
 2.26062555e-02  3.14955922e-01  3.00494355e-01  2.99505645e-01 
 2.27062555e-02  3.15341350e-01  3.00494816e-01  2.99505184e-01 
 2.28062555e-02  3.15724015e-01  3.00495258e-01  2.99504742e-01 
 2.29062555e-02  3.16103921e-01  3.00495680e-01  2.99504320e-01 
 2.30062555e-02  3.16481074e-01  3.00496082e-01  2.99503918e-01 
 2.31062555e-02  3.16855479e-01  3.00496465e-01  2.99503535e-01 
 2.32062555e-02  3.17227142e-01  3.00496828e-01  2.99503172e-01 
 2.33062555e-02  3.17596067e-01  3.00497171e-01  2.99502829e-01 
 2.34062555e-02  3.17962258e-01  3.00497495e-01  2.99502505e-01 
 2.35062555e-02  3.18325722e-01  3.00497799e-01  2.99502201e-01 
 2.36062555e-02  3.18686463e-01  3.00498084e-01  2.99501916e-01 
 2.37062555e-02  3.19044484e-01  3.00498349e-01  2.99501651e-01 
 2.38062555e-02  3.19399791e-01  3.00498594e-01  2.99501406e-01 
 2.39062555e-02  3.19752387e-01  3.00498820e-01  2.99501180e-01 
 2.40062555e-02  3.20102278e-01  3.00499026e-01  2.99500974e-01 
 2.41062555e-02  3.20449466e-01  3.00499212e-01  2.99500788e-01 
 2.42062555e-02  3.20793957e-01  3.00499378e-01  2.99500622e-01 
 2.43062555e-02  3.21135753e-01  3.00499525e-01  2.99500475e-01 
 2.44062555e-02  3.21474860e-01  3.00499652e-01  2.99500348e-01 
 2.45062555e-02  3.21811280e-01  3.00499759e-01  2.99500241e-01 
 2.46062555e-02  3.22145017e-01  3.00499847e-01  2.99500153e-01 
 2.47062555e-02  3.22476075e-01  3.00499915e-01  2.99500085e-01 
 2.48062555e-02  3.22804458e-01  3.00499963e-01  2.99500037e-01 
 2.49062555e-02  3.23130168e-01  3.00499991e-01  2.99500009e-01 
 2.50062555e-02  3.23453209e-01  3.00500000e-01  2.99500000e-01 
 2.51062555e-02  3.23773585e-01  3.00499989e-01  2.99500011e-01 
 2.52062555e-02  3.24091298e-01  3.00499958e-01  2.99500042e-01 
 2.53062555e-02  3.24406352e-01  3.00499907e-01  2.99500093e-01 
 2.54062555e-02  3.24718750e-01  3.00499837e-01  2.99500163e-01 
 2.55062555e-02  3.25028495e-01  3.00499747e-01  2.99500253e-01 
 2.56062555e-02  3.25335589e-01  3.00499637e-01  2.99500363e-01 
 2.57062555e-02  3.25640035e-01  3.00499508e-01  2.99500492e-01 
 2.58062555e-02  3.25941837e-01  3.00499359e-01  2.99500641e-01 
 2.59062555e-02  3.26240997e-01  3.00499190e-01  2.99500810e-01 
 2.60062555e-02  3.26537517e-01  3.00499001e-01  2.99500999e-01 
 2.61062555e-02  3.26831401e-01  3.00498793e-01  2.99501207e-01 
 2.62062555e-02  3.27122650e-01  3.00498565e-01  2.99501435e-01 
 2.63062555e-02  3.27411268e-01  3.00498317e-01  2.99501683e-01 
 2.64062555e-02  3.27697256e-01  3.00498050e-01  2.99501950e-01 
 2.65062555e-02  3.27980617e-01  3.00497762e-01  2.99502238e-01 
 2.66062555e-02  3.28261354e-01  3.00497456e-01  2.99502544e-01 
 2.67062555e-02  3.28539469e-01  3.00497129e-01  2.99502871e-01 
 2.68062555e-02  3.28814963e-01  3.00496783e-01  2.99503217e-01 
 2.69062555e-02  3.29087840e-01  3.00496418e-01  2.99503582e-01 
 2.70062555e-02  3.29358100e-01  3.00496033e-01  2.99503967e-01 
 2.71062555e-02  3.29625748e-01  3.00495628e-01  2.99504372e-01 
 2.72062555e-02  3.29890784e-01  3.00495204e-01  2.99504796e-01 
 2.73062555e-02  3.30153210e-01  3.00494760e-01  2.99505240e-01 
 2.74062555e-02  3.30413028e-01  3.00494296e-01  2.99505704e-01 
 2.75062555e-02  3.30670242e-01  3.00493813e-01  2.99506187e-01 
 2.76062555e-02  3.30924851e-01  3.00493311e-01  2.99506689e-01 
 2.77062555e-02  3.31176859e-01  3.00492789e-01  2.99507211e-01 
 2.78062555e-02  3.31426267e-01  3.00492248e-01  2.99507752e-01 
 2.79062555e-02  3.31673077e-01  3.00491687e-01  2.99508313e-01 
 2.80062555e-02  3.31917290e-01  3.00491107e-01  2.99508893e-01 
 2.81062555e-02  3.32158909e-01  3.00490507e-01  2.99509493e-01 
 2.82062555e-02  3.32397936e-01  3.00489888e-01  2.99510112e-01 
 2.83062555e-02  3.32634371e-01  3.00489250e-01  2.99510750e-01 
 2.84062555e-02  3.32868217e-01  3.00488592e-01  2.99511408e-01 
 2.85062555e-02  3.33099475e-01  3.00487915e-01  2.99512085e-01 
 2.86062555e-02  3.33328147e-01  3.00487219e-01  2.99512781e-01 
 2.87062555e-02  3.33554234e-01  3.00486504e-01  2.99513496e-01 
 2.88062555e-02  3.33777739e-01  3.00485769e-01  2.99514231e-01 
 2.89062555e-02  3.33998663e-01  3.00485016e-01  2.99514984e-01 
 2.90062555e-02  3.34217006e-01  3.00484243e-01  2.99515757e-01 
 2.91062555e-02  3.34432772e-01  3.00483451e-01  2.99516549e-01 
 2.92062555e-02  3.34645961e-01  3.00482640e-01  2.99517360e-01 
 2.93062555e-02  3.34856575e-01  3.00481809e-01  2.99518191e-01 
 2.94062555e-02  3.35064615e-01  3.00480960e-01  2.99519040e-01 
 2.95062555e-02  3.35270084e-01  3.00480092e-01  2.99519908e-01 
 2.96062555e-02  3.35472981e-01  3.00479205e-01  2.99520795e-01 
 2.97062555e-02  3.35673310e-01  3.00478299e-01  2.99521701e-01 
 2.98062555e-02  3.35871071e-01  3.00477374e-01  2.99522626e-01 
 2.99062555e-02  3.36066266e-01  3.00476430e-01  2.99523570e-01 
 3.00062555e-02  3.36258896e-01  3.00475467e-01  2.99524533e-01 
 3.01062555e-02  3.36448963e-01  3.00474486e-01  2.99525514e-01 
 3.02062555e-02  3.36636468e-01  3.00473486e-01  2.99526514e-01 
 3.03062555e-02  3.36821413e-01  3.00472467e-01  2.99527533e-01 
 3.04062555e-02  3.37003799e-01  3.00471430e-01  2.99528570e-01 
 3.05062555e-02  3.37183627e-01  3.00470374e-01  2.99529626e-01 
 3.06062555e-02  3.37360900e-01  3.00469299e-01  2.99530701e-01 
 3.07062555e-02  3.37535618e-01  3.00468206e-01  2.99531794e-01 
 3.08062555e-02  3.37707782e-01  3.00467094e-01  2.99532906e-01 
 3.09062555e-02  3.37877395e-01  3.00465964e-01  2.99534036e-01 
 3.10062555e-02  3.38044458e-01  3.00464816e-01  2.99535184e-01 
 3.11062555e-02  3.38208972e-01  3.00463649e-01  2.99536351e-01 
 3.12062555e-02  3.38370939e-01  3.00462464e-01  2.99537536e-01 
 3.13062555e-02  3.38530360e-01  3.00461261e-01  2.99538739e-01 
 3.14062555e-02  3.38687237e-01  3.00460039e-01  2.99539961e-01 
 3.15062555e-02  3.38841571e-01  3.00458799e-01  2.99541201e-01 
 3.16062555e-02  3.38993364e-01  3.00457541e-01  2.99542459e-01 
 3.17062555e-02  3.39142616e-01  3.00456265e-01  2.99543735e-01 
 3.18062555e-02  3.39289331e-01  3.00454972e-01  2.99545028e-01 
 3.19062555e-02  3.39433508e-01  3.00453660e-01  2.99546340e-01 
 3.20062555e-02  3.39575151e-01  3.00452330e-01  2.99547670e-01 
 3.21062555e-02  3.39714259e-01  3.00450982e-01  2.99549018e-01 
 3.22062555e-02  3.39850836e-01  3.00449617e-01  2.99550383e-01 
 3.23062555e-02  3.39984882e-01  3.00448233e-01  2.99551767e-01 
 3.24062555e-02  3.40116399e-01  3.00446833e-01  2.99553167e-01 
 3.25062555e-02  3.40245389e-01  3.00445414e-01  2.99554586e-01 
 3.26062555e-02  3.40371854e-01  3.00443978e-01  2.99556022e-01 
 3.27062555e-02  3.40495794e-01  3.00442524e-01  2.99557476e-01 
 3.28062555e-02  3.40617212e-01  3.00441053e-01  2.99558947e-01 
 3.29062555e-02  3.40736109e-01  3.00439565e-01  2.99560435e-01 
 3.30062555e-02  3.40852487e-01  3.00438059e-01  2.99561941e-01 
 3.31062555e-02  3.40966349e-01  3.00436535e-01  2.99563465e-01 
 3.32062555e-02  3.41077694e-01  3.00434995e-01  2.99565005e-01 
 3.33062555e-02  3.41186526e-01  3.00433437e-01  2.99566563e-01 
 3.34062555e-02  3.41292847e-01  3.00431863e-01  2.99568137e-01 
 3.35062555e-02  3.41396657e-01  3.00430271e-01  2.99569729e-01 
 3.36062555e-02  3.41497959e-01  3.00428662e-01  2.99571338e-01 
 3.37062555e-02  3.41596755e-01  3.00427037e-01  2.99572963e-01 
 3.38062555e-02  3.41693046e-01  3.00425394e-01  2.99574606e-01 
 3.39062555e-02  3.41786835e-01  3.00423735e-01  2.99576265e-01 
 3.40062555e-02  3.41878123e-01  3.00422059e-01  2.99577941e-01 
 3.41062555e-02  3.41966913e-01  3.00420366e-01  2.99579634e-01 
 3.42062555e-02  3.42053206e-01  3.00418657e-01  2.99581343e-01 
 3.43062555e-02  3.42137005e-01  3.00416931e-01  2.99583069e-01 
 3.44062555e-02  3.42218311e-01  3.00415188e-01  2.99584812e-01 
 3.45062555e-02  3.42297127e-01  3.00413430e-01  2.99586570e-01 
 3.46062555e-02  3.42373455e-01  3.00411655e-01  2.99588345e-01 
 3.47062555e-02  3.42447297e-01  3.00409864e-01  2.99590136e-01 
 3.48062555e-02  3.42518655e-01  3.00408056e-01  2.99591944e-01 
 3.49062555e-02  3.42587532e-01  3.00406233e-01  2.99593767e-01 
 3.50062555e-02  3.42653929e-01  3.00404393e-01  2.99595607e-01 
 3.51062555e-02  3.42717849e-01  3.00402537e-01  2.99597463e-01 
 3.52062555e-02  3.42779294e-01  3.00400666e-01  2.99599334e-01 
 3.53062555e-02  3.42838267e-01  3.00398779e-01  2.99601221e-01 
 3.54062555e-02  3.42894770e-01  3.00396876e-01  2.99603124e-01 
 3.55062555e-02  3.42948805e-01  3.00394957e-01  2.99605043e-01 
 3.56062555e-02  3.43000376e-01  3.00393023e-01  2.99606977e-01 
 3.57062555e-02  3.43049483e-01  3.00391073e-01  2.99608927e-01 
 3.58062555e-02  3.43096131e-01  3.00389108e-01  2.99610892e-01 
 3.59062555e-02  3.43140321e-01  3.00387127e-01  2.99612873e-01 
 3.60062555e-02  3.43182057e-01  3.00385131e-01  2.99614869e-01 
 3.61062555e-02  3.43221340e-01  3.00383120e-01  2.99616880e-01 
 3.62062555e-02  3.43258173e-01  3.00381094e-01  2.99618906e-01 
 3.63062555e-02  3.43292560e-01  3.00379053e-01  2.99620947e-01 
 3.64062555e-02  3.43324503e-01  3.00376997e-01  2.99623003e-01 
 3.65062555e-02  3.43354005e-01  3.00374926e-01  2.99625074e-01 
 3.66062555e-02  3.43381068e-01  3.00372840e-01  2.99627160e-01 
 3.67062555e-02  3.43405696e-01  3.00370739e-01  2.99629261e-01 
 3.68062555e-02  3.43427892e-01  3.00368624e-01  2.99631376e-01 
 3.69062555e-02  3.43447658e-01  3.00366494e-01  2.99633506e-01 
 3.70062555e-02  3.43464997e-01  3.00364350e-01  2.99635650e-01 
 3.71062555e-02  3.43479913e-01  3.00362191e-01  2.99637809e-01 
 3.72062555e-02  3.43492408e-01  3.00360018e-01  2.99639982e-01 
 3.73062555e-02  3.43502487e-01  3.00357831e-01  2.99642169e-01 
 3.74062555e-02  3.43510151e-01  3.00355630e-01  2.99644370e-01 
 3.75062555e-02  3.43515405e-01  3.00353414e-01  2.99646586e-01 
 3.76062555e-02  3.43518251e-01  3.00351185e-01  2.99648815e-01 
 3.77062555e-02  3.43518693e-01  3.00348942e-01  2.99651058e-01 
 3.78062555e-02  3.43516734e-01  3.00346685e-01  2.99653315e-01 
 3.79062555e-02  3.43512378e-01  3.00344414e-01  2.99655586e-01 
 3.80062555e-02  3.43505628e-01  3.00342130e-01  2.99657870e-01 
 3.81062555e-02  3.43496487e-01  3.00339833e-01  2.99660167e-01 
 3.82062555e-02  3.43484960e-01  3.00337521e-01  2.99662479e-01 
 3.83062555e-02  3.43471049e-01  3.00335197e-01  2.99664803e-01 
 3.84062555e-02  3.43454759e-01  3.00332859e-01  2.99667141e-01 
 3.85062555e-02  3.43436093e-01  3.00330508e-01  2.99669492e-01 
 3.86062555e-02  3.43415054e-01  3.00328145e-01  2.99671855e-01 
 3.87062555e-02  3.43391647e-01  3.00325768e-01  2.99674232e-01 
 3.88062555e-02  3.43365876e-01  3.00323378e-01  2.99676622e-01 
 3.89062555e-02  3.43337744e-01  3.00320976e-01  2.99679024e-01 
 3.90062555e-02  3.43307255e-01  3.00318561e-01  2.99681439e-01 
 3.91062555e-02  3.43274414e-01  3.00316133e-01  2.99683867e-01 
 3.92062555e-02  3.43239224e-01  3.00313693e-01  2.99686307e-01 
 3.93062555e-02  3.43201689e-01  3.00311240e-01  2.99688760e-01 
 3.94062555e-02  3.43161814e-01  3.00308775e-01  2.99691225e-01 
 3.95062555e-02  3.43119602e-01  3.00306298e-01  2.99693702e-01 
 3.96062555e-02  3.43075059e-01  3.00303809e-01  2.99696191e-01 
 3.97062555e-02  3.43028187e-01  3.00301308e-01  2.99698692e-01 
 3.98062555e-02  3.42978992e-01  3.00298795e-01  2.99701205e-01 
 3.99062555e-02  3.42927478e-01  3.00296270e-01  2.99703730e-01 
 4.00062555e-02  3.42873650e-01  3.00293734e-01  2.99706266e-01 
 4.01062555e-02  3.42817511e-01  3.00291186e-01  2.99708814e-01 
 4.02062555e-02  3.42759067e-01  3.00288626e-01  2.99711374e-01 
 4.03062555e-02  3.42698321e-01  3.00286055e-01  2.99713945e-01 
 4.04062555e-02  3.42635279e-01  3.00283473e-01  2.99716527e-01 
 4.05062555e-02  3.42569946e-01  3.00280879e-01  2.99719121e-01 
 4.06062555e-02  3.42502326e-01  3.00278275e-01  2.99721725e-01 
 4.07062555e-02  3.42432423e-01  3.00275659e-01  2.99724341e-01 
 4.08062555e-02  3.42360243e-01  3.00273033e-01  2.99726967e-01 
 4.09062555e-02  3.42285791e-01  3.00270395e-01  2.99729605e-01 
 4.10062555e-02  3.42209071e-01  3.00267747e-01  2.99732253e-01 
 4.11062555e-02  3.42130089e-01  3.00265089e-01  2.99734911e-01 
 4.12062555e-02  3.42048850e-01  3.00262420e-01  2.99737580e-01 
 4.13062555e-02  3.41965358e-01  3.00259741e-01  2.99740259e-01 
 4.14062555e-02  3.41879619e-01  3.00257051e-01  2.99742949e-01 
 4.15062555e-02  3.41791638e-01  3.00254352e-01  2.99745648e-01 
 4.16062555e-02  3.41701421e-01  3.00251642e-01  2.99748358e-01 
 4.17062555e-02  3.41608973e-01  3.00248922e-01  2.99751078e-01 
 4.18062555e-02  3.41514298e-01  3.00246193e-01  2.99753807e-01 
 4.19062555e-02  3.41417403e-01  3.00243453e-01  2.99756547e-01 
 4.20062555e-02  3.41318293e-01  3.00240705e-01  2.99759295e-01 
 4.21062555e-02  3.41216974e-01  3.00237946e-01  2.99762054e-01 
 4.22062555e-02  3.41113451e-01  3.00235179e-01  2.99764821e-01 
 4.23062555e-02  3.41007730e-01  3.00232402e-01  2.99767598e-01 
 4.24062555e-02  3.40899816e-01  3.00229615e-01  2.99770385e-01 
 4.25062555e-02  3.40789715e-01  3.00226820e-01  2.99773180e-01 
 4.26062555e-02  3.40677434e-01  3.00224016e-01  2.99775984e-01 
 4.27062555e-02  3.40562978e-01  3.00221203e-01  2.99778797e-01 
 4.28062555e-02  3.40446352e-01  3.00218381e-01  2.99781619e-01 
 4.29062555e-02  3.40327564e-01  3.00215551e-01  2.99784449e-01 
 4.30062555e-02  3.40206618e-01  3.00212712e-01  2.99787288e-01 
 4.31062555e-02  3.40083521e-01  3.00209865e-01  2.99790135e-01 
 4.32062555e-02  3.39958279e-01  3.00207009e-01  2.99792991e-01 
 4.33062555e-02  3.39830899e-01  3.00204145e-01  2.99795855e-01 
 4.34062555e-02  3.39701386e-01  3.00201273e-01  2.99798727e-01 
 4.35062555e-02  3.39569747e-01  3.00198394e-01  2.99801606e-01 
 4.36062555e-02  3.39435988e-01  3.00195506e-01  2.99804494e-01 
 4.37062555e-02  3.39300116e-01  3.00192611e-01  2.99807389e-01 
 4.38062555e-02  3.39162137e-01  3.00189708e-01  2.99810292e-01 
 4.39062555e-02  3.39022058e-01  3.00186797e-01  2.99813203e-01 
 4.40062555e-02  3.38879885e-01  3.00183880e-01  2.99816120e-01 
 4.41062555e-02  3.38735624e-01  3.00180954e-01  2.99819046e-01 
 4.42062555e-02  3.38589283e-01  3.00178022e-01  2.99821978e-01 
 4.43062555e-02  3.38440868e-01  3.00175083e-01  2.99824917e-01 
 4.44062555e-02  3.38290387e-01  3.00172137e-01  2.99827863e-01 
 4.45062555e-02  3.38137845e-01  3.00169184e-01  2.99830816e-01 
 4.46062555e-02  3.37983250e-01  3.00166224e-01  2.99833776e-01 
 4.47062555e-02  3.37826608e-01  3.00163258e-01  2.99836742e-01 
 4.48062555e-02  3.37667928e-01  3.00160286e-01  2.99839714e-01 
 4.49062555e-02  3.37507215e-01  3.00157307e-01  2.99842693e-01 
 4.50062555e-02  3.37344477e-01  3.00154322e-01  2.99845678e-01 
 4.51062555e-02  3.37179721e-01  3.00151330e-01  2.99848670e-01 
 4.52062555e-02  3.37012954e-01  3.00148333e-01  2.99851667e-01 
 4.53062555e-02  3.36844184e-01  3.00145330e-01  2.99854670e-01 
 4.54062555e-02  3.36673418e-01  3.00142321e-01  2.99857679e-01 
 4.55062555e-02  3.36500663e-01  3.00139307e-01  2.99860693e-01 
 4.56062555e-02  3.36325927e-01  3.00136287e-01  2.99863713e-01 
 4.57062555e-02  3.36149217e-01  3.00133262e-01  2.99866738e-01 
 4.58062555e-02  3.35970541e-01  3.00130231e-01  2.99869769e-01 
 4.59062555e-02  3.35789906e-01  3.00127195e-01  2.99872805e-01 
 4.60062555e-02  3.35607321e-01  3.00124155e-01  2.99875845e-01 
 4.61062555e-02  3.35422791e-01  3.00121109e-01  2.99878891e-01 
 4.62062555e-02  3.35236327e-01  3.00118059e-01  2.99881941e-01 
 4.63062555e-02  3.35047935e-01  3.00115003e-01  2.99884997e-01 
 4.64062555e-02  3.34857622e-01  3.00111944e-01  2.99888056e-01 
 4.65062555e-02  3.34665398e-01  3.00108880e-01  2.99891120e-01 
 4.66062555e-02  3.34471270e-01  3.00105811e-01  2.99894189e-01 
 4.67062555e-02  3.34275246e-01  3.00102739e-01  2.99897261e-01 
 4.68062555e-02  3.34077334e-01  3.00099662e-01  2.99900338e-01 
 4.69062555e-02  3.33877543e-01  3.00096582e-01  2.99903418e-01 
 4.70062555e-02  3.33675880e-01  3.00093498e-01  2.99906502e-01 
 4.71062555e-02  3.33472353e-01  3.00090410e-01  2.99909590e-01 
 4.72062555e-02  3.33266971e-01  3.00087318e-01  2.99912682e-01 
 4.73062555e-02  3.33059743e-01  3.00084223e-01  2.99915777e-01 
 4.74062555e-02  3.32850676e-01  3.00081125e-01  2.99918875e-01 
 4.75062555e-02  3.32639779e-01  3.00078023e-01  2.99921977e-01 
 4.76062555e-02  3.32427061e-01  3.00074918e-01  2.99925082e-01 
 4.77062555e-02  3.32212530e-01  3.00071811e-01  2.99928189e-01 
 4.78062555e-02  3.31996195e-01  3.00068700e-01  2.99931300e-01 
 4.79062555e-02  3.31778063e-01  3.00065587e-01  2.99934413e-01 
 4.80062555e-02  3.31558145e-01  3.00062472e-01  2.99937528e-01 
 4.81062555e-02  3.31336449e-01  3.00059353e-01  2.99940647e-01 
 4.82062555e-02  3.31112983e-01  3.00056233e-01  2.99943767e-01 
 4.83062555e-02  3.30887756e-01  3.00053110e-01  2.99946890e-01 
 4.84062555e-02  3.30660778e-01  3.00049985e-01  2.99950015e-01 
 4.85062555e-02  3.30432056e-01  3.00046859e-01  2.99953141e-01 
 4.86062555e-02  3.30201601e-01  3.00043730e-01  2.99956270e-01 
 4.87062555e-02  3.29969421e-01  3.00040599e-01  2.99959401e-01 
 4.88062555e-02  3.29735525e-01  3.00037467e-01  2.99962533e-01 
 4.89062555e-02  3.29499923e-01  3.00034334e-01  2.99965666e-01 
 4.90062555e-02  3.29262623e-01  3.00031199e-01  2.99968801e-01 
 4.91062555e-02  3.29023635e-01  3.00028063e-01  2.99971937e-01 
 4.92062555e-02  3.28782968e-01  3.00024926e-01  2.99975074e-01 
 4.93062555e-02  3.28540631e-01  3.00021788e-01  2.99978212e-01 
 4.94062555e-02  3.28296633e-01  3.00018649e-01  2.99981351e-01 
 4.95062555e-02  3.28050985e-01  3.00015509e-01  2.99984491e-01 
 4.96062555e-02  3.27803696e-01  3.00012369e-01  2.99987631e-01 
 4.97062555e-02  3.27554774e-01  3.00009228e-01  2.99990772e-01 
 4.98062555e-02  3.27304230e-01  3.00006087e-01  2.99993913e-01 
 4.99062555e-02  3.27052073e-01  3.00002945e-01  2.99997055e-01 
 5.00062555e-02  3.26798313e-01  2.99999803e-01  3.00000197e-01 
 5.01062555e-02  3.26542960e-01  2.99996662e-01  3.00003338e-01 
 5.02062555e-02  3.26286022e-01  2.99993520e-01  3.00006480e-01 
 5.03062555e-02  3.26027511e-01  2.99990379e-01  3.00009621e-01 
 5.04062555e-02  3.25767435e-01  2.99987238e-01  3.00012762e-01 
 5.05062555e-02  3.25505806e-01  2.99984098e-01  3.00015902e-01 
 5.06062555e-02  3.25242631e-01  2.99980959e-01  3.00019041e-01 
 5.07062555e-02  3.24977922e-01  2.99977820e-01  3.00022180e-01 
 5.08062555e-02  3.24711689e-01  2.99974682e-01  3.00025318e-01 
 5.09062555e-02  3.24443941e-01  2.99971545e-01  3.00028455e-01 
 5.10062555e-02  3.24174689e-01  2.99968409e-01  3.00031591e-01 
 5.11062555e-02  3.23903943e-01  2.99965274e-01  3.00034726e-01 
 5.12062555e-02  3.23631712e-01  2.99962141e-01  3.00037859e-01 
 5.13062555e-02  3.23358007e-01  2.99959009e-01  3.00040991e-01 
 5.14062555e-02  3.23082839e-01  2.99955879e-01  3.00044121e-01 
 5.15062555e-02  3.22806217e-01  2.99952750e-01  3.00047250e-01 
 5.16062555e-02  3.22528153e-01  2.99949624e-01  3.00050376e-01 
 5.17062555e-02  3.22248655e-01  2.99946499e-01  3.00053501e-01 
 5.18062555e-02  3.21967735e-01  2.99943377e-01  3.00056623e-01 
 5.19062555e-02  3.21685404e-01  2.99940256e-01  3.00059744e-01 
 5.20062555e-02  3.21401670e-01  2.99937138e-01  3.00062862e-01 
 5.21062555e-02  3.21116546e-01  2.99934023e-01  3.00065977e-01 
 5.22062555e-02  3.20830042e-01  2.99930910e-01  3.00069090e-01 
 5.23062555e-02  3.20542168e-01  2.99927800e-01  3.00072200e-01 
 5.24062555e-02  3.20252935e-01  2.99924693e-01  3.00075307e-01 
 5.25062555e-02  3.19962353e-01  2.99921589e-01  3.00078411e-01 
 5.26062555e-02  3.19670433e-01  2.99918488e-01  3.00081512e-01 
 5.27062555e-02  3.19377187e-01  2.99915390e-01  3.00084610e-01 
 5.28062555e-02  3.19082624e-01  2.99912295e-01  3.00087705e-01 
 5.29062555e-02  3.18786756e-01  2.99909204e-01  3.00090796e-01 
 5.30062555e-02  3.18489593e-01  2.99906116e-01  3.00093884e-01 
 5.31062555e-02  3.18191147e-01  2.99903032e-01  3.00096968e-01 
 5.32062555e-02  3.17891428e-01  2.99899952e-01  3.00100048e-01 
 5.33062555e-02  3.17590447e-01  2.99896876e-01  3.00103124e-01 
 5.34062555e-02  3.17288215e-01  2.99893804e-01  3.00106196e-01 
 5.35062555e-02  3.16984744e-01  2.99890737e-01  3.00109263e-01 
 5.36062555e-02  3.16680043e-01  2.99887673e-01  3.00112327e-01 
 5.37062555e-02  3.16374125e-01  2.99884614e-01  3.00115386e-01 
 5.38062555e-02  3.16067001e-01  2.99881560e-01  3.00118440e-01 
 5.39062555e-02  3.15758681e-01  2.99878510e-01  3.00121490e-01 
 5.40062555e-02  3.15449176e-01  2.99875465e-01  3.00124535e-01 
 5.41062555e-02  3.15138499e-01  2.99872425e-01  3.00127575e-01 
 5.42062555e-02  3.14826660e-01  2.99869390e-01  3.00130610e-01 
 5.43062555e-02  3.14513671e-01  2.99866360e-01  3.00133640e-01 
 5.44062555e-02  3.14199542e-01  2.99863335e-01  3.00136665e-01 
 5.45062555e-02  3.13884285e-01  2.99860316e-01  3.00139684e-01 
 5.46062555e-02  3.13567912e-01  2.99857302e-01  3.00142698e-01 
 5.47062555e-02  3.13249102e-01  2.99854294e-01  3.00145706e-01 
 5.48062555e-02  3.12929472e-01  2.99851292e-01  3.00148708e-01 
 5.49062555e-02  3.12609690e-01  2.99848295e-01  3.00151705e-01 
 5.50062555e-02  3.12290030e-01  2.99845305e-01  3.00154695e-01 
 5.51062555e-02  3.11970602e-01  2.99842320e-01  3.00157680e-01 
 5.52062555e-02  3.11651446e-01  2.99839342e-01  3.00160658e-01 
 5.53062555e-02  3.11332577e-01  2.99836370e-01  3.00163630e-01 
 5.54062555e-02  3.11014000e-01  2.99833405e-01  3.00166595e-01 
 5.55062555e-02  3.10695719e-01  2.99830446e-01  3.00169554e-01 
 5.56062555e-02  3.10377735e-01  2.99827494e-01  3.00172506e-01 
 5.57062555e-02  3.10060051e-01  2.99824549e-01  3.00175451e-01 
 5.58062555e-02  3.09742669e-01  2.99821610e-01  3.00178390e-01 
 5.59062555e-02  3.09425590e-01  2.99818679e-01  3.00181321e-01 
 5.60062555e-02  3.09108819e-01  2.99815755e-01  3.00184245e-01 
 5.61062555e-02  3.08792355e-01  2.99812838e-01  3.00187162e-01 
 5.62062555e-02  3.08476203e-01  2.99809929e-01  3.00190071e-01 
 5.63062555e-02  3.08160365e-01  2.99807027e-01  3.00192973e-01 
 5.64062555e-02  3.07844844e-01  2.99804132e-01  3.00195868e-01 
 5.65062555e-02  3.07529641e-01  2.99801246e-01  3.00198754e-01 
 5.66062555e-02  3.07214760e-01  2.99798367e-01  3.00201633e-01 
 5.67062555e-02  3.06900205e-01  2.99795496e-01  3.00204504e-01 
 5.68062555e-02  3.06585977e-01  2.99792633e-01  3.00207367e-01 
 5.69062555e-02  3.06272080e-01  2.99789779e-01  3.00210221e-01 
 5.70062555e-02  3.05958518e-01  2.99786933e-01  3.00213067e-01 
 5.71062555e-02  3.05645292e-01  2.99784095e-01  3.00215905e-01 
 5.72062555e-02  3.05332408e-01  2.99781265e-01  3.00218735e-01 
 5.73062555e-02  3.05019868e-01  2.99778445e-01  3.00221555e-01 
 5.74062555e-02  3.04707675e-01  2.99775633e-01  3.00224367e-01 
 5.75062555e-02  3.04395834e-01  2.99772830e-01  3.00227170e-01 
 5.76062555e-02  3.04084348e-01  2.99770036e-01  3.00229964e-01 
 5.77062555e-02  3.03773221e-01  2.99767251e-01  3.00232749e-01 
 5.78062555e-02  3.03462456e-01  2.99764475e-01  3.00235525e-01 
 5.79062555e-02  3.03152057e-01  2.99761708e-01  3.00238292e-01 
 5.80062555e-02  3.02842029e-01  2.99758951e-01  3.00241049e-01 
 5.81062555e-02  3.02532375e-01  2.99756203e-01  3.00243797e-01 
 5.82062555e-02  3.02223100e-01  2.99753465e-01  3.00246535e-01 
 5.83062555e-02  3.01914207e-01  2.99750737e-01  3.00249263e-01 
 5.84062555e-02  3.01605702e-01  2.99748019e-01  3.00251981e-01 
 5.85062555e-02  3.01297587e-01  2.99745310e-01  3.00254690e-01 
 5.86062555e-02  3.00989868e-01  2.99742612e-01  3.00257388e-01 
 5.87062555e-02  3.00682549e-01  2.99739923e-01  3.00260077e-01 
 5.88062555e-02  3.00375635e-01  2.99737245e-01  3.00262755e-01 
 5.89062555e-02  3.00069130e-01  2.99734578e-01  3.00265422e-01 
 5.90062555e-02  2.99763038e-01  2.99731921e-01  3.00268079e-01 
 5.91062555e-02  2.99457354e-01  2.99729274e-01  3.00270726e-01 
 5.92062555e-02  2.99152095e-01  2.99726638e-01  3.00273362e-01 
 5.93062555e-02  2.98847273e-01  2.99724013e-01  3.00275987e-01 
 5.94062555e-02  2.98542895e-01  2.99721399e-01  3.00278601e-01 
 5.95062555e-02  2.98238965e-01  2.99718796e-01  3.00281204e-01 
 5.96062555e-02  2.97935490e-01  2.99716204e-01  3.00283796e-01 
 5.97062555e-02  2.97632475e-01  2.99713623e-01  3.00286377e-01 
 5.98062555e-02  2.97329925e-01  2.99711053e-01  3.00288947e-01 
 5.99062555e-02  2.97027846e-01  2.99708495e-01  3.00291505e-01 
 6.00062555e-02  2.96726242e-01  2.99705948e-01  3.00294052e-01 
 6.01062555e-02  2.96425119e-01  2.99703413e-01  3.00296587e-01 
 6.02062555e-02  2.96124482e-01  2.99700890e-01  3.00299110e-01 
 6.03062555e-02  2.95824338e-01  2.99698378e-01  3.00301622e-01 
 6.04062555e-02  2.95524691e-01  2.99695879e-01  3.00304121e-01 
 6.05062555e-02  2.95225547e-01  2.99693391e-01  3.00306609e-01 
 6.06062555e-02  2.94926912e-01  2.99690916e-01  3.00309084e-01 
 6.07062555e-02  2.94628792e-01  2.99688452e-01  3.00311548e-01 
 6.08062555e-02  2.94331192e-01  2.99686001e-01  3.00313999e-01 
 6.09062555e-02  2.94034119e-01  2.99683563e-01  3.00316437e-01 
 6.10062555e-02  2.93737577e-01  2.99681137e-01  3.00318863e-01 
 6.11062555e-02  2.93441574e-01  2.99678723e-01  3.00321277e-01 
 6.12062555e-02  2.93146115e-01  2.99676322e-01  3.00323678e-01 
 6.13062555e-02  2.92851207e-01  2.99673934e-01  3.00326066e-01 
 6.14062555e-02  2.92556855e-01  2.99671559e-01  3.00328441e-01 
 6.15062555e-02  2.92263065e-01  2.99669197e-01  3.00330803e-01 
 6.16062555e-02  2.91969844e-01  2.99666847e-01  3.00333153e-01 
 6.17062555e-02  2.91677198e-01  2.99664511e-01  3.00335489e-01 
 6.18062555e-02  2.91385134e-01  2.99662189e-01  3.00337811e-01 
 6.19062555e-02  2.91093658e-01  2.99659879e-01  3.00340121e-01 
 6.20062555e-02  2.90802775e-01  2.99657583e-01  3.00342417e-01 
 6.21062555e-02  2.90512493e-01  2.99655301e-01  3.00344699e-01 
 6.22062555e-02  2.90222819e-01  2.99653032e-01  3.00346968e-01 
 6.23062555e-02  2.89933758e-01  2.99650777e-01  3.00349223e-01 
 6.24062555e-02  2.89645317e-01  2.99648535e-01  3.00351465e-01 
 6.25062555e-02  2.89357504e-01  2.99646308e-01  3.00353692e-01 
 6.26062555e-02  2.89070323e-01  2.99644094e-01  3.00355906e-01 
 6.27062555e-02  2.88783783e-01  2.99641895e-01  3.00358105e-01 
 6.28062555e-02  2.88497890e-01  2.99639709e-01  3.00360291e-01 
 6.29062555e-02  2.88212651e-01  2.99637538e-01  3.00362462e-01 
 6.30062555e-02  2.87928072e-01  2.99635381e-01  3.00364619e-01 
 6.31062555e-02  2.87644160e-01  2.99633239e-01  3.00366761e-01 
 6.32062555e-02  2.87360923e-01  2.99631111e-01  3.00368889e-01 
 6.33062555e-02  2.87078367e-01  2.99628997e-01  3.00371003e-01 
 6.34062555e-02  2.86796499e-01  2.99626899e-01  3.00373101e-01 
 6.35062555e-02  2.86515326e-01  2.99624815e-01  3.00375185e-01 
 6.36062555e-02  2.86234855e-01  2.99622745e-01  3.00377255e-01 
 6.37062555e-02  2.85955093e-01  2.99620691e-01  3.00379309e-01 
 6.38062555e-02  2.85676047e-01  2.99618652e-01  3.00381348e-01 
 6.39062555e-02  2.85397724e-01  2.99616627e-01  3.00383373e-01 
 6.40062555e-02  2.85120132e-01  2.99614618e-01  3.00385382e-01 
 6.41062555e-02  2.84843277e-01  2.99612624e-01  3.00387376e-01 
 6.42062555e-02  2.84567166e-01  2.99610646e-01  3.00389354e-01 
 6.43062555e-02  2.84291808e-01  2.99608682e-01  3.00391318e-01 
 6.44062555e-02  2.84017208e-01  2.99606734e-01  3.00393266e-01 
 6.45062555e-02  2.83743374e-01  2.99604802e-01  3.00395198e-01 
 6.46062555e-02  2.83470314e-01  2.99602885e-01  3.00397115e-01 
 6.47062555e-02  2.83198035e-01  2.99600984e-01  3.00399016e-01 
 6.48062555e-02  2.82926543e-01  2.99599099e-01  3.00400901e-01 
 6.49062555e-02  2.82655847e-01  2.99597230e-01  3.00402770e-01 
 6.50062555e-02  2.82385954e-01  2.99595376e-01  3.00404624e-01 
 6.51062555e-02  2.82116870e-01  2.99593538e-01  3.00406462e-01 
 6.52062555e-02  2.81848604e-01  2.99591717e-01  3.00408283e-01 
 6.53062555e-02  2.81581162e-01  2.99589911e-01  3.00410089e-01 
 6.54062555e-02  2.81314553e-01  2.99588122e-01  3.00411878e-01 
 6.55062555e-02  2.81048783e-01  2.99586349e-01  3.00413651e-01 
 6.56062555e-02  2.80783860e-01  2.99584593e-01  3.00415407e-01 
 6.57062555e-02  2.80519791e-01  2.99582852e-01  3.00417148e-01 
 6.58062555e-02  2.80256584e-01  2.99581129e-01  3.00418871e-01 
 6.59062555e-02  2.79994246e-01  2.99579421e-01  3.00420579e-01 
 6.60062555e-02  2.79732785e-01  2.99577731e-01  3.00422269e-01 
 6.61062555e-02  2.79472208e-01  2.99576057e-01  3.00423943e-01 
 6.62062555e-02  2.79212522e-01  2.99574400e-01  3.00425600e-01 
 6.63062555e-02  2.78953736e-01  2.99572759e-01  3.00427241e-01 
 6.64062555e-02  2.78695856e-01  2.99571136e-01  3.00428864e-01 
 6.65062555e-02  2.78438891e-01  2.99569529e-01  3.00430471e-01 
 6.66062555e-02  2.78182847e-01  2.99567939e-01  3.00432061e-01 
 6.67062555e-02  2.77927732e-01  2.99566367e-01  3.00433633e-01 
 6.68062555e-02  2.77673554e-01  2.99564811e-01  3.00435189e-01 
 6.69062555e-02  2.77420321e-01  2.99563273e-01  3.00436727e-01 
 6.70062555e-02  2.77168039e-01  2.99561752e-01  3.00438248e-01 
 6.71062555e-02  2.76916716e-01  2.99560248e-01  3.00439752e-01 
 6.72062555e-02  2.76666360e-01  2.99558762e-01  3.00441238e-01 
 6.73062555e-02  2.76416978e-01  2.99557293e-01  3.00442707e-01 
 6.74062555e-02  2.76168579e-01  2.99555841e-01  3.00444159e-01 
 6.75062555e-02  2.75921168e-01  2.99554408e-01  3.00445592e-01 
 6.76062555e-02  2.75674755e-01  2.99552991e-01  3.00447009e-01 
 6.77062555e-02  2.75429346e-01  2.99551593e-01  3.00448407e-01 
 6.78062555e-02  2.75184949e-01  2.99550212e-01  3.00449788e-01 
 6.79062555e-02  2.74941572e-01  2.99548848e-01  3.00451152e-01 
 6.80062555e-02  2.74699221e-01  2.99547503e-01  3.00452497e-01 
 6.81062555e-02  2.74457906e-01  2.99546175e-01  3.00453825e-01 
 6.82062555e-02  2.74217632e-01  2.99544866e-01  3.00455134e-01 
 6.83062555e-02  2.73978408e-01  2.99543574e-01  3.00456426e-01 
 6.84062555e-02  2.73740241e-01  2.99542300e-01  3.00457700e-01 
 6.85062555e-02  2.73503139e-01  2.99541045e-01  3.00458955e-01 
 6.86062555e-02  2.73267108e-01  2.99539807e-01  3.00460193e-01 
 6.87062555e-02  2.73032158e-01  2.99538588e-01  3.00461412e-01 
 6.88062555e-02  2.72798294e-01  2.99537387e-01  3.00462613e-01 
 6.89062555e-02  2.72565525e-01  2.99536204e-01  3.00463796e-01 
 6.90062555e-02  2.72333858e-01  2.99535039e-01  3.00464961e-01 
 6.91062555e-02  2.72103300e-01  2.99533893e-01  3.00466107e-01 
 6.92062555e-02  2.71873859e-01  2.99532766e-01  3.00467234e-01 
 6.93062555e-02  2.71645543e-01  2.99531656e-01  3.00468344e-01 
 6.94062555e-02  2.71418358e-01  2.99530565e-01  3.00469435e-01 
 6.95062555e-02  2.71192312e-01  2.99529493e-01  3.00470507e-01 
 6.96062555e-02  2.70967412e-01  2.99528439e-01  3.00471561e-01 
 6.97062555e-02  2.70743667e-01  2.99527404e-01  3.00472596e-01 
 6.98062555e-02  2.70521082e-01  2.99526388e-01  3.00473612e-01 
 6.99062555e-02  2.70299666e-01  2.99525390e-01  3.00474610e-01 
 7.00062555e-02  2.70079426e-01  2.99524411e-01  3.00475589e-01 
 7.01062555e-02  2.69860369e-01  2.99523451e-01  3.00476549e-01 
 7.02062555e-02  2.69642502e-01  2.99522509e-01  3.00477491e-01 
 7.03062555e-02  2.69425833e-01  2.99521587e-01  3.00478413e-01 
 7.04062555e-02  2.69210369e-01  2.99520683e-01  3.00479317e-01 
 7.05062555e-02  2.68996117e-01  2.99519798e-01  3.00480202e-01 
 7.06062555e-02  2.68783085e-01  2.99518933e-01  3.00481067e-01 
 7.07062555e-02  2.68571279e-01  2.99518086e-01  3.00481914e-01 
 7.08062555e-02  2.68360707e-01  2.99517258e-01  3.00482742e-01 
 7.09062555e-02  2.68151376e-01  2.99516449e-01  3.00483551e-01 
 7.10062555e-02  2.67943292e-01  2.99515660e-01  3.00484340e-01 
 7.11062555e-02  2.67736464e-01  2.99514889e-01  3.00485111e-01 
 7.12062555e-02  2.67530899e-01  2.99514138e-01  3.00485862e-01 
 7.13062555e-02  2.67326602e-01  2.99513406e-01  3.00486594e-01 
 7.14062555e-02  2.67123582e-01  2.99512693e-01  3.00487307e-01 
 7.15062555e-02  2.66921845e-01  2.99511999e-01  3.00488001e-01 
 7.16062555e-02  2.66721399e-01  2.99511324e-01  3.00488676e-01 
 7.17062555e-02  2.66522250e-01  2.99510669e-01  3.00489331e-01 
 7.18062555e-02  2.66324405e-01  2.99510033e-01  3.00489967e-01 
 7.19062555e-02  2.66127872e-01  2.99509417e-01  3.00490583e-01 
 7.20062555e-02  2.65932657e-01  2.99508820e-01  3.00491180e-01 
 7.21062555e-02  2.65738766e-01  2.99508242e-01  3.00491758e-01 
 7.22062555e-02  2.65546208e-01  2.99507683e-01  3.00492317e-01 
 7.23062555e-02  2.65354988e-01  2.99507145e-01  3.00492855e-01 
 7.24062555e-02  2.65165113e-01  2.99506625e-01  3.00493375e-01 
 7.25062555e-02  2.64976591e-01  2.99506125e-01  3.00493875e-01 
 7.26062555e-02  2.64789427e-01  2.99505645e-01  3.00494355e-01 
 7.27062555e-02  2.64603630e-01  2.99505184e-01  3.00494816e-01 
 7.28062555e-02  2.64419204e-01  2.99504742e-01  3.00495258e-01 
 7.29062555e-02  2.64236157e-01  2.99504320e-01  3.00495680e-01 
 7.30062555e-02  2.64054496e-01  2.99503918e-01  3.00496082e-01 
 7.31062555e-02  2.63874227e-01  2.99503535e-01  3.00496465e-01 
 7.32062555e-02  2.63695357e-01  2.99503172e-01  3.00496828e-01 
 7.33062555e-02  2.63517891e-01  2.99502829e-01  3.00497171e-01 
 7.34062555e-02  2.63341838e-01  2.99502505e-01  3.00497495e-01 
 7.35062555e-02  2.63167202e-01  2.99502201e-01  3.00497799e-01 
 7.36062555e-02  2.62993991e-01  2.99501916e-01  3.00498084e-01 
 7.37062555e-02  2.62822211e-01  2.99501651e-01  3.00498349e-01 
 7.38062555e-02  2.62651868e-01  2.99501406e-01  3.00498594e-01 
 7.39062555e-02  2.62482969e-01  2.99501180e-01  3.00498820e-01 
 7.40062555e-02  2.62315519e-01  2.99500974e-01  3.00499026e-01 
 7.41062555e-02  2.62149526e-01  2.99500788e-01  3.00499212e-01 
 7.42062555e-02  2.61984995e-01  2.99500622e-01  3.00499378e-01 
 7.43062555e-02  2.61821932e-01  2.99500475e-01  3.00499525e-01 
 7.44062555e-02  2.61660344e-01  2.99500348e-01  3.00499652e-01 
 7.45062555e-02  2.61500236e-01  2.99500241e-01  3.00499759e-01 
 7.46062555e-02  2.61341616e-01  2.99500153e-01  3.00499847e-01 
 7.47062555e-02  2.61184488e-01  2.99500085e-01  3.00499915e-01 
 7.48062555e-02  2.61028859e-01  2.99500037e-01  3.00499963e-01 
 7.49062555e-02  2.60874735e-01  2.99500009e-01  3.00499991e-01 
 7.50062555e-02  2.60722121e-01  2.99500000e-01  3.00500000e-01 
 7.51062555e-02  2.60571024e-01  2.99500011e-01  3.00499989e-01 
 7.52062555e-02  2.60421450e-01  2.99500042e-01  3.00499958e-01 
 7.53062555e-02  2.60273403e-01  2.99500093e-01  3.00499907e-01 
 7.54062555e-02  2.60126891e-01  2.99500163e-01  3.00499837e-01 
 7.55062555e-02  2.59981918e-01  2.99500253e-01  3.00499747e-01 
 7.56062555e-02  2.59838491e-01  2.99500363e-01  3.00499637e-01 
 7.57062555e-02  2.59696615e-01  2.99500492e-01  3.00499508e-01 
 7.58062555e-02  2.59556295e-01  2.99500641e-01  3.00499359e-01 
 7.59062555e-02  2.59417537e-01  2.99500810e-01  3.00499190e-01 
 7.60062555e-02  2.59280348e-01  2.99500999e-01  3.00499001e-01 
 7.61062555e-02  2.59144731e-01  2.99501207e-01  3.00498793e-01 
 7.62062555e-02  2.59010693e-01  2.99501435e-01  3.00498565e-01 
 7.63062555e-02  2.58878239e-01  2.99501683e-01  3.00498317e-01 
 7.64062555e-02  2.58747375e-01  2.99501950e-01  3.00498050e-01 
 7.65062555e-02  2.58618105e-01  2.99502238e-01  3.00497762e-01 
 7.66062555e-02  2.58490435e-01  2.99502544e-01  3.00497456e-01 
 7.67062555e-02  2.58364371e-01  2.99502871e-01  3.00497129e-01 
 7.68062555e-02  2.58239917e-01  2.99503217e-01  3.00496783e-01 
 7.69062555e-02  2.58117078e-01  2.99503582e-01  3.00496418e-01 
 7.70062555e-02  2.57995861e-01  2.99503967e-01  3.00496033e-01 
 7.71062555e-02  2.57876269e-01  2.99504372e-01  3.00495628e-01 
 7.72062555e-02  2.57758307e-01  2.99504796e-01  3.00495204e-01 
 7.73062555e-02  2.57641982e-01  2.99505240e-01  3.00494760e-01 
 7.74062555e-02  2.57527297e-01  2.99505704e-01  3.00494296e-01 
 7.75062555e-02  2.57414257e-01  2.99506187e-01  3.00493813e-01 
 7.76062555e-02  2.57302869e-01  2.99506689e-01  3.00493311e-01 
 7.77062555e-02  2.57193135e-01  2.99507211e-01  3.00492789e-01 
 7.78062555e-02  2.57085061e-01  2.99507752e-01  3.00492248e-01 
 7.79062555e-02  2.56978652e-01  2.99508313e-01  3.00491687e-01 
 7.80062555e-02  2.56873912e-01  2.99508893e-01  3.00491107e-01 
 7.81062555e-02  2.56770846e-01  2.99509493e-01  3.00490507e-01 
 7.82062555e-02  2.56669459e-01  2.99510112e-01  3.00489888e-01 
 7.83062555e-02  2.56569755e-01  2.99510750e-01  3.00489250e-01 
 7.84062555e-02  2.56471738e-01  2.99511408e-01  3.00488592e-01 
 7.85062555e-02  2.56375413e-01  2.99512085e-01  3.00487915e-01 
 7.86062555e-02  2.56280785e-01  2.99512781e-01  3.00487219e-01 
 7.87062555e-02  2.56187857e-01  2.99513496e-01  3.00486504e-01 
 7.88062555e-02  2.56096634e-01  2.99514231e-01  3.00485769e-01 
 7.89062555e-02  2.56007121e-01  2.99514984e-01  3.00485016e-01 
 7.90062555e-02  2.55919321e-01  2.99515757e-01  3.00484243e-01 
 7.91062555e-02  2.55833238e-01  2.99516549e-01  3.00483451e-01 
 7.92062555e-02  2.55748878e-01  2.99517360e-01  3.00482640e-01 
 7.93062555e-02  2.55666243e-01  2.99518191e-01  3.00481809e-01 
 7.94062555e-02  2.55585338e-01  2.99519040e-01  3.00480960e-01 
 7.95062555e-02  2.55506167e-01  2.99519908e-01  3.00480092e-01 
 7.96062555e-02  2.55428733e-01  2.99520795e-01  3.00479205e-01 
 7.97062555e-02  2.55353042e-01  2.99521701e-01  3.00478299e-01 
 7.98062555e-02  2.55279095e-01  2.99522626e-01  3.00477374e-01 
 7.99062555e-02  2.55206898e-01  2.99523570e-01  3.00476430e-01 
 8.00062555e-02  2.55136454e-01  2.99524533e-01  3.00475467e-01 
 8.01062555e-02  2.55067767e-01  2.99525514e-01  3.00474486e-01 
 8.02062555e-02  2.55000840e-01  2.99526514e-01  3.00473486e-01 
 8.03062555e-02  2.54935676e-01  2.99527533e-01  3.00472467e-01 
 8.04062555e-02  2.54872280e-01  2.99528570e-01  3.00471430e-01 
 8.05062555e-02  2.54810656e-01  2.99529626e-01  3.00470374e-01 
 8.06062555e-02  2.54750805e-01  2.99530701e-01  3.00469299e-01 
 8.07062555e-02  2.54692733e-01  2.99531794e-01  3.00468206e-01 
 8.08062555e-02  2.54636441e-01  2.99532906e-01  3.00467094e-01 
 8.09062555e-02  2.54581934e-01  2.99534036e-01  3.00465964e-01 
 8.10062555e-02  2.54529215e-01  2.99535184e-01  3.00464816e-01 
 8.11062555e-02  2.54478286e-01  2.99536351e-01  3.00463649e-01 
 8.12062555e-02  2.54429152e-01  2.99537536e-01  3.00462464e-01 
 8.13062555e-02  2.54381815e-01  2.99538739e-01  3.00461261e-01 
 8.14062555e-02  2.54336279e-01  2.99539961e-01  3.00460039e-01 
 8.15062555e-02  2.54292545e-01  2.99541201e-01  3.00458799e-01 
 8.16062555e-02  2.54250618e-01  2.99542459e-01  3.00457541e-01 
 8.17062555e-02  2.54210500e-01  2.99543735e-01  3.00456265e-01 
 8.18062555e-02  2.54172194e-01  2.99545028e-01  3.00454972e-01 
 8.19062555e-02  2.54135703e-01  2.99546340e-01  3.00453660e-01 
 8.20062555e-02  2.54101030e-01  2.99547670e-01  3.00452330e-01 
 8.21062555e-02  2.54068177e-01  2.99549018e-01  3.00450982e-01 
 8.22062555e-02  2.54037147e-01  2.99550383e-01  3.00449617e-01 
 8.23062555e-02  2.54007943e-01  2.99551767e-01  3.00448233e-01 
 8.24062555e-02  2.53980567e-01  2.99553167e-01  3.00446833e-01 
 8.25062555e-02  2.53955022e-01  2.99554586e-01  3.00445414e-01 
 8.26062555e-02  2.53931310e-01  2.99556022e-01  3.00443978e-01 
 8.27062555e-02  2.53909434e-01  2.99557476e-01  3.00442524e-01 
 8.28062555e-02  2.53889397e-01  2.99558947e-01  3.00441053e-01 
 8.29062555e-02  2.53871199e-01  2.99560435e-01  3.00439565e-01 
 8.30062555e-02  2.53854844e-01  2.99561941e-01  3.00438059e-01 
 8.31062555e-02  2.53840335e-01  2.99563465e-01  3.00436535e-01 
 8.32062555e-02  2.53827672e-01  2.99565005e-01  3.00434995e-01 
 8.33062555e-02  2.53816859e-01  2.99566563e-01  3.00433437e-01 
 8.34062555e-02  2.53807897e-01  2.99568137e-01  3.00431863e-01 
 8.35062555e-02  2.53800788e-01  2.99569729e-01  3.00430271e-01 
 8.36062555e-02  2.53795535e-01  2.99571338e-01  3.00428662e-01 
 8.37062555e-02  2.53792140e-01  2.99572963e-01  3.00427037e-01 
 8.38062555e-02  2.53790603e-01  2.99574606e-01  3.00425394e-01 
 8.39062555e-02  2.53790928e-01  2.99576265e-01  3.00423735e-01 
 8.40062555e-02  2.53793116e-01  2.99577941e-01  3.00422059e-01 
 8.41062555e-02  2.53797168e-01  2.99579634e-01  3.00420366e-01 
 8.42062555e-02  2.53803087e-01  2.99581343e-01  3.00418657e-01 
 8.43062555e-02  2.53810873e-01  2.99583069e-01  3.00416931e-01 
 8.44062555e-02  2.53820529e-01  2.99584812e-01  3.00415188e-01 
 8.45062555e-02  2.53832057e-01  2.99586570e-01  3.00413430e-01 
 8.46062555e-02  2.53845457e-01  2.99588345e-01  3.00411655e-01 
 8.47062555e-02  2.53860731e-01  2.99590136e-01  3.00409864e-01 
 8.48062555e-02  2.53877881e-01  2.99591944e-01  3.00408056e-01 
 8.49062555e-02  2.53896907e-01  2.99593767e-01  3.00406233e-01 
 8.50062555e-02  2.53917812e-01  2.99595607e-01  3.00404393e-01 
 8.51062555e-02  2.53940596e-01  2.99597463e-01  3.00402537e-01 
 8.52062555e-02  2.53965260e-01  2.99599334e-01  3.00400666e-01 
 8.53062555e-02  2.53991807e-01  2.99601221e-01  3.00398779e-01 
 8.54062555e-02  2.54020236e-01  2.99603124e-01  3.00396876e-01 
 8.55062555e-02  2.54050549e-01  2.99605043e-01  3.00394957e-01 
 8.56062555e-02  2.54082747e-01  2.99606977e-01  3.00393023e-01 
 8.57062555e-02  2.54116832e-01  2.99608927e-01  3.00391073e-01 
 8.58062555e-02  2.54152802e-01  2.99610892e-01  3.00389108e-01 
 8.59062555e-02  2.54190661e-01  2.99612873e-01  3.00387127e-01 
 8.60062555e-02  2.54230408e-01  2.99614869e-01  3.00385131e-01 
 8.61062555e-02  2.54272044e-01  2.99616880e-01  3.00383120e-01 
 8.62062555e-02  2.54315570e-01  2.99618906e-01  3.00381094e-01 
 8.63062555e-02  2.54360987e-01  2.99620947e-01  3.00379053e-01 
 8.64062555e-02  2.54408295e-01  2.99623003e-01  3.00376997e-01 
 8.65062555e-02  2.54457495e-01  2.99625074e-01  3.00374926e-01 
 8.66062555e-02  2.54508587e-01  2.99627160e-01  3.00372840e-01 
 8.67062555e-02  2.54561572e-01  2.99629261e-01  3.00370739e-01 
 8.68062555e-02  2.54616450e-01  2.99631376e-01  3.00368624e-01 
 8.69062555e-02  2.54673222e-01  2.99633506e-01  3.00366494e-01 
 8.70062555e-02  2.54731887e-01  2.99635650e-01  3.00364350e-01 
 8.71062555e-02  2.54792447e-01  2.99637809e-01  3.00362191e-01 
 8.72062555e-02  2.54854901e-01  2.99639982e-01  3.00360018e-01 
 8.73062555e-02  2.54919249e-01  2.99642169e-01  3.00357831e-01 
 8.74062555e-02  2.54985492e-01  2.99644370e-01  3.00355630e-01 
 8.75062555e-02  2.55053630e-01  2.99646586e-01  3.00353414e-01 
 8.76062555e-02  2.55123662e-01  2.99648815e-01  3.00351185e-01 
 8.77062555e-02  2.55195589e-01  2.99651058e-01  3.00348942e-01 
 8.78062555e-02  2.55269411e-01  2.99653315e-01  3.00346685e-01 
 8.79062555e-02  2.55345127e-01  2.99655586e-01  3.00344414e-01 
 8.80062555e-02  2.55422737e-01  2.99657870e-01  3.00342130e-01 
 8.81062555e-02  2.55502242e-01  2.99660167e-01  3.00339833e-01 
 8.82062555e-02  2.55583640e-01  2.99662479e-01  3.00337521e-01 
 8.83062555e-02  2.55666931e-01  2.99664803e-01  3.00335197e-01 
 8.84062555e-02  2.55752116e-01  2.99667141e-01  3.00332859e-01 
 8.85062555e-02  2.55839193e-01  2.99669492e-01  3.00330508e-01 
 8.86062555e-02  2.55928162e-01  2.99671855e-01  3.00328145e-01 
 8.87062555e-02  2.56019023e-01  2.99674232e-01  3.00325768e-01 
 8.88062555e-02  2.56111775e-01  2.99676622e-01  3.00323378e-01 
 8.89062555e-02  2.56206417e-01  2.99679024e-01  3.00320976e-01 
 8.90062555e-02  2.56302949e-01  2.99681439e-01  3.00318561e-01 
 8.91062555e-02  2.56401370e-01  2.99683867e-01  3.00316133e-01 
 8.92062555e-02  2.56501679e-01  2.99686307e-01  3.00313693e-01 
 8.93062555e-02  2.56603876e-01  2.99688760e-01  3.00311240e-01 
 8.94062555e-02  2.56707959e-01  2.99691225e-01  3.00308775e-01 
 8.95062555e-02  2.56813927e-01  2.99693702e-01  3.00306298e-01 
 8.96062555e-02  2.56921780e-01  2.99696191e-01  3.00303809e-01 
 8.97062555e-02  2.57031516e-01  2.99698692e-01  3.00301308e-01 
 8.98062555e-02  2.57143135e-01  2.99701205e-01  3.00298795e-01 
 8.99062555e-02  2.57256635e-01  2.99703730e-01  3.00296270e-01 
 9.00062555e-02  2.57372015e-01  2.99706266e-01  3.00293734e-01 
 9.01062555e-02  2.57489274e-01  2.99708814e-01  3.00291186e-01 
 9.02062555e-02  2.57608411e-01  2.99711374e-01  3.00288626e-01 
 9.03062555e-02  2.57729424e-01  2.99713945e-01  3.00286055e-01 
 9.04062555e-02  2.57852311e-01  2.99716527e-01  3.00283473e-01 
 9.05062555e-02  2.57977072e-01  2.99719121e-01  3.00280879e-01 
 9.06062555e-02  2.58103705e-01  2.99721725e-01  3.00278275e-01 
 9.07062555e-02  2.58232208e-01  2.99724341e-01  3.00275659e-01 
 9.08062555e-02  2.58362580e-01  2.99726967e-01  3.00273033e-01 
 9.09062555e-02  2.58494819e-01  2.99729605e-01  3.00270395e-01 
 9.10062555e-02  2.58628924e-01  2.99732253e-01  3.00267747e-01 
 9.11062555e-02  2.58764892e-01  2.99734911e-01  3.00265089e-01 
 9.12062555e-02  2.58902722e-01  2.99737580e-01  3.00262420e-01 
 9.13062555e-02  2.59042412e-01  2.99740259e-01  3.00259741e-01 
 9.14062555e-02  2.59183960e-01  2.99742949e-01  3.00257051e-01 
 9.15062555e-02  2.59327364e-01  2.99745648e-01  3.00254352e-01 
 9.16062555e-02  2.59472622e-01  2.99748358e-01  3.00251642e-01 
 9.17062555e-02  2.59619732e-01  2.99751078e-01  3.00248922e-01 
 9.18062555e-02  2.59768693e-01  2.99753807e-01  3.00246193e-01 
 9.19062555e-02  2.59919501e-01  2.99756547e-01  3.00243453e-01 
 9.20062555e-02  2.60072155e-01  2.99759295e-01  3.00240705e-01 
 9.21062555e-02  2.60226652e-01  2.99762054e-01  3.00237946e-01 
 9.22062555e-02  2.60382990e-01  2.99764821e-01  3.00235179e-01 
 9.23062555e-02  2.60541166e-01  2.99767598e-01  3.00232402e-01 
 9.24062555e-02  2.60701179e-01  2.99770385e-01  3.00229615e-01 
 9.25062555e-02  2.60863026e-01  2.99773180e-01  3.00226820e-01 
 9.26062555e-02  2.61026704e-01  2.99775984e-01  3.00224016e-01 
 9.27062555e-02  2.61192210e-01  2.99778797e-01  3.00221203e-01 
 9.28062555e-02  2.61359542e-01  2.99781619e-01  3.00218381e-01 
 9.29062555e-02  2.61528698e-01  2.99784449e-01  3.00215551e-01 
 9.30062555e-02  2.61699674e-01  2.99787288e-01  3.00212712e-01 
 9.31062555e-02  2.61872468e-01  2.99790135e-01  3.00209865e-01 
 9.32062555e-02  2.62047077e-01  2.99792991e-01  3.00207009e-01 
 9.33062555e-02  2.62223498e-01  2.99795855e-01  3.00204145e-01 
 9.34062555e-02  2.62401728e-01  2.99798727e-01  3.00201273e-01 
 9.35062555e-02  2.62581765e-01  2.99801606e-01  3.00198394e-01 
 9.36062555e-02  2.62763604e-01  2.99804494e-01  3.00195506e-01 
 9.37062555e-02  2.62947243e-01  2.99807389e-01  3.00192611e-01 
 9.38062555e-02  2.63132679e-01  2.99810292e-01  3.00189708e-01 
 9.39062555e-02  2.63319908e-01  2.99813203e-01  3.00186797e-01 
 9.40062555e-02  2.63508928e-01  2.99816120e-01  3.00183880e-01 
 9.41062555e-02  2.63699735e-01  2.99819046e-01  3.00180954e-01 
 9.42062555e-02  2.63892325e-01  2.99821978e-01  3.00178022e-01 
 9.43062555e-02  2.64086695e-01  2.99824917e-01  3.00175083e-01 
 9.44062555e-02  2.64282842e-01  2.99827863e-01  3.00172137e-01 
 9.45062555e-02  2.64480763e-01  2.99830816e-01  3.00169184e-01 
 9.46062555e-02  2.64680452e-01  2.99833776e-01  3.00166224e-01 
 9.47062555e-02  2.64881908e-01  2.99836742e-01  3.00163258e-01 
 9.48062555e-02  2.65085126e-01  2.99839714e-01  3.00160286e-01 
 9.49062555e-02  2.65290102e-01  2.99842693e-01  3.00157307e-01 
 9.50062555e-02  2.65496833e-01  2.99845678e-01  3.00154322e-01 
 9.51062555e-02  2.65705315e-01  2.99848670e-01  3.00151330e-01 
 9.52062555e-02  2.65915543e-01  2.99851667e-01  3.00148333e-01 
 9.53062555e-02  2.66127515e-01  2.99854670e-01  3.00145330e-01 
 9.54062555e-02  2.66341225e-01  2.99857679e-01  3.00142321e-01 
 9.55062555e-02  2.66556670e-01  2.99860693e-01  3.00139307e-01 
 9.56062555e-02  2.66773846e-01  2.99863713e-01  3.00136287e-01 
 9.57062555e-02  2.66992748e-01  2.99866738e-01  3.00133262e-01 
 9.58062555e-02  2.67213373e-01  2.99869769e-01  3.00130231e-01 
 9.59062555e-02  2.67435716e-01  2.99872805e-01  3.00127195e-01 
 9.60062555e-02  2.67659772e-01  2.99875845e-01  3.00124155e-01 
 9.61062555e-02  2.67885537e-01  2.99878891e-01  3.00121109e-01 
 9.62062555e-02  2.68113007e-01  2.99881941e-01  3.00118059e-01 
 9.63062555e-02  2.68342178e-01  2.99884997e-01  3.00115003e-01 
 9.64062555e-02  2.68573044e-01  2.99888056e-01  3.00111944e-01 
 9.65062555e-02  2.68805601e-01  2.99891120e-01  3.00108880e-01 
 9.66062555e-02  2.69039844e-01  2.99894189e-01  3.00105811e-01 
 9.67062555e-02  2.69275769e-01  2.99897261e-01  3.00102739e-01 
 9.68062555e-02  2.69513371e-01  2.99900338e-01  3.00099662e-01 
 9.69062555e-02  2.69752645e-01  2.99903418e-01  3.00096582e-01 
 9.70062555e-02  2.69993586e-01  2.99906502e-01  3.00093498e-01 
 9.71062555e-02  2.70236190e-01  2.99909590e-01  3.00090410e-01 
 9.72062555e-02  2.70480450e-01  2.99912682e-01  3.00087318e-01 
 9.73062555e-02  2.70726362e-01  2.99915777e-01  3.00084223e-01 
 9.74062555e-02  2.70973922e-01  2.99918875e-01  3.00081125e-01 
 9.75062555e-02  2.71223123e-01  2.99921977e-01  3.00078023e-01 
 9.76062555e-02  2.71473961e-01  2.99925082e-01  3.00074918e-01 
 9.77062555e-02  2.71726430e-01  2.99928189e-01  3.00071811e-01 
 9.78062555e-02  2.71980526e-01  2.99931300e-01  3.00068700e-01 
 9.79062555e-02  2.72236241e-01  2.99934413e-01  3.00065587e-01 
 9.80062555e-02  2.72493572e-01  2.99937528e-01  3.00062472e-01 
 9.81062555e-02  2.72752513e-01  2.99940647e-01  3.00059353e-01 
 9.82062555e-02  2.73013057e-01  2.99943767e-01  3.00056233e-01 
 9.83062555e-02  2.73275200e-01  2.99946890e-01  3.00053110e-01 
 9.84062555e-02  2.73538936e-01  2.99950015e-01  3.00049985e-01 
 9.85062555e-02  2.73804259e-01  2.99953141e-01  3.00046859e-01 
 9.86062555e-02  2.74071164e-01  2.99956270e-01  3.00043730e-01 
 9.87062555e-02  2.74339643e-01  2.99959401e-01  3.00040599e-01 
 9.88062555e-02  2.74609693e-01  2.99962533e-01  3.00037467e-01 
 9.89062555e-02  2.74881306e-01  2.99965666e-01  3.00034334e-01 
 9.90062555e-02  2.75154476e-01  2.99968801e-01  3.00031199e-01 
 9.91062555e-02  2.75429199e-01  2.99971937e-01  3.00028063e-01 
 9.92062555e-02  2.75705466e-01  2.99975074e-01  3.00024926e-01 
 9.93062555e-02  2.75983273e-01  2.99978212e-01  3.00021788e-01 
 9.94062555e-02  2.76262614e-01  2.99981351e-01  3.00018649e-01 
 9.95062555e-02  2.76543481e-01  2.99984491e-01  3.00015509e-01 
 9.96062555e-02  2.76825868e-01  2.99987631e-01  3.00012369e-01 
 9.97062555e-02  2.77109770e-01  2.99990772e-01  3.00009228e-01 
 9.98062555e-02  2.77395180e-01  2.99993913e-01  3.00006087e-01 
 9.99062555e-02  2.77682091e-01  2.99997055e-01  3.00002945e-01 
 1.00006256e-01  2.77970496e-01  3.00000197e-01  2.99999803e-01 
 1.00106256e-01  2.78260390e-01  3.00003338e-01  2.99996662e-01 
 1.00206256e-01  2.78551765e-01  3.00006480e-01  2.99993520e-01 
 1.00306256e-01  2.78844614e-01  3.00009621e-01  2.99990379e-01 
 1.00406256e-01  2.79138932e-01  3.00012762e-01  2.99987238e-01 
 1.00506256e-01  2.79434711e-01  3.00015902e-01  2.99984098e-01 
 1.00606256e-01  2.79731944e-01  3.00019041e-01  2.99980959e-01 
 1.00706256e-01  2.80030625e-01  3.00022180e-01  2.99977820e-01 
 1.00806256e-01  2.80330746e-01  3.00025318e-01  2.99974682e-01 
 1.00906256e-01  2.80633627e-01  3.00028455e-01  2.99971545e-01 
 1.01006256e-01  2.80937662e-01  3.00031591e-01  2.99968409e-01 
 1.01106256e-01  2.81242189e-01  3.00034726e-01  2.99965274e-01 
 1.01206256e-01  2.81546940e-01  3.00037859e-01  2.99962141e-01 
 1.01306256e-01  2.81851811e-01  3.00040991e-01  2.99959009e-01 
 1.01406256e-01  2.82156766e-01  3.00044121e-01  2.99955879e-01 
 1.01506256e-01  2.82461797e-01  3.00047250e-01  2.99952750e-01 
 1.01606256e-01  2.82766901e-01  3.00050376e-01  2.99949624e-01 
 1.01706256e-01  2.83072080e-01  3.00053501e-01  2.99946499e-01 
 1.01806256e-01  2.83377336e-01  3.00056623e-01  2.99943377e-01 
 1.01906256e-01  2.83682671e-01  3.00059744e-01  2.99940256e-01 
 1.02006256e-01  2.83988087e-01  3.00062862e-01  2.99937138e-01 
 1.02106256e-01  2.84293586e-01  3.00065977e-01  2.99934023e-01 
 1.02206256e-01  2.84599169e-01  3.00069090e-01  2.99930910e-01 
 1.02306256e-01  2.84904838e-01  3.00072200e-01  2.99927800e-01 
 1.02406256e-01  2.85210595e-01  3.00075307e-01  2.99924693e-01 
 1.02506256e-01  2.85516442e-01  3.00078411e-01  2.99921589e-01 
 1.02606256e-01  2.85822378e-01  3.00081512e-01  2.99918488e-01 
 1.02706256e-01  2.86128405e-01  3.00084610e-01  2.99915390e-01 
 1.02806256e-01  2.86434524e-01  3.00087705e-01  2.99912295e-01 
 1.02906256e-01  2.86740736e-01  3.00090796e-01  2.99909204e-01 
 1.03006256e-01  2.87047041e-01  3.00093884e-01  2.99906116e-01 
 1.03106256e-01  2.87353440e-01  3.00096968e-01  2.99903032e-01 
 1.03206256e-01  2.87659933e-01  3.00100048e-01  2.99899952e-01 
 1.03306256e-01  2.87966520e-01  3.00103124e-01  2.99896876e-01 
 1.03406256e-01  2.88273202e-01  3.00106196e-01  2.99893804e-01 
 1.03506256e-01  2.88579977e-01  3.00109263e-01  2.99890737e-01 
 1.03606256e-01  2.88886847e-01  3.00112327e-01  2.99887673e-01 
 1.03706256e-01  2.89193809e-01  3.00115386e-01  2.99884614e-01 
 1.03806256e-01  2.89500865e-01  3.00118440e-01  2.99881560e-01 
 1.03906256e-01  2.89808013e-01  3.00121490e-01  2.99878510e-01 
 1.04006256e-01  2.90115253e-01  3.00124535e-01  2.99875465e-01 
 1.04106256e-01  2.90422584e-01  3.00127575e-01  2.99872425e-01 
 1.04206256e-01  2.90730004e-01  3.00130610e-01  2.99869390e-01 
 1.04306256e-01  2.91037513e-01  3.00133640e-01  2.99866360e-01 
 1.04406256e-01  2.91345109e-01  3.00136665e-01  2.99863335e-01 
 1.04506256e-01  2.91652791e-01  3.00139684e-01  2.99860316e-01 
 1.04606256e-01  2.91960557e-01  3.00142698e-01  2.99857302e-01 
 1.04706256e-01  2.92268406e-01  3.00145706e-01  2.99854294e-01 
 1.04806256e-01  2.92576336e-01  3.00148708e-01  2.99851292e-01 
 1.04906256e-01  2.92884345e-01  3.00151705e-01  2.99848295e-01 
 1.05006256e-01  2.93192432e-01  3.00154695e-01  2.99845305e-01 
 1.05106256e-01  2.93500594e-01  3.00157680e-01  2.99842320e-01 
 1.05206256e-01  2.93808828e-01  3.00160658e-01  2.99839342e-01 
 1.05306256e-01  2.94117133e-01  3.00163630e-01  2.99836370e-01 
 1.05406256e-01  2.94425506e-01  3.00166595e-01  2.99833405e-01 
 1.05506256e-01  2.94733945e-01  3.00169554e-01  2.99830446e-01 
 1.05606256e-01  2.95042447e-01  3.00172506e-01  2.99827494e-01 
 1.05706256e-01  2.95351009e-01  3.00175451e-01  2.99824549e-01 
 1.05806256e-01  2.95659629e-01  3.00178390e-01  2.99821610e-01 
 1.05906256e-01  2.95968303e-01  3.00181321e-01  2.99818679e-01 
 1.06006256e-01  2.96277028e-01  3.00184245e-01  2.99815755e-01 
 1.06106256e-01  2.96585801e-01  3.00187162e-01  2.99812838e-01 
 1.06206256e-01  2.96894620e-01  3.00190071e-01  2.99809929e-01 
 1.06306256e-01  2.97203479e-01  3.00192973e-01  2.99807027e-01 
 1.06406256e-01  2.97512377e-01  3.00195868e-01  2.99804132e-01 
 1.06506256e-01  2.97821310e-01  3.00198754e-01  2.99801246e-01 
 1.06606256e-01  2.98130273e-01  3.00201633e-01  2.99798367e-01 
 1.06706256e-01  2.98439264e-01  3.00204504e-01  2.99795496e-01 
 1.06806256e-01  2.98748290e-01  3.00207367e-01  2.99792633e-01 
 1.06906256e-01  2.99057334e-01  3.00210221e-01  2.99789779e-01 
 1.07006256e-01  2.99366385e-01  3.00213067e-01  2.99786933e-01 
 1.07106256e-01  2.99675437e-01  3.00215905e-01  2.99784095e-01 
 1.07206256e-01  2.99984484e-01  3.00218735e-01  2.99781265e-01 
 1.07306256e-01  3.00293524e-01  3.00221555e-01  2.99778445e-01 
 1.07406256e-01  3.00602550e-01  3.00224367e-01  2.99775633e-01 
 1.07506256e-01  3.00911559e-01  3.00227170e-01  2.99772830e-01 
 1.07606256e-01  3.01220547e-01  3.00229964e-01  2.99770036e-01 
 1.07706256e-01  3.01529509e-01  3.00232749e-01  2.99767251e-01 
 1.07806256e-01  3.01838440e-01  3.00235525e-01  2.99764475e-01 
 1.07906256e-01  3.02147335e-01  3.00238292e-01  2.99761708e-01 
 1.08006256e-01  3.02456190e-01  3.00241049e-01  2.99758951e-01 
 1.08106256e-01  3.02765001e-01  3.00243797e-01  2.99756203e-01 
 1.08206256e-01  3.03073761e-01  3.00246535e-01  2.99753465e-01 
 1.08306256e-01  3.03382466e-01  3.00249263e-01  2.99750737e-01 
 1.08406256e-01  3.03691111e-01  3.00251981e-01  2.99748019e-01 
 1.08506256e-01  3.03999690e-01  3.00254690e-01  2.99745310e-01 
 1.08606256e-01  3.04308198e-01  3.00257388e-01  2.99742612e-01 
 1.08706256e-01  3.04616630e-01  3.00260077e-01  2.99739923e-01 
 1.08806256e-01  3.04924980e-01  3.00262755e-01  2.99737245e-01 
 1.08906256e-01  3.05233243e-01  3.00265422e-01  2.99734578e-01 
 1.09006256e-01  3.05541412e-01  3.00268079e-01  2.99731921e-01 
 1.09106256e-01  3.05849482e-01  3.00270726e-01  2.99729274e-01 
 1.09206256e-01  3.06157448e-01  3.00273362e-01  2.99726638e-01 
 1.09306256e-01  3.06465302e-01  3.00275987e-01  2.99724013e-01 
 1.09406256e-01  3.06773040e-01  3.00278601e-01  2.99721399e-01 
 1.09506256e-01  3.07080655e-01  3.00281204e-01  2.99718796e-01 
 1.09606256e-01  3.07388141e-01  3.00283796e-01  2.99716204e-01 
 1.09706256e-01  3.07695492e-01  3.00286377e-01  2.99713623e-01 
 1.09806256e-01  3.08002701e-01  3.00288947e-01  2.99711053e-01 
 1.09906256e-01  3.08309763e-01  3.00291505e-01  2.99708495e-01 
 1.10006256e-01  3.08616669e-01  3.00294052e-01  2.99705948e-01 
 1.10106256e-01  3.08923415e-01  3.00296587e-01  2.99703413e-01 
 1.10206256e-01  3.09229993e-01  3.00299110e-01  2.99700890e-01 
 1.10306256e-01  3.09536397e-01  3.00301622e-01  2.99698378e-01 
 1.10406256e-01  3.09842620e-01  3.00304121e-01  2.99695879e-01 
 1.10506256e-01  3.10148655e-01  3.00306609e-01  2.99693391e-01 
 1.10606256e-01  3.10454495e-01  3.00309084e-01  2.99690916e-01 
 1.10706256e-01  3.10760134e-01  3.00311548e-01  2.99688452e-01 
 1.10806256e-01  3.11065564e-01  3.00313999e-01  2.99686001e-01 
 1.10906256e-01  3.11370779e-01  3.00316437e-01  2.99683563e-01 
 1.11006256e-01  3.11675770e-01  3.00318863e-01  2.99681137e-01 
 1.11106256e-01  3.11980532e-01  3.00321277e-01  2.99678723e-01 
 1.11206256e-01  3.12285057e-01  3.00323678e-01  2.99676322e-01 
 1.11306256e-01  3.12589337e-01  3.00326066e-01  2.99673934e-01 
 1.11406256e-01  3.12893365e-01  3.00328441e-01  2.99671559e-01 
 1.11506256e-01  3.13197133e-01  3.00330803e-01  2.99669197e-01 
 1.11606256e-01  3.13500636e-01  3.00333153e-01  2.99666847e-01 
 1.11706256e-01  3.13803863e-01  3.00335489e-01  2.99664511e-01 
 1.11806256e-01  3.14106809e-01  3.00337811e-01  2.99662189e-01 
 1.11906256e-01  3.14409466e-01  3.00340121e-01  2.99659879e-01 
 1.12006256e-01  3.14711825e-01  3.00342417e-01  2.99657583e-01 
 1.12106256e-01  3.15013879e-01  3.00344699e-01  2.99655301e-01 
 1.12206256e-01  3.15315621e-01  3.00346968e-01  2.99653032e-01 
 1.12306256e-01  3.15617042e-01  3.00349223e-01  2.99650777e-01 
 1.12406256e-01  3.15918135e-01  3.00351465e-01  2.99648535e-01 
 1.12506256e-01  3.16218891e-01  3.00353692e-01  2.99646308e-01 
 1.12606256e-01  3.16519303e-01  3.00355906e-01  2.99644094e-01 
 1.12706256e-01  3.16819363e-01  3.00358105e-01  2.99641895e-01 
 1.12806256e-01  3.17119062e-01  3.00360291e-01  2.99639709e-01 
 1.12906256e-01  3.17418393e-01  3.00362462e-01  2.99637538e-01 
 1.13006256e-01  3.17717347e-01  3.00364619e-01  2.99635381e-01 
 1.13106256e-01  3.18015916e-01  3.00366761e-01  2.99633239e-01 
 1.13206256e-01  3.18314093e-01  3.00368889e-01  2.99631111e-01 
 1.13306256e-01  3.18611867e-01  3.00371003e-01  2.99628997e-01 
 1.13406256e-01  3.18909233e-01  3.00373101e-01  2.99626899e-01 
 1.13506256e-01  3.19206180e-01  3.00375185e-01  2.99624815e-01 
 1.13606256e-01  3.19502701e-01  3.00377255e-01  2.99622745e-01 
 1.13706256e-01  3.19798786e-01  3.00379309e-01  2.99620691e-01 
 1.13806256e-01  3.20094429e-01  3.00381348e-01  2.99618652e-01 
 1.13906256e-01  3.20389620e-01  3.00383373e-01  2.99616627e-01 
 1.14006256e-01  3.20684350e-01  3.00385382e-01  2.99614618e-01 
 1.14106256e-01  3.20978612e-01  3.00387376e-01  2.99612624e-01 
 1.14206256e-01  3.21272396e-01  3.00389354e-01  2.99610646e-01 
 1.14306256e-01  3.21565694e-01  3.00391318e-01  2.99608682e-01 
 1.14406256e-01  3.21858497e-01  3.00393266e-01  2.99606734e-01 
 1.14506256e-01  3.22150796e-01  3.00395198e-01  2.99604802e-01 
 1.14606256e-01  3.22442584e-01  3.00397115e-01  2.99602885e-01 
 1.14706256e-01  3.22733850e-01  3.00399016e-01  2.99600984e-01 
 1.14806256e-01  3.23024587e-01  3.00400901e-01  2.99599099e-01 
 1.14906256e-01  3.23314785e-01  3.00402770e-01  2.99597230e-01 
 1.15006256e-01  3.23604436e-01  3.00404624e-01  2.99595376e-01 
 1.15106256e-01  3.23893530e-01  3.00406462e-01  2.99593538e-01 
 1.15206256e-01  3.24182059e-01  3.00408283e-01  2.99591717e-01 
 1.15306256e-01  3.24470015e-01  3.00410089e-01  2.99589911e-01 
 1.15406256e-01  3.24757387e-01  3.00411878e-01  2.99588122e-01 
 1.15506256e-01  3.25044167e-01  3.00413651e-01  2.99586349e-01 
 1.15606256e-01  3.25330347e-01  3.00415407e-01  2.99584593e-01 
 1.15706256e-01  3.25615916e-01  3.00417148e-01  2.99582852e-01 
 1.15806256e-01  3.25900867e-01  3.00418871e-01  2.99581129e-01 
 1.15906256e-01  3.26185190e-01  3.00420579e-01  2.99579421e-01 
 1.16006256e-01  3.26468876e-01  3.00422269e-01  2.99577731e-01 
 1.16106256e-01  3.26751915e-01  3.00423943e-01  2.99576057e-01 
 1.16206256e-01  3.27034300e-01  3.00425600e-01  2.99574400e-01 
 1.16306256e-01  3.27316020e-01  3.00427241e-01  2.99572759e-01 
 1.16406256e-01  3.27597067e-01  3.00428864e-01  2.99571136e-01 
 1.16506256e-01  3.27877431e-01  3.00430471e-01  2.99569529e-01 
 1.16606256e-01  3.28157104e-01  3.00432061e-01  2.99567939e-01 
 1.16706256e-01  3.28436076e-01  3.00433633e-01  2.99566367e-01 
 1.16806256e-01  3.28714338e-01  3.00435189e-01  2.99564811e-01 
 1.16906256e-01  3.28991880e-01  3.00436727e-01  2.99563273e-01 
 1.17006256e-01  3.29268695e-01  3.00438248e-01  2.99561752e-01 
 1.17106256e-01  3.29544771e-01  3.00439752e-01  2.99560248e-01 
 1.17206256e-01  3.29820101e-01  3.00441238e-01  2.99558762e-01 
 1.17306256e-01  3.30094675e-01  3.00442707e-01  2.99557293e-01 
 1.17406256e-01  3.30368484e-01  3.00444159e-01  2.99555841e-01 
 1.17506256e-01  3.30641518e-01  3.00445592e-01  2.99554408e-01 
 1.17606256e-01  3.30913768e-01  3.00447009e-01  2.99552991e-01 
 1.17706256e-01  3.31185226e-01  3.00448407e-01  2.99551593e-01 
 1.17806256e-01  3.31455881e-01  3.00449788e-01  2.99550212e-01 
 1.17906256e-01  3.31725724e-01  3.00451152e-01  2.99548848e-01 
 1.18006256e-01  3.31994747e-01  3.00452497e-01  2.99547503e-01 
 1.18106256e-01  3.32262940e-01  3.00453825e-01  2.99546175e-01 
 1.18206256e-01  3.32530293e-01  3.00455134e-01  2.99544866e-01 
 1.18306256e-01  3.32796798e-01  3.00456426e-01  2.99543574e-01 
 1.18406256e-01  3.33062444e-01  3.00457700e-01  2.99542300e-01 
 1.18506256e-01  3.33327224e-01  3.00458955e-01  2.99541045e-01 
 1.18606256e-01  3.33591127e-01  3.00460193e-01  2.99539807e-01 
 1.18706256e-01  3.33854145e-01  3.00461412e-01  2.99538588e-01 
 1.18806256e-01  3.34116267e-01  3.00462613e-01  2.99537387e-01 
 1.18906256e-01  3.34377485e-01  3.00463796e-01  2.99536204e-01 
 1.19006256e-01  3.34637790e-01  3.00464961e-01  2.99535039e-01 
 1.19106256e-01  3.34897171e-01  3.00466107e-01  2.99533893e-01 
 1.19206256e-01  3.35155621e-01  3.00467234e-01  2.99532766e-01 
 1.19306256e-01  3.35413129e-01  3.00468344e-01  2.99531656e-01 
 1.19406256e-01  3.35669687e-01  3.00469435e-01  2.99530565e-01 
 1.19506256e-01  3.35925285e-01  3.00470507e-01  2.99529493e-01 
 1.19606256e-01  3.36179914e-01  3.00471561e-01  2.99528439e-01 
 1.19706256e-01  3.36433565e-01  3.00472596e-01  2.99527404e-01 
 1.19806256e-01  3.36686228e-01  3.00473612e-01  2.99526388e-01 
 1.19906256e-01  3.36937894e-01  3.00474610e-01  2.99525390e-01 
 1.20006256e-01  3.37188554e-01  3.00475589e-01  2.99524411e-01 
 1.20106256e-01  3.37438200e-01  3.00476549e-01  2.99523451e-01 
 1.20206256e-01  3.37686821e-01  3.00477491e-01  2.99522509e-01 
 1.20306256e-01  3.37934408e-01  3.00478413e-01  2.99521587e-01 
 1.20406256e-01  3.38180953e-01  3.00479317e-01  2.99520683e-01 
 1.20506256e-01  3.38426447e-01  3.00480202e-01  2.99519798e-01 
 1.20606256e-01  3.38670879e-01  3.00481067e-01  2.99518933e-01 
 1.20706256e-01  3.38914241e-01  3.00481914e-01  2.99518086e-01 
 1.20806256e-01  3.39156524e-01  3.00482742e-01  2.99517258e-01 
 1.20906256e-01  3.39397720e-01  3.00483551e-01  2.99516449e-01 
 1.21006256e-01  3.39637817e-01  3.00484340e-01  2.99515660e-01 
 1.21106256e-01  3.39876809e-01  3.00485111e-01  2.99514889e-01 
 1.21206256e-01  3.40114685e-01  3.00485862e-01  2.99514138e-01 
 1.21306256e-01  3.40351437e-01  3.00486594e-01  2.99513406e-01 
 1.21406256e-01  3.40587055e-01  3.00487307e-01  2.99512693e-01 
 1.21506256e-01  3.40821531e-01  3.00488001e-01  2.99511999e-01 
 1.21606256e-01  3.41054856e-01  3.00488676e-01  2.99511324e-01 
 1.21706256e-01  3.41287020e-01  3.00489331e-01  2.99510669e-01 
 1.21806256e-01  3.41518015e-01  3.00489967e-01  2.99510033e-01 
 1.21906256e-01  3.41747833e-01  3.00490583e-01  2.99509417e-01 
 1.22006256e-01  3.41976463e-01  3.00491180e-01  2.99508820e-01 
 1.22106256e-01  3.42203897e-01  3.00491758e-01  2.99508242e-01 
 1.22206256e-01  3.42430127e-01  3.00492317e-01  2.99507683e-01 
 1.22306256e-01  3.42655144e-01  3.00492855e-01  2.99507145e-01 
 1.22406256e-01  3.42878938e-01  3.00493375e-01  2.99506625e-01 
 1.22506256e-01  3.43101501e-01  3.00493875e-01  2.99506125e-01 
 1.22606256e-01  3.43322825e-01  3.00494355e-01  2.99505645e-01 
 1.22706256e-01  3.43542900e-01  3.00494816e-01  2.99505184e-01 
 1.22806256e-01  3.43761719e-01  3.00495258e-01  2.99504742e-01 
 1.22906256e-01  3.43979271e-01  3.00495680e-01  2.99504320e-01 
 1.23006256e-01  3.44195549e-01  3.00496082e-01  2.99503918e-01 
 1.23106256e-01  3.44410544e-01  3.00496465e-01  2.99503535e-01 
 1.23206256e-01  3.44624248e-01  3.00496828e-01  2.99503172e-01 
 1.23306256e-01  3.44836652e-01  3.00497171e-01  2.99502829e-01 
 1.23406256e-01  3.45047747e-01  3.00497495e-01  2.99502505e-01 
 1.23506256e-01  3.45257525e-01  3.00497799e-01  2.99502201e-01 
 1.23606256e-01  3.45465978e-01  3.00498084e-01  2.99501916e-01 
 1.23706256e-01  3.45673097e-01  3.00498349e-01  2.99501651e-01 
 1.23806256e-01  3.45878873e-01  3.00498594e-01  2.99501406e-01 
 1.23906256e-01  3.46083300e-01  3.00498820e-01  2.99501180e-01 
 1.24006256e-01  3.46286367e-01  3.00499026e-01  2.99500974e-01 
 1.24106256e-01  3.46488067e-01  3.00499212e-01  2.99500788e-01 
 1.24206256e-01  3.46688391e-01  3.00499378e-01  2.99500622e-01 
 1.24306256e-01  3.46887333e-01  3.00499525e-01  2.99500475e-01 
 1.24406256e-01  3.47084882e-01  3.00499652e-01  2.99500348e-01 
 1.24506256e-01  3.47281031e-01  3.00499759e-01  2.99500241e-01 
 1.24606256e-01  3.47475772e-01  3.00499847e-01  2.99500153e-01 
 1.24706256e-01  3.47669098e-01  3.00499915e-01  2.99500085e-01 
 1.24806256e-01  3.47860999e-01  3.00499963e-01  2.99500037e-01 
 1.24906256e-01  3.48051468e-01  3.00499991e-01  2.99500009e-01 
 1.25006256e-01  3.48240497e-01  3.00500000e-01  2.99500000e-01 
 1.25106256e-01  3.48428078e-01  3.00499989e-01  2.99500011e-01 
 1.25206256e-01  3.48614203e-01  3.00499958e-01  2.99500042e-01 
 1.25306256e-01  3.48798865e-01  3.00499907e-01  2.99500093e-01 
 1.25406256e-01  3.48982055e-01  3.00499837e-01  2.99500163e-01 
 1.25506256e-01  3.49163767e-01  3.00499747e-01  2.99500253e-01 
 1.25606256e-01  3.49343991e-01  3.00499637e-01  2.99500363e-01 
 1.25706256e-01  3.49522720e-01  3.00499508e-01  2.99500492e-01 
 1.25806256e-01  3.49699948e-01  3.00499359e-01  2.99500641e-01 
 1.25906256e-01  3.49875666e-01  3.00499190e-01  2.99500810e-01 
 1.26006256e-01  3.50049866e-01  3.00499001e-01  2.99500999e-01 
 1.26106256e-01  3.50222542e-01  3.00498793e-01  2.99501207e-01 
 1.26206256e-01  3.50393686e-01  3.00498565e-01  2.99501435e-01 
 1.26306256e-01  3.50563290e-01  3.00498317e-01  2.99501683e-01 
 1.26406256e-01  3.50731347e-01  3.00498050e-01  2.99501950e-01 
 1.26506256e-01  3.50897850e-01  3.00497762e-01  2.99502238e-01 
 1.26606256e-01  3.51062791e-01  3.00497456e-01  2.99502544e-01 
 1.26706256e-01  3.51226164e-01  3.00497129e-01  2.99502871e-01 
 1.26806256e-01  3.51387961e-01  3.00496783e-01  2.99503217e-01 
 1.26906256e-01  3.51548174e-01  3.00496418e-01  2.99503582e-01 
 1.27006256e-01  3.51706798e-01  3.00496033e-01  2.99503967e-01 
 1.27106256e-01  3.51863825e-01  3.00495628e-01  2.99504372e-01 
 1.27206256e-01  3.52019247e-01  3.00495204e-01  2.99504796e-01 
 1.27306256e-01  3.52173059e-01  3.00494760e-01  2.99505240e-01 
 1.27406256e-01  3.52325252e-01  3.00494296e-01  2.99505704e-01 
 1.27506256e-01  3.52475821e-01  3.00493813e-01  2.99506187e-01 
 1.27606256e-01  3.52624759e-01  3.00493311e-01  2.99506689e-01 
 1.27706256e-01  3.52772058e-01  3.00492789e-01  2.99507211e-01 
 1.27806256e-01  3.52917712e-01  3.00492248e-01  2.99507752e-01 
 1.27906256e-01  3.53061715e-01  3.00491687e-01  2.99508313e-01 
 1.28006256e-01  3.53204060e-01  3.00491107e-01  2.99508893e-01 
 1.28106256e-01  3.53344740e-01  3.00490507e-01  2.99509493e-01 
 1.28206256e-01  3.53483750e-01  3.00489888e-01  2.99510112e-01 
 1.28306256e-01  3.53621081e-01  3.00489250e-01  2.99510750e-01 
 1.28406256e-01  3.53756729e-01  3.00488592e-01  2.99511408e-01 
 1.28506256e-01  3.53890688e-01  3.00487915e-01  2.99512085e-01 
 1.28606256e-01  3.54022949e-01  3.00487219e-01  2.99512781e-01 
 1.28706256e-01  3.54153508e-01  3.00486504e-01  2.99513496e-01 
 1.28806256e-01  3.54282359e-01  3.00485769e-01  2.99514231e-01 
 1.28906256e-01  3.54409495e-01  3.00485016e-01  2.99514984e-01 
 1.29006256e-01  3.54534910e-01  3.00484243e-01  2.99515757e-01 
 1.29106256e-01  3.54658598e-01  3.00483451e-01  2.99516549e-01 
 1.29206256e-01  3.54780554e-01  3.00482640e-01  2.99517360e-01 
 1.29306256e-01  3.54900772e-01  3.00481809e-01  2.99518191e-01 
 1.29406256e-01  3.55019245e-01  3.00480960e-01  2.99519040e-01 
 1.29506256e-01  3.55135968e-01  3.00480092e-01  2.99519908e-01 
 1.29606256e-01  3.55250936e-01  3.00479205e-01  2.99520795e-01 
 1.29706256e-01  3.55364142e-01  3.00478299e-01  2.99521701e-01 
 1.29806256e-01  3.55475582e-01  3.00477374e-01  2.99522626e-01 
 1.29906256e-01  3.55585249e-01  3.00476430e-01  2.99523570e-01 
 1.30006256e-01  3.55693138e-01  3.00475467e-01  2.99524533e-01 
 1.30106256e-01  3.55799245e-01  3.00474486e-01  2.99525514e-01 
 1.30206256e-01  3.55903562e-01  3.00473486e-01  2.99526514e-01 
 1.30306256e-01  3.56006087e-01  3.00472467e-01  2.99527533e-01 
 1.30406256e-01  3.56106812e-01  3.00471430e-01  2.99528570e-01 
 1.30506256e-01  3.56205733e-01  3.00470374e-01  2.99529626e-01 
 1.30606256e-01  3.56302846e-01  3.00469299e-01  2.99530701e-01 
 1.30706256e-01  3.56398144e-01  3.00468206e-01  2.99531794e-01 
 1.30806256e-01  3.56491623e-01  3.00467094e-01  2.99532906e-01 
 1.30906256e-01  3.56583278e-01  3.00465964e-01  2.99534036e-01 
 1.31006256e-01  3.56673104e-01  3.00464816e-01  2.99535184e-01 
 1.31106256e-01  3.56761097e-01  3.00463649e-01  2.99536351e-01 
 1.31206256e-01  3.56847252e-01  3.00462464e-01  2.99537536e-01 
 1.31306256e-01  3.56931564e-01  3.00461261e-01  2.99538739e-01 
 1.31406256e-01  3.57014029e-01  3.00460039e-01  2.99539961e-01 
 1.31506256e-01  3.57094641e-01  3.00458799e-01  2.99541201e-01 
 1.31606256e-01  3.57173398e-01  3.00457541e-01  2.99542459e-01 
 1.31706256e-01  3.57250294e-01  3.00456265e-01  2.99543735e-01 
 1.31806256e-01  3.57325324e-01  3.00454972e-01  2.99545028e-01 
 1.31906256e-01  3.57398486e-01  3.00453660e-01  2.99546340e-01 
 1.32006256e-01  3.57469774e-01  3.00452330e-01  2.99547670e-01 
 1.32106256e-01  3.57539184e-01  3.00450982e-01  2.99549018e-01 
 1.32206256e-01  3.57606714e-01  3.00449617e-01  2.99550383e-01 
 1.32306256e-01  3.57672357e-01  3.00448233e-01  2.99551767e-01 
 1.32406256e-01  3.57736111e-01  3.00446833e-01  2.99553167e-01 
 1.32506256e-01  3.57797972e-01  3.00445414e-01  2.99554586e-01 
 1.32606256e-01  3.57857936e-01  3.00443978e-01  2.99556022e-01 
 1.32706256e-01  3.57915999e-01  3.00442524e-01  2.99557476e-01 
 1.32806256e-01  3.57972158e-01  3.00441053e-01  2.99558947e-01 
 1.32906256e-01  3.58026409e-01  3.00439565e-01  2.99560435e-01 
 1.33006256e-01  3.58078748e-01  3.00438059e-01  2.99561941e-01 
 1.33106256e-01  3.58129172e-01  3.00436535e-01  2.99563465e-01 
 1.33206256e-01  3.58177679e-01  3.00434995e-01  2.99565005e-01 
 1.33306256e-01  3.58224264e-01  3.00433437e-01  2.99566563e-01 
 1.33406256e-01  3.58268924e-01  3.00431863e-01  2.99568137e-01 
 1.33506256e-01  3.58311656e-01  3.00430271e-01  2.99569729e-01 
 1.33606256e-01  3.58352457e-01  3.00428662e-01  2.99571338e-01 
 1.33706256e-01  3.58391324e-01  3.00427037e-01  2.99572963e-01 
 1.33806256e-01  3.58428254e-01  3.00425394e-01  2.99574606e-01 
 1.33906256e-01  3.58463245e-01  3.00423735e-01  2.99576265e-01 
 1.34006256e-01  3.58496292e-01  3.00422059e-01  2.99577941e-01 
 1.34106256e-01  3.58527395e-01  3.00420366e-01  2.99579634e-01 
 1.34206256e-01  3.58556549e-01  3.00418657e-01  2.99581343e-01 
 1.34306256e-01  3.58583753e-01  3.00416931e-01  2.99583069e-01 
 1.34406256e-01  3.58609004e-01  3.00415188e-01  2.99584812e-01 
 1.34506256e-01  3.58632299e-01  3.00413430e-01  2.99586570e-01 
 1.34606256e-01  3.58653637e-01  3.00411655e-01  2.99588345e-01 
 1.34706256e-01  3.58673014e-01  3.00409864e-01  2.99590136e-01 
 1.34806256e-01  3.58690428e-01  3.00408056e-01  2.99591944e-01 
 1.34906256e-01  3.58705878e-01  3.00406233e-01  2.99593767e-01 
 1.35006256e-01  3.58719361e-01  3.00404393e-01  2.99595607e-01 
 1.35106256e-01  3.58730876e-01  3.00402537e-01  2.99597463e-01 
 1.35206256e-01  3.58740420e-01  3.00400666e-01  2.99599334e-01 
 1.35306256e-01  3.58747991e-01  3.00398779e-01  2.99601221e-01 
 1.35406256e-01  3.58753588e-01  3.00396876e-01  2.99603124e-01 
 1.35506256e-01  3.58757209e-01  3.00394957e-01  2.99605043e-01 
 1.35606256e-01  3.58758852e-01  3.00393023e-01  2.99606977e-01 
 1.35706256e-01  3.58758516e-01  3.00391073e-01  2.99608927e-01 
 1.35806256e-01  3.58756199e-01  3.00389108e-01  2.99610892e-01 
 1.35906256e-01  3.58751900e-01  3.00387127e-01  2.99612873e-01 
 1.36006256e-01  3.58745617e-01  3.00385131e-01  2.99614869e-01 
 1.36106256e-01  3.58737350e-01  3.00383120e-01  2.99616880e-01 
 1.36206256e-01  3.58727096e-01  3.00381094e-01  2.99618906e-01 
 1.36306256e-01  3.58714856e-01  3.00379053e-01  2.99620947e-01 
 1.36406256e-01  3.58700627e-01  3.00376997e-01  2.99623003e-01 
 1.36506256e-01  3.58684408e-01  3.00374926e-01  2.99625074e-01 
 1.36606256e-01  3.58666200e-01  3.00372840e-01  2.99627160e-01 
 1.36706256e-01  3.58646000e-01  3.00370739e-01  2.99629261e-01 
 1.36806256e-01  3.58623809e-01  3.00368624e-01  2.99631376e-01 
 1.36906256e-01  3.58599626e-01  3.00366494e-01  2.99633506e-01 
 1.37006256e-01  3.58573449e-01  3.00364350e-01  2.99635650e-01 
 1.37106256e-01  3.58545279e-01  3.00362191e-01  2.99637809e-01 
 1.37206256e-01  3.58515114e-01  3.00360018e-01  2.99639982e-01 
 1.37306256e-01  3.58482956e-01  3.00357831e-01  2.99642169e-01 
 1.37406256e-01  3.58448802e-01  3.00355630e-01  2.99644370e-01 
 1.37506256e-01  3.58412653e-01  3.00353414e-01  2.99646586e-01 
 1.37606256e-01  3.58374510e-01  3.00351185e-01  2.99648815e-01 
 1.37706256e-01  3.58334371e-01  3.00348942e-01  2.99651058e-01 
 1.37806256e-01  3.58292237e-01  3.00346685e-01  2.99653315e-01 
 1.37906256e-01  3.58248107e-01  3.00344414e-01  2.99655586e-01 
 1.38006256e-01  3.58201983e-01  3.00342130e-01  2.99657870e-01 
 1.38106256e-01  3.58153863e-01  3.00339833e-01  2.99660167e-01 
 1.38206256e-01  3.58103749e-01  3.00337521e-01  2.99662479e-01 
 1.38306256e-01  3.58051641e-01  3.00335197e-01  2.99664803e-01 
 1.38406256e-01  3.57997539e-01  3.00332859e-01  2.99667141e-01 
 1.38506256e-01  3.57941444e-01  3.00330508e-01  2.99669492e-01 
 1.38606256e-01  3.57883356e-01  3.00328145e-01  2.99671855e-01 
 1.38706256e-01  3.57823277e-01  3.00325768e-01  2.99674232e-01 
 1.38806256e-01  3.57761206e-01  3.00323378e-01  2.99676622e-01 
 1.38906256e-01  3.57697144e-01  3.00320976e-01  2.99679024e-01 
 1.39006256e-01  3.57631093e-01  3.00318561e-01  2.99681439e-01 
 1.39106256e-01  3.57563053e-01  3.00316133e-01  2.99683867e-01 
 1.39206256e-01  3.57493026e-01  3.00313693e-01  2.99686307e-01 
 1.39306256e-01  3.57421013e-01  3.00311240e-01  2.99688760e-01 
 1.39406256e-01  3.57347014e-01  3.00308775e-01  2.99691225e-01 
 1.39506256e-01  3.57271031e-01  3.00306298e-01  2.99693702e-01 
 1.39606256e-01  3.57193066e-01  3.00303809e-01  2.99696191e-01 
 1.39706256e-01  3.57113120e-01  3.00301308e-01  2.99698692e-01 
 1.39806256e-01  3.57031193e-01  3.00298795e-01  2.99701205e-01 
 1.39906256e-01  3.56947289e-01  3.00296270e-01  2.99703730e-01 
 1.40006256e-01  3.56861408e-01  3.00293734e-01  2.99706266e-01 
 1.40106256e-01  3.56773553e-01  3.00291186e-01  2.99708814e-01 
 1.40206256e-01  3.56683724e-01  3.00288626e-01  2.99711374e-01 
 1.40306256e-01  3.56591925e-01  3.00286055e-01  2.99713945e-01 
 1.40406256e-01  3.56498156e-01  3.00283473e-01  2.99716527e-01 
 1.40506256e-01  3.56402421e-01  3.00280879e-01  2.99719121e-01 
 1.40606256e-01  3.56304720e-01  3.00278275e-01  2.99721725e-01 
 1.40706256e-01  3.56205056e-01  3.00275659e-01  2.99724341e-01 
 1.40806256e-01  3.56103432e-01  3.00273033e-01  2.99726967e-01 
 1.40906256e-01  3.55999850e-01  3.00270395e-01  2.99729605e-01 
 1.41006256e-01  3.55894312e-01  3.00267747e-01  2.99732253e-01 
 1.41106256e-01  3.55786820e-01  3.00265089e-01  2.99734911e-01 
 1.41206256e-01  3.55677378e-01  3.00262420e-01  2.99737580e-01 
 1.41306256e-01  3.55565988e-01  3.00259741e-01  2.99740259e-01 
 1.41406256e-01  3.55452652e-01  3.00257051e-01  2.99742949e-01 
 1.41506256e-01  3.55337373e-01  3.00254352e-01  2.99745648e-01 
 1.41606256e-01  3.55220154e-01  3.00251642e-01  2.99748358e-01 
 1.41706256e-01  3.55100999e-01  3.00248922e-01  2.99751078e-01 
 1.41806256e-01  3.54979909e-01  3.00246193e-01  2.99753807e-01 
 1.41906256e-01  3.54856889e-01  3.00243453e-01  2.99756547e-01 
 1.42006256e-01  3.54731941e-01  3.00240705e-01  2.99759295e-01 
 1.42106256e-01  3.54605068e-01  3.00237946e-01  2.99762054e-01 
 1.42206256e-01  3.54476275e-01  3.00235179e-01  2.99764821e-01 
 1.42306256e-01  3.54345563e-01  3.00232402e-01  2.99767598e-01 
 1.42406256e-01  3.54212937e-01  3.00229615e-01  2.99770385e-01 
 1.42506256e-01  3.54078400e-01  3.00226820e-01  2.99773180e-01 
 1.42606256e-01  3.53941956e-01  3.00224016e-01  2.99775984e-01 
 1.42706256e-01  3.53803608e-01  3.00221203e-01  2.99778797e-01 
 1.42806256e-01  3.53663360e-01  3.00218381e-01  2.99781619e-01 
 1.42906256e-01  3.53521217e-01  3.00215551e-01  2.99784449e-01 
 1.43006256e-01  3.53377181e-01  3.00212712e-01  2.99787288e-01 
 1.43106256e-01  3.53231256e-01  3.00209865e-01  2.99790135e-01 
 1.43206256e-01  3.53083448e-01  3.00207009e-01  2.99792991e-01 
 1.43306256e-01  3.52933759e-01  3.00204145e-01  2.99795855e-01 
 1.43406256e-01  3.52782195e-01  3.00201273e-01  2.99798727e-01 
 1.43506256e-01  3.52628759e-01  3.00198394e-01  2.99801606e-01 
 1.43606256e-01  3.52473455e-01  3.00195506e-01  2.99804494e-01 
 1.43706256e-01  3.52316288e-01  3.00192611e-01  2.99807389e-01 
 1.43806256e-01  3.52157263e-01  3.00189708e-01  2.99810292e-01 
 1.43906256e-01  3.51996384e-01  3.00186797e-01  2.99813203e-01 
 1.44006256e-01  3.51833656e-01  3.00183880e-01  2.99816120e-01 
 1.44106256e-01  3.51669082e-01  3.00180954e-01  2.99819046e-01 
 1.44206256e-01  3.51502669e-01  3.00178022e-01  2.99821978e-01 
 1.44306256e-01  3.51334421e-01  3.00175083e-01  2.99824917e-01 
 1.44406256e-01  3.51164342e-01  3.00172137e-01  2.99827863e-01 
 1.44506256e-01  3.50992438e-01  3.00169184e-01  2.99830816e-01 
 1.44606256e-01  3.50818714e-01  3.00166224e-01  2.99833776e-01 
 1.44706256e-01  3.50643175e-01  3.00163258e-01  2.99836742e-01 
 1.44806256e-01  3.50465826e-01  3.00160286e-01  2.99839714e-01 
 1.44906256e-01  3.50286671e-01  3.00157307e-01  2.99842693e-01 
 1.45006256e-01  3.50105718e-01  3.00154322e-01  2.99845678e-01 
 1.45106256e-01  3.49922970e-01  3.00151330e-01  2.99848670e-01 
 1.45206256e-01  3.49738434e-01  3.00148333e-01  2.99851667e-01 
 1.45306256e-01  3.49552115e-01  3.00145330e-01  2.99854670e-01 
 1.45406256e-01  3.49364018e-01  3.00142321e-01  2.99857679e-01 
 1.45506256e-01  3.49174149e-01  3.00139307e-01  2.99860693e-01 
 1.45606256e-01  3.48982514e-01  3.00136287e-01  2.99863713e-01 
 1.45706256e-01  3.48789119e-01  3.00133262e-01  2.99866738e-01 
 1.45806256e-01  3.48593969e-01  3.00130231e-01  2.99869769e-01 
 1.45906256e-01  3.48397071e-01  3.00127195e-01  2.99872805e-01 
 1.46006256e-01  3.48198430e-01  3.00124155e-01  2.99875845e-01 
 1.46106256e-01  3.47998052e-01  3.00121109e-01  2.99878891e-01 
 1.46206256e-01  3.47795945e-01  3.00118059e-01  2.99881941e-01 
 1.46306256e-01  3.47592113e-01  3.00115003e-01  2.99884997e-01 
 1.46406256e-01  3.47386563e-01  3.00111944e-01  2.99888056e-01 
 1.46506256e-01  3.47179301e-01  3.00108880e-01  2.99891120e-01 
 1.46606256e-01  3.46970335e-01  3.00105811e-01  2.99894189e-01 
 1.46706256e-01  3.46759669e-01  3.00102739e-01  2.99897261e-01 
 1.46806256e-01  3.46547312e-01  3.00099662e-01  2.99900338e-01 
 1.46906256e-01  3.46333268e-01  3.00096582e-01  2.99903418e-01 
 1.47006256e-01  3.46117546e-01  3.00093498e-01  2.99906502e-01 
 1.47106256e-01  3.45900152e-01  3.00090410e-01  2.99909590e-01 
 1.47206256e-01  3.45681092e-01  3.00087318e-01  2.99912682e-01 
 1.47306256e-01  3.45460373e-01  3.00084223e-01  2.99915777e-01 
 1.47406256e-01  3.45238003e-01  3.00081125e-01  2.99918875e-01 
 1.47506256e-01  3.45013988e-01  3.00078023e-01  2.99921977e-01 
 1.47606256e-01  3.44788335e-01  3.00074918e-01  2.99925082e-01 
 1.47706256e-01  3.44561052e-01  3.00071811e-01  2.99928189e-01 
 1.47806256e-01  3.44332145e-01  3.00068700e-01  2.99931300e-01 
 1.47906256e-01  3.44101622e-01  3.00065587e-01  2.99934413e-01 
 1.48006256e-01  3.43869491e-01  3.00062472e-01  2.99937528e-01 
 1.48106256e-01  3.43635757e-01  3.00059353e-01  2.99940647e-01 
 1.48206256e-01  3.43400430e-01  3.00056233e-01  2.99943767e-01 
 1.48306256e-01  3.43163516e-01  3.00053110e-01  2.99946890e-01 
 1.48406256e-01  3.42925023e-01  3.00049985e-01  2.99950015e-01 
 1.48506256e-01  3.42684958e-01  3.00046859e-01  2.99953141e-01 
 1.48606256e-01  3.42443329e-01  3.00043730e-01  2.99956270e-01 
 1.48706256e-01  3.42200145e-01  3.00040599e-01  2.99959401e-01 
 1.48806256e-01  3.41955411e-01  3.00037467e-01  2.99962533e-01 
 1.48906256e-01  3.41709138e-01  3.00034334e-01  2.99965666e-01 
 1.49006256e-01  3.41461331e-01  3.00031199e-01  2.99968801e-01 
 1.49106256e-01  3.41212000e-01  3.00028063e-01  2.99971937e-01 
 1.49206256e-01  3.40961153e-01  3.00024926e-01  2.99975074e-01 
 1.49306256e-01  3.40708796e-01  3.00021788e-01  2.99978212e-01 
 1.49406256e-01  3.40454939e-01  3.00018649e-01  2.99981351e-01 
 1.49506256e-01  3.40199590e-01  3.00015509e-01  2.99984491e-01 
 1.49606256e-01  3.39942757e-01  3.00012369e-01  2.99987631e-01 
 1.49706256e-01  3.39684448e-01  3.00009228e-01  2.99990772e-01 
 1.49806256e-01  3.39424672e-01  3.00006087e-01  2.99993913e-01 
 1.49906256e-01  3.39163436e-01  3.00002945e-01  2.99997055e-01 
 1.50006256e-01  3.38900750e-01  2.99999803e-01  3.00000197e-01 
 1.50106256e-01  3.38636623e-01  2.99996662e-01  3.00003338e-01 
 1.50206256e-01  3.38371061e-01  2.99993520e-01  3.00006480e-01 
 1.50306256e-01  3.38104075e-01  2.99990379e-01  3.00009621e-01 
 1.50406256e-01  3.37835673e-01  2.99987238e-01  3.00012762e-01 
 1.50506256e-01  3.37565863e-01  2.99984098e-01  3.00015902e-01 
 1.50606256e-01  3.37294655e-01  2.99980959e-01  3.00019041e-01 
 1.50706256e-01  3.37022057e-01  2.99977820e-01  3.00022180e-01 
 1.50806256e-01  3.36748078e-01  2.99974682e-01  3.00025318e-01 
 1.50906256e-01  3.36472728e-01  2.99971545e-01  3.00028455e-01 
 1.51006256e-01  3.36196014e-01  2.99968409e-01  3.00031591e-01 
 1.51106256e-01  3.35917947e-01  2.99965274e-01  3.00034726e-01 
 1.51206256e-01  3.35638535e-01  2.99962141e-01  3.00037859e-01 
 1.51306256e-01  3.35357787e-01  2.99959009e-01  3.00040991e-01 
 1.51406256e-01  3.35075713e-01  2.99955879e-01  3.00044121e-01 
 1.51506256e-01  3.34792322e-01  2.99952750e-01  3.00047250e-01 
 1.51606256e-01  3.34507623e-01  2.99949624e-01  3.00050376e-01 
 1.51706256e-01  3.34221625e-01  2.99946499e-01  3.00053501e-01 
 1.51806256e-01  3.33934339e-01  2.99943377e-01  3.00056623e-01 
 1.51906256e-01  3.33645773e-01  2.99940256e-01  3.00059744e-01 
 1.52006256e-01  3.33355937e-01  2.99937138e-01  3.00062862e-01 
 1.52106256e-01  3.33064840e-01  2.99934023e-01  3.00065977e-01 
 1.52206256e-01  3.32772493e-01  2.99930910e-01  3.00069090e-01 
 1.52306256e-01  3.32478904e-01  2.99927800e-01  3.00072200e-01 
 1.52406256e-01  3.32184083e-01  2.99924693e-01  3.00075307e-01 
 1.52506256e-01  3.31888041e-01  2.99921589e-01  3.00078411e-01 
 1.52606256e-01  3.31590786e-01  2.99918488e-01  3.00081512e-01 
 1.52706256e-01  3.31292330e-01  2.99915390e-01  3.00084610e-01 
 1.52806256e-01  3.30992681e-01  2.99912295e-01  3.00087705e-01 
 1.52906256e-01  3.30691849e-01  2.99909204e-01  3.00090796e-01 
 1.53006256e-01  3.30389845e-01  2.99906116e-01  3.00093884e-01 
 1.53106256e-01  3.30086678e-01  2.99903032e-01  3.00096968e-01 
 1.53206256e-01  3.29782359e-01  2.99899952e-01  3.00100048e-01 
 1.53306256e-01  3.29476897e-01  2.99896876e-01  3.00103124e-01 
 1.53406256e-01  3.29170304e-01  2.99893804e-01  3.00106196e-01 
 1.53506256e-01  3.28862588e-01  2.99890737e-01  3.00109263e-01 
 1.53606256e-01  3.28553760e-01  2.99887673e-01  3.00112327e-01 
 1.53706256e-01  3.28243830e-01  2.99884614e-01  3.00115386e-01 
 1.53806256e-01  3.27932810e-01  2.99881560e-01  3.00118440e-01 
 1.53906256e-01  3.27620708e-01  2.99878510e-01  3.00121490e-01 
 1.54006256e-01  3.27307535e-01  2.99875465e-01  3.00124535e-01 
 1.54106256e-01  3.26993303e-01  2.99872425e-01  3.00127575e-01 
 1.54206256e-01  3.26678020e-01  2.99869390e-01  3.00130610e-01 
 1.54306256e-01  3.26361699e-01  2.99866360e-01  3.00133640e-01 
 1.54406256e-01  3.26044348e-01  2.99863335e-01  3.00136665e-01 
 1.54506256e-01  3.25725979e-01  2.99860316e-01  3.00139684e-01 
 1.54606256e-01  3.25406603e-01  2.99857302e-01  3.00142698e-01 
 1.54706256e-01  3.25086230e-01  2.99854294e-01  3.00145706e-01 
 1.54806256e-01  3.24764870e-01  2.99851292e-01  3.00148708e-01 
 1.54906256e-01  3.24442535e-01  2.99848295e-01  3.00151705e-01 
 1.55006256e-01  3.24119235e-01  2.99845305e-01  3.00154695e-01 
 1.55106256e-01  3.23794981e-01  2.99842320e-01  3.00157680e-01 
 1.55206256e-01  3.23469784e-01  2.99839342e-01  3.00160658e-01 
 1.55306256e-01  3.23143654e-01  2.99836370e-01  3.00163630e-01 
 1.55406256e-01  3.22816602e-01  2.99833405e-01  3.00166595e-01 
 1.55506256e-01  3.22488640e-01  2.99830446e-01  3.00169554e-01 
 1.55606256e-01  3.22159779e-01  2.99827494e-01  3.00172506e-01 
 1.55706256e-01  3.21830028e-01  2.99824549e-01  3.00175451e-01 
 1.55806256e-01  3.21499400e-01  2.99821610e-01  3.00178390e-01 
 1.55906256e-01  3.21167905e-01  2.99818679e-01  3.00181321e-01 
 1.56006256e-01  3.20835554e-01  2.99815755e-01  3.00184245e-01 
 1.56106256e-01  3.20502359e-01  2.99812838e-01  3.00187162e-01 
 1.56206256e-01  3.20168330e-01  2.99809929e-01  3.00190071e-01 
 1.56306256e-01  3.19833479e-01  2.99807027e-01  3.00192973e-01 
 1.56406256e-01  3.19497817e-01  2.99804132e-01  3.00195868e-01 
 1.56506256e-01  3.19161355e-01  2.99801246e-01  3.00198754e-01 
 1.56606256e-01  3.18822775e-01  2.99798367e-01  3.00201633e-01 
 1.56706256e-01  3.18483690e-01  2.99795496e-01  3.00204504e-01 
 1.56806256e-01  3.18144766e-01  2.99792633e-01  3.00207367e-01 
 1.56906256e-01  3.17806279e-01  2.99789779e-01  3.00210221e-01 
 1.57006256e-01  3.17468336e-01  2.99786933e-01  3.00213067e-01 
 1.57106256e-01  3.17130978e-01  2.99784095e-01  3.00215905e-01 
 1.57206256e-01  3.16794220e-01  2.99781265e-01  3.00218735e-01 
 1.57306256e-01  3.16458067e-01  2.99778445e-01  3.00221555e-01 
 1.57406256e-01  3.16122523e-01  2.99775633e-01  3.00224367e-01 
 1.57506256e-01  3.15787588e-01  2.99772830e-01  3.00227170e-01 
 1.57606256e-01  3.15453265e-01  2.99770036e-01  3.00229964e-01 
 1.57706256e-01  3.15119557e-01  2.99767251e-01  3.00232749e-01 
 1.57806256e-01  3.14786465e-01  2.99764475e-01  3.00235525e-01 
 1.57906256e-01  3.14453992e-01  2.99761708e-01  3.00238292e-01 
 1.58006256e-01  3.14122139e-01  2.99758951e-01  3.00241049e-01 
 1.58106256e-01  3.13790909e-01  2.99756203e-01  3.00243797e-01 
 1.58206256e-01  3.13460305e-01  2.99753465e-01  3.00246535e-01 
 1.58306256e-01  3.13130329e-01  2.99750737e-01  3.00249263e-01 
 1.58406256e-01  3.12800983e-01  2.99748019e-01  3.00251981e-01 
 1.58506256e-01  3.12472271e-01  2.99745310e-01  3.00254690e-01 
 1.58606256e-01  3.12144195e-01  2.99742612e-01  3.00257388e-01 
 1.58706256e-01  3.11816758e-01  2.99739923e-01  3.00260077e-01 
 1.58806256e-01  3.11489963e-01  2.99737245e-01  3.00262755e-01 
 1.58906256e-01  3.11163813e-01  2.99734578e-01  3.00265422e-01 
 1.59006256e-01  3.10838311e-01  2.99731921e-01  3.00268079e-01 
 1.59106256e-01  3.10513461e-01  2.99729274e-01  3.00270726e-01 
 1.59206256e-01  3.10189264e-01  2.99726638e-01  3.00273362e-01 
 1.59306256e-01  3.09865726e-01  2.99724013e-01  3.00275987e-01 
 1.59406256e-01  3.09542849e-01  2.99721399e-01  3.00278601e-01 
 1.59506256e-01  3.09220637e-01  2.99718796e-01  3.00281204e-01 
 1.59606256e-01  3.08899094e-01  2.99716204e-01  3.00283796e-01 
 1.59706256e-01  3.08578222e-01  2.99713623e-01  3.00286377e-01 
 1.59806256e-01  3.08258026e-01  2.99711053e-01  3.00288947e-01 
 1.59906256e-01  3.07938510e-01  2.99708495e-01  3.00291505e-01 
 1.60006256e-01  3.07619678e-01  2.99705948e-01  3.00294052e-01 
 1.60106256e-01  3.07301532e-01  2.99703413e-01  3.00296587e-01 
 1.60206256e-01  3.06984078e-01  2.99700890e-01  3.00299110e-01 
 1.60306256e-01  3.06667320e-01  2.99698378e-01  3.00301622e-01 
 1.60406256e-01  3.06351261e-01  2.99695879e-01  3.00304121e-01 
 1.60506256e-01  3.06035905e-01  2.99693391e-01  3.00306609e-01 
 1.60606256e-01  3.05721258e-01  2.99690916e-01  3.00309084e-01 
 1.60706256e-01  3.05407323e-01  2.99688452e-01  3.00311548e-01 
 1.60806256e-01  3.05094105e-01  2.99686001e-01  3.00313999e-01 
 1.60906256e-01  3.04781608e-01  2.99683563e-01  3.00316437e-01 
 1.61006256e-01  3.04469837e-01  2.99681137e-01  3.00318863e-01 
 1.61106256e-01  3.04158796e-01  2.99678723e-01  3.00321277e-01 
 1.61206256e-01  3.03848489e-01  2.99676322e-01  3.00323678e-01 
 1.61306256e-01  3.03538923e-01  2.99673934e-01  3.00326066e-01 
 1.61406256e-01  3.03230100e-01  2.99671559e-01  3.00328441e-01 
 1.61506256e-01  3.02922027e-01  2.99669197e-01  3.00330803e-01 
 1.61606256e-01  3.02614707e-01  2.99666847e-01  3.00333153e-01 
 1.61706256e-01  3.02308146e-01  2.99664511e-01  3.00335489e-01 
 1.61806256e-01  3.02002349e-01  2.99662189e-01  3.00337811e-01 
 1.61906256e-01  3.01697321e-01  2.99659879e-01  3.00340121e-01 
 1.62006256e-01  3.01393066e-01  2.99657583e-01  3.00342417e-01 
 1.62106256e-01  3.01089590e-01  2.99655301e-01  3.00344699e-01 
 1.62206256e-01  3.00786897e-01  2.99653032e-01  3.00346968e-01 
 1.62306256e-01  3.00484994e-01  2.99650777e-01  3.00349223e-01 
 1.62406256e-01  3.00183885e-01  2.99648535e-01  3.00351465e-01 
 1.62506256e-01  2.99883576e-01  2.99646308e-01  3.00353692e-01 
 1.62606256e-01  2.99584071e-01  2.99644094e-01  3.00355906e-01 
 1.62706256e-01  2.99285376e-01  2.99641895e-01  3.00358105e-01 
 1.62806256e-01  2.98987486e-01  2.99639709e-01  3.00360291e-01 
 1.62906256e-01  2.98690419e-01  2.99637538e-01  3.00362462e-01 
 1.63006256e-01  2.98394187e-01  2.99635381e-01  3.00364619e-01 
 1.63106256e-01  2.98098797e-01  2.99633239e-01  3.00366761e-01 
 1.63206256e-01  2.97804256e-01  2.99631111e-01  3.00368889e-01 
 1.63306256e-01  2.97510570e-01  2.99628997e-01  3.00371003e-01 
 1.63406256e-01  2.97217744e-01  2.99626899e-01  3.00373101e-01 
 1.63506256e-01  2.96925784e-01  2.99624815e-01  3.00375185e-01 
 1.63606256e-01  2.96634696e-01  2.99622745e-01  3.00377255e-01 
 1.63706256e-01  2.96344486e-01  2.99620691e-01  3.00379309e-01 
 1.63806256e-01  2.96055159e-01  2.99618652e-01  3.00381348e-01 
 1.63906256e-01  2.95766722e-01  2.99616627e-01  3.00383373e-01 
 1.64006256e-01  2.95479180e-01  2.99614618e-01  3.00385382e-01 
 1.64106256e-01  2.95192540e-01  2.99612624e-01  3.00387376e-01 
 1.64206256e-01  2.94906807e-01  2.99610646e-01  3.00389354e-01 
 1.64306256e-01  2.94621987e-01  2.99608682e-01  3.00391318e-01 
 1.64406256e-01  2.94338087e-01  2.99606734e-01  3.00393266e-01 
 1.64506256e-01  2.94055112e-01  2.99604802e-01  3.00395198e-01 
 1.64606256e-01  2.93773069e-01  2.99602885e-01  3.00397115e-01 
 1.64706256e-01  2.93491964e-01  2.99600984e-01  3.00399016e-01 
 1.64806256e-01  2.93211804e-01  2.99599099e-01  3.00400901e-01 
 1.64906256e-01  2.92932593e-01  2.99597230e-01  3.00402770e-01 
 1.65006256e-01  2.92654339e-01  2.99595376e-01  3.00404624e-01 
 1.65106256e-01  2.92377048e-01  2.99593538e-01  3.00406462e-01 
 1.65206256e-01  2.92100727e-01  2.99591717e-01  3.00408283e-01 
 1.65306256e-01  2.91825381e-01  2.99589911e-01  3.00410089e-01 
 1.65406256e-01  2.91551017e-01  2.99588122e-01  3.00411878e-01 
 1.65506256e-01  2.91277642e-01  2.99586349e-01  3.00413651e-01 
 1.65606256e-01  2.91005261e-01  2.99584593e-01  3.00415407e-01 
 1.65706256e-01  2.90733882e-01  2.99582852e-01  3.00417148e-01 
 1.65806256e-01  2.90463511e-01  2.99581129e-01  3.00418871e-01 
 1.65906256e-01  2.90194154e-01  2.99579421e-01  3.00420579e-01 
 1.66006256e-01  2.89925818e-01  2.99577731e-01  3.00422269e-01 
 1.66106256e-01  2.89658509e-01  2.99576057e-01  3.00423943e-01 
 1.66206256e-01  2.89392234e-01  2.99574400e-01  3.00425600e-01 
 1.66306256e-01  2.89127000e-01  2.99572759e-01  3.00427241e-01 
 1.66406256e-01  2.88862814e-01  2.99571136e-01  3.00428864e-01 
 1.66506256e-01  2.88599681e-01  2.99569529e-01  3.00430471e-01 
 1.66606256e-01  2.88337608e-01  2.99567939e-01  3.00432061e-01 
 1.66706256e-01  2.88076603e-01  2.99566367e-01  3.00433633e-01 
 1.66806256e-01  2.87816671e-01  2.99564811e-01  3.00435189e-01 
 1.66906256e-01  2.87557820e-01  2.99563273e-01  3.00436727e-01 
 1.67006256e-01  2.87300056e-01  2.99561752e-01  3.00438248e-01 
 1.67106256e-01  2.87043386e-01  2.99560248e-01  3.00439752e-01 
 1.67206256e-01  2.86787817e-01  2.99558762e-01  3.00441238e-01 
 1.67306256e-01  2.86533355e-01  2.99557293e-01  3.00442707e-01 
 1.67406256e-01  2.86280007e-01  2.99555841e-01  3.00444159e-01 
 1.67506256e-01  2.86027780e-01  2.99554408e-01  3.00445592e-01 
 1.67606256e-01  2.85776680e-01  2.99552991e-01  3.00447009e-01 
 1.67706256e-01  2.85526715e-01  2.99551593e-01  3.00448407e-01 
 1.67806256e-01  2.85277890e-01  2.99550212e-01  3.00449788e-01 
 1.67906256e-01  2.85030214e-01  2.99548848e-01  3.00451152e-01 
 1.68006256e-01  2.84783692e-01  2.99547503e-01  3.00452497e-01 
 1.68106256e-01  2.84538332e-01  2.99546175e-01  3.00453825e-01 
 1.68206256e-01  2.84294140e-01  2.99544866e-01  3.00455134e-01 
 1.68306256e-01  2.84051123e-01  2.99543574e-01  3.00456426e-01 
 1.68406256e-01  2.83809287e-01  2.99542300e-01  3.00457700e-01 
 1.68506256e-01  2.83568641e-01  2.99541045e-01  3.00458955e-01 
 1.68606256e-01  2.83329189e-01  2.99539807e-01  3.00460193e-01 
 1.68706256e-01  2.83090940e-01  2.99538588e-01  3.00461412e-01 
 1.68806256e-01  2.82853900e-01  2.99537387e-01  3.00462613e-01 
 1.68906256e-01  2.82618076e-01  2.99536204e-01  3.00463796e-01 
 1.69006256e-01  2.82383474e-01  2.99535039e-01  3.00464961e-01 
 1.69106256e-01  2.82150101e-01  2.99533893e-01  3.00466107e-01 
 1.69206256e-01  2.81917965e-01  2.99532766e-01  3.00467234e-01 
 1.69306256e-01  2.81687072e-01  2.99531656e-01  3.00468344e-01 
 1.69406256e-01  2.81457428e-01  2.99530565e-01  3.00469435e-01 
 1.69506256e-01  2.81229041e-01  2.99529493e-01  3.00470507e-01 
 1.69606256e-01  2.81001916e-01  2.99528439e-01  3.00471561e-01 
 1.69706256e-01  2.80776062e-01  2.99527404e-01  3.00472596e-01 
 1.69806256e-01  2.80551485e-01  2.99526388e-01  3.00473612e-01 
 1.69906256e-01  2.80328191e-01  2.99525390e-01  3.00474610e-01 
 1.70006256e-01  2.80106187e-01  2.99524411e-01  3.00475589e-01 
 1.70106256e-01  2.79885481e-01  2.99523451e-01  3.00476549e-01 
 1.70206256e-01  2.79666077e-01  2.99522509e-01  3.00477491e-01 
 1.70306256e-01  2.79447985e-01  2.99521587e-01  3.00478413e-01 
 1.70406256e-01  2.79231209e-01  2.99520683e-01  3.00479317e-01 
 1.70506256e-01  2.79015757e-01  2.99519798e-01  3.00480202e-01 
 1.70606256e-01  2.78801635e-01  2.99518933e-01  3.00481067e-01 
 1.70706256e-01  2.78588851e-01  2.99518086e-01  3.00481914e-01 
 1.70806256e-01  2.78377410e-01  2.99517258e-01  3.00482742e-01 
 1.70906256e-01  2.78167319e-01  2.99516449e-01  3.00483551e-01 
 1.71006256e-01  2.77958586e-01  2.99515660e-01  3.00484340e-01 
 1.71106256e-01  2.77751216e-01  2.99514889e-01  3.00485111e-01 
 1.71206256e-01  2.77545216e-01  2.99514138e-01  3.00485862e-01 
 1.71306256e-01  2.77340593e-01  2.99513406e-01  3.00486594e-01 
 1.71406256e-01  2.77137353e-01  2.99512693e-01  3.00487307e-01 
 1.71506256e-01  2.76935503e-01  2.99511999e-01  3.00488001e-01 
 1.71606256e-01  2.76735049e-01  2.99511324e-01  3.00488676e-01 
 1.71706256e-01  2.76535998e-01  2.99510669e-01  3.00489331e-01 
 1.71806256e-01  2.76338356e-01  2.99510033e-01  3.00489967e-01 
 1.71906256e-01  2.76142130e-01  2.99509417e-01  3.00490583e-01 
 1.72006256e-01  2.75947326e-01  2.99508820e-01  3.00491180e-01 
 1.72106256e-01  2.75753951e-01  2.99508242e-01  3.00491758e-01 
 1.72206256e-01  2.75562011e-01  2.99507683e-01  3.00492317e-01 
 1.72306256e-01  2.75371512e-01  2.99507145e-01  3.00492855e-01 
 1.72406256e-01  2.75182461e-01  2.99506625e-01  3.00493375e-01 
 1.72506256e-01  2.74994864e-01  2.99506125e-01  3.00493875e-01 
 1.72606256e-01  2.74808727e-01  2.99505645e-01  3.00494355e-01 
 1.72706256e-01  2.74624057e-01  2.99505184e-01  3.00494816e-01 
 1.72806256e-01  2.74440860e-01  2.99504742e-01  3.00495258e-01 
 1.72906256e-01  2.74259143e-01  2.99504320e-01  3.00495680e-01 
 1.73006256e-01  2.74078910e-01  2.99503918e-01  3.00496082e-01 
 1.73106256e-01  2.73900169e-01  2.99503535e-01  3.00496465e-01 
 1.73206256e-01  2.73722926e-01  2.99503172e-01  3.00496828e-01 
 1.73306256e-01  2.73547187e-01  2.99502829e-01  3.00497171e-01 
 1.73406256e-01  2.73372958e-01  2.99502505e-01  3.00497495e-01 
 1.73506256e-01  2.73200245e-01  2.99502201e-01  3.00497799e-01 
 1.73606256e-01  2.73029054e-01  2.99501916e-01  3.00498084e-01 
 1.73706256e-01  2.72859391e-01  2.99501651e-01  3.00498349e-01 
 1.73806256e-01  2.72691263e-01  2.99501406e-01  3.00498594e-01 
 1.73906256e-01  2.72524675e-01  2.99501180e-01  3.00498820e-01 
 1.74006256e-01  2.72359632e-01  2.99500974e-01  3.00499026e-01 
 1.74106256e-01  2.72196142e-01  2.99500788e-01  3.00499212e-01 
 1.74206256e-01  2.72034210e-01  2.99500622e-01  3.00499378e-01 
 1.74306256e-01  2.71873841e-01  2.99500475e-01  3.00499525e-01 
 1.74406256e-01  2.71715042e-01  2.99500348e-01  3.00499652e-01 
 1.74506256e-01  2.71557818e-01  2.99500241e-01  3.00499759e-01 
 1.74606256e-01  2.71402176e-01  2.99500153e-01  3.00499847e-01 
 1.74706256e-01  2.71248120e-01  2.99500085e-01  3.00499915e-01 
 1.74806256e-01  2.71095657e-01  2.99500037e-01  3.00499963e-01 
 1.74906256e-01  2.70944792e-01  2.99500009e-01  3.00499991e-01 
 1.75006256e-01  2.70795531e-01  2.99500000e-01  3.00500000e-01 
 1.75106256e-01  2.70647879e-01  2.99500011e-01  3.00499989e-01 
 1.75206256e-01  2.70501842e-01  2.99500042e-01  3.00499958e-01 
 1.75306256e-01  2.70357426e-01  2.99500093e-01  3.00499907e-01 
 1.75406256e-01  2.70214636e-01  2.99500163e-01  3.00499837e-01 
 1.75506256e-01  2.70073477e-01  2.99500253e-01  3.00499747e-01 
 1.75606256e-01  2.69933956e-01  2.99500363e-01  3.00499637e-01 
 1.75706256e-01  2.69796076e-01  2.99500492e-01  3.00499508e-01 
 1.75806256e-01  2.69659844e-01  2.99500641e-01  3.00499359e-01 
 1.75906256e-01  2.69525266e-01  2.99500810e-01  3.00499190e-01 
 1.76006256e-01  2.69392345e-01  2.99500999e-01  3.00499001e-01 
 1.76106256e-01  2.69261088e-01  2.99501207e-01  3.00498793e-01 
 1.76206256e-01  2.69131500e-01  2.99501435e-01  3.00498565e-01 
 1.76306256e-01  2.69003585e-01  2.99501683e-01  3.00498317e-01 
 1.76406256e-01  2.68877350e-01  2.99501950e-01  3.00498050e-01 
 1.76506256e-01  2.68752799e-01  2.99502238e-01  3.00497762e-01 
 1.76606256e-01  2.68629936e-01  2.99502544e-01  3.00497456e-01 
 1.76706256e-01  2.68508768e-01  2.99502871e-01  3.00497129e-01 
 1.76806256e-01  2.68389300e-01  2.99503217e-01  3.00496783e-01 
 1.76906256e-01  2.68271535e-01  2.99503582e-01  3.00496418e-01 
 1.77006256e-01  2.68155479e-01  2.99503967e-01  3.00496033e-01 
 1.77106256e-01  2.68041137e-01  2.99504372e-01  3.00495628e-01 
 1.77206256e-01  2.67928514e-01  2.99504796e-01  3.00495204e-01 
 1.77306256e-01  2.67817615e-01  2.99505240e-01  3.00494760e-01 
 1.77406256e-01  2.67708443e-01  2.99505704e-01  3.00494296e-01 
 1.77506256e-01  2.67601005e-01  2.99506187e-01  3.00493813e-01 
 1.77606256e-01  2.67495304e-01  2.99506689e-01  3.00493311e-01 
 1.77706256e-01  2.67391345e-01  2.99507211e-01  3.00492789e-01 
 1.77806256e-01  2.67289133e-01  2.99507752e-01  3.00492248e-01 
 1.77906256e-01  2.67188673e-01  2.99508313e-01  3.00491687e-01 
 1.78006256e-01  2.67089968e-01  2.99508893e-01  3.00491107e-01 
 1.78106256e-01  2.66993023e-01  2.99509493e-01  3.00490507e-01 
 1.78206256e-01  2.66897844e-01  2.99510112e-01  3.00489888e-01 
 1.78306256e-01  2.66804433e-01  2.99510750e-01  3.00489250e-01 
 1.78406256e-01  2.66712796e-01  2.99511408e-01  3.00488592e-01 
 1.78506256e-01  2.66622936e-01  2.99512085e-01  3.00487915e-01 
 1.78606256e-01  2.66534858e-01  2.99512781e-01  3.00487219e-01 
 1.78706256e-01  2.66448566e-01  2.99513496e-01  3.00486504e-01 
 1.78806256e-01  2.66364065e-01  2.99514231e-01  3.00485769e-01 
 1.78906256e-01  2.66281358e-01  2.99514984e-01  3.00485016e-01 
 1.79006256e-01  2.66200449e-01  2.99515757e-01  3.00484243e-01 
 1.79106256e-01  2.66121343e-01  2.99516549e-01  3.00483451e-01 
 1.79206256e-01  2.66044043e-01  2.99517360e-01  3.00482640e-01 
 1.79306256e-01  2.65968554e-01  2.99518191e-01  3.00481809e-01 
 1.79406256e-01  2.65894879e-01  2.99519040e-01  3.00480960e-01 
 1.79506256e-01  2.65823022e-01  2.99519908e-01  3.00480092e-01 
 1.79606256e-01  2.65752987e-01  2.99520795e-01  3.00479205e-01 
 1.79706256e-01  2.65684778e-01  2.99521701e-01  3.00478299e-01 
 1.79806256e-01  2.65618398e-01  2.99522626e-01  3.00477374e-01 
 1.79906256e-01  2.65553851e-01  2.99523570e-01  3.00476430e-01 
 1.80006256e-01  2.65491141e-01  2.99524533e-01  3.00475467e-01 
 1.80106256e-01  2.65430271e-01  2.99525514e-01  3.00474486e-01 
 1.80206256e-01  2.65371245e-01  2.99526514e-01  3.00473486e-01 
 1.80306256e-01  2.65314066e-01  2.99527533e-01  3.00472467e-01 
 1.80406256e-01  2.65258737e-01  2.99528570e-01  3.00471430e-01 
 1.80506256e-01  2.65205263e-01  2.99529626e-01  3.00470374e-01 
 1.80606256e-01  2.65153647e-01  2.99530701e-01  3.00469299e-01 
 1.80706256e-01  2.65103891e-01  2.99531794e-01  3.00468206e-01 
 1.80806256e-01  2.65055999e-01  2.99532906e-01  3.00467094e-01 
 1.80906256e-01  2.65009974e-01  2.99534036e-01  3.00465964e-01 
 1.81006256e-01  2.64965820e-01  2.99535184e-01  3.00464816e-01 
 1.81106256e-01  2.64923539e-01  2.99536351e-01  3.00463649e-01 
 1.81206256e-01  2.64883134e-01  2.99537536e-01  3.00462464e-01 
 1.81306256e-01  2.64844609e-01  2.99538739e-01  3.00461261e-01 
 1.81406256e-01  2.64807967e-01  2.99539961e-01  3.00460039e-01 
 1.81506256e-01  2.64773210e-01  2.99541201e-01  3.00458799e-01 
 1.81606256e-01  2.64740342e-01  2.99542459e-01  3.00457541e-01 
 1.81706256e-01  2.64709365e-01  2.99543735e-01  3.00456265e-01 
 1.81806256e-01  2.64680281e-01  2.99545028e-01  3.00454972e-01 
 1.81906256e-01  2.64653094e-01  2.99546340e-01  3.00453660e-01 
 1.82006256e-01  2.64627807e-01  2.99547670e-01  3.00452330e-01 
 1.82106256e-01  2.64604422e-01  2.99549018e-01  3.00450982e-01 
 1.82206256e-01  2.64582941e-01  2.99550383e-01  3.00449617e-01 
 1.82306256e-01  2.64563367e-01  2.99551767e-01  3.00448233e-01 
 1.82406256e-01  2.64545703e-01  2.99553167e-01  3.00446833e-01 
 1.82506256e-01  2.64529952e-01  2.99554586e-01  3.00445414e-01 
 1.82606256e-01  2.64516114e-01  2.99556022e-01  3.00443978e-01 
 1.82706256e-01  2.64504193e-01  2.99557476e-01  3.00442524e-01 
 1.82806256e-01  2.64494192e-01  2.99558947e-01  3.00441053e-01 
 1.82906256e-01  2.64486112e-01  2.99560435e-01  3.00439565e-01 
 1.83006256e-01  2.64479955e-01  2.99561941e-01  3.00438059e-01 
 1.83106256e-01  2.64475724e-01  2.99563465e-01  3.00436535e-01 
 1.83206256e-01  2.64473421e-01  2.99565005e-01  3.00434995e-01 
 1.83306256e-01  2.64473048e-01  2.99566563e-01  3.00433437e-01 
 1.83406256e-01  2.64474607e-01  2.99568137e-01  3.00431863e-01 
 1.83506256e-01  2.64478100e-01  2.99569729e-01  3.00430271e-01 
 1.83606256e-01  2.64483528e-01  2.99571338e-01  3.00428662e-01 
 1.83706256e-01  2.64490894e-01  2.99572963e-01  3.00427037e-01 
 1.83806256e-01  2.64500200e-01  2.99574606e-01  3.00425394e-01 
 1.83906256e-01  2.64511446e-01  2.99576265e-01  3.00423735e-01 
 1.84006256e-01  2.64524636e-01  2.99577941e-01  3.00422059e-01 
 1.84106256e-01  2.64539770e-01  2.99579634e-01  3.00420366e-01 
 1.84206256e-01  2.64556850e-01  2.99581343e-01  3.00418657e-01 
 1.84306256e-01  2.64575878e-01  2.99583069e-01  3.00416931e-01 
 1.84406256e-01  2.64596855e-01  2.99584812e-01  3.00415188e-01 
 1.84506256e-01  2.64619783e-01  2.99586570e-01  3.00413430e-01 
 1.84606256e-01  2.64644663e-01  2.99588345e-01  3.00411655e-01 
 1.84706256e-01  2.64671497e-01  2.99590136e-01  3.00409864e-01 
 1.84806256e-01  2.64700285e-01  2.99591944e-01  3.00408056e-01 
 1.84906256e-01  2.64731030e-01  2.99593767e-01  3.00406233e-01 
 1.85006256e-01  2.64763732e-01  2.99595607e-01  3.00404393e-01 
 1.85106256e-01  2.64798392e-01  2.99597463e-01  3.00402537e-01 
 1.85206256e-01  2.64835011e-01  2.99599334e-01  3.00400666e-01 
 1.85306256e-01  2.64873592e-01  2.99601221e-01  3.00398779e-01 
 1.85406256e-01  2.64914134e-01  2.99603124e-01  3.00396876e-01 
 1.85506256e-01  2.64956638e-01  2.99605043e-01  3.00394957e-01 
 1.85606256e-01  2.65001106e-01  2.99606977e-01  3.00393023e-01 
 1.85706256e-01  2.65047539e-01  2.99608927e-01  3.00391073e-01 
 1.85806256e-01  2.65095936e-01  2.99610892e-01  3.00389108e-01 
 1.85906256e-01  2.65146300e-01  2.99612873e-01  3.00387127e-01 
 1.86006256e-01  2.65198630e-01  2.99614869e-01  3.00385131e-01 
 1.86106256e-01  2.65252927e-01  2.99616880e-01  3.00383120e-01 
 1.86206256e-01  2.65309193e-01  2.99618906e-01  3.00381094e-01 
 1.86306256e-01  2.65367426e-01  2.99620947e-01  3.00379053e-01 
 1.86406256e-01  2.65427629e-01  2.99623003e-01  3.00376997e-01 
 1.86506256e-01  2.65489801e-01  2.99625074e-01  3.00374926e-01 
 1.86606256e-01  2.65553943e-01  2.99627160e-01  3.00372840e-01 
 1.86706256e-01  2.65620055e-01  2.99629261e-01  3.00370739e-01 
 1.86806256e-01  2.65688138e-01  2.99631376e-01  3.00368624e-01 
 1.86906256e-01  2.65758191e-01  2.99633506e-01  3.00366494e-01 
 1.87006256e-01  2.65830215e-01  2.99635650e-01  3.00364350e-01 
 1.87106256e-01  2.65904210e-01  2.99637809e-01  3.00362191e-01 
 1.87206256e-01  2.65980177e-01  2.99639982e-01  3.00360018e-01 
 1.87306256e-01  2.66058114e-01  2.99642169e-01  3.00357831e-01 
 1.87406256e-01  2.66138023e-01  2.99644370e-01  3.00355630e-01 
 1.87506256e-01  2.66219903e-01  2.99646586e-01  3.00353414e-01 
 1.87606256e-01  2.66303753e-01  2.99648815e-01  3.00351185e-01 
 1.87706256e-01  2.66389575e-01  2.99651058e-01  3.00348942e-01 
 1.87806256e-01  2.66477367e-01  2.99653315e-01  3.00346685e-01 
 1.87906256e-01  2.66567130e-01  2.99655586e-01  3.00344414e-01 
 1.88006256e-01  2.66658863e-01  2.99657870e-01  3.00342130e-01 
 1.88106256e-01  2.66752565e-01  2.99660167e-01  3.00339833e-01 
 1.88206256e-01  2.66848237e-01  2.99662479e-01  3.00337521e-01 
 1.88306256e-01  2.66945877e-01  2.99664803e-01  3.00335197e-01 
 1.88406256e-01  2.67045485e-01  2.99667141e-01  3.00332859e-01 
 1.88506256e-01  2.67147062e-01  2.99669492e-01  3.00330508e-01 
 1.88606256e-01  2.67250605e-01  2.99671855e-01  3.00328145e-01 
 1.88706256e-01  2.67356114e-01  2.99674232e-01  3.00325768e-01 
 1.88806256e-01  2.67463590e-01  2.99676622e-01  3.00323378e-01 
 1.88906256e-01  2.67573030e-01  2.99679024e-01  3.00320976e-01 
 1.89006256e-01  2.67684434e-01  2.99681439e-01  3.00318561e-01 
 1.89106256e-01  2.67797801e-01  2.99683867e-01  3.00316133e-01 
 1.89206256e-01  2.67913130e-01  2.99686307e-01  3.00313693e-01 
 1.89306256e-01  2.68030420e-01  2.99688760e-01  3.00311240e-01 
 1.89406256e-01  2.68149670e-01  2.99691225e-01  3.00308775e-01 
 1.89506256e-01  2.68270880e-01  2.99693702e-01  3.00306298e-01 
 1.89606256e-01  2.68394047e-01  2.99696191e-01  3.00303809e-01 
 1.89706256e-01  2.68519170e-01  2.99698692e-01  3.00301308e-01 
 1.89806256e-01  2.68646249e-01  2.99701205e-01  3.00298795e-01 
 1.89906256e-01  2.68775282e-01  2.99703730e-01  3.00296270e-01 
 1.90006256e-01  2.68906268e-01  2.99706266e-01  3.00293734e-01 
 1.90106256e-01  2.69039205e-01  2.99708814e-01  3.00291186e-01 
 1.90206256e-01  2.69174091e-01  2.99711374e-01  3.00288626e-01 
 1.90306256e-01  2.69310926e-01  2.99713945e-01  3.00286055e-01 
 1.90406256e-01  2.69449707e-01  2.99716527e-01  3.00283473e-01 
 1.90506256e-01  2.69590434e-01  2.99719121e-01  3.00280879e-01 
 1.90606256e-01  2.69733103e-01  2.99721725e-01  3.00278275e-01 
 1.90706256e-01  2.69877714e-01  2.99724341e-01  3.00275659e-01 
 1.90806256e-01  2.70024265e-01  2.99726967e-01  3.00273033e-01 
 1.90906256e-01  2.70172754e-01  2.99729605e-01  3.00270395e-01 
 1.91006256e-01  2.70323179e-01  2.99732253e-01  3.00267747e-01 
 1.91106256e-01  2.70475537e-01  2.99734911e-01  3.00265089e-01 
 1.91206256e-01  2.70629828e-01  2.99737580e-01  3.00262420e-01 
 1.91306256e-01  2.70786049e-01  2.99740259e-01  3.00259741e-01 
 1.91406256e-01  2.70944197e-01  2.99742949e-01  3.00257051e-01 
 1.91506256e-01  2.71104271e-01  2.99745648e-01  3.00254352e-01 
 1.91606256e-01  2.71266268e-01  2.99748358e-01  3.00251642e-01 
 1.91706256e-01  2.71430187e-01  2.99751078e-01  3.00248922e-01 
 1.91806256e-01  2.71596024e-01  2.99753807e-01  3.00246193e-01 
 1.91906256e-01  2.71763777e-01  2.99756547e-01  3.00243453e-01 
 1.92006256e-01  2.71933444e-01  2.99759295e-01  3.00240705e-01 
 1.92106256e-01  2.72105023e-01  2.99762054e-01  3.00237946e-01 
 1.92206256e-01  2.72278511e-01  2.99764821e-01  3.00235179e-01 
 1.92306256e-01  2.72453905e-01  2.99767598e-01  3.00232402e-01 
 1.92406256e-01  2.72631202e-01  2.99770385e-01  3.00229615e-01 
 1.92506256e-01  2.72810400e-01  2.99773180e-01  3.00226820e-01 
 1.92606256e-01  2.72991496e-01  2.99775984e-01  3.00224016e-01 
 1.92706256e-01  2.73174488e-01  2.99778797e-01  3.00221203e-01 
 1.92806256e-01  2.73359371e-01  2.99781619e-01  3.00218381e-01 
 1.92906256e-01  2.73546144e-01  2.99784449e-01  3.00215551e-01 
 1.93006256e-01  2.73734804e-01  2.99787288e-01  3.00212712e-01 
 1.93106256e-01  2.73925346e-01  2.99790135e-01  3.00209865e-01 
 1.93206256e-01  2.74117769e-01  2.99792991e-01  3.00207009e-01 
 1.93306256e-01  2.74312069e-01  2.99795855e-01  3.00204145e-01 
 1.93406256e-01  2.74508243e-01  2.99798727e-01  3.00201273e-01 
 1.93506256e-01  2.74706287e-01  2.99801606e-01  3.00198394e-01 
 1.93606256e-01  2.74906198e-01  2.99804494e-01  3.00195506e-01 
 1.93706256e-01  2.75107974e-01  2.99807389e-01  3.00192611e-01 
 1.93806256e-01  2.75311609e-01  2.99810292e-01  3.00189708e-01 
 1.93906256e-01  2.75517102e-01  2.99813203e-01  3.00186797e-01 
 1.94006256e-01  2.75724447e-01  2.99816120e-01  3.00183880e-01 
 1.94106256e-01  2.75933643e-01  2.99819046e-01  3.00180954e-01 
 1.94206256e-01  2.76144684e-01  2.99821978e-01  3.00178022e-01 
 1.94306256e-01  2.76357568e-01  2.99824917e-01  3.00175083e-01 
 1.94406256e-01  2.76572290e-01  2.99827863e-01  3.00172137e-01 
 1.94506256e-01  2.76788847e-01  2.99830816e-01  3.00169184e-01 
 1.94606256e-01  2.77007235e-01  2.99833776e-01  3.00166224e-01 
 1.94706256e-01  2.77227449e-01  2.99836742e-01  3.00163258e-01 
 1.94806256e-01  2.77449487e-01  2.99839714e-01  3.00160286e-01 
 1.94906256e-01  2.77673343e-01  2.99842693e-01  3.00157307e-01 
 1.95006256e-01  2.77899013e-01  2.99845678e-01  3.00154322e-01 
 1.95106256e-01  2.78126495e-01  2.99848670e-01  3.00151330e-01 
 1.95206256e-01  2.78355782e-01  2.99851667e-01  3.00148333e-01 
 1.95306256e-01  2.78586872e-01  2.99854670e-01  3.00145330e-01 
 1.95406256e-01  2.78819759e-01  2.99857679e-01  3.00142321e-01 
 1.95506256e-01  2.79054439e-01  2.99860693e-01  3.00139307e-01 
 1.95606256e-01  2.79290908e-01  2.99863713e-01  3.00136287e-01 
 1.95706256e-01  2.79529162e-01  2.99866738e-01  3.00133262e-01 
 1.95806256e-01  2.79769195e-01  2.99869769e-01  3.00130231e-01 
 1.95906256e-01  2.80011003e-01  2.99872805e-01  3.00127195e-01 
 1.96006256e-01  2.80254581e-01  2.99875845e-01  3.00124155e-01 
 1.96106256e-01  2.80499926e-01  2.99878891e-01  3.00121109e-01 
 1.96206256e-01  2.80747031e-01  2.99881941e-01  3.00118059e-01 
 1.96306256e-01  2.80995892e-01  2.99884997e-01  3.00115003e-01 
 1.96406256e-01  2.81246504e-01  2.99888056e-01  3.00111944e-01 
 1.96506256e-01  2.81498862e-01  2.99891120e-01  3.00108880e-01 
 1.96606256e-01  2.81752962e-01  2.99894189e-01  3.00105811e-01 
 1.96706256e-01  2.82008797e-01  2.99897261e-01  3.00102739e-01 
 1.96806256e-01  2.82266364e-01  2.99900338e-01  3.00099662e-01 
 1.96906256e-01  2.82525656e-01  2.99903418e-01  3.00096582e-01 
 1.97006256e-01  2.82786669e-01  2.99906502e-01  3.00093498e-01 
 1.97106256e-01  2.83049397e-01  2.99909590e-01  3.00090410e-01 
 1.97206256e-01  2.83313835e-01  2.99912682e-01  3.00087318e-01 
 1.97306256e-01  2.83579977e-01  2.99915777e-01  3.00084223e-01 
 1.97406256e-01  2.83847818e-01  2.99918875e-01  3.00081125e-01 
 1.97506256e-01  2.84117353e-01  2.99921977e-01  3.00078023e-01 
 1.97606256e-01  2.84388575e-01  2.99925082e-01  3.00074918e-01 
 1.97706256e-01  2.84661480e-01  2.99928189e-01  3.00071811e-01 
 1.97806256e-01  2.84937386e-01  2.99931300e-01  3.00068700e-01 
 1.97906256e-01  2.85214692e-01  2.99934413e-01  3.00065587e-01 
 1.98006256e-01  2.85492737e-01  2.99937528e-01  3.00062472e-01 
 1.98106256e-01  2.85771255e-01  2.99940647e-01  3.00059353e-01 
 1.98206256e-01  2.86050145e-01  2.99943767e-01  3.00056233e-01 
 1.98306256e-01  2.86329372e-01  2.99946890e-01  3.00053110e-01 
 1.98406256e-01  2.86608927e-01  2.99950015e-01  3.00049985e-01 
 1.98506256e-01  2.86888810e-01  2.99953141e-01  3.00046859e-01 
 1.98606256e-01  2.87169024e-01  2.99956270e-01  3.00043730e-01 
 1.98706256e-01  2.87449572e-01  2.99959401e-01  3.00040599e-01 
 1.98806256e-01  2.87730457e-01  2.99962533e-01  3.00037467e-01 
 1.98906256e-01  2.88011683e-01  2.99965666e-01  3.00034334e-01 
 1.99006256e-01  2.88293253e-01  2.99968801e-01  3.00031199e-01 
 1.99106256e-01  2.88575169e-01  2.99971937e-01  3.00028063e-01 
 1.99206256e-01  2.88857435e-01  2.99975074e-01  3.00024926e-01 
 1.99306256e-01  2.89140054e-01  2.99978212e-01  3.00021788e-01 
 1.99406256e-01  2.89423027e-01  2.99981351e-01  3.00018649e-01 
 1.99506256e-01  2.89706357e-01  2.99984491e-01  3.00015509e-01 
 1.99606256e-01  2.89990047e-01  2.99987631e-01  3.00012369e-01 
 1.99706256e-01  2.90274098e-01  2.99990772e-01  3.00009228e-01 
 1.99806256e-01  2.90558512e-01  2.99993913e-01  3.00006087e-01 
 1.99906256e-01  2.90843292e-01  2.99997055e-01  3.00002945e-01 
 2.00006256e-01  2.91128439e-01  3.00000197e-01  2.99999803e-01 
 2.00106256e-01  2.91413955e-01  3.00003338e-01  2.99996662e-01 
 2.00206256e-01  2.91699840e-01  3.00006480e-01  2.99993520e-01 
 2.00306256e-01  2.91986097e-01  3.00009621e-01  2.99990379e-01 
 2.00406256e-01  2.92272725e-01  3.00012762e-01  2.99987238e-01 
 2.00506256e-01  2.92559727e-01  3.00015902e-01  2.99984098e-01 
 2.00606256e-01  2.92847103e-01  3.00019041e-01  2.99980959e-01 
 2.00706256e-01  2.93134854e-01  3.00022180e-01  2.99977820e-01 
 2.00806256e-01  2.93422981e-01  3.00025318e-01  2.99974682e-01 
 2.00906256e-01  2.93711483e-01  3.00028455e-01  2.99971545e-01 
 2.01006256e-01  2.94000361e-01  3.00031591e-01  2.99968409e-01 
 2.01106256e-01  2.94289616e-01  3.00034726e-01  2.99965274e-01 
 2.01206256e-01  2.94579247e-01  3.00037859e-01  2.99962141e-01 
 2.01306256e-01  2.94869254e-01  3.00040991e-01  2.99959009e-01 
 2.01406256e-01  2.95159637e-01  3.00044121e-01  2.99955879e-01 
 2.01506256e-01  2.95450397e-01  3.00047250e-01  2.99952750e-01 
 2.01606256e-01  2.95741531e-01  3.00050376e-01  2.99949624e-01 
 2.01706256e-01  2.96033041e-01  3.00053501e-01  2.99946499e-01 
 2.01806256e-01  2.96324925e-01  3.00056623e-01  2.99943377e-01 
 2.01906256e-01  2.96617182e-01  3.00059744e-01  2.99940256e-01 
 2.02006256e-01  2.96909811e-01  3.00062862e-01  2.99937138e-01 
 2.02106256e-01  2.97202812e-01  3.00065977e-01  2.99934023e-01 
 2.02206256e-01  2.97496183e-01  3.00069090e-01  2.99930910e-01 
 2.02306256e-01  2.97789923e-01  3.00072200e-01  2.99927800e-01 
 2.02406256e-01  2.98084031e-01  3.00075307e-01  2.99924693e-01 
 2.02506256e-01  2.98378517e-01  3.00078411e-01  2.99921589e-01 
 2.02606256e-01  2.98673366e-01  3.00081512e-01  2.99918488e-01 
 2.02706256e-01  2.98968570e-01  3.00084610e-01  2.99915390e-01 
 2.02806256e-01  2.99264124e-01  3.00087705e-01  2.99912295e-01 
 2.02906256e-01  2.99560026e-01  3.00090796e-01  2.99909204e-01 
 2.03006256e-01  2.99856275e-01  3.00093884e-01  2.99906116e-01 
 2.03106256e-01  3.00152867e-01  3.00096968e-01  2.99903032e-01 
 2.03206256e-01  3.00449800e-01  3.00100048e-01  2.99899952e-01 
 2.03306256e-01  3.00747074e-01  3.00103124e-01  2.99896876e-01 
 2.03406256e-01  3.01044684e-01  3.00106196e-01  2.99893804e-01 
 2.03506256e-01  3.01342629e-01  3.00109263e-01  2.99890737e-01 
 2.03606256e-01  3.01640905e-01  3.00112327e-01  2.99887673e-01 
 2.03706256e-01  3.01939512e-01  3.00115386e-01  2.99884614e-01 
 2.03806256e-01  3.02238445e-01  3.00118440e-01  2.99881560e-01 
 2.03906256e-01  3.02537701e-01  3.00121490e-01  2.99878510e-01 
 2.04006256e-01  3.02837278e-01  3.00124535e-01  2.99875465e-01 
 2.04106256e-01  3.03137173e-01  3.00127575e-01  2.99872425e-01 
 2.04206256e-01  3.03437382e-01  3.00130610e-01  2.99869390e-01 
 2.04306256e-01  3.03737902e-01  3.00133640e-01  2.99866360e-01 
 2.04406256e-01  3.04038729e-01  3.00136665e-01  2.99863335e-01 
 2.04506256e-01  3.04339860e-01  3.00139684e-01  2.99860316e-01 
 2.04606256e-01  3.04641291e-01  3.00142698e-01  2.99857302e-01 
 2.04706256e-01  3.04943019e-01  3.00145706e-01  2.99854294e-01 
 2.04806256e-01  3.05245040e-01  3.00148708e-01  2.99851292e-01 
 2.04906256e-01  3.05547348e-01  3.00151705e-01  2.99848295e-01 
 2.05006256e-01  3.05849942e-01  3.00154695e-01  2.99845305e-01 
 2.05106256e-01  3.06152816e-01  3.00157680e-01  2.99842320e-01 
 2.05206256e-01  3.06455965e-01  3.00160658e-01  2.99839342e-01 
 2.05306256e-01  3.06759387e-01  3.00163630e-01  2.99836370e-01 
 2.05406256e-01  3.07063075e-01  3.00166595e-01  2.99833405e-01 
 2.05506256e-01  3.07367026e-01  3.00169554e-01  2.99830446e-01 
 2.05606256e-01  3.07671235e-01  3.00172506e-01  2.99827494e-01 
 2.05706256e-01  3.07975698e-01  3.00175451e-01  2.99824549e-01 
 2.05806256e-01  3.08280408e-01  3.00178390e-01  2.99821610e-01 
 2.05906256e-01  3.08585362e-01  3.00181321e-01  2.99818679e-01 
 2.06006256e-01  3.08890555e-01  3.00184245e-01  2.99815755e-01 
 2.06106256e-01  3.09195981e-01  3.00187162e-01  2.99812838e-01 
 2.06206256e-01  3.09501634e-01  3.00190071e-01  2.99809929e-01 
 2.06306256e-01  3.09807511e-01  3.00192973e-01  2.99807027e-01 
 2.06406256e-01  3.10113605e-01  3.00195868e-01  2.99804132e-01 
 2.06506256e-01  3.10419911e-01  3.00198754e-01  2.99801246e-01 
 2.06606256e-01  3.10726424e-01  3.00201633e-01  2.99798367e-01 
 2.06706256e-01  3.11033137e-01  3.00204504e-01  2.99795496e-01 
 2.06806256e-01  3.11340045e-01  3.00207367e-01  2.99792633e-01 
 2.06906256e-01  3.11647143e-01  3.00210221e-01  2.99789779e-01 
 2.07006256e-01  3.11954424e-01  3.00213067e-01  2.99786933e-01 
 2.07106256e-01  3.12261882e-01  3.00215905e-01  2.99784095e-01 
 2.07206256e-01  3.12569512e-01  3.00218735e-01  2.99781265e-01 
 2.07306256e-01  3.12877308e-01  3.00221555e-01  2.99778445e-01 
 2.07406256e-01  3.13185262e-01  3.00224367e-01  2.99775633e-01 
 2.07506256e-01  3.13493370e-01  3.00227170e-01  2.99772830e-01 
 2.07606256e-01  3.13801624e-01  3.00229964e-01  2.99770036e-01 
 2.07706256e-01  3.14110018e-01  3.00232749e-01  2.99767251e-01 
 2.07806256e-01  3.14418546e-01  3.00235525e-01  2.99764475e-01 
 2.07906256e-01  3.14727201e-01  3.00238292e-01  2.99761708e-01 
 2.08006256e-01  3.15035977e-01  3.00241049e-01  2.99758951e-01 
 2.08106256e-01  3.15344867e-01  3.00243797e-01  2.99756203e-01 
 2.08206256e-01  3.15653863e-01  3.00246535e-01  2.99753465e-01 
 2.08306256e-01  3.15962960e-01  3.00249263e-01  2.99750737e-01 
 2.08406256e-01  3.16272150e-01  3.00251981e-01  2.99748019e-01 
 2.08506256e-01  3.16581427e-01  3.00254690e-01  2.99745310e-01 
 2.08606256e-01  3.16890783e-01  3.00257388e-01  2.99742612e-01 
 2.08706256e-01  3.17200211e-01  3.00260077e-01  2.99739923e-01 
 2.08806256e-01  3.17509705e-01  3.00262755e-01  2.99737245e-01 
 2.08906256e-01  3.17819256e-01  3.00265422e-01  2.99734578e-01 
 2.09006256e-01  3.18128858e-01  3.00268079e-01  2.99731921e-01 
 2.09106256e-01  3.18438503e-01  3.00270726e-01  2.99729274e-01 
 2.09206256e-01  3.18748184e-01  3.00273362e-01  2.99726638e-01 
 2.09306256e-01  3.19057894e-01  3.00275987e-01  2.99724013e-01 
 2.09406256e-01  3.19367624e-01  3.00278601e-01  2.99721399e-01 
 2.09506256e-01  3.19677367e-01  3.00281204e-01  2.99718796e-01 
 2.09606256e-01  3.19987116e-01  3.00283796e-01  2.99716204e-01 
 2.09706256e-01  3.20296863e-01  3.00286377e-01  2.99713623e-01 
 2.09806256e-01  3.20606600e-01  3.00288947e-01  2.99711053e-01 
 2.09906256e-01  3.20916320e-01  3.00291505e-01  2.99708495e-01 
 2.10006256e-01  3.21226014e-01  3.00294052e-01  2.99705948e-01 
 2.10106256e-01  3.21535674e-01  3.00296587e-01  2.99703413e-01 
 2.10206256e-01  3.21845293e-01  3.00299110e-01  2.99700890e-01 
 2.10306256e-01  3.22154862e-01  3.00301622e-01  2.99698378e-01 
 2.10406256e-01  3.22464374e-01  3.00304121e-01  2.99695879e-01 
 2.10506256e-01  3.22773820e-01  3.00306609e-01  2.99693391e-01 
 2.10606256e-01  3.23083193e-01  3.00309084e-01  2.99690916e-01 
 2.10706256e-01  3.23392483e-01  3.00311548e-01  2.99688452e-01 
 2.10806256e-01  3.23701683e-01  3.00313999e-01  2.99686001e-01 
 2.10906256e-01  3.24010784e-01  3.00316437e-01  2.99683563e-01 
 2.11006256e-01  3.24319778e-01  3.00318863e-01  2.99681137e-01 
 2.11106256e-01  3.24628656e-01  3.00321277e-01  2.99678723e-01 
 2.11206256e-01  3.24937411e-01  3.00323678e-01  2.99676322e-01 
 2.11306256e-01  3.25246032e-01  3.00326066e-01  2.99673934e-01 
 2.11406256e-01  3.25554513e-01  3.00328441e-01  2.99671559e-01 
 2.11506256e-01  3.25862844e-01  3.00330803e-01  2.99669197e-01 
 2.11606256e-01  3.26171017e-01  3.00333153e-01  2.99666847e-01 
 2.11706256e-01  3.26479023e-01  3.00335489e-01  2.99664511e-01 
 2.11806256e-01  3.26786853e-01  3.00337811e-01  2.99662189e-01 
 2.11906256e-01  3.27094499e-01  3.00340121e-01  2.99659879e-01 
 2.12006256e-01  3.27401951e-01  3.00342417e-01  2.99657583e-01 
 2.12106256e-01  3.27709202e-01  3.00344699e-01  2.99655301e-01 
 2.12206256e-01  3.28016241e-01  3.00346968e-01  2.99653032e-01 
 2.12306256e-01  3.28323060e-01  3.00349223e-01  2.99650777e-01 
 2.12406256e-01  3.28629651e-01  3.00351465e-01  2.99648535e-01 
 2.12506256e-01  3.28936003e-01  3.00353692e-01  2.99646308e-01 
 2.12606256e-01  3.29242109e-01  3.00355906e-01  2.99644094e-01 
 2.12706256e-01  3.29547959e-01  3.00358105e-01  2.99641895e-01 
 2.12806256e-01  3.29853543e-01  3.00360291e-01  2.99639709e-01 
 2.12906256e-01  3.30158854e-01  3.00362462e-01  2.99637538e-01 
 2.13006256e-01  3.30463881e-01  3.00364619e-01  2.99635381e-01 
 2.13106256e-01  3.30768616e-01  3.00366761e-01  2.99633239e-01 
 2.13206256e-01  3.31073048e-01  3.00368889e-01  2.99631111e-01 
 2.13306256e-01  3.31377170e-01  3.00371003e-01  2.99628997e-01 
 2.13406256e-01  3.31680972e-01  3.00373101e-01  2.99626899e-01 
 2.13506256e-01  3.31984444e-01  3.00375185e-01  2.99624815e-01 
 2.13606256e-01  3.32287577e-01  3.00377255e-01  2.99622745e-01 
 2.13706256e-01  3.32590362e-01  3.00379309e-01  2.99620691e-01 
 2.13806256e-01  3.32892789e-01  3.00381348e-01  2.99618652e-01 
 2.13906256e-01  3.33194850e-01  3.00383373e-01  2.99616627e-01 
 2.14006256e-01  3.33496533e-01  3.00385382e-01  2.99614618e-01 
 2.14106256e-01  3.33797831e-01  3.00387376e-01  2.99612624e-01 
 2.14206256e-01  3.34098733e-01  3.00389354e-01  2.99610646e-01 
 2.14306256e-01  3.34399230e-01  3.00391318e-01  2.99608682e-01 
 2.14406256e-01  3.34699313e-01  3.00393266e-01  2.99606734e-01 
 2.14506256e-01  3.34998972e-01  3.00395198e-01  2.99604802e-01 
 2.14606256e-01  3.35298197e-01  3.00397115e-01  2.99602885e-01 
 2.14706256e-01  3.35596979e-01  3.00399016e-01  2.99600984e-01 
 2.14806256e-01  3.35895308e-01  3.00400901e-01  2.99599099e-01 
 2.14906256e-01  3.36193175e-01  3.00402770e-01  2.99597230e-01 
 2.15006256e-01  3.36490569e-01  3.00404624e-01  2.99595376e-01 
 2.15106256e-01  3.36787482e-01  3.00406462e-01  2.99593538e-01 
 2.15206256e-01  3.37083903e-01  3.00408283e-01  2.99591717e-01 
 2.15306256e-01  3.37379823e-01  3.00410089e-01  2.99589911e-01 
 2.15406256e-01  3.37675233e-01  3.00411878e-01  2.99588122e-01 
 2.15506256e-01  3.37970122e-01  3.00413651e-01  2.99586349e-01 
 2.15606256e-01  3.38264480e-01  3.00415407e-01  2.99584593e-01 
 2.15706256e-01  3.38558299e-01  3.00417148e-01  2.99582852e-01 
 2.15806256e-01  3.38851567e-01  3.00418871e-01  2.99581129e-01 
 2.15906256e-01  3.39144276e-01  3.00420579e-01  2.99579421e-01 
 2.16006256e-01  3.39436416e-01  3.00422269e-01  2.99577731e-01 
 2.16106256e-01  3.39727976e-01  3.00423943e-01  2.99576057e-01 
 2.16206256e-01  3.40018948e-01  3.00425600e-01  2.99574400e-01 
 2.16306256e-01  3.40309320e-01  3.00427241e-01  2.99572759e-01 
 2.16406256e-01  3.40599085e-01  3.00428864e-01  2.99571136e-01 
 2.16506256e-01  3.40888230e-01  3.00430471e-01  2.99569529e-01 
 2.16606256e-01  3.41176747e-01  3.00432061e-01  2.99567939e-01 
 2.16706256e-01  3.41464627e-01  3.00433633e-01  2.99566367e-01 
 2.16806256e-01  3.41751858e-01  3.00435189e-01  2.99564811e-01 
 2.16906256e-01  3.42038431e-01  3.00436727e-01  2.99563273e-01 
 2.17006256e-01  3.42324337e-01  3.00438248e-01  2.99561752e-01 
 2.17106256e-01  3.42609565e-01  3.00439752e-01  2.99560248e-01 
 2.17206256e-01  3.42894106e-01  3.00441238e-01  2.99558762e-01 
 2.17306256e-01  3.43177949e-01  3.00442707e-01  2.99557293e-01 
 2.17406256e-01  3.43461085e-01  3.00444159e-01  2.99555841e-01 
 2.17506256e-01  3.43743505e-01  3.00445592e-01  2.99554408e-01 
 2.17606256e-01  3.44025197e-01  3.00447009e-01  2.99552991e-01 
 2.17706256e-01  3.44306153e-01  3.00448407e-01  2.99551593e-01 
 2.17806256e-01  3.44586362e-01  3.00449788e-01  2.99550212e-01 
 2.17906256e-01  3.44865814e-01  3.00451152e-01  2.99548848e-01 
 2.18006256e-01  3.45144500e-01  3.00452497e-01  2.99547503e-01 
 2.18106256e-01  3.45422410e-01  3.00453825e-01  2.99546175e-01 
 2.18206256e-01  3.45699534e-01  3.00455134e-01  2.99544866e-01 
 2.18306256e-01  3.45975862e-01  3.00456426e-01  2.99543574e-01 
 2.18406256e-01  3.46251384e-01  3.00457700e-01  2.99542300e-01 
 2.18506256e-01  3.46526091e-01  3.00458955e-01  2.99541045e-01 
 2.18606256e-01  3.46799972e-01  3.00460193e-01  2.99539807e-01 
 2.18706256e-01  3.47073018e-01  3.00461412e-01  2.99538588e-01 
 2.18806256e-01  3.47345219e-01  3.00462613e-01  2.99537387e-01 
 2.18906256e-01  3.47616565e-01  3.00463796e-01  2.99536204e-01 
 2.19006256e-01  3.47887046e-01  3.00464961e-01  2.99535039e-01 
 2.19106256e-01  3.48156653e-01  3.00466107e-01  2.99533893e-01 
 2.19206256e-01  3.48425375e-01  3.00467234e-01  2.99532766e-01 
 2.19306256e-01  3.48693203e-01  3.00468344e-01  2.99531656e-01 
 2.19406256e-01  3.48960128e-01  3.00469435e-01  2.99530565e-01 
 2.19506256e-01  3.49226139e-01  3.00470507e-01  2.99529493e-01 
 2.19606256e-01  3.49491226e-01  3.00471561e-01  2.99528439e-01 
 2.19706256e-01  3.49755381e-01  3.00472596e-01  2.99527404e-01 
 2.19806256e-01  3.50018592e-01  3.00473612e-01  2.99526388e-01 
 2.19906256e-01  3.50280852e-01  3.00474610e-01  2.99525390e-01 
 2.20006256e-01  3.50542149e-01  3.00475589e-01  2.99524411e-01 
 2.20106256e-01  3.50802474e-01  3.00476549e-01  2.99523451e-01 
 2.20206256e-01  3.51061818e-01  3.00477491e-01  2.99522509e-01 
 2.20306256e-01  3.51320171e-01  3.00478413e-01  2.99521587e-01 
 2.20406256e-01  3.51577523e-01  3.00479317e-01  2.99520683e-01 
 2.20506256e-01  3.51833865e-01  3.00480202e-01  2.99519798e-01 
 2.20606256e-01  3.52089187e-01  3.00481067e-01  2.99518933e-01 
 2.20706256e-01  3.52343479e-01  3.00481914e-01  2.99518086e-01 
 2.20806256e-01  3.52596732e-01  3.00482742e-01  2.99517258e-01 
 2.20906256e-01  3.52848937e-01  3.00483551e-01  2.99516449e-01 
 2.21006256e-01  3.53100084e-01  3.00484340e-01  2.99515660e-01 
 2.21106256e-01  3.53350163e-01  3.00485111e-01  2.99514889e-01 
 2.21206256e-01  3.53599165e-01  3.00485862e-01  2.99514138e-01 
 2.21306256e-01  3.53847081e-01  3.00486594e-01  2.99513406e-01 
 2.21406256e-01  3.54093901e-01  3.00487307e-01  2.99512693e-01 
 2.21506256e-01  3.54339616e-01  3.00488001e-01  2.99511999e-01 
 2.21606256e-01  3.54584216e-01  3.00488676e-01  2.99511324e-01 
 2.21706256e-01  3.54827693e-01  3.00489331e-01  2.99510669e-01 
 2.21806256e-01  3.55070036e-01  3.00489967e-01  2.99510033e-01 
 2.21906256e-01  3.55311236e-01  3.00490583e-01  2.99509417e-01 
 2.22006256e-01  3.55551285e-01  3.00491180e-01  2.99508820e-01 
 2.22106256e-01  3.55790173e-01  3.00491758e-01  2.99508242e-01 
 2.22206256e-01  3.56027890e-01  3.00492317e-01  2.99507683e-01 
 2.22306256e-01  3.56264428e-01  3.00492855e-01  2.99507145e-01 
 2.22406256e-01  3.56499778e-01  3.00493375e-01  2.99506625e-01 
 2.22506256e-01  3.56733929e-01  3.00493875e-01  2.99506125e-01 
 2.22606256e-01  3.56966874e-01  3.00494355e-01  2.99505645e-01 
 2.22706256e-01  3.57198603e-01  3.00494816e-01  2.99505184e-01 
 2.22806256e-01  3.57429107e-01  3.00495258e-01  2.99504742e-01 
 2.22906256e-01  3.57658378e-01  3.00495680e-01  2.99504320e-01 
 2.23006256e-01  3.57886405e-01  3.00496082e-01  2.99503918e-01 
 2.23106256e-01  3.58113181e-01  3.00496465e-01  2.99503535e-01 
 2.23206256e-01  3.58338695e-01  3.00496828e-01  2.99503172e-01 
 2.23306256e-01  3.58562941e-01  3.00497171e-01  2.99502829e-01 
 2.23406256e-01  3.58785907e-01  3.00497495e-01  2.99502505e-01 
 2.23506256e-01  3.59007587e-01  3.00497799e-01  2.99502201e-01 
 2.23606256e-01  3.59227970e-01  3.00498084e-01  2.99501916e-01 
 2.23706256e-01  3.59447049e-01  3.00498349e-01  2.99501651e-01 
 2.23806256e-01  3.59664815e-01  3.00498594e-01  2.99501406e-01 
 2.23906256e-01  3.59881258e-01  3.00498820e-01  2.99501180e-01 
 2.24006256e-01  3.60096371e-01  3.00499026e-01  2.99500974e-01 
 2.24106256e-01  3.60310144e-01  3.00499212e-01  2.99500788e-01 
 2.24206256e-01  3.60522569e-01  3.00499378e-01  2.99500622e-01 
 2.24306256e-01  3.60733638e-01  3.00499525e-01  2.99500475e-01 
 2.24406256e-01  3.60943343e-01  3.00499652e-01  2.99500348e-01 
 2.24506256e-01  3.61151674e-01  3.00499759e-01  2.99500241e-01 
 2.24606256e-01  3.61358623e-01  3.00499847e-01  2.99500153e-01 
 2.24706256e-01  3.61564182e-01  3.00499915e-01  2.99500085e-01 
 2.24806256e-01  3.61768343e-01  3.00499963e-01  2.99500037e-01 
 2.24906256e-01  3.61971097e-01  3.00499991e-01  2.99500009e-01 
 2.25006256e-01  3.62172437e-01  3.00500000e-01  2.99500000e-01 
 2.25106256e-01  3.62372354e-01  3.00499989e-01  2.99500011e-01 
 2.25206256e-01  3.62570839e-01  3.00499958e-01  2.99500042e-01 
 2.25306256e-01  3.62767885e-01  3.00499907e-01  2.99500093e-01 
 2.25406256e-01  3.62963484e-01  3.00499837e-01  2.99500163e-01 
 2.25506256e-01  3.63157628e-01  3.00499747e-01  2.99500253e-01 
 2.25606256e-01  3.63350308e-01  3.00499637e-01  2.99500363e-01 
 2.25706256e-01  3.63541517e-01  3.00499508e-01  2.99500492e-01 
 2.25806256e-01  3.63731247e-01  3.00499359e-01  2.99500641e-01 
 2.25906256e-01  3.63919491e-01  3.00499190e-01  2.99500810e-01 
 2.26006256e-01  3.64106239e-01  3.00499001e-01  2.99500999e-01 
 2.26106256e-01  3.64291485e-01  3.00498793e-01  2.99501207e-01 
 2.26206256e-01  3.64475221e-01  3.00498565e-01  2.99501435e-01 
 2.26306256e-01  3.64657439e-01  3.00498317e-01  2.99501683e-01 
 2.26406256e-01  3.64838132e-01  3.00498050e-01  2.99501950e-01 
 2.26506256e-01  3.65017292e-01  3.00497762e-01  2.99502238e-01 
 2.26606256e-01  3.65194912e-01  3.00497456e-01  2.99502544e-01 
 2.26706256e-01  3.65370984e-01  3.00497129e-01  2.99502871e-01 
 2.26806256e-01  3.65545501e-01  3.00496783e-01  2.99503217e-01 
 2.26906256e-01  3.65718455e-01  3.00496418e-01  2.99503582e-01 
 2.27006256e-01  3.65889839e-01  3.00496033e-01  2.99503967e-01 
 2.27106256e-01  3.66059646e-01  3.00495628e-01  2.99504372e-01 
 2.27206256e-01  3.66227869e-01  3.00495204e-01  2.99504796e-01 
 2.27306256e-01  3.66394501e-01  3.00494760e-01  2.99505240e-01 
 2.27406256e-01  3.66559534e-01  3.00494296e-01  2.99505704e-01 
 2.27506256e-01  3.66722961e-01  3.00493813e-01  2.99506187e-01 
 2.27606256e-01  3.66884776e-01  3.00493311e-01  2.99506689e-01 
 2.27706256e-01  3.67044971e-01  3.00492789e-01  2.99507211e-01 
 2.27806256e-01  3.67203541e-01  3.00492248e-01  2.99507752e-01 
 2.27906256e-01  3.67360477e-01  3.00491687e-01  2.99508313e-01 
 2.28006256e-01  3.67515773e-01  3.00491107e-01  2.99508893e-01 
 2.28106256e-01  3.67669422e-01  3.00490507e-01  2.99509493e-01 
 2.28206256e-01  3.67821419e-01  3.00489888e-01  2.99510112e-01 
 2.28306256e-01  3.67971755e-01  3.00489250e-01  2.99510750e-01 
 2.28406256e-01  3.68120425e-01  3.00488592e-01  2.99511408e-01 
 2.28506256e-01  3.68267422e-01  3.00487915e-01  2.99512085e-01 
 2.28606256e-01  3.68412740e-01  3.00487219e-01  2.99512781e-01 
 2.28706256e-01  3.68556373e-01  3.00486504e-01  2.99513496e-01 
 2.28806256e-01  3.68698313e-01  3.00485769e-01  2.99514231e-01 
 2.28906256e-01  3.68838555e-01  3.00485016e-01  2.99514984e-01 
 2.29006256e-01  3.68977092e-01  3.00484243e-01  2.99515757e-01 
 2.29106256e-01  3.69113919e-01  3.00483451e-01  2.99516549e-01 
 2.29206256e-01  3.69249030e-01  3.00482640e-01  2.99517360e-01 
 2.29306256e-01  3.69382417e-01  3.00481809e-01  2.99518191e-01 
 2.29406256e-01  3.69514077e-01  3.00480960e-01  2.99519040e-01 
 2.29506256e-01  3.69644001e-01  3.00480092e-01  2.99519908e-01 
 2.29606256e-01  3.69772186e-01  3.00479205e-01  2.99520795e-01 
 2.29706256e-01  3.69898624e-01  3.00478299e-01  2.99521701e-01 
 2.29806256e-01  3.70023310e-01  3.00477374e-01  2.99522626e-01 
 2.29906256e-01  3.70146239e-01  3.00476430e-01  2.99523570e-01 
 2.30006256e-01  3.70267405e-01  3.00475467e-01  2.99524533e-01 
 2.30106256e-01  3.70386802e-01  3.00474486e-01  2.99525514e-01 
 2.30206256e-01  3.70504425e-01  3.00473486e-01  2.99526514e-01 
 2.30306256e-01  3.70620269e-01  3.00472467e-01  2.99527533e-01 
 2.30406256e-01  3.70734328e-01  3.00471430e-01  2.99528570e-01 
 2.30506256e-01  3.70846596e-01  3.00470374e-01  2.99529626e-01 
 2.30606256e-01  3.70957070e-01  3.00469299e-01  2.99530701e-01 
 2.30706256e-01  3.71065743e-01  3.00468206e-01  2.99531794e-01 
 2.30806256e-01  3.71172610e-01  3.00467094e-01  2.99532906e-01 
 2.30906256e-01  3.71277667e-01  3.00465964e-01  2.99534036e-01 
 2.31006256e-01  3.71380909e-01  3.00464816e-01  2.99535184e-01 
 2.31106256e-01  3.71482330e-01  3.00463649e-01  2.99536351e-01 
 2.31206256e-01  3.71581926e-01  3.00462464e-01  2.99537536e-01 
 2.31306256e-01  3.71679692e-01  3.00461261e-01  2.99538739e-01 
 2.31406256e-01  3.71775623e-01  3.00460039e-01  2.99539961e-01 
 2.31506256e-01  3.71869715e-01  3.00458799e-01  2.99541201e-01 
 2.31606256e-01  3.71961963e-01  3.00457541e-01  2.99542459e-01 
 2.31706256e-01  3.72052363e-01  3.00456265e-01  2.99543735e-01 
 2.31806256e-01  3.72140910e-01  3.00454972e-01  2.99545028e-01 
 2.31906256e-01  3.72227600e-01  3.00453660e-01  2.99546340e-01 
 2.32006256e-01  3.72312429e-01  3.00452330e-01  2.99547670e-01 
 2.32106256e-01  3.72395392e-01  3.00450982e-01  2.99549018e-01 
 2.32206256e-01  3.72476485e-01  3.00449617e-01  2.99550383e-01 
 2.32306256e-01  3.72555704e-01  3.00448233e-01  2.99551767e-01 
 2.32406256e-01  3.72633046e-01  3.00446833e-01  2.99553167e-01 
 2.32506256e-01  3.72708505e-01  3.00445414e-01  2.99554586e-01 
 2.32606256e-01  3.72782079e-01  3.00443978e-01  2.99556022e-01 
 2.32706256e-01  3.72853763e-01  3.00442524e-01  2.99557476e-01 
 2.32806256e-01  3.72923554e-01  3.00441053e-01  2.99558947e-01 
 2.32906256e-01  3.72991449e-01  3.00439565e-01  2.99560435e-01 
 2.33006256e-01  3.73057442e-01  3.00438059e-01  2.99561941e-01 
 2.33106256e-01  3.73121532e-01  3.00436535e-01  2.99563465e-01 
 2.33206256e-01  3.73183714e-01  3.00434995e-01  2.99565005e-01 
 2.33306256e-01  3.73243985e-01  3.00433437e-01  2.99566563e-01 
 2.33406256e-01  3.73302342e-01  3.00431863e-01  2.99568137e-01 
 2.33506256e-01  3.73358781e-01  3.00430271e-01  2.99569729e-01 
 2.33606256e-01  3.73413300e-01  3.00428662e-01  2.99571338e-01 
 2.33706256e-01  3.73465895e-01  3.00427037e-01  2.99572963e-01 
 2.33806256e-01  3.73516564e-01  3.00425394e-01  2.99574606e-01 
 2.33906256e-01  3.73565302e-01  3.00423735e-01  2.99576265e-01 
 2.34006256e-01  3.73612108e-01  3.00422059e-01  2.99577941e-01 
 2.34106256e-01  3.73656978e-01  3.00420366e-01  2.99579634e-01 
 2.34206256e-01  3.73699911e-01  3.00418657e-01  2.99581343e-01 
 2.34306256e-01  3.73740902e-01  3.00416931e-01  2.99583069e-01 
 2.34406256e-01  3.73779950e-01  3.00415188e-01  2.99584812e-01 
 2.34506256e-01  3.73817052e-01  3.00413430e-01  2.99586570e-01 
 2.34606256e-01  3.73852205e-01  3.00411655e-01  2.99588345e-01 
 2.34706256e-01  3.73885408e-01  3.00409864e-01  2.99590136e-01 
 2.34806256e-01  3.73916657e-01  3.00408056e-01  2.99591944e-01 
 2.34906256e-01  3.73945951e-01  3.00406233e-01  2.99593767e-01 
 2.35006256e-01  3.73973288e-01  3.00404393e-01  2.99595607e-01 
 2.35106256e-01  3.73998665e-01  3.00402537e-01  2.99597463e-01 
 2.35206256e-01  3.74022080e-01  3.00400666e-01  2.99599334e-01 
 2.35306256e-01  3.74043532e-01  3.00398779e-01  2.99601221e-01 
 2.35406256e-01  3.74063018e-01  3.00396876e-01  2.99603124e-01 
 2.35506256e-01  3.74080537e-01  3.00394957e-01  2.99605043e-01 
 2.35606256e-01  3.74096087e-01  3.00393023e-01  2.99606977e-01 
 2.35706256e-01  3.74109666e-01  3.00391073e-01  2.99608927e-01 
 2.35806256e-01  3.74121274e-01  3.00389108e-01  2.99610892e-01 
 2.35906256e-01  3.74130907e-01  3.00387127e-01  2.99612873e-01 
 2.36006256e-01  3.74138566e-01  3.00385131e-01  2.99614869e-01 
 2.36106256e-01  3.74144248e-01  3.00383120e-01  2.99616880e-01 
 2.36206256e-01  3.74147952e-01  3.00381094e-01  2.99618906e-01 
 2.36306256e-01  3.74149678e-01  3.00379053e-01  2.99620947e-01 
 2.36406256e-01  3.74149423e-01  3.00376997e-01  2.99623003e-01 
 2.36506256e-01  3.74147188e-01  3.00374926e-01  2.99625074e-01 
 2.36606256e-01  3.74142970e-01  3.00372840e-01  2.99627160e-01 
 2.36706256e-01  3.74136770e-01  3.00370739e-01  2.99629261e-01 
 2.36806256e-01  3.74128586e-01  3.00368624e-01  2.99631376e-01 
 2.36906256e-01  3.74118417e-01  3.00366494e-01  2.99633506e-01 
 2.37006256e-01  3.74106264e-01  3.00364350e-01  2.99635650e-01 
 2.37106256e-01  3.74092124e-01  3.00362191e-01  2.99637809e-01 
 2.37206256e-01  3.74075999e-01  3.00360018e-01  2.99639982e-01 
 2.37306256e-01  3.74057887e-01  3.00357831e-01  2.99642169e-01 
 2.37406256e-01  3.74037787e-01  3.00355630e-01  2.99644370e-01 
 2.37506256e-01  3.74015701e-01  3.00353414e-01  2.99646586e-01 
 2.37606256e-01  3.73991627e-01  3.00351185e-01  2.99648815e-01 
 2.37706256e-01  3.73965565e-01  3.00348942e-01  2.99651058e-01 
 2.37806256e-01  3.73937516e-01  3.00346685e-01  2.99653315e-01 
 2.37906256e-01  3.73907479e-01  3.00344414e-01  2.99655586e-01 
 2.38006256e-01  3.73875454e-01  3.00342130e-01  2.99657870e-01 
 2.38106256e-01  3.73841442e-01  3.00339833e-01  2.99660167e-01 
 2.38206256e-01  3.73805443e-01  3.00337521e-01  2.99662479e-01 
 2.38306256e-01  3.73767457e-01  3.00335197e-01  2.99664803e-01 
 2.38406256e-01  3.73727484e-01  3.00332859e-01  2.99667141e-01 
 2.38506256e-01  3.73685526e-01  3.00330508e-01  2.99669492e-01 
 2.38606256e-01  3.73641582e-01  3.00328145e-01  2.99671855e-01 
 2.38706256e-01  3.73595653e-01  3.00325768e-01  2.99674232e-01 
 2.38806256e-01  3.73547741e-01  3.00323378e-01  2.99676622e-01 
 2.38906256e-01  3.73497845e-01  3.00320976e-01  2.99679024e-01 
 2.39006256e-01  3.73445966e-01  3.00318561e-01  2.99681439e-01 
 2.39106256e-01  3.73392106e-01  3.00316133e-01  2.99683867e-01 
 2.39206256e-01  3.73336266e-01  3.00313693e-01  2.99686307e-01 
 2.39306256e-01  3.73278446e-01  3.00311240e-01  2.99688760e-01 
 2.39406256e-01  3.73218648e-01  3.00308775e-01  2.99691225e-01 
 2.39506256e-01  3.73156874e-01  3.00306298e-01  2.99693702e-01 
 2.39606256e-01  3.73093123e-01  3.00303809e-01  2.99696191e-01 
 2.39706256e-01  3.73027398e-01  3.00301308e-01  2.99698692e-01 
 2.39806256e-01  3.72959701e-01  3.00298795e-01  2.99701205e-01 
 2.39906256e-01  3.72890032e-01  3.00296270e-01  2.99703730e-01 
 2.40006256e-01  3.72818394e-01  3.00293734e-01  2.99706266e-01 
 2.40106256e-01  3.72744787e-01  3.00291186e-01  2.99708814e-01 
 2.40206256e-01  3.72669215e-01  3.00288626e-01  2.99711374e-01 
 2.40306256e-01  3.72591678e-01  3.00286055e-01  2.99713945e-01 
 2.40406256e-01  3.72512179e-01  3.00283473e-01  2.99716527e-01 
 2.40506256e-01  3.72430720e-01  3.00280879e-01  2.99719121e-01 
 2.40606256e-01  3.72347302e-01  3.00278275e-01  2.99721725e-01 
 2.40706256e-01  3.72261928e-01  3.00275659e-01  2.99724341e-01 
 2.40806256e-01  3.72174601e-01  3.00273033e-01  2.99726967e-01 
 2.40906256e-01  3.72085322e-01  3.00270395e-01  2.99729605e-01 
 2.41006256e-01  3.71994093e-01  3.00267747e-01  2.99732253e-01 
 2.41106256e-01  3.71900918e-01  3.00265089e-01  2.99734911e-01 
 2.41206256e-01  3.71805799e-01  3.00262420e-01  2.99737580e-01 
 2.41306256e-01  3.71708738e-01  3.00259741e-01  2.99740259e-01 
 2.41406256e-01  3.71609738e-01  3.00257051e-01  2.99742949e-01 
 2.41506256e-01  3.71508803e-01  3.00254352e-01  2.99745648e-01 
 2.41606256e-01  3.71405934e-01  3.00251642e-01  2.99748358e-01 
 2.41706256e-01  3.71301134e-01  3.00248922e-01  2.99751078e-01 
 2.41806256e-01  3.71194407e-01  3.00246193e-01  2.99753807e-01 
 2.41906256e-01  3.71085756e-01  3.00243453e-01  2.99756547e-01 
 2.42006256e-01  3.70975184e-01  3.00240705e-01  2.99759295e-01 
 2.42106256e-01  3.70862694e-01  3.00237946e-01  2.99762054e-01 
 2.42206256e-01  3.70748289e-01  3.00235179e-01  2.99764821e-01 
 2.42306256e-01  3.70631972e-01  3.00232402e-01  2.99767598e-01 
 2.42406256e-01  3.70513748e-01  3.00229615e-01  2.99770385e-01 
 2.42506256e-01  3.70393620e-01  3.00226820e-01  2.99773180e-01 
 2.42606256e-01  3.70271590e-01  3.00224016e-01  2.99775984e-01 
 2.42706256e-01  3.70147664e-01  3.00221203e-01  2.99778797e-01 
 2.42806256e-01  3.70021844e-01  3.00218381e-01  2.99781619e-01 
 2.42906256e-01  3.69894135e-01  3.00215551e-01  2.99784449e-01 
 2.43006256e-01  3.69764540e-01  3.00212712e-01  2.99787288e-01 
 2.43106256e-01  3.69633063e-01  3.00209865e-01  2.99790135e-01 
 2.43206256e-01  3.69499708e-01  3.00207009e-01  2.99792991e-01 
 2.43306256e-01  3.69364480e-01  3.00204145e-01  2.99795855e-01 
 2.43406256e-01  3.69227382e-01  3.00201273e-01  2.99798727e-01 
 2.43506256e-01  3.69088420e-01  3.00198394e-01  2.99801606e-01 
 2.43606256e-01  3.68947596e-01  3.00195506e-01  2.99804494e-01 
 2.43706256e-01  3.68804916e-01  3.00192611e-01  2.99807389e-01 
 2.43806256e-01  3.68660384e-01  3.00189708e-01  2.99810292e-01 
 2.43906256e-01  3.68514004e-01  3.00186797e-01  2.99813203e-01 
 2.44006256e-01  3.68365781e-01  3.00183880e-01  2.99816120e-01 
 2.44106256e-01  3.68215721e-01  3.00180954e-01  2.99819046e-01 
 2.44206256e-01  3.68063826e-01  3.00178022e-01  2.99821978e-01 
 2.44306256e-01  3.67910104e-01  3.00175083e-01  2.99824917e-01 
 2.44406256e-01  3.67754557e-01  3.00172137e-01  2.99827863e-01 
 2.44506256e-01  3.67597192e-01  3.00169184e-01  2.99830816e-01 
 2.44606256e-01  3.67438013e-01  3.00166224e-01  2.99833776e-01 
 2.44706256e-01  3.67277025e-01  3.00163258e-01  2.99836742e-01 
 2.44806256e-01  3.67114234e-01  3.00160286e-01  2.99839714e-01 
 2.44906256e-01  3.66949645e-01  3.00157307e-01  2.99842693e-01 
 2.45006256e-01  3.66783263e-01  3.00154322e-01  2.99845678e-01 
 2.45106256e-01  3.66615094e-01  3.00151330e-01  2.99848670e-01 
 2.45206256e-01  3.66445142e-01  3.00148333e-01  2.99851667e-01 
 2.45306256e-01  3.66273414e-01  3.00145330e-01  2.99854670e-01 
 2.45406256e-01  3.66099915e-01  3.00142321e-01  2.99857679e-01 
 2.45506256e-01  3.65924651e-01  3.00139307e-01  2.99860693e-01 
 2.45606256e-01  3.65747628e-01  3.00136287e-01  2.99863713e-01 
 2.45706256e-01  3.65568850e-01  3.00133262e-01  2.99866738e-01 
 2.45806256e-01  3.65388325e-01  3.00130231e-01  2.99869769e-01 
 2.45906256e-01  3.65206059e-01  3.00127195e-01  2.99872805e-01 
 2.46006256e-01  3.65022056e-01  3.00124155e-01  2.99875845e-01 
 2.46106256e-01  3.64836323e-01  3.00121109e-01  2.99878891e-01 
 2.46206256e-01  3.64648867e-01  3.00118059e-01  2.99881941e-01 
 2.46306256e-01  3.64459694e-01  3.00115003e-01  2.99884997e-01 
 2.46406256e-01  3.64268809e-01  3.00111944e-01  2.99888056e-01 
 2.46506256e-01  3.64076220e-01  3.00108880e-01  2.99891120e-01 
 2.46606256e-01  3.63881932e-01  3.00105811e-01  2.99894189e-01 
 2.46706256e-01  3.63685953e-01  3.00102739e-01  2.99897261e-01 
 2.46806256e-01  3.63488288e-01  3.00099662e-01  2.99900338e-01 
 2.46906256e-01  3.63288944e-01  3.00096582e-01  2.99903418e-01 
 2.47006256e-01  3.63087929e-01  3.00093498e-01  2.99906502e-01 
 2.47106256e-01  3.62885248e-01  3.00090410e-01  2.99909590e-01 
 2.47206256e-01  3.62680908e-01  3.00087318e-01  2.99912682e-01 
 2.47306256e-01  3.62474917e-01  3.00084223e-01  2.99915777e-01 
 2.47406256e-01  3.62267281e-01  3.00081125e-01  2.99918875e-01 
 2.47506256e-01  3.62058008e-01  3.00078023e-01  2.99921977e-01 
 2.47606256e-01  3.61847104e-01  3.00074918e-01  2.99925082e-01 
 2.47706256e-01  3.61634576e-01  3.00071811e-01  2.99928189e-01 
 2.47806256e-01  3.61420433e-01  3.00068700e-01  2.99931300e-01 
 2.47906256e-01  3.61204680e-01  3.00065587e-01  2.99934413e-01 
 2.48006256e-01  3.60987325e-01  3.00062472e-01  2.99937528e-01 
 2.48106256e-01  3.60768376e-01  3.00059353e-01  2.99940647e-01 
 2.48206256e-01  3.60547840e-01  3.00056233e-01  2.99943767e-01 
 2.48306256e-01  3.60325725e-01  3.00053110e-01  2.99946890e-01 
 2.48406256e-01  3.60102038e-01  3.00049985e-01  2.99950015e-01 
 2.48506256e-01  3.59876787e-01  3.00046859e-01  2.99953141e-01 
 2.48606256e-01  3.59649979e-01  3.00043730e-01  2.99956270e-01 
 2.48706256e-01  3.59421622e-01  3.00040599e-01  2.99959401e-01 
 2.48806256e-01  3.59191725e-01  3.00037467e-01  2.99962533e-01 
 2.48906256e-01  3.58960294e-01  3.00034334e-01  2.99965666e-01 
 2.49006256e-01  3.58727339e-01  3.00031199e-01  2.99968801e-01 
 2.49106256e-01  3.58492866e-01  3.00028063e-01  2.99971937e-01 
 2.49206256e-01  3.58256883e-01  3.00024926e-01  2.99975074e-01 
 2.49306256e-01  3.58019400e-01  3.00021788e-01  2.99978212e-01 
 2.49406256e-01  3.57780424e-01  3.00018649e-01  2.99981351e-01 
 2.49506256e-01  3.57539964e-01  3.00015509e-01  2.99984491e-01 
 2.49606256e-01  3.57298027e-01  3.00012369e-01  2.99987631e-01 
 2.49706256e-01  3.57054622e-01  3.00009228e-01  2.99990772e-01 
 2.49806256e-01  3.56809757e-01  3.00006087e-01  2.99993913e-01 
 2.49906256e-01  3.56563441e-01  3.00002945e-01  2.99997055e-01 
 2.50006256e-01  3.56315682e-01  2.99999803e-01  3.00000197e-01 
 2.50106256e-01  3.56066490e-01  2.99996662e-01  3.00003338e-01 
 2.50206256e-01  3.55815871e-01  2.99993520e-01  3.00006480e-01 
 2.50306256e-01  3.55563836e-01  2.99990379e-01  3.00009621e-01 
 2.50406256e-01  3.55310393e-01  2.99987238e-01  3.00012762e-01 
 2.50506256e-01  3.55055551e-01  2.99984098e-01  3.00015902e-01 
 2.50606256e-01  3.54799317e-01  2.99980959e-01  3.00019041e-01 
 2.50706256e-01  3.54541703e-01  2.99977820e-01  3.00022180e-01 
 2.50806256e-01  3.54282716e-01  2.99974682e-01  3.00025318e-01 
 2.50906256e-01  3.54022365e-01  2.99971545e-01  3.00028455e-01 
 2.51006256e-01  3.53760659e-01  2.99968409e-01  3.00031591e-01 
 2.51106256e-01  3.53497608e-01  2.99965274e-01  3.00034726e-01 
 2.51206256e-01  3.53233220e-01  2.99962141e-01  3.00037859e-01 
 2.51306256e-01  3.52967506e-01  2.99959009e-01  3.00040991e-01 
 2.51406256e-01  3.52700473e-01  2.99955879e-01  3.00044121e-01 
 2.51506256e-01  3.52432132e-01  2.99952750e-01  3.00047250e-01 
 2.51606256e-01  3.52162491e-01  2.99949624e-01  3.00050376e-01 
 2.51706256e-01  3.51891561e-01  2.99946499e-01  3.00053501e-01 
 2.51806256e-01  3.51619350e-01  2.99943377e-01  3.00056623e-01 
 2.51906256e-01  3.51345868e-01  2.99940256e-01  3.00059744e-01 
 2.52006256e-01  3.51071125e-01  2.99937138e-01  3.00062862e-01 
 2.52106256e-01  3.50795131e-01  2.99934023e-01  3.00065977e-01 
 2.52206256e-01  3.50517894e-01  2.99930910e-01  3.00069090e-01 
 2.52306256e-01  3.50239424e-01  2.99927800e-01  3.00072200e-01 
 2.52406256e-01  3.49959733e-01  2.99924693e-01  3.00075307e-01 
 2.52506256e-01  3.49678828e-01  2.99921589e-01  3.00078411e-01 
 2.52606256e-01  3.49396720e-01  2.99918488e-01  3.00081512e-01 
 2.52706256e-01  3.49113419e-01  2.99915390e-01  3.00084610e-01 
 2.52806256e-01  3.48828935e-01  2.99912295e-01  3.00087705e-01 
 2.52906256e-01  3.48543277e-01  2.99909204e-01  3.00090796e-01 
 2.53006256e-01  3.48256456e-01  2.99906116e-01  3.00093884e-01 
 2.53106256e-01  3.47968482e-01  2.99903032e-01  3.00096968e-01 
 2.53206256e-01  3.47679365e-01  2.99899952e-01  3.00100048e-01 
 2.53306256e-01  3.47389115e-01  2.99896876e-01  3.00103124e-01 
 2.53406256e-01  3.47097743e-01  2.99893804e-01  3.00106196e-01 
 2.53506256e-01  3.46805257e-01  2.99890737e-01  3.00109263e-01 
 2.53606256e-01  3.46511670e-01  2.99887673e-01  3.00112327e-01 
 2.53706256e-01  3.46216990e-01  2.99884614e-01  3.00115386e-01 
 2.53806256e-01  3.45921230e-01  2.99881560e-01  3.00118440e-01 
 2.53906256e-01  3.45624397e-01  2.99878510e-01  3.00121490e-01 
 2.54006256e-01  3.45326505e-01  2.99875465e-01  3.00124535e-01 
 2.54106256e-01  3.45027561e-01  2.99872425e-01  3.00127575e-01 
 2.54206256e-01  3.44727579e-01  2.99869390e-01  3.00130610e-01 
 2.54306256e-01  3.44426566e-01  2.99866360e-01  3.00133640e-01 
 2.54406256e-01  3.44124536e-01  2.99863335e-01  3.00136665e-01 
 2.54506256e-01  3.43821497e-01  2.99860316e-01  3.00139684e-01 
 2.54606256e-01  3.43517461e-01  2.99857302e-01  3.00142698e-01 
 2.54706256e-01  3.43212439e-01  2.99854294e-01  3.00145706e-01 
 2.54806256e-01  3.42906441e-01  2.99851292e-01  3.00148708e-01 
 2.54906256e-01  3.42599477e-01  2.99848295e-01  3.00151705e-01 
 2.55006256e-01  3.42291560e-01  2.99845305e-01  3.00154695e-01 
 2.55106256e-01  3.41982699e-01  2.99842320e-01  3.00157680e-01 
 2.55206256e-01  3.41672905e-01  2.99839342e-01  3.00160658e-01 
 2.55306256e-01  3.41362190e-01  2.99836370e-01  3.00163630e-01 
 2.55406256e-01  3.41050564e-01  2.99833405e-01  3.00166595e-01 
 2.55506256e-01  3.40738039e-01  2.99830446e-01  3.00169554e-01 
 2.55606256e-01  3.40424625e-01  2.99827494e-01  3.00172506e-01 
 2.55706256e-01  3.40110333e-01  2.99824549e-01  3.00175451e-01 
 2.55806256e-01  3.39795175e-01  2.99821610e-01  3.00178390e-01 
 2.55906256e-01  3.39479161e-01  2.99818679e-01  3.00181321e-01 
 2.56006256e-01  3.39162304e-01  2.99815755e-01  3.00184245e-01 
 2.56106256e-01  3.38844613e-01  2.99812838e-01  3.00187162e-01 
 2.56206256e-01  3.38526100e-01  2.99809929e-01  3.00190071e-01 
 2.56306256e-01  3.38206777e-01  2.99807027e-01  3.00192973e-01 
 2.56406256e-01  3.37886654e-01  2.99804132e-01  3.00195868e-01 
 2.56506256e-01  3.37565743e-01  2.99801246e-01  3.00198754e-01 
 2.56606256e-01  3.37244056e-01  2.99798367e-01  3.00201633e-01 
 2.56706256e-01  3.36921603e-01  2.99795496e-01  3.00204504e-01 
 2.56806256e-01  3.36598396e-01  2.99792633e-01  3.00207367e-01 
 2.56906256e-01  3.36274446e-01  2.99789779e-01  3.00210221e-01 
 2.57006256e-01  3.35949766e-01  2.99786933e-01  3.00213067e-01 
 2.57106256e-01  3.35624365e-01  2.99784095e-01  3.00215905e-01 
 2.57206256e-01  3.35298256e-01  2.99781265e-01  3.00218735e-01 
 2.57306256e-01  3.34971451e-01  2.99778445e-01  3.00221555e-01 
 2.57406256e-01  3.34643960e-01  2.99775633e-01  3.00224367e-01 
 2.57506256e-01  3.34315796e-01  2.99772830e-01  3.00227170e-01 
 2.57606256e-01  3.33986969e-01  2.99770036e-01  3.00229964e-01 
 2.57706256e-01  3.33657492e-01  2.99767251e-01  3.00232749e-01 
 2.57806256e-01  3.33327376e-01  2.99764475e-01  3.00235525e-01 
 2.57906256e-01  3.32996633e-01  2.99761708e-01  3.00238292e-01 
 2.58006256e-01  3.32665274e-01  2.99758951e-01  3.00241049e-01 
 2.58106256e-01  3.32333311e-01  2.99756203e-01  3.00243797e-01 
 2.58206256e-01  3.32000756e-01  2.99753465e-01  3.00246535e-01 
 2.58306256e-01  3.31667621e-01  2.99750737e-01  3.00249263e-01 
 2.58406256e-01  3.31333917e-01  2.99748019e-01  3.00251981e-01 
 2.58506256e-01  3.30999656e-01  2.99745310e-01  3.00254690e-01 
 2.58606256e-01  3.30664849e-01  2.99742612e-01  3.00257388e-01 
 2.58706256e-01  3.30329509e-01  2.99739923e-01  3.00260077e-01 
 2.58806256e-01  3.29993648e-01  2.99737245e-01  3.00262755e-01 
 2.58906256e-01  3.29657277e-01  2.99734578e-01  3.00265422e-01 
 2.59006256e-01  3.29320407e-01  2.99731921e-01  3.00268079e-01 
 2.59106256e-01  3.28983052e-01  2.99729274e-01  3.00270726e-01 
 2.59206256e-01  3.28645222e-01  2.99726638e-01  3.00273362e-01 
 2.59306256e-01  3.28306931e-01  2.99724013e-01  3.00275987e-01 
 2.59406256e-01  3.27968188e-01  2.99721399e-01  3.00278601e-01 
 2.59506256e-01  3.27629007e-01  2.99718796e-01  3.00281204e-01 
 2.59606256e-01  3.27289400e-01  2.99716204e-01  3.00283796e-01 
 2.59706256e-01  3.26949378e-01  2.99713623e-01  3.00286377e-01 
 2.59806256e-01  3.26608953e-01  2.99711053e-01  3.00288947e-01 
 2.59906256e-01  3.26268137e-01  2.99708495e-01  3.00291505e-01 
 2.60006256e-01  3.25926943e-01  2.99705948e-01  3.00294052e-01 
 2.60106256e-01  3.25585382e-01  2.99703413e-01  3.00296587e-01 
 2.60206256e-01  3.25243466e-01  2.99700890e-01  3.00299110e-01 
 2.60306256e-01  3.24901207e-01  2.99698378e-01  3.00301622e-01 
 2.60406256e-01  3.24558617e-01  2.99695879e-01  3.00304121e-01 
 2.60506256e-01  3.24215709e-01  2.99693391e-01  3.00306609e-01 
 2.60606256e-01  3.23872493e-01  2.99690916e-01  3.00309084e-01 
 2.60706256e-01  3.23527656e-01  2.99688452e-01  3.00311548e-01 
 2.60806256e-01  3.23182807e-01  2.99686001e-01  3.00313999e-01 
 2.60906256e-01  3.22838613e-01  2.99683563e-01  3.00316437e-01 
 2.61006256e-01  3.22495349e-01  2.99681137e-01  3.00318863e-01 
 2.61106256e-01  3.22153124e-01  2.99678723e-01  3.00321277e-01 
 2.61206256e-01  3.21811979e-01  2.99676322e-01  3.00323678e-01 
 2.61306256e-01  3.21471930e-01  2.99673934e-01  3.00326066e-01 
 2.61406256e-01  3.21132982e-01  2.99671559e-01  3.00328441e-01 
 2.61506256e-01  3.20795138e-01  2.99669197e-01  3.00330803e-01 
 2.61606256e-01  3.20458403e-01  2.99666847e-01  3.00333153e-01 
 2.61706256e-01  3.20122779e-01  2.99664511e-01  3.00335489e-01 
 2.61806256e-01  3.19788267e-01  2.99662189e-01  3.00337811e-01 
 2.61906256e-01  3.19454872e-01  2.99659879e-01  3.00340121e-01 
 2.62006256e-01  3.19122595e-01  2.99657583e-01  3.00342417e-01 
 2.62106256e-01  3.18791440e-01  2.99655301e-01  3.00344699e-01 
 2.62206256e-01  3.18461409e-01  2.99653032e-01  3.00346968e-01 
 2.62306256e-01  3.18132506e-01  2.99650777e-01  3.00349223e-01 
 2.62406256e-01  3.17804734e-01  2.99648535e-01  3.00351465e-01 
 2.62506256e-01  3.17478095e-01  2.99646308e-01  3.00353692e-01 
 2.62606256e-01  3.17152592e-01  2.99644094e-01  3.00355906e-01 
 2.62706256e-01  3.16828230e-01  2.99641895e-01  3.00358105e-01 
 2.62806256e-01  3.16505011e-01  2.99639709e-01  3.00360291e-01 
 2.62906256e-01  3.16182939e-01  2.99637538e-01  3.00362462e-01 
 2.63006256e-01  3.15862017e-01  2.99635381e-01  3.00364619e-01 
 2.63106256e-01  3.15542249e-01  2.99633239e-01  3.00366761e-01 
 2.63206256e-01  3.15223637e-01  2.99631111e-01  3.00368889e-01 
 2.63306256e-01  3.14906187e-01  2.99628997e-01  3.00371003e-01 
 2.63406256e-01  3.14589901e-01  2.99626899e-01  3.00373101e-01 
 2.63506256e-01  3.14274783e-01  2.99624815e-01  3.00375185e-01 
 2.63606256e-01  3.13960837e-01  2.99622745e-01  3.00377255e-01 
 2.63706256e-01  3.13648067e-01  2.99620691e-01  3.00379309e-01 
 2.63806256e-01  3.13336477e-01  2.99618652e-01  3.00381348e-01 
 2.63906256e-01  3.13026070e-01  2.99616627e-01  3.00383373e-01 
 2.64006256e-01  3.12716851e-01  2.99614618e-01  3.00385382e-01 
 2.64106256e-01  3.12408823e-01  2.99612624e-01  3.00387376e-01 
 2.64206256e-01  3.12101991e-01  2.99610646e-01  3.00389354e-01 
 2.64306256e-01  3.11796359e-01  2.99608682e-01  3.00391318e-01 
 2.64406256e-01  3.11491931e-01  2.99606734e-01  3.00393266e-01 
 2.64506256e-01  3.11188712e-01  2.99604802e-01  3.00395198e-01 
 2.64606256e-01  3.10886705e-01  2.99602885e-01  3.00397115e-01 
 2.64706256e-01  3.10585914e-01  2.99600984e-01  3.00399016e-01 
 2.64806256e-01  3.10286346e-01  2.99599099e-01  3.00400901e-01 
 2.64906256e-01  3.09988002e-01  2.99597230e-01  3.00402770e-01 
 2.65006256e-01  3.09690889e-01  2.99595376e-01  3.00404624e-01 
 2.65106256e-01  3.09395011e-01  2.99593538e-01  3.00406462e-01 
 2.65206256e-01  3.09100372e-01  2.99591717e-01  3.00408283e-01 
 2.65306256e-01  3.08806976e-01  2.99589911e-01  3.00410089e-01 
 2.65406256e-01  3.08514829e-01  2.99588122e-01  3.00411878e-01 
 2.65506256e-01  3.08223935e-01  2.99586349e-01  3.00413651e-01 
 2.65606256e-01  3.07934299e-01  2.99584593e-01  3.00415407e-01 
 2.65706256e-01  3.07645925e-01  2.99582852e-01  3.00417148e-01 
 2.65806256e-01  3.07358818e-01  2.99581129e-01  3.00418871e-01 
 2.65906256e-01  3.07072983e-01  2.99579421e-01  3.00420579e-01 
 2.66006256e-01  3.06788425e-01  2.99577731e-01  3.00422269e-01 
 2.66106256e-01  3.06505149e-01  2.99576057e-01  3.00423943e-01 
 2.66206256e-01  3.06223159e-01  2.99574400e-01  3.00425600e-01 
 2.66306256e-01  3.05942461e-01  2.99572759e-01  3.00427241e-01 
 2.66406256e-01  3.05663059e-01  2.99571136e-01  3.00428864e-01 
 2.66506256e-01  3.05384958e-01  2.99569529e-01  3.00430471e-01 
 2.66606256e-01  3.05108164e-01  2.99567939e-01  3.00432061e-01 
 2.66706256e-01  3.04832681e-01  2.99566367e-01  3.00433633e-01 
 2.66806256e-01  3.04558515e-01  2.99564811e-01  3.00435189e-01 
 2.66906256e-01  3.04285670e-01  2.99563273e-01  3.00436727e-01 
 2.67006256e-01  3.04014151e-01  2.99561752e-01  3.00438248e-01 
 2.67106256e-01  3.03743965e-01  2.99560248e-01  3.00439752e-01 
 2.67206256e-01  3.03475115e-01  2.99558762e-01  3.00441238e-01 
 2.67306256e-01  3.03207607e-01  2.99557293e-01  3.00442707e-01 
 2.67406256e-01  3.02941446e-01  2.99555841e-01  3.00444159e-01 
 2.67506256e-01  3.02676638e-01  2.99554408e-01  3.00445592e-01 
 2.67606256e-01  3.02413187e-01  2.99552991e-01  3.00447009e-01 
 2.67706256e-01  3.02151099e-01  2.99551593e-01  3.00448407e-01 
 2.67806256e-01  3.01890379e-01  2.99550212e-01  3.00449788e-01 
 2.67906256e-01  3.01631033e-01  2.99548848e-01  3.00451152e-01 
 2.68006256e-01  3.01373065e-01  2.99547503e-01  3.00452497e-01 
 2.68106256e-01  3.01116481e-01  2.99546175e-01  3.00453825e-01 
 2.68206256e-01  3.00861286e-01  2.99544866e-01  3.00455134e-01 
 2.68306256e-01  3.00607486e-01  2.99543574e-01  3.00456426e-01 
 2.68406256e-01  3.00355085e-01  2.99542300e-01  3.00457700e-01 
 2.68506256e-01  3.00104090e-01  2.99541045e-01  3.00458955e-01 
 2.68606256e-01  2.99854505e-01  2.99539807e-01  3.00460193e-01 
 2.68706256e-01  2.99606336e-01  2.99538588e-01  3.00461412e-01 
 2.68806256e-01  2.99359589e-01  2.99537387e-01  3.00462613e-01 
 2.68906256e-01  2.99114268e-01  2.99536204e-01  3.00463796e-01 
 2.69006256e-01  2.98870378e-01  2.99535039e-01  3.00464961e-01 
 2.69106256e-01  2.98627927e-01  2.99533893e-01  3.00466107e-01 
 2.69206256e-01  2.98386906e-01  2.99532766e-01  3.00467234e-01 
 2.69306256e-01  2.98147337e-01  2.99531656e-01  3.00468344e-01 
 2.69406256e-01  2.97909229e-01  2.99530565e-01  3.00469435e-01 
 2.69506256e-01  2.97672591e-01  2.99529493e-01  3.00470507e-01 
 2.69606256e-01  2.97437428e-01  2.99528439e-01  3.00471561e-01 
 2.69706256e-01  2.97203747e-01  2.99527404e-01  3.00472596e-01 
 2.69806256e-01  2.96971552e-01  2.99526388e-01  3.00473612e-01 
 2.69906256e-01  2.96740850e-01  2.99525390e-01  3.00474610e-01 
 2.70006256e-01  2.96511646e-01  2.99524411e-01  3.00475589e-01 
 2.70106256e-01  2.96283945e-01  2.99523451e-01  3.00476549e-01 
 2.70206256e-01  2.96057752e-01  2.99522509e-01  3.00477491e-01 
 2.70306256e-01  2.95833075e-01  2.99521587e-01  3.00478413e-01 
 2.70406256e-01  2.95609916e-01  2.99520683e-01  3.00479317e-01 
 2.70506256e-01  2.95388284e-01  2.99519798e-01  3.00480202e-01 
 2.70606256e-01  2.95168181e-01  2.99518933e-01  3.00481067e-01 
 2.70706256e-01  2.94949616e-01  2.99518086e-01  3.00481914e-01 
 2.70806256e-01  2.94732591e-01  2.99517258e-01  3.00482742e-01 
 2.70906256e-01  2.94517114e-01  2.99516449e-01  3.00483551e-01 
 2.71006256e-01  2.94303190e-01  2.99515660e-01  3.00484340e-01 
 2.71106256e-01  2.94090824e-01  2.99514889e-01  3.00485111e-01 
 2.71206256e-01  2.93880021e-01  2.99514138e-01  3.00485862e-01 
 2.71306256e-01  2.93670787e-01  2.99513406e-01  3.00486594e-01 
 2.71406256e-01  2.93463129e-01  2.99512693e-01  3.00487307e-01 
 2.71506256e-01  2.93257050e-01  2.99511999e-01  3.00488001e-01 
 2.71606256e-01  2.93052557e-01  2.99511324e-01  3.00488676e-01 
 2.71706256e-01  2.92849654e-01  2.99510669e-01  3.00489331e-01 
 2.71806256e-01  2.92648349e-01  2.99510033e-01  3.00489967e-01 
 2.71906256e-01  2.92448645e-01  2.99509417e-01  3.00490583e-01 
 2.72006256e-01  2.92250548e-01  2.99508820e-01  3.00491180e-01 
 2.72106256e-01  2.92054065e-01  2.99508242e-01  3.00491758e-01 
 2.72206256e-01  2.91859199e-01  2.99507683e-01  3.00492317e-01 
 2.72306256e-01  2.91665958e-01  2.99507145e-01  3.00492855e-01 
 2.72406256e-01  2.91474345e-01  2.99506625e-01  3.00493375e-01 
 2.72506256e-01  2.91284367e-01  2.99506125e-01  3.00493875e-01 
 2.72606256e-01  2.91096029e-01  2.99505645e-01  3.00494355e-01 
 2.72706256e-01  2.90909336e-01  2.99505184e-01  3.00494816e-01 
 2.72806256e-01  2.90724293e-01  2.99504742e-01  3.00495258e-01 
 2.72906256e-01  2.90540907e-01  2.99504320e-01  3.00495680e-01 
 2.73006256e-01  2.90359181e-01  2.99503918e-01  3.00496082e-01 
 2.73106256e-01  2.90179123e-01  2.99503535e-01  3.00496465e-01 
 2.73206256e-01  2.90000736e-01  2.99503172e-01  3.00496828e-01 
 2.73306256e-01  2.89824026e-01  2.99502829e-01  3.00497171e-01 
 2.73406256e-01  2.89648999e-01  2.99502505e-01  3.00497495e-01 
 2.73506256e-01  2.89475660e-01  2.99502201e-01  3.00497799e-01 
 2.73606256e-01  2.89304013e-01  2.99501916e-01  3.00498084e-01 
 2.73706256e-01  2.89134065e-01  2.99501651e-01  3.00498349e-01 
 2.73806256e-01  2.88965820e-01  2.99501406e-01  3.00498594e-01 
 2.73906256e-01  2.88799284e-01  2.99501180e-01  3.00498820e-01 
 2.74006256e-01  2.88634461e-01  2.99500974e-01  3.00499026e-01 
 2.74106256e-01  2.88471357e-01  2.99500788e-01  3.00499212e-01 
 2.74206256e-01  2.88309978e-01  2.99500622e-01  3.00499378e-01 
 2.74306256e-01  2.88150327e-01  2.99500475e-01  3.00499525e-01 
 2.74406256e-01  2.87992410e-01  2.99500348e-01  3.00499652e-01 
 2.74506256e-01  2.87836233e-01  2.99500241e-01  3.00499759e-01 
 2.74606256e-01  2.87681800e-01  2.99500153e-01  3.00499847e-01 
 2.74706256e-01  2.87529116e-01  2.99500085e-01  3.00499915e-01 
 2.74806256e-01  2.87378186e-01  2.99500037e-01  3.00499963e-01 
 2.74906256e-01  2.87229016e-01  2.99500009e-01  3.00499991e-01 
 2.75006256e-01  2.87081610e-01  2.99500000e-01  3.00500000e-01 
 2.75106256e-01  2.86935972e-01  2.99500011e-01  3.00499989e-01 
 2.75206256e-01  2.86792109e-01  2.99500042e-01  3.00499958e-01 
 2.75306256e-01  2.86650025e-01  2.99500093e-01  3.00499907e-01 
 2.75406256e-01  2.86509724e-01  2.99500163e-01  3.00499837e-01 
 2.75506256e-01  2.86371212e-01  2.99500253e-01  3.00499747e-01 
 2.75606256e-01  2.86234493e-01  2.99500363e-01  3.00499637e-01 
 2.75706256e-01  2.86099571e-01  2.99500492e-01  3.00499508e-01 
 2.75806256e-01  2.85966453e-01  2.99500641e-01  3.00499359e-01 
 2.75906256e-01  2.85835142e-01  2.99500810e-01  3.00499190e-01 
 2.76006256e-01  2.85705643e-01  2.99500999e-01  3.00499001e-01 
 2.76106256e-01  2.85577961e-01  2.99501207e-01  3.00498793e-01 
 2.76206256e-01  2.85452100e-01  2.99501435e-01  3.00498565e-01 
 2.76306256e-01  2.85328066e-01  2.99501683e-01  3.00498317e-01 
 2.76406256e-01  2.85205861e-01  2.99501950e-01  3.00498050e-01 
 2.76506256e-01  2.85085492e-01  2.99502238e-01  3.00497762e-01 
 2.76606256e-01  2.84966962e-01  2.99502544e-01  3.00497456e-01 
 2.76706256e-01  2.84850276e-01  2.99502871e-01  3.00497129e-01 
 2.76806256e-01  2.84735439e-01  2.99503217e-01  3.00496783e-01 
 2.76906256e-01  2.84622454e-01  2.99503582e-01  3.00496418e-01 
 2.77006256e-01  2.84511326e-01  2.99503967e-01  3.00496033e-01 
 2.77106256e-01  2.84402060e-01  2.99504372e-01  3.00495628e-01 
 2.77206256e-01  2.84294659e-01  2.99504796e-01  3.00495204e-01 
 2.77306256e-01  2.84189129e-01  2.99505240e-01  3.00494760e-01 
 2.77406256e-01  2.84085473e-01  2.99505704e-01  3.00494296e-01 
 2.77506256e-01  2.83983695e-01  2.99506187e-01  3.00493813e-01 
 2.77606256e-01  2.83883799e-01  2.99506689e-01  3.00493311e-01 
 2.77706256e-01  2.83785791e-01  2.99507211e-01  3.00492789e-01 
 2.77806256e-01  2.83689673e-01  2.99507752e-01  3.00492248e-01 
 2.77906256e-01  2.83595450e-01  2.99508313e-01  3.00491687e-01 
 2.78006256e-01  2.83503126e-01  2.99508893e-01  3.00491107e-01 
 2.78106256e-01  2.83412704e-01  2.99509493e-01  3.00490507e-01 
 2.78206256e-01  2.83324190e-01  2.99510112e-01  3.00489888e-01 
 2.78306256e-01  2.83237586e-01  2.99510750e-01  3.00489250e-01 
 2.78406256e-01  2.83152896e-01  2.99511408e-01  3.00488592e-01 
 2.78506256e-01  2.83070125e-01  2.99512085e-01  3.00487915e-01 
 2.78606256e-01  2.82989276e-01  2.99512781e-01  3.00487219e-01 
 2.78706256e-01  2.82910353e-01  2.99513496e-01  3.00486504e-01 
 2.78806256e-01  2.82833360e-01  2.99514231e-01  3.00485769e-01 
 2.78906256e-01  2.82758300e-01  2.99514984e-01  3.00485016e-01 
 2.79006256e-01  2.82685177e-01  2.99515757e-01  3.00484243e-01 
 2.79106256e-01  2.82613994e-01  2.99516549e-01  3.00483451e-01 
 2.79206256e-01  2.82544755e-01  2.99517360e-01  3.00482640e-01 
 2.79306256e-01  2.82477464e-01  2.99518191e-01  3.00481809e-01 
 2.79406256e-01  2.82412124e-01  2.99519040e-01  3.00480960e-01 
 2.79506256e-01  2.82348739e-01  2.99519908e-01  3.00480092e-01 
 2.79606256e-01  2.82287312e-01  2.99520795e-01  3.00479205e-01 
 2.79706256e-01  2.82227845e-01  2.99521701e-01  3.00478299e-01 
 2.79806256e-01  2.82170344e-01  2.99522626e-01  3.00477374e-01 
 2.79906256e-01  2.82114810e-01  2.99523570e-01  3.00476430e-01 
 2.80006256e-01  2.82061247e-01  2.99524533e-01  3.00475467e-01 
 2.80106256e-01  2.82009659e-01  2.99525514e-01  3.00474486e-01 
 2.80206256e-01  2.81960048e-01  2.99526514e-01  3.00473486e-01 
 2.80306256e-01  2.81912418e-01  2.99527533e-01  3.00472467e-01 
 2.80406256e-01  2.81866771e-01  2.99528570e-01  3.00471430e-01 
 2.80506256e-01  2.81823111e-01  2.99529626e-01  3.00470374e-01 
 2.80606256e-01  2.81781440e-01  2.99530701e-01  3.00469299e-01 
 2.80706256e-01  2.81741762e-01  2.99531794e-01  3.00468206e-01 
 2.80806256e-01  2.81704080e-01  2.99532906e-01  3.00467094e-01 
 2.80906256e-01  2.81668395e-01  2.99534036e-01  3.00465964e-01 
 2.81006256e-01  2.81634712e-01  2.99535184e-01  3.00464816e-01 
 2.81106256e-01  2.81603033e-01  2.99536351e-01  3.00463649e-01 
 2.81206256e-01  2.81573360e-01  2.99537536e-01  3.00462464e-01 
 2.81306256e-01  2.81545696e-01  2.99538739e-01  3.00461261e-01 
 2.81406256e-01  2.81520044e-01  2.99539961e-01  3.00460039e-01 
 2.81506256e-01  2.81496407e-01  2.99541201e-01  3.00458799e-01 
 2.81606256e-01  2.81474787e-01  2.99542459e-01  3.00457541e-01 
 2.81706256e-01  2.81455186e-01  2.99543735e-01  3.00456265e-01 
 2.81806256e-01  2.81437607e-01  2.99545028e-01  3.00454972e-01 
 2.81906256e-01  2.81422053e-01  2.99546340e-01  3.00453660e-01 
 2.82006256e-01  2.81408525e-01  2.99547670e-01  3.00452330e-01 
 2.82106256e-01  2.81397026e-01  2.99549018e-01  3.00450982e-01 
 2.82206256e-01  2.81387558e-01  2.99550383e-01  3.00449617e-01 
 2.82306256e-01  2.81380124e-01  2.99551767e-01  3.00448233e-01 
 2.82406256e-01  2.81374725e-01  2.99553167e-01  3.00446833e-01 
 2.82506256e-01  2.81371365e-01  2.99554586e-01  3.00445414e-01 
 2.82606256e-01  2.81370044e-01  2.99556022e-01  3.00443978e-01 
 2.82706256e-01  2.81370765e-01  2.99557476e-01  3.00442524e-01 
 2.82806256e-01  2.81373529e-01  2.99558947e-01  3.00441053e-01 
 2.82906256e-01  2.81378340e-01  2.99560435e-01  3.00439565e-01 
 2.83006256e-01  2.81385198e-01  2.99561941e-01  3.00438059e-01 
 2.83106256e-01  2.81394106e-01  2.99563465e-01  3.00436535e-01 
 2.83206256e-01  2.81405065e-01  2.99565005e-01  3.00434995e-01 
 2.83306256e-01  2.81418078e-01  2.99566563e-01  3.00433437e-01 
 2.83406256e-01  2.81433145e-01  2.99568137e-01  3.00431863e-01 
 2.83506256e-01  2.81450268e-01  2.99569729e-01  3.00430271e-01 
 2.83606256e-01  2.81469450e-01  2.99571338e-01  3.00428662e-01 
 2.83706256e-01  2.81490691e-01  2.99572963e-01  3.00427037e-01 
 2.83806256e-01  2.81513993e-01  2.99574606e-01  3.00425394e-01 
 2.83906256e-01  2.81539358e-01  2.99576265e-01  3.00423735e-01 
 2.84006256e-01  2.81566786e-01  2.99577941e-01  3.00422059e-01 
 2.84106256e-01  2.81596280e-01  2.99579634e-01  3.00420366e-01 
 2.84206256e-01  2.81627841e-01  2.99581343e-01  3.00418657e-01 
 2.84306256e-01  2.81661469e-01  2.99583069e-01  3.00416931e-01 
 2.84406256e-01  2.81697167e-01  2.99584812e-01  3.00415188e-01 
 2.84506256e-01  2.81734934e-01  2.99586570e-01  3.00413430e-01 
 2.84606256e-01  2.81774774e-01  2.99588345e-01  3.00411655e-01 
 2.84706256e-01  2.81816685e-01  2.99590136e-01  3.00409864e-01 
 2.84806256e-01  2.81860670e-01  2.99591944e-01  3.00408056e-01 
 2.84906256e-01  2.81906730e-01  2.99593767e-01  3.00406233e-01 
 2.85006256e-01  2.81954864e-01  2.99595607e-01  3.00404393e-01 
 2.85106256e-01  2.82005075e-01  2.99597463e-01  3.00402537e-01 
 2.85206256e-01  2.82057363e-01  2.99599334e-01  3.00400666e-01 
 2.85306256e-01  2.82111728e-01  2.99601221e-01  3.00398779e-01 
 2.85406256e-01  2.82168172e-01  2.99603124e-01  3.00396876e-01 
 2.85506256e-01  2.82226695e-01  2.99605043e-01  3.00394957e-01 
 2.85606256e-01  2.82287298e-01  2.99606977e-01  3.00393023e-01 
 2.85706256e-01  2.82349981e-01  2.99608927e-01  3.00391073e-01 
 2.85806256e-01  2.82414745e-01  2.99610892e-01  3.00389108e-01 
 2.85906256e-01  2.82481590e-01  2.99612873e-01  3.00387127e-01 
 2.86006256e-01  2.82550517e-01  2.99614869e-01  3.00385131e-01 
 2.86106256e-01  2.82621526e-01  2.99616880e-01  3.00383120e-01 
 2.86206256e-01  2.82694617e-01  2.99618906e-01  3.00381094e-01 
 2.86306256e-01  2.82769790e-01  2.99620947e-01  3.00379053e-01 
 2.86406256e-01  2.82847046e-01  2.99623003e-01  3.00376997e-01 
 2.86506256e-01  2.82926385e-01  2.99625074e-01  3.00374926e-01 
 2.86606256e-01  2.83007807e-01  2.99627160e-01  3.00372840e-01 
 2.86706256e-01  2.83091312e-01  2.99629261e-01  3.00370739e-01 
 2.86806256e-01  2.83176900e-01  2.99631376e-01  3.00368624e-01 
 2.86906256e-01  2.83264571e-01  2.99633506e-01  3.00366494e-01 
 2.87006256e-01  2.83354325e-01  2.99635650e-01  3.00364350e-01 
 2.87106256e-01  2.83446161e-01  2.99637809e-01  3.00362191e-01 
 2.87206256e-01  2.83540080e-01  2.99639982e-01  3.00360018e-01 
 2.87306256e-01  2.83636080e-01  2.99642169e-01  3.00357831e-01 
 2.87406256e-01  2.83734163e-01  2.99644370e-01  3.00355630e-01 
 2.87506256e-01  2.83834327e-01  2.99646586e-01  3.00353414e-01 
 2.87606256e-01  2.83936572e-01  2.99648815e-01  3.00351185e-01 
 2.87706256e-01  2.84040897e-01  2.99651058e-01  3.00348942e-01 
 2.87806256e-01  2.84147303e-01  2.99653315e-01  3.00346685e-01 
 2.87906256e-01  2.84255787e-01  2.99655586e-01  3.00344414e-01 
 2.88006256e-01  2.84366351e-01  2.99657870e-01  3.00342130e-01 
 2.88106256e-01  2.84478992e-01  2.99660167e-01  3.00339833e-01 
 2.88206256e-01  2.84593711e-01  2.99662479e-01  3.00337521e-01 
 2.88306256e-01  2.84710506e-01  2.99664803e-01  3.00335197e-01 
 2.88406256e-01  2.84829377e-01  2.99667141e-01  3.00332859e-01 
 2.88506256e-01  2.84950322e-01  2.99669492e-01  3.00330508e-01 
 2.88606256e-01  2.85073341e-01  2.99671855e-01  3.00328145e-01 
 2.88706256e-01  2.85198433e-01  2.99674232e-01  3.00325768e-01 
 2.88806256e-01  2.85325596e-01  2.99676622e-01  3.00323378e-01 
 2.88906256e-01  2.85454830e-01  2.99679024e-01  3.00320976e-01 
 2.89006256e-01  2.85586133e-01  2.99681439e-01  3.00318561e-01 
 2.89106256e-01  2.85719504e-01  2.99683867e-01  3.00316133e-01 
 2.89206256e-01  2.85854941e-01  2.99686307e-01  3.00313693e-01 
 2.89306256e-01  2.85992444e-01  2.99688760e-01  3.00311240e-01 
 2.89406256e-01  2.86132011e-01  2.99691225e-01  3.00308775e-01 
 2.89506256e-01  2.86273640e-01  2.99693702e-01  3.00306298e-01 
 2.89606256e-01  2.86417331e-01  2.99696191e-01  3.00303809e-01 
 2.89706256e-01  2.86563081e-01  2.99698692e-01  3.00301308e-01 
 2.89806256e-01  2.86710888e-01  2.99701205e-01  3.00298795e-01 
 2.89906256e-01  2.86860752e-01  2.99703730e-01  3.00296270e-01 
 2.90006256e-01  2.87012670e-01  2.99706266e-01  3.00293734e-01 
 2.90106256e-01  2.87166640e-01  2.99708814e-01  3.00291186e-01 
 2.90206256e-01  2.87322661e-01  2.99711374e-01  3.00288626e-01 
 2.90306256e-01  2.87480731e-01  2.99713945e-01  3.00286055e-01 
 2.90406256e-01  2.87640848e-01  2.99716527e-01  3.00283473e-01 
 2.90506256e-01  2.87803010e-01  2.99719121e-01  3.00280879e-01 
 2.90606256e-01  2.87967214e-01  2.99721725e-01  3.00278275e-01 
 2.90706256e-01  2.88133459e-01  2.99724341e-01  3.00275659e-01 
 2.90806256e-01  2.88301743e-01  2.99726967e-01  3.00273033e-01 
 2.90906256e-01  2.88472063e-01  2.99729605e-01  3.00270395e-01 
 2.91006256e-01  2.88644416e-01  2.99732253e-01  3.00267747e-01 
 2.91106256e-01  2.88818801e-01  2.99734911e-01  3.00265089e-01 
 2.91206256e-01  2.88995216e-01  2.99737580e-01  3.00262420e-01 
 2.91306256e-01  2.89173657e-01  2.99740259e-01  3.00259741e-01 
 2.91406256e-01  2.89354122e-01  2.99742949e-01  3.00257051e-01 
 2.91506256e-01  2.89536609e-01  2.99745648e-01  3.00254352e-01 
 2.91606256e-01  2.89721115e-01  2.99748358e-01  3.00251642e-01 
 2.91706256e-01  2.89907637e-01  2.99751078e-01  3.00248922e-01 
 2.91806256e-01  2.90096173e-01  2.99753807e-01  3.00246193e-01 
 2.91906256e-01  2.90286719e-01  2.99756547e-01  3.00243453e-01 
 2.92006256e-01  2.90479274e-01  2.99759295e-01  3.00240705e-01 
 2.92106256e-01  2.90673833e-01  2.99762054e-01  3.00237946e-01 
 2.92206256e-01  2.90870395e-01  2.99764821e-01  3.00235179e-01 
 2.92306256e-01  2.91068955e-01  2.99767598e-01  3.00232402e-01 
 2.92406256e-01  2.91269512e-01  2.99770385e-01  3.00229615e-01 
 2.92506256e-01  2.91472061e-01  2.99773180e-01  3.00226820e-01 
 2.92606256e-01  2.91677923e-01  2.99775984e-01  3.00224016e-01 
 2.92706256e-01  2.91885501e-01  2.99778797e-01  3.00221203e-01 
 2.92806256e-01  2.92094139e-01  2.99781619e-01  3.00218381e-01 
 2.92906256e-01  2.92303572e-01  2.99784449e-01  3.00215551e-01 
 2.93006256e-01  2.92513701e-01  2.99787288e-01  3.00212712e-01 
 2.93106256e-01  2.92724496e-01  2.99790135e-01  3.00209865e-01 
 2.93206256e-01  2.92935948e-01  2.99792991e-01  3.00207009e-01 
 2.93306256e-01  2.93148060e-01  2.99795855e-01  3.00204145e-01 
 2.93406256e-01  2.93360839e-01  2.99798727e-01  3.00201273e-01 
 2.93506256e-01  2.93574288e-01  2.99801606e-01  3.00198394e-01 
 2.93606256e-01  2.93788414e-01  2.99804494e-01  3.00195506e-01 
 2.93706256e-01  2.94003223e-01  2.99807389e-01  3.00192611e-01 
 2.93806256e-01  2.94218720e-01  2.99810292e-01  3.00189708e-01 
 2.93906256e-01  2.94434911e-01  2.99813203e-01  3.00186797e-01 
 2.94006256e-01  2.94651800e-01  2.99816120e-01  3.00183880e-01 
 2.94106256e-01  2.94869394e-01  2.99819046e-01  3.00180954e-01 
 2.94206256e-01  2.95087696e-01  2.99821978e-01  3.00178022e-01 
 2.94306256e-01  2.95306712e-01  2.99824917e-01  3.00175083e-01 
 2.94406256e-01  2.95526447e-01  2.99827863e-01  3.00172137e-01 
 2.94506256e-01  2.95746905e-01  2.99830816e-01  3.00169184e-01 
 2.94606256e-01  2.95968090e-01  2.99833776e-01  3.00166224e-01 
 2.94706256e-01  2.96190006e-01  2.99836742e-01  3.00163258e-01 
 2.94806256e-01  2.96412659e-01  2.99839714e-01  3.00160286e-01 
 2.94906256e-01  2.96636052e-01  2.99842693e-01  3.00157307e-01 
 2.95006256e-01  2.96860188e-01  2.99845678e-01  3.00154322e-01 
 2.95106256e-01  2.97085071e-01  2.99848670e-01  3.00151330e-01 
 2.95206256e-01  2.97310706e-01  2.99851667e-01  3.00148333e-01 
 2.95306256e-01  2.97537095e-01  2.99854670e-01  3.00145330e-01 
 2.95406256e-01  2.97764242e-01  2.99857679e-01  3.00142321e-01 
 2.95506256e-01  2.97992161e-01  2.99860693e-01  3.00139307e-01 
 2.95606256e-01  2.98220843e-01  2.99863713e-01  3.00136287e-01 
 2.95706256e-01  2.98450284e-01  2.99866738e-01  3.00133262e-01 
 2.95806256e-01  2.98680484e-01  2.99869769e-01  3.00130231e-01 
 2.95906256e-01  2.98911445e-01  2.99872805e-01  3.00127195e-01 
 2.96006256e-01  2.99143169e-01  2.99875845e-01  3.00124155e-01 
 2.96106256e-01  2.99375660e-01  2.99878891e-01  3.00121109e-01 
 2.96206256e-01  2.99608919e-01  2.99881941e-01  3.00118059e-01 
 2.96306256e-01  2.99842949e-01  2.99884997e-01  3.00115003e-01 
 2.96406256e-01  3.00077751e-01  2.99888056e-01  3.00111944e-01 
 2.96506256e-01  3.00313329e-01  2.99891120e-01  3.00108880e-01 
 2.96606256e-01  3.00549683e-01  2.99894189e-01  3.00105811e-01 
 2.96706256e-01  3.00786815e-01  2.99897261e-01  3.00102739e-01 
 2.96806256e-01  3.01024727e-01  2.99900338e-01  3.00099662e-01 
 2.96906256e-01  3.01263421e-01  2.99903418e-01  3.00096582e-01 
 2.97006256e-01  3.01502897e-01  2.99906502e-01  3.00093498e-01 
 2.97106256e-01  3.01743157e-01  2.99909590e-01  3.00090410e-01 
 2.97206256e-01  3.01984202e-01  2.99912682e-01  3.00087318e-01 
 2.97306256e-01  3.02226034e-01  2.99915777e-01  3.00084223e-01 
 2.97406256e-01  3.02468651e-01  2.99918875e-01  3.00081125e-01 
 2.97506256e-01  3.02712057e-01  2.99921977e-01  3.00078023e-01 
 2.97606256e-01  3.02956250e-01  2.99925082e-01  3.00074918e-01 
 2.97706256e-01  3.03201232e-01  2.99928189e-01  3.00071811e-01 
 2.97806256e-01  3.03447002e-01  2.99931300e-01  3.00068700e-01 
 2.97906256e-01  3.03693561e-01  2.99934413e-01  3.00065587e-01 
 2.98006256e-01  3.03940909e-01  2.99937528e-01  3.00062472e-01 
 2.98106256e-01  3.04189047e-01  2.99940647e-01  3.00059353e-01 
 2.98206256e-01  3.04437972e-01  2.99943767e-01  3.00056233e-01 
 2.98306256e-01  3.04687687e-01  2.99946890e-01  3.00053110e-01 
 2.98406256e-01  3.04938189e-01  2.99950015e-01  3.00049985e-01 
 2.98506256e-01  3.05189478e-01  2.99953141e-01  3.00046859e-01 
 2.98606256e-01  3.05441555e-01  2.99956270e-01  3.00043730e-01 
 2.98706256e-01  3.05694417e-01  2.99959401e-01  3.00040599e-01 
 2.98806256e-01  3.05948065e-01  2.99962533e-01  3.00037467e-01 
 2.98906256e-01  3.06202497e-01  2.99965666e-01  3.00034334e-01 
 2.99006256e-01  3.06457711e-01  2.99968801e-01  3.00031199e-01 
 2.99106256e-01  3.06713708e-01  2.99971937e-01  3.00028063e-01 
 2.99206256e-01  3.06970485e-01  2.99975074e-01  3.00024926e-01 
 2.99306256e-01  3.07228041e-01  2.99978212e-01  3.00021788e-01 
 2.99406256e-01  3.07486374e-01  2.99981351e-01  3.00018649e-01 
 2.99506256e-01  3.07745483e-01  2.99984491e-01  3.00015509e-01 
 2.99606256e-01  3.08005366e-01  2.99987631e-01  3.00012369e-01 
 2.99706256e-01  3.08266021e-01  2.99990772e-01  3.00009228e-01 
 2.99806256e-01  3.08527446e-01  2.99993913e-01  3.00006087e-01 
 2.99906256e-01  3.08789640e-01  2.99997055e-01  3.00002945e-01 
 3.00006256e-01  3.09052598e-01  3.00000197e-01  2.99999803e-01 
 3.00106256e-01  3.09316321e-01  3.00003338e-01  2.99996662e-01 
 3.00206256e-01  3.09580804e-01  3.00006480e-01  2.99993520e-01 
 3.00306256e-01  3.09846046e-01  3.00009621e-01  2.99990379e-01 
 3.00406256e-01  3.10112043e-01  3.00012762e-01  2.99987238e-01 
 3.00506256e-01  3.10378794e-01  3.00015902e-01  2.99984098e-01 
 3.00606256e-01  3.10646295e-01  3.00019041e-01  2.99980959e-01 
 3.00706256e-01  3.10914543e-01  3.00022180e-01  2.99977820e-01 
 3.00806256e-01  3.11183536e-01  3.00025318e-01  2.99974682e-01 
 3.00906256e-01  3.11453270e-01  3.00028455e-01  2.99971545e-01 
 3.01006256e-01  3.11723741e-01  3.00031591e-01  2.99968409e-01 
 3.01106256e-01  3.11994947e-01  3.00034726e-01  2.99965274e-01 
 3.01206256e-01  3.12266885e-01  3.00037859e-01  2.99962141e-01 
 3.01306256e-01  3.12539550e-01  3.00040991e-01  2.99959009e-01 
 3.01406256e-01  3.12812939e-01  3.00044121e-01  2.99955879e-01 
 3.01506256e-01  3.13087048e-01  3.00047250e-01  2.99952750e-01 
 3.01606256e-01  3.13361874e-01  3.00050376e-01  2.99949624e-01 
 3.01706256e-01  3.13637412e-01  3.00053501e-01  2.99946499e-01 
 3.01806256e-01  3.13913659e-01  3.00056623e-01  2.99943377e-01 
 3.01906256e-01  3.14190610e-01  3.00059744e-01  2.99940256e-01 
 3.02006256e-01  3.14468261e-01  3.00062862e-01  2.99937138e-01 
 3.02106256e-01  3.14746609e-01  3.00065977e-01  2.99934023e-01 
 3.02206256e-01  3.15025648e-01  3.00069090e-01  2.99930910e-01 
 3.02306256e-01  3.15305374e-01  3.00072200e-01  2.99927800e-01 
 3.02406256e-01  3.15585783e-01  3.00075307e-01  2.99924693e-01 
 3.02506256e-01  3.15866870e-01  3.00078411e-01  2.99921589e-01 
 3.02606256e-01  3.16148630e-01  3.00081512e-01  2.99918488e-01 
 3.02706256e-01  3.16431059e-01  3.00084610e-01  2.99915390e-01 
 3.02806256e-01  3.16714151e-01  3.00087705e-01  2.99912295e-01 
 3.02906256e-01  3.16997902e-01  3.00090796e-01  2.99909204e-01 
 3.03006256e-01  3.17282306e-01  3.00093884e-01  2.99906116e-01 
 3.03106256e-01  3.17567359e-01  3.00096968e-01  2.99903032e-01 
 3.03206256e-01  3.17853054e-01  3.00100048e-01  2.99899952e-01 
 3.03306256e-01  3.18139388e-01  3.00103124e-01  2.99896876e-01 
 3.03406256e-01  3.18426354e-01  3.00106196e-01  2.99893804e-01 
 3.03506256e-01  3.18713947e-01  3.00109263e-01  2.99890737e-01 
 3.03606256e-01  3.19002161e-01  3.00112327e-01  2.99887673e-01 
 3.03706256e-01  3.19290991e-01  3.00115386e-01  2.99884614e-01 
 3.03806256e-01  3.19580431e-01  3.00118440e-01  2.99881560e-01 
 3.03906256e-01  3.19870475e-01  3.00121490e-01  2.99878510e-01 
 3.04006256e-01  3.20161117e-01  3.00124535e-01  2.99875465e-01 
 3.04106256e-01  3.20452352e-01  3.00127575e-01  2.99872425e-01 
 3.04206256e-01  3.20744173e-01  3.00130610e-01  2.99869390e-01 
 3.04306256e-01  3.21036574e-01  3.00133640e-01  2.99866360e-01 
 3.04406256e-01  3.21329549e-01  3.00136665e-01  2.99863335e-01 
 3.04506256e-01  3.21623092e-01  3.00139684e-01  2.99860316e-01 
 3.04606256e-01  3.21917197e-01  3.00142698e-01  2.99857302e-01 
 3.04706256e-01  3.22211856e-01  3.00145706e-01  2.99854294e-01 
 3.04806256e-01  3.22507064e-01  3.00148708e-01  2.99851292e-01 
 3.04906256e-01  3.22802814e-01  3.00151705e-01  2.99848295e-01 
 3.05006256e-01  3.23099099e-01  3.00154695e-01  2.99845305e-01 
 3.05106256e-01  3.23395913e-01  3.00157680e-01  2.99842320e-01 
 3.05206256e-01  3.23693249e-01  3.00160658e-01  2.99839342e-01 
 3.05306256e-01  3.23991100e-01  3.00163630e-01  2.99836370e-01 
 3.05406256e-01  3.24289459e-01  3.00166595e-01  2.99833405e-01 
 3.05506256e-01  3.24588319e-01  3.00169554e-01  2.99830446e-01 
 3.05606256e-01  3.24887673e-01  3.00172506e-01  2.99827494e-01 
 3.05706256e-01  3.25187514e-01  3.00175451e-01  2.99824549e-01 
 3.05806256e-01  3.25487835e-01  3.00178390e-01  2.99821610e-01 
 3.05906256e-01  3.25788629e-01  3.00181321e-01  2.99818679e-01 
 3.06006256e-01  3.26089888e-01  3.00184245e-01  2.99815755e-01 
 3.06106256e-01  3.26391604e-01  3.00187162e-01  2.99812838e-01 
 3.06206256e-01  3.26693771e-01  3.00190071e-01  2.99809929e-01 
 3.06306256e-01  3.26996381e-01  3.00192973e-01  2.99807027e-01 
 3.06406256e-01  3.27299427e-01  3.00195868e-01  2.99804132e-01 
 3.06506256e-01  3.27602900e-01  3.00198754e-01  2.99801246e-01 
 3.06606256e-01  3.27906793e-01  3.00201633e-01  2.99798367e-01 
 3.06706256e-01  3.28211099e-01  3.00204504e-01  2.99795496e-01 
 3.06806256e-01  3.28515809e-01  3.00207367e-01  2.99792633e-01 
 3.06906256e-01  3.28820916e-01  3.00210221e-01  2.99789779e-01 
 3.07006256e-01  3.29126411e-01  3.00213067e-01  2.99786933e-01 
 3.07106256e-01  3.29432287e-01  3.00215905e-01  2.99784095e-01 
 3.07206256e-01  3.29738536e-01  3.00218735e-01  2.99781265e-01 
 3.07306256e-01  3.30045150e-01  3.00221555e-01  2.99778445e-01 
 3.07406256e-01  3.30352120e-01  3.00224367e-01  2.99775633e-01 
 3.07506256e-01  3.30659438e-01  3.00227170e-01  2.99772830e-01 
 3.07606256e-01  3.30967096e-01  3.00229964e-01  2.99770036e-01 
 3.07706256e-01  3.31275085e-01  3.00232749e-01  2.99767251e-01 
 3.07806256e-01  3.31583398e-01  3.00235525e-01  2.99764475e-01 
 3.07906256e-01  3.31892026e-01  3.00238292e-01  2.99761708e-01 
 3.08006256e-01  3.32200960e-01  3.00241049e-01  2.99758951e-01 
 3.08106256e-01  3.32510192e-01  3.00243797e-01  2.99756203e-01 
 3.08206256e-01  3.32819713e-01  3.00246535e-01  2.99753465e-01 
 3.08306256e-01  3.33129514e-01  3.00249263e-01  2.99750737e-01 
 3.08406256e-01  3.33439588e-01  3.00251981e-01  2.99748019e-01 
 3.08506256e-01  3.33749925e-01  3.00254690e-01  2.99745310e-01 
 3.08606256e-01  3.34060516e-01  3.00257388e-01  2.99742612e-01 
 3.08706256e-01  3.34371353e-01  3.00260077e-01  2.99739923e-01 
 3.08806256e-01  3.34682426e-01  3.00262755e-01  2.99737245e-01 
 3.08906256e-01  3.34993727e-01  3.00265422e-01  2.99734578e-01 
 3.09006256e-01  3.35305247e-01  3.00268079e-01  2.99731921e-01 
 3.09106256e-01  3.35616976e-01  3.00270726e-01  2.99729274e-01 
 3.09206256e-01  3.35928907e-01  3.00273362e-01  2.99726638e-01 
 3.09306256e-01  3.36241029e-01  3.00275987e-01  2.99724013e-01 
 3.09406256e-01  3.36553333e-01  3.00278601e-01  2.99721399e-01 
 3.09506256e-01  3.36865811e-01  3.00281204e-01  2.99718796e-01 
 3.09606256e-01  3.37178453e-01  3.00283796e-01  2.99716204e-01 
 3.09706256e-01  3.37491249e-01  3.00286377e-01  2.99713623e-01 
 3.09806256e-01  3.37804191e-01  3.00288947e-01  2.99711053e-01 
 3.09906256e-01  3.38117269e-01  3.00291505e-01  2.99708495e-01 
 3.10006256e-01  3.38430473e-01  3.00294052e-01  2.99705948e-01 
 3.10106256e-01  3.38743795e-01  3.00296587e-01  2.99703413e-01 
 3.10206256e-01  3.39057225e-01  3.00299110e-01  2.99700890e-01 
 3.10306256e-01  3.39370753e-01  3.00301622e-01  2.99698378e-01 
 3.10406256e-01  3.39684369e-01  3.00304121e-01  2.99695879e-01 
 3.10506256e-01  3.39998065e-01  3.00306609e-01  2.99693391e-01 
 3.10606256e-01  3.40311830e-01  3.00309084e-01  2.99690916e-01 
 3.10706256e-01  3.40625655e-01  3.00311548e-01  2.99688452e-01 
 3.10806256e-01  3.40939530e-01  3.00313999e-01  2.99686001e-01 
 3.10906256e-01  3.41253446e-01  3.00316437e-01  2.99683563e-01 
 3.11006256e-01  3.41567392e-01  3.00318863e-01  2.99681137e-01 
 3.11106256e-01  3.41881359e-01  3.00321277e-01  2.99678723e-01 
 3.11206256e-01  3.42195337e-01  3.00323678e-01  2.99676322e-01 
 3.11306256e-01  3.42509316e-01  3.00326066e-01  2.99673934e-01 
 3.11406256e-01  3.42823287e-01  3.00328441e-01  2.99671559e-01 
 3.11506256e-01  3.43137239e-01  3.00330803e-01  2.99669197e-01 
 3.11606256e-01  3.43451162e-01  3.00333153e-01  2.99666847e-01 
 3.11706256e-01  3.43765047e-01  3.00335489e-01  2.99664511e-01 
 3.11806256e-01  3.44078883e-01  3.00337811e-01  2.99662189e-01 
 3.11906256e-01  3.44392661e-01  3.00340121e-01  2.99659879e-01 
 3.12006256e-01  3.44706370e-01  3.00342417e-01  2.99657583e-01 
 3.12106256e-01  3.45020000e-01  3.00344699e-01  2.99655301e-01 
 3.12206256e-01  3.45333542e-01  3.00346968e-01  2.99653032e-01 
 3.12306256e-01  3.45646984e-01  3.00349223e-01  2.99650777e-01 
 3.12406256e-01  3.45960317e-01  3.00351465e-01  2.99648535e-01 
 3.12506256e-01  3.46273531e-01  3.00353692e-01  2.99646308e-01 
 3.12606256e-01  3.46586616e-01  3.00355906e-01  2.99644094e-01 
 3.12706256e-01  3.46899560e-01  3.00358105e-01  2.99641895e-01 
 3.12806256e-01  3.47212355e-01  3.00360291e-01  2.99639709e-01 
 3.12906256e-01  3.47524989e-01  3.00362462e-01  2.99637538e-01 
 3.13006256e-01  3.47837453e-01  3.00364619e-01  2.99635381e-01 
 3.13106256e-01  3.48149735e-01  3.00366761e-01  2.99633239e-01 
 3.13206256e-01  3.48461827e-01  3.00368889e-01  2.99631111e-01 
 3.13306256e-01  3.48773717e-01  3.00371003e-01  2.99628997e-01 
 3.13406256e-01  3.49085395e-01  3.00373101e-01  2.99626899e-01 
 3.13506256e-01  3.49396850e-01  3.00375185e-01  2.99624815e-01 
 3.13606256e-01  3.49708072e-01  3.00377255e-01  2.99622745e-01 
 3.13706256e-01  3.50019052e-01  3.00379309e-01  2.99620691e-01 
 3.13806256e-01  3.50329778e-01  3.00381348e-01  2.99618652e-01 
 3.13906256e-01  3.50640239e-01  3.00383373e-01  2.99616627e-01 
 3.14006256e-01  3.50950426e-01  3.00385382e-01  2.99614618e-01 
 3.14106256e-01  3.51260328e-01  3.00387376e-01  2.99612624e-01 
 3.14206256e-01  3.51569934e-01  3.00389354e-01  2.99610646e-01 
 3.14306256e-01  3.51879234e-01  3.00391318e-01  2.99608682e-01 
 3.14406256e-01  3.52188218e-01  3.00393266e-01  2.99606734e-01 
 3.14506256e-01  3.52496874e-01  3.00395198e-01  2.99604802e-01 
 3.14606256e-01  3.52805193e-01  3.00397115e-01  2.99602885e-01 
 3.14706256e-01  3.53113163e-01  3.00399016e-01  2.99600984e-01 
 3.14806256e-01  3.53420774e-01  3.00400901e-01  2.99599099e-01 
 3.14906256e-01  3.53728016e-01  3.00402770e-01  2.99597230e-01 
 3.15006256e-01  3.54034878e-01  3.00404624e-01  2.99595376e-01 
 3.15106256e-01  3.54341350e-01  3.00406462e-01  2.99593538e-01 
 3.15206256e-01  3.54647420e-01  3.00408283e-01  2.99591717e-01 
 3.15306256e-01  3.54953078e-01  3.00410089e-01  2.99589911e-01 
 3.15406256e-01  3.55258314e-01  3.00411878e-01  2.99588122e-01 
 3.15506256e-01  3.55563117e-01  3.00413651e-01  2.99586349e-01 
 3.15606256e-01  3.55867476e-01  3.00415407e-01  2.99584593e-01 
 3.15706256e-01  3.56171381e-01  3.00417148e-01  2.99582852e-01 
 3.15806256e-01  3.56474821e-01  3.00418871e-01  2.99581129e-01 
 3.15906256e-01  3.56777785e-01  3.00420579e-01  2.99579421e-01 
 3.16006256e-01  3.57080264e-01  3.00422269e-01  2.99577731e-01 
 3.16106256e-01  3.57382245e-01  3.00423943e-01  2.99576057e-01 
 3.16206256e-01  3.57683719e-01  3.00425600e-01  2.99574400e-01 
 3.16306256e-01  3.57984674e-01  3.00427241e-01  2.99572759e-01 
 3.16406256e-01  3.58285101e-01  3.00428864e-01  2.99571136e-01 
 3.16506256e-01  3.58584988e-01  3.00430471e-01  2.99569529e-01 
 3.16606256e-01  3.58884326e-01  3.00432061e-01  2.99567939e-01 
 3.16706256e-01  3.59183102e-01  3.00433633e-01  2.99566367e-01 
 3.16806256e-01  3.59481308e-01  3.00435189e-01  2.99564811e-01 
 3.16906256e-01  3.59778931e-01  3.00436727e-01  2.99563273e-01 
 3.17006256e-01  3.60075962e-01  3.00438248e-01  2.99561752e-01 
 3.17106256e-01  3.60372389e-01  3.00439752e-01  2.99560248e-01 
 3.17206256e-01  3.60668202e-01  3.00441238e-01  2.99558762e-01 
 3.17306256e-01  3.60963391e-01  3.00442707e-01  2.99557293e-01 
 3.17406256e-01  3.61257945e-01  3.00444159e-01  2.99555841e-01 
 3.17506256e-01  3.61551854e-01  3.00445592e-01  2.99554408e-01 
 3.17606256e-01  3.61845106e-01  3.00447009e-01  2.99552991e-01 
 3.17706256e-01  3.62137691e-01  3.00448407e-01  2.99551593e-01 
 3.17806256e-01  3.62429598e-01  3.00449788e-01  2.99550212e-01 
 3.17906256e-01  3.62720818e-01  3.00451152e-01  2.99548848e-01 
 3.18006256e-01  3.63011338e-01  3.00452497e-01  2.99547503e-01 
 3.18106256e-01  3.63301150e-01  3.00453825e-01  2.99546175e-01 
 3.18206256e-01  3.63590242e-01  3.00455134e-01  2.99544866e-01 
 3.18306256e-01  3.63878604e-01  3.00456426e-01  2.99543574e-01 
 3.18406256e-01  3.64166225e-01  3.00457700e-01  2.99542300e-01 
 3.18506256e-01  3.64453095e-01  3.00458955e-01  2.99541045e-01 
 3.18606256e-01  3.64739202e-01  3.00460193e-01  2.99539807e-01 
 3.18706256e-01  3.65024538e-01  3.00461412e-01  2.99538588e-01 
 3.18806256e-01  3.65309091e-01  3.00462613e-01  2.99537387e-01 
 3.18906256e-01  3.65592851e-01  3.00463796e-01  2.99536204e-01 
 3.19006256e-01  3.65875807e-01  3.00464961e-01  2.99535039e-01 
 3.19106256e-01  3.66157949e-01  3.00466107e-01  2.99533893e-01 
 3.19206256e-01  3.66439266e-01  3.00467234e-01  2.99532766e-01 
 3.19306256e-01  3.66719749e-01  3.00468344e-01  2.99531656e-01 
 3.19406256e-01  3.66999387e-01  3.00469435e-01  2.99530565e-01 
 3.19506256e-01  3.67278168e-01  3.00470507e-01  2.99529493e-01 
 3.19606256e-01  3.67556084e-01  3.00471561e-01  2.99528439e-01 
 3.19706256e-01  3.67833124e-01  3.00472596e-01  2.99527404e-01 
 3.19806256e-01  3.68109277e-01  3.00473612e-01  2.99526388e-01 
 3.19906256e-01  3.68384534e-01  3.00474610e-01  2.99525390e-01 
 3.20006256e-01  3.68658883e-01  3.00475589e-01  2.99524411e-01 
 3.20106256e-01  3.68932315e-01  3.00476549e-01  2.99523451e-01 
 3.20206256e-01  3.69204819e-01  3.00477491e-01  2.99522509e-01 
 3.20306256e-01  3.69476386e-01  3.00478413e-01  2.99521587e-01 
 3.20406256e-01  3.69747005e-01  3.00479317e-01  2.99520683e-01 
 3.20506256e-01  3.70016666e-01  3.00480202e-01  2.99519798e-01 
 3.20606256e-01  3.70285358e-01  3.00481067e-01  2.99518933e-01 
 3.20706256e-01  3.70553072e-01  3.00481914e-01  2.99518086e-01 
 3.20806256e-01  3.70819798e-01  3.00482742e-01  2.99517258e-01 
 3.20906256e-01  3.71085526e-01  3.00483551e-01  2.99516449e-01 
 3.21006256e-01  3.71350245e-01  3.00484340e-01  2.99515660e-01 
 3.21106256e-01  3.71613946e-01  3.00485111e-01  2.99514889e-01 
 3.21206256e-01  3.71876618e-01  3.00485862e-01  2.99514138e-01 
 3.21306256e-01  3.72138252e-01  3.00486594e-01  2.99513406e-01 
 3.21406256e-01  3.72398838e-01  3.00487307e-01  2.99512693e-01 
 3.21506256e-01  3.72658365e-01  3.00488001e-01  2.99511999e-01 
 3.21606256e-01  3.72916825e-01  3.00488676e-01  2.99511324e-01 
 3.21706256e-01  3.73174207e-01  3.00489331e-01  2.99510669e-01 
 3.21806256e-01  3.73430501e-01  3.00489967e-01  2.99510033e-01 
 3.21906256e-01  3.73685698e-01  3.00490583e-01  2.99509417e-01 
 3.22006256e-01  3.73939787e-01  3.00491180e-01  2.99508820e-01 
 3.22106256e-01  3.74192760e-01  3.00491758e-01  2.99508242e-01 
 3.22206256e-01  3.74444607e-01  3.00492317e-01  2.99507683e-01 
 3.22306256e-01  3.74695317e-01  3.00492855e-01  2.99507145e-01 
 3.22406256e-01  3.74944881e-01  3.00493375e-01  2.99506625e-01 
 3.22506256e-01  3.75193291e-01  3.00493875e-01  2.99506125e-01 
 3.22606256e-01  3.75440535e-01  3.00494355e-01  2.99505645e-01 
 3.22706256e-01  3.75686605e-01  3.00494816e-01  2.99505184e-01 
 3.22806256e-01  3.75931491e-01  3.00495258e-01  2.99504742e-01 
 3.22906256e-01  3.76175185e-01  3.00495680e-01  2.99504320e-01 
 3.23006256e-01  3.76417675e-01  3.00496082e-01  2.99503918e-01 
 3.23106256e-01  3.76658953e-01  3.00496465e-01  2.99503535e-01 
 3.23206256e-01  3.76899011e-01  3.00496828e-01  2.99503172e-01 
 3.23306256e-01  3.77137837e-01  3.00497171e-01  2.99502829e-01 
 3.23406256e-01  3.77375424e-01  3.00497495e-01  2.99502505e-01 
 3.23506256e-01  3.77611762e-01  3.00497799e-01  2.99502201e-01 
 3.23606256e-01  3.77846841e-01  3.00498084e-01  2.99501916e-01 
 3.23706256e-01  3.78080653e-01  3.00498349e-01  2.99501651e-01 
 3.23806256e-01  3.78313189e-01  3.00498594e-01  2.99501406e-01 
 3.23906256e-01  3.78544439e-01  3.00498820e-01  2.99501180e-01 
 3.24006256e-01  3.78774395e-01  3.00499026e-01  2.99500974e-01 
 3.24106256e-01  3.79003047e-01  3.00499212e-01  2.99500788e-01 
 3.24206256e-01  3.79230388e-01  3.00499378e-01  2.99500622e-01 
 3.24306256e-01  3.79456406e-01  3.00499525e-01  2.99500475e-01 
 3.24406256e-01  3.79681095e-01  3.00499652e-01  2.99500348e-01 
 3.24506256e-01  3.79904445e-01  3.00499759e-01  2.99500241e-01 
 3.24606256e-01  3.80126447e-01  3.00499847e-01  2.99500153e-01 
 3.24706256e-01  3.80347093e-01  3.00499915e-01  2.99500085e-01 
 3.24806256e-01  3.80566374e-01  3.00499963e-01  2.99500037e-01 
 3.24906256e-01  3.80784282e-01  3.00499991e-01  2.99500009e-01 
 3.25006256e-01  3.81000807e-01  3.00500000e-01  2.99500000e-01 
 3.25106256e-01  3.81215941e-01  3.00499989e-01  2.99500011e-01 
 3.25206256e-01  3.81429677e-01  3.00499958e-01  2.99500042e-01 
 3.25306256e-01  3.81642004e-01  3.00499907e-01  2.99500093e-01 
 3.25406256e-01  3.81852916e-01  3.00499837e-01  2.99500163e-01 
 3.25506256e-01  3.82062404e-01  3.00499747e-01  2.99500253e-01 
 3.25606256e-01  3.82270459e-01  3.00499637e-01  2.99500363e-01 
 3.25706256e-01  3.82477073e-01  3.00499508e-01  2.99500492e-01 
 3.25806256e-01  3.82682238e-01  3.00499359e-01  2.99500641e-01 
 3.25906256e-01  3.82885946e-01  3.00499190e-01  2.99500810e-01 
 3.26006256e-01  3.83088188e-01  3.00499001e-01  2.99500999e-01 
 3.26106256e-01  3.83288958e-01  3.00498793e-01  2.99501207e-01 
 3.26206256e-01  3.83488246e-01  3.00498565e-01  2.99501435e-01 
 3.26306256e-01  3.83686045e-01  3.00498317e-01  2.99501683e-01 
 3.26406256e-01  3.83882346e-01  3.00498050e-01  2.99501950e-01 
 3.26506256e-01  3.84077143e-01  3.00497762e-01  2.99502238e-01 
 3.26606256e-01  3.84270427e-01  3.00497456e-01  2.99502544e-01 
 3.26706256e-01  3.84462191e-01  3.00497129e-01  2.99502871e-01 
 3.26806256e-01  3.84652427e-01  3.00496783e-01  2.99503217e-01 
 3.26906256e-01  3.84841127e-01  3.00496418e-01  2.99503582e-01 
 3.27006256e-01  3.85028283e-01  3.00496033e-01  2.99503967e-01 
 3.27106256e-01  3.85213889e-01  3.00495628e-01  2.99504372e-01 
 3.27206256e-01  3.85397936e-01  3.00495204e-01  2.99504796e-01 
 3.27306256e-01  3.85580418e-01  3.00494760e-01  2.99505240e-01 
 3.27406256e-01  3.85761327e-01  3.00494296e-01  2.99505704e-01 
 3.27506256e-01  3.85940655e-01  3.00493813e-01  2.99506187e-01 
 3.27606256e-01  3.86118396e-01  3.00493311e-01  2.99506689e-01 
 3.27706256e-01  3.86294542e-01  3.00492789e-01  2.99507211e-01 
 3.27806256e-01  3.86469086e-01  3.00492248e-01  2.99507752e-01 
 3.27906256e-01  3.86642021e-01  3.00491687e-01  2.99508313e-01 
 3.28006256e-01  3.86813341e-01  3.00491107e-01  2.99508893e-01 
 3.28106256e-01  3.86983037e-01  3.00490507e-01  2.99509493e-01 
 3.28206256e-01  3.87151104e-01  3.00489888e-01  2.99510112e-01 
 3.28306256e-01  3.87317534e-01  3.00489250e-01  2.99510750e-01 
 3.28406256e-01  3.87482320e-01  3.00488592e-01  2.99511408e-01 
 3.28506256e-01  3.87645457e-01  3.00487915e-01  2.99512085e-01 
 3.28606256e-01  3.87806937e-01  3.00487219e-01  2.99512781e-01 
 3.28706256e-01  3.87966753e-01  3.00486504e-01  2.99513496e-01 
 3.28806256e-01  3.88124900e-01  3.00485769e-01  2.99514231e-01 
 3.28906256e-01  3.88281370e-01  3.00485016e-01  2.99514984e-01 
 3.29006256e-01  3.88436158e-01  3.00484243e-01  2.99515757e-01 
 3.29106256e-01  3.88589256e-01  3.00483451e-01  2.99516549e-01 
 3.29206256e-01  3.88740659e-01  3.00482640e-01  2.99517360e-01 
 3.29306256e-01  3.88890360e-01  3.00481809e-01  2.99518191e-01 
 3.29406256e-01  3.89038354e-01  3.00480960e-01  2.99519040e-01 
 3.29506256e-01  3.89184634e-01  3.00480092e-01  2.99519908e-01 
 3.29606256e-01  3.89329193e-01  3.00479205e-01  2.99520795e-01 
 3.29706256e-01  3.89472027e-01  3.00478299e-01  2.99521701e-01 
 3.29806256e-01  3.89613129e-01  3.00477374e-01  2.99522626e-01 
 3.29906256e-01  3.89752494e-01  3.00476430e-01  2.99523570e-01 
 3.30006256e-01  3.89890114e-01  3.00475467e-01  2.99524533e-01 
 3.30106256e-01  3.90025986e-01  3.00474486e-01  2.99525514e-01 
 3.30206256e-01  3.90160103e-01  3.00473486e-01  2.99526514e-01 
 3.30306256e-01  3.90292460e-01  3.00472467e-01  2.99527533e-01 
 3.30406256e-01  3.90423050e-01  3.00471430e-01  2.99528570e-01 
 3.30506256e-01  3.90551869e-01  3.00470374e-01  2.99529626e-01 
 3.30606256e-01  3.90678912e-01  3.00469299e-01  2.99530701e-01 
 3.30706256e-01  3.90804172e-01  3.00468206e-01  2.99531794e-01 
 3.30806256e-01  3.90927645e-01  3.00467094e-01  2.99532906e-01 
 3.30906256e-01  3.91049326e-01  3.00465964e-01  2.99534036e-01 
 3.31006256e-01  3.91169209e-01  3.00464816e-01  2.99535184e-01 
 3.31106256e-01  3.91287289e-01  3.00463649e-01  2.99536351e-01 
 3.31206256e-01  3.91403561e-01  3.00462464e-01  2.99537536e-01 
 3.31306256e-01  3.91518021e-01  3.00461261e-01  2.99538739e-01 
 3.31406256e-01  3.91630663e-01  3.00460039e-01  2.99539961e-01 
 3.31506256e-01  3.91741483e-01  3.00458799e-01  2.99541201e-01 
 3.31606256e-01  3.91850476e-01  3.00457541e-01  2.99542459e-01 
 3.31706256e-01  3.91957637e-01  3.00456265e-01  2.99543735e-01 
 3.31806256e-01  3.92062962e-01  3.00454972e-01  2.99545028e-01 
 3.31906256e-01  3.92166447e-01  3.00453660e-01  2.99546340e-01 
 3.32006256e-01  3.92268086e-01  3.00452330e-01  2.99547670e-01 
 3.32106256e-01  3.92367876e-01  3.00450982e-01  2.99549018e-01 
 3.32206256e-01  3.92465812e-01  3.00449617e-01  2.99550383e-01 
 3.32306256e-01  3.92561889e-01  3.00448233e-01  2.99551767e-01 
 3.32406256e-01  3.92656105e-01  3.00446833e-01  2.99553167e-01 
 3.32506256e-01  3.92748454e-01  3.00445414e-01  2.99554586e-01 
 3.32606256e-01  3.92838933e-01  3.00443978e-01  2.99556022e-01 
 3.32706256e-01  3.92927538e-01  3.00442524e-01  2.99557476e-01 
 3.32806256e-01  3.93014265e-01  3.00441053e-01  2.99558947e-01 
 3.32906256e-01  3.93099109e-01  3.00439565e-01  2.99560435e-01 
 3.33006256e-01  3.93182069e-01  3.00438059e-01  2.99561941e-01 
 3.33106256e-01  3.93263138e-01  3.00436535e-01  2.99563465e-01 
 3.33206256e-01  3.93342315e-01  3.00434995e-01  2.99565005e-01 
 3.33306256e-01  3.93419595e-01  3.00433437e-01  2.99566563e-01 
 3.33406256e-01  3.93494976e-01  3.00431863e-01  2.99568137e-01 
 3.33506256e-01  3.93568453e-01  3.00430271e-01  2.99569729e-01 
 3.33606256e-01  3.93640024e-01  3.00428662e-01  2.99571338e-01 
 3.33706256e-01  3.93709685e-01  3.00427037e-01  2.99572963e-01 
 3.33806256e-01  3.93777433e-01  3.00425394e-01  2.99574606e-01 
 3.33906256e-01  3.93843265e-01  3.00423735e-01  2.99576265e-01 
 3.34006256e-01  3.93907178e-01  3.00422059e-01  2.99577941e-01 
 3.34106256e-01  3.93969170e-01  3.00420366e-01  2.99579634e-01 
 3.34206256e-01  3.94029236e-01  3.00418657e-01  2.99581343e-01 
 3.34306256e-01  3.94087375e-01  3.00416931e-01  2.99583069e-01 
 3.34406256e-01  3.94143584e-01  3.00415188e-01  2.99584812e-01 
 3.34506256e-01  3.94197859e-01  3.00413430e-01  2.99586570e-01 
 3.34606256e-01  3.94250200e-01  3.00411655e-01  2.99588345e-01 
 3.34706256e-01  3.94300602e-01  3.00409864e-01  2.99590136e-01 
 3.34806256e-01  3.94349064e-01  3.00408056e-01  2.99591944e-01 
 3.34906256e-01  3.94395584e-01  3.00406233e-01  2.99593767e-01 
 3.35006256e-01  3.94440159e-01  3.00404393e-01  2.99595607e-01 
 3.35106256e-01  3.94482786e-01  3.00402537e-01  2.99597463e-01 
 3.35206256e-01  3.94523464e-01  3.00400666e-01  2.99599334e-01 
 3.35306256e-01  3.94562191e-01  3.00398779e-01  2.99601221e-01 
 3.35406256e-01  3.94598965e-01  3.00396876e-01  2.99603124e-01 
 3.35506256e-01  3.94633784e-01  3.00394957e-01  2.99605043e-01 
 3.35606256e-01  3.94666646e-01  3.00393023e-01  2.99606977e-01 
 3.35706256e-01  3.94697549e-01  3.00391073e-01  2.99608927e-01 
 3.35806256e-01  3.94726492e-01  3.00389108e-01  2.99610892e-01 
 3.35906256e-01  3.94753474e-01  3.00387127e-01  2.99612873e-01 
 3.36006256e-01  3.94778491e-01  3.00385131e-01  2.99614869e-01 
 3.36106256e-01  3.94801545e-01  3.00383120e-01  2.99616880e-01 
 3.36206256e-01  3.94822632e-01  3.00381094e-01  2.99618906e-01 
 3.36306256e-01  3.94841751e-01  3.00379053e-01  2.99620947e-01 
 3.36406256e-01  3.94858902e-01  3.00376997e-01  2.99623003e-01 
 3.36506256e-01  3.94874084e-01  3.00374926e-01  2.99625074e-01 
 3.36606256e-01  3.94887295e-01  3.00372840e-01  2.99627160e-01 
 3.36706256e-01  3.94898534e-01  3.00370739e-01  2.99629261e-01 
 3.36806256e-01  3.94907800e-01  3.00368624e-01  2.99631376e-01 
 3.36906256e-01  3.94915093e-01  3.00366494e-01  2.99633506e-01 
 3.37006256e-01  3.94920412e-01  3.00364350e-01  2.99635650e-01 
 3.37106256e-01  3.94923756e-01  3.00362191e-01  2.99637809e-01 
 3.37206256e-01  3.94925125e-01  3.00360018e-01  2.99639982e-01 
 3.37306256e-01  3.94924518e-01  3.00357831e-01  2.99642169e-01 
 3.37406256e-01  3.94921935e-01  3.00355630e-01  2.99644370e-01 
 3.37506256e-01  3.94917375e-01  3.00353414e-01  2.99646586e-01 
 3.37606256e-01  3.94910838e-01  3.00351185e-01  2.99648815e-01 
 3.37706256e-01  3.94902324e-01  3.00348942e-01  2.99651058e-01 
 3.37806256e-01  3.94891833e-01  3.00346685e-01  2.99653315e-01 
 3.37906256e-01  3.94879365e-01  3.00344414e-01  2.99655586e-01 
 3.38006256e-01  3.94864919e-01  3.00342130e-01  2.99657870e-01 
 3.38106256e-01  3.94848496e-01  3.00339833e-01  2.99660167e-01 
 3.38206256e-01  3.94830097e-01  3.00337521e-01  2.99662479e-01 
 3.38306256e-01  3.94809721e-01  3.00335197e-01  2.99664803e-01 
 3.38406256e-01  3.94787368e-01  3.00332859e-01  2.99667141e-01 
 3.38506256e-01  3.94763040e-01  3.00330508e-01  2.99669492e-01 
 3.38606256e-01  3.94736737e-01  3.00328145e-01  2.99671855e-01 
 3.38706256e-01  3.94708458e-01  3.00325768e-01  2.99674232e-01 
 3.38806256e-01  3.94678206e-01  3.00323378e-01  2.99676622e-01 
 3.38906256e-01  3.94645980e-01  3.00320976e-01  2.99679024e-01 
 3.39006256e-01  3.94611782e-01  3.00318561e-01  2.99681439e-01 
 3.39106256e-01  3.94575612e-01  3.00316133e-01  2.99683867e-01 
 3.39206256e-01  3.94537471e-01  3.00313693e-01  2.99686307e-01 
 3.39306256e-01  3.94497361e-01  3.00311240e-01  2.99688760e-01 
 3.39406256e-01  3.94455283e-01  3.00308775e-01  2.99691225e-01 
 3.39506256e-01  3.94411237e-01  3.00306298e-01  2.99693702e-01 
 3.39606256e-01  3.94365225e-01  3.00303809e-01  2.99696191e-01 
 3.39706256e-01  3.94317248e-01  3.00301308e-01  2.99698692e-01 
 3.39806256e-01  3.94267308e-01  3.00298795e-01  2.99701205e-01 
 3.39906256e-01  3.94215406e-01  3.00296270e-01  2.99703730e-01 
 3.40006256e-01  3.94161545e-01  3.00293734e-01  2.99706266e-01 
 3.40106256e-01  3.94105725e-01  3.00291186e-01  2.99708814e-01 
 3.40206256e-01  3.94047948e-01  3.00288626e-01  2.99711374e-01 
 3.40306256e-01  3.93988216e-01  3.00286055e-01  2.99713945e-01 
 3.40406256e-01  3.93926531e-01  3.00283473e-01  2.99716527e-01 
 3.40506256e-01  3.93862895e-01  3.00280879e-01  2.99719121e-01 
 3.40606256e-01  3.93797311e-01  3.00278275e-01  2.99721725e-01 
 3.40706256e-01  3.93729779e-01  3.00275659e-01  2.99724341e-01 
 3.40806256e-01  3.93660303e-01  3.00273033e-01  2.99726967e-01 
 3.40906256e-01  3.93588884e-01  3.00270395e-01  2.99729605e-01 
 3.41006256e-01  3.93515526e-01  3.00267747e-01  2.99732253e-01 
 3.41106256e-01  3.93440230e-01  3.00265089e-01  2.99734911e-01 
 3.41206256e-01  3.93362999e-01  3.00262420e-01  2.99737580e-01 
 3.41306256e-01  3.93283835e-01  3.00259741e-01  2.99740259e-01 
 3.41406256e-01  3.93202742e-01  3.00257051e-01  2.99742949e-01 
 3.41506256e-01  3.93119721e-01  3.00254352e-01  2.99745648e-01 
 3.41606256e-01  3.93034777e-01  3.00251642e-01  2.99748358e-01 
 3.41706256e-01  3.92947911e-01  3.00248922e-01  2.99751078e-01 
 3.41806256e-01  3.92859127e-01  3.00246193e-01  2.99753807e-01 
 3.41906256e-01  3.92768427e-01  3.00243453e-01  2.99756547e-01 
 3.42006256e-01  3.92675815e-01  3.00240705e-01  2.99759295e-01 
 3.42106256e-01  3.92581295e-01  3.00237946e-01  2.99762054e-01 
 3.42206256e-01  3.92484868e-01  3.00235179e-01  2.99764821e-01 
 3.42306256e-01  3.92386539e-01  3.00232402e-01  2.99767598e-01 
 3.42406256e-01  3.92286311e-01  3.00229615e-01  2.99770385e-01 
 3.42506256e-01  3.92184188e-01  3.00226820e-01  2.99773180e-01 
 3.42606256e-01  3.92080173e-01  3.00224016e-01  2.99775984e-01 
 3.42706256e-01  3.91974270e-01  3.00221203e-01  2.99778797e-01 
 3.42806256e-01  3.91866482e-01  3.00218381e-01  2.99781619e-01 
 3.42906256e-01  3.91756813e-01  3.00215551e-01  2.99784449e-01 
 3.43006256e-01  3.91645268e-01  3.00212712e-01  2.99787288e-01 
 3.43106256e-01  3.91531850e-01  3.00209865e-01  2.99790135e-01 
 3.43206256e-01  3.91416562e-01  3.00207009e-01  2.99792991e-01 
 3.43306256e-01  3.91299410e-01  3.00204145e-01  2.99795855e-01 
 3.43406256e-01  3.91180398e-01  3.00201273e-01  2.99798727e-01 
 3.43506256e-01  3.91059529e-01  3.00198394e-01  2.99801606e-01 
 3.43606256e-01  3.90936808e-01  3.00195506e-01  2.99804494e-01 
 3.43706256e-01  3.90812239e-01  3.00192611e-01  2.99807389e-01 
 3.43806256e-01  3.90685828e-01  3.00189708e-01  2.99810292e-01 
 3.43906256e-01  3.90557577e-01  3.00186797e-01  2.99813203e-01 
 3.44006256e-01  3.90427493e-01  3.00183880e-01  2.99816120e-01 
 3.44106256e-01  3.90295579e-01  3.00180954e-01  2.99819046e-01 
 3.44206256e-01  3.90161840e-01  3.00178022e-01  2.99821978e-01 
 3.44306256e-01  3.90026282e-01  3.00175083e-01  2.99824917e-01 
 3.44406256e-01  3.89888909e-01  3.00172137e-01  2.99827863e-01 
 3.44506256e-01  3.89749726e-01  3.00169184e-01  2.99830816e-01 
 3.44606256e-01  3.89608738e-01  3.00166224e-01  2.99833776e-01 
 3.44706256e-01  3.89465950e-01  3.00163258e-01  2.99836742e-01 
 3.44806256e-01  3.89321368e-01  3.00160286e-01  2.99839714e-01 
 3.44906256e-01  3.89174996e-01  3.00157307e-01  2.99842693e-01 
 3.45006256e-01  3.89026840e-01  3.00154322e-01  2.99845678e-01 
 3.45106256e-01  3.88876906e-01  3.00151330e-01  2.99848670e-01 
 3.45206256e-01  3.88725199e-01  3.00148333e-01  2.99851667e-01 
 3.45306256e-01  3.88571724e-01  3.00145330e-01  2.99854670e-01 
 3.45406256e-01  3.88416487e-01  3.00142321e-01  2.99857679e-01 
 3.45506256e-01  3.88259493e-01  3.00139307e-01  2.99860693e-01 
 3.45606256e-01  3.88100749e-01  3.00136287e-01  2.99863713e-01 
 3.45706256e-01  3.87940261e-01  3.00133262e-01  2.99866738e-01 
 3.45806256e-01  3.87778033e-01  3.00130231e-01  2.99869769e-01 
 3.45906256e-01  3.87614073e-01  3.00127195e-01  2.99872805e-01 
 3.46006256e-01  3.87448385e-01  3.00124155e-01  2.99875845e-01 
 3.46106256e-01  3.87280977e-01  3.00121109e-01  2.99878891e-01 
 3.46206256e-01  3.87111855e-01  3.00118059e-01  2.99881941e-01 
 3.46306256e-01  3.86941024e-01  3.00115003e-01  2.99884997e-01 
 3.46406256e-01  3.86768490e-01  3.00111944e-01  2.99888056e-01 
 3.46506256e-01  3.86594261e-01  3.00108880e-01  2.99891120e-01 
 3.46606256e-01  3.86418343e-01  3.00105811e-01  2.99894189e-01 
 3.46706256e-01  3.86240742e-01  3.00102739e-01  2.99897261e-01 
 3.46806256e-01  3.86061465e-01  3.00099662e-01  2.99900338e-01 
 3.46906256e-01  3.85880518e-01  3.00096582e-01  2.99903418e-01 
 3.47006256e-01  3.85697908e-01  3.00093498e-01  2.99906502e-01 
 3.47106256e-01  3.85513642e-01  3.00090410e-01  2.99909590e-01 
 3.47206256e-01  3.85327727e-01  3.00087318e-01  2.99912682e-01 
 3.47306256e-01  3.85140169e-01  3.00084223e-01  2.99915777e-01 
 3.47406256e-01  3.84950976e-01  3.00081125e-01  2.99918875e-01 
 3.47506256e-01  3.84760154e-01  3.00078023e-01  2.99921977e-01 
 3.47606256e-01  3.84567711e-01  3.00074918e-01  2.99925082e-01 
 3.47706256e-01  3.84373653e-01  3.00071811e-01  2.99928189e-01 
 3.47806256e-01  3.84177989e-01  3.00068700e-01  2.99931300e-01 
 3.47906256e-01  3.83980725e-01  3.00065587e-01  2.99934413e-01 
 3.48006256e-01  3.83781869e-01  3.00062472e-01  2.99937528e-01 
 3.48106256e-01  3.83581427e-01  3.00059353e-01  2.99940647e-01 
 3.48206256e-01  3.83379409e-01  3.00056233e-01  2.99943767e-01 
 3.48306256e-01  3.83175820e-01  3.00053110e-01  2.99946890e-01 
 3.48406256e-01  3.82970669e-01  3.00049985e-01  2.99950015e-01 
 3.48506256e-01  3.82763963e-01  3.00046859e-01  2.99953141e-01 
 3.48606256e-01  3.82555710e-01  3.00043730e-01  2.99956270e-01 
 3.48706256e-01  3.82345918e-01  3.00040599e-01  2.99959401e-01 
 3.48806256e-01  3.82134594e-01  3.00037467e-01  2.99962533e-01 
 3.48906256e-01  3.81921747e-01  3.00034334e-01  2.99965666e-01 
 3.49006256e-01  3.81707385e-01  3.00031199e-01  2.99968801e-01 
 3.49106256e-01  3.81491515e-01  3.00028063e-01  2.99971937e-01 
 3.49206256e-01  3.81274146e-01  3.00024926e-01  2.99975074e-01 
 3.49306256e-01  3.81055285e-01  3.00021788e-01  2.99978212e-01 
 3.49406256e-01  3.80834941e-01  3.00018649e-01  2.99981351e-01 
 3.49506256e-01  3.80613123e-01  3.00015509e-01  2.99984491e-01 
 3.49606256e-01  3.80389838e-01  3.00012369e-01  2.99987631e-01 
 3.49706256e-01  3.80165094e-01  3.00009228e-01  2.99990772e-01 
 3.49806256e-01  3.79938901e-01  3.00006087e-01  2.99993913e-01 
 3.49906256e-01  3.79711267e-01  3.00002945e-01  2.99997055e-01 
 3.50006256e-01  3.79482200e-01  2.99999803e-01  3.00000197e-01 
 3.50106256e-01  3.79251710e-01  2.99996662e-01  3.00003338e-01 
 3.50206256e-01  3.79019803e-01  2.99993520e-01  3.00006480e-01 
 3.50306256e-01  3.78786490e-01  2.99990379e-01  3.00009621e-01 
 3.50406256e-01  3.78551779e-01  2.99987238e-01  3.00012762e-01 
 3.50506256e-01  3.78315679e-01  2.99984098e-01  3.00015902e-01 
 3.50606256e-01  3.78078199e-01  2.99980959e-01  3.00019041e-01 
 3.50706256e-01  3.77839347e-01  2.99977820e-01  3.00022180e-01 
 3.50806256e-01  3.77599133e-01  2.99974682e-01  3.00025318e-01 
 3.50906256e-01  3.77357566e-01  2.99971545e-01  3.00028455e-01 
 3.51006256e-01  3.77114654e-01  2.99968409e-01  3.00031591e-01 
 3.51106256e-01  3.76870408e-01  2.99965274e-01  3.00034726e-01 
 3.51206256e-01  3.76624835e-01  2.99962141e-01  3.00037859e-01 
 3.51306256e-01  3.76377946e-01  2.99959009e-01  3.00040991e-01 
 3.51406256e-01  3.76129750e-01  2.99955879e-01  3.00044121e-01 
 3.51506256e-01  3.75880256e-01  2.99952750e-01  3.00047250e-01 
 3.51606256e-01  3.75629473e-01  2.99949624e-01  3.00050376e-01 
 3.51706256e-01  3.75377411e-01  2.99946499e-01  3.00053501e-01 
 3.51806256e-01  3.75124080e-01  2.99943377e-01  3.00056623e-01 
 3.51906256e-01  3.74869488e-01  2.99940256e-01  3.00059744e-01 
 3.52006256e-01  3.74613646e-01  2.99937138e-01  3.00062862e-01 
 3.52106256e-01  3.74356564e-01  2.99934023e-01  3.00065977e-01 
 3.52206256e-01  3.74098250e-01  2.99930910e-01  3.00069090e-01 
 3.52306256e-01  3.73838715e-01  2.99927800e-01  3.00072200e-01 
 3.52406256e-01  3.73577968e-01  2.99924693e-01  3.00075307e-01 
 3.52506256e-01  3.73316020e-01  2.99921589e-01  3.00078411e-01 
 3.52606256e-01  3.73052880e-01  2.99918488e-01  3.00081512e-01 
 3.52706256e-01  3.72788558e-01  2.99915390e-01  3.00084610e-01 
 3.52806256e-01  3.72523064e-01  2.99912295e-01  3.00087705e-01 
 3.52906256e-01  3.72256409e-01  2.99909204e-01  3.00090796e-01 
 3.53006256e-01  3.71988601e-01  2.99906116e-01  3.00093884e-01 
 3.53106256e-01  3.71719652e-01  2.99903032e-01  3.00096968e-01 
 3.53206256e-01  3.71449572e-01  2.99899952e-01  3.00100048e-01 
 3.53306256e-01  3.71178370e-01  2.99896876e-01  3.00103124e-01 
 3.53406256e-01  3.70906057e-01  2.99893804e-01  3.00106196e-01 
 3.53506256e-01  3.70632644e-01  2.99890737e-01  3.00109263e-01 
 3.53606256e-01  3.70358140e-01  2.99887673e-01  3.00112327e-01 
 3.53706256e-01  3.70082556e-01  2.99884614e-01  3.00115386e-01 
 3.53806256e-01  3.69805903e-01  2.99881560e-01  3.00118440e-01 
 3.53906256e-01  3.69528190e-01  2.99878510e-01  3.00121490e-01 
 3.54006256e-01  3.69249429e-01  2.99875465e-01  3.00124535e-01 
 3.54106256e-01  3.68969630e-01  2.99872425e-01  3.00127575e-01 
 3.54206256e-01  3.68688803e-01  2.99869390e-01  3.00130610e-01 
 3.54306256e-01  3.68406960e-01  2.99866360e-01  3.00133640e-01 
 3.54406256e-01  3.68124110e-01  2.99863335e-01  3.00136665e-01 
 3.54506256e-01  3.67840264e-01  2.99860316e-01  3.00139684e-01 
 3.54606256e-01  3.67555434e-01  2.99857302e-01  3.00142698e-01 
 3.54706256e-01  3.67269630e-01  2.99854294e-01  3.00145706e-01 
 3.54806256e-01  3.66982863e-01  2.99851292e-01  3.00148708e-01 
 3.54906256e-01  3.66695144e-01  2.99848295e-01  3.00151705e-01 
 3.55006256e-01  3.66406483e-01  2.99845305e-01  3.00154695e-01 
 3.55106256e-01  3.66116892e-01  2.99842320e-01  3.00157680e-01 
 3.55206256e-01  3.65826381e-01  2.99839342e-01  3.00160658e-01 
 3.55306256e-01  3.65534961e-01  2.99836370e-01  3.00163630e-01 
 3.55406256e-01  3.65242644e-01  2.99833405e-01  3.00166595e-01 
 3.55506256e-01  3.64949441e-01  2.99830446e-01  3.00169554e-01 
 3.55606256e-01  3.64655362e-01  2.99827494e-01  3.00172506e-01 
 3.55706256e-01  3.64360420e-01  2.99824549e-01  3.00175451e-01 
 3.55806256e-01  3.64064624e-01  2.99821610e-01  3.00178390e-01 
 3.55906256e-01  3.63767986e-01  2.99818679e-01  3.00181321e-01 
 3.56006256e-01  3.63470517e-01  2.99815755e-01  3.00184245e-01 
 3.56106256e-01  3.63172230e-01  2.99812838e-01  3.00187162e-01 
 3.56206256e-01  3.62873134e-01  2.99809929e-01  3.00190071e-01 
 3.56306256e-01  3.62573241e-01  2.99807027e-01  3.00192973e-01 
 3.56406256e-01  3.62272564e-01  2.99804132e-01  3.00195868e-01 
 3.56506256e-01  3.61971112e-01  2.99801246e-01  3.00198754e-01 
 3.56606256e-01  3.61668897e-01  2.99798367e-01  3.00201633e-01 
 3.56706256e-01  3.61365931e-01  2.99795496e-01  3.00204504e-01 
 3.56806256e-01  3.61062226e-01  2.99792633e-01  3.00207367e-01 
 3.56906256e-01  3.60757793e-01  2.99789779e-01  3.00210221e-01 
 3.57006256e-01  3.60452642e-01  2.99786933e-01  3.00213067e-01 
 3.57106256e-01  3.60146787e-01  2.99784095e-01  3.00215905e-01 
 3.57206256e-01  3.59840238e-01  2.99781265e-01  3.00218735e-01 
 3.57306256e-01  3.59533007e-01  2.99778445e-01  3.00221555e-01 
 3.57406256e-01  3.59225106e-01  2.99775633e-01  3.00224367e-01 
 3.57506256e-01  3.58916546e-01  2.99772830e-01  3.00227170e-01 
 3.57606256e-01  3.58607339e-01  2.99770036e-01  3.00229964e-01 
 3.57706256e-01  3.58297497e-01  2.99767251e-01  3.00232749e-01 
 3.57806256e-01  3.57987032e-01  2.99764475e-01  3.00235525e-01 
 3.57906256e-01  3.57675954e-01  2.99761708e-01  3.00238292e-01 
 3.58006256e-01  3.57364276e-01  2.99758951e-01  3.00241049e-01 
 3.58106256e-01  3.57052010e-01  2.99756203e-01  3.00243797e-01 
 3.58206256e-01  3.56739168e-01  2.99753465e-01  3.00246535e-01 
 3.58306256e-01  3.56425761e-01  2.99750737e-01  3.00249263e-01 
 3.58406256e-01  3.56111801e-01  2.99748019e-01  3.00251981e-01 
 3.58506256e-01  3.55797300e-01  2.99745310e-01  3.00254690e-01 
 3.58606256e-01  3.55482270e-01  2.99742612e-01  3.00257388e-01 
 3.58706256e-01  3.55166723e-01  2.99739923e-01  3.00260077e-01 
 3.58806256e-01  3.54850671e-01  2.99737245e-01  3.00262755e-01 
 3.58906256e-01  3.54534125e-01  2.99734578e-01  3.00265422e-01 
 3.59006256e-01  3.54217098e-01  2.99731921e-01  3.00268079e-01 
 3.59106256e-01  3.53899602e-01  2.99729274e-01  3.00270726e-01 
 3.59206256e-01  3.53581649e-01  2.99726638e-01  3.00273362e-01 
 3.59306256e-01  3.53263250e-01  2.99724013e-01  3.00275987e-01 
 3.59406256e-01  3.52944417e-01  2.99721399e-01  3.00278601e-01 
 3.59506256e-01  3.52625164e-01  2.99718796e-01  3.00281204e-01 
 3.59606256e-01  3.52305501e-01  2.99716204e-01  3.00283796e-01 
 3.59706256e-01  3.51985441e-01  2.99713623e-01  3.00286377e-01 
 3.59806256e-01  3.51664996e-01  2.99711053e-01  3.00288947e-01 
 3.59906256e-01  3.51344178e-01  2.99708495e-01  3.00291505e-01 
 3.60006256e-01  3.51022999e-01  2.99705948e-01  3.00294052e-01 
 3.60106256e-01  3.50701471e-01  2.99703413e-01  3.00296587e-01 
 3.60206256e-01  3.50379606e-01  2.99700890e-01  3.00299110e-01 
 3.60306256e-01  3.50057417e-01  2.99698378e-01  3.00301622e-01 
 3.60406256e-01  3.49734916e-01  2.99695879e-01  3.00304121e-01 
 3.60506256e-01  3.49412114e-01  2.99693391e-01  3.00306609e-01 
 3.60606256e-01  3.49089024e-01  2.99690916e-01  3.00309084e-01 
 3.60706256e-01  3.48765659e-01  2.99688452e-01  3.00311548e-01 
 3.60806256e-01  3.48442029e-01  2.99686001e-01  3.00313999e-01 
 3.60906256e-01  3.48118148e-01  2.99683563e-01  3.00316437e-01 
 3.61006256e-01  3.47794028e-01  2.99681137e-01  3.00318863e-01 
 3.61106256e-01  3.47469680e-01  2.99678723e-01  3.00321277e-01 
 3.61206256e-01  3.47145118e-01  2.99676322e-01  3.00323678e-01 
 3.61306256e-01  3.46820353e-01  2.99673934e-01  3.00326066e-01 
 3.61406256e-01  3.46495397e-01  2.99671559e-01  3.00328441e-01 
 3.61506256e-01  3.46170263e-01  2.99669197e-01  3.00330803e-01 
 3.61606256e-01  3.45844963e-01  2.99666847e-01  3.00333153e-01 
 3.61706256e-01  3.45519509e-01  2.99664511e-01  3.00335489e-01 
 3.61806256e-01  3.45193913e-01  2.99662189e-01  3.00337811e-01 
 3.61906256e-01  3.44868188e-01  2.99659879e-01  3.00340121e-01 
 3.62006256e-01  3.44542346e-01  2.99657583e-01  3.00342417e-01 
 3.62106256e-01  3.44216398e-01  2.99655301e-01  3.00344699e-01 
 3.62206256e-01  3.43890359e-01  2.99653032e-01  3.00346968e-01 
 3.62306256e-01  3.43564238e-01  2.99650777e-01  3.00349223e-01 
 3.62406256e-01  3.43238049e-01  2.99648535e-01  3.00351465e-01 
 3.62506256e-01  3.42911805e-01  2.99646308e-01  3.00353692e-01 
 3.62606256e-01  3.42585516e-01  2.99644094e-01  3.00355906e-01 
 3.62706256e-01  3.42259196e-01  2.99641895e-01  3.00358105e-01 
 3.62806256e-01  3.41932857e-01  2.99639709e-01  3.00360291e-01 
 3.62906256e-01  3.41606510e-01  2.99637538e-01  3.00362462e-01 
 3.63006256e-01  3.41280169e-01  2.99635381e-01  3.00364619e-01 
 3.63106256e-01  3.40953845e-01  2.99633239e-01  3.00366761e-01 
 3.63206256e-01  3.40627550e-01  2.99631111e-01  3.00368889e-01 
 3.63306256e-01  3.40301298e-01  2.99628997e-01  3.00371003e-01 
 3.63406256e-01  3.39975099e-01  2.99626899e-01  3.00373101e-01 
 3.63506256e-01  3.39648966e-01  2.99624815e-01  3.00375185e-01 
 3.63606256e-01  3.39322912e-01  2.99622745e-01  3.00377255e-01 
 3.63706256e-01  3.38996948e-01  2.99620691e-01  3.00379309e-01 
 3.63806256e-01  3.38671086e-01  2.99618652e-01  3.00381348e-01 
 3.63906256e-01  3.38345340e-01  2.99616627e-01  3.00383373e-01 
 3.64006256e-01  3.38019720e-01  2.99614618e-01  3.00385382e-01 
 3.64106256e-01  3.37694240e-01  2.99612624e-01  3.00387376e-01 
 3.64206256e-01  3.37368911e-01  2.99610646e-01  3.00389354e-01 
 3.64306256e-01  3.37043745e-01  2.99608682e-01  3.00391318e-01 
 3.64406256e-01  3.36718754e-01  2.99606734e-01  3.00393266e-01 
 3.64506256e-01  3.36393951e-01  2.99604802e-01  3.00395198e-01 
 3.64606256e-01  3.36069348e-01  2.99602885e-01  3.00397115e-01 
 3.64706256e-01  3.35744957e-01  2.99600984e-01  3.00399016e-01 
 3.64806256e-01  3.35420789e-01  2.99599099e-01  3.00400901e-01 
 3.64906256e-01  3.35096857e-01  2.99597230e-01  3.00402770e-01 
 3.65006256e-01  3.34773174e-01  2.99595376e-01  3.00404624e-01 
 3.65106256e-01  3.34449750e-01  2.99593538e-01  3.00406462e-01 
 3.65206256e-01  3.34126597e-01  2.99591717e-01  3.00408283e-01 
 3.65306256e-01  3.33803729e-01  2.99589911e-01  3.00410089e-01 
 3.65406256e-01  3.33481157e-01  2.99588122e-01  3.00411878e-01 
 3.65506256e-01  3.33158892e-01  2.99586349e-01  3.00413651e-01 
 3.65606256e-01  3.32836948e-01  2.99584593e-01  3.00415407e-01 
 3.65706256e-01  3.32515335e-01  2.99582852e-01  3.00417148e-01 
 3.65806256e-01  3.32194065e-01  2.99581129e-01  3.00418871e-01 
 3.65906256e-01  3.31873151e-01  2.99579421e-01  3.00420579e-01 
 3.66006256e-01  3.31552604e-01  2.99577731e-01  3.00422269e-01 
 3.66106256e-01  3.31232437e-01  2.99576057e-01  3.00423943e-01 
 3.66206256e-01  3.30912660e-01  2.99574400e-01  3.00425600e-01 
 3.66306256e-01  3.30593287e-01  2.99572759e-01  3.00427241e-01 
 3.66406256e-01  3.30274328e-01  2.99571136e-01  3.00428864e-01 
 3.66506256e-01  3.29955795e-01  2.99569529e-01  3.00430471e-01 
 3.66606256e-01  3.29637700e-01  2.99567939e-01  3.00432061e-01 
 3.66706256e-01  3.29320055e-01  2.99566367e-01  3.00433633e-01 
 3.66806256e-01  3.29002872e-01  2.99564811e-01  3.00435189e-01 
 3.66906256e-01  3.28686162e-01  2.99563273e-01  3.00436727e-01 
 3.67006256e-01  3.28369937e-01  2.99561752e-01  3.00438248e-01 
 3.67106256e-01  3.28054208e-01  2.99560248e-01  3.00439752e-01 
 3.67206256e-01  3.27738987e-01  2.99558762e-01  3.00441238e-01 
 3.67306256e-01  3.27424286e-01  2.99557293e-01  3.00442707e-01 
 3.67406256e-01  3.27110115e-01  2.99555841e-01  3.00444159e-01 
 3.67506256e-01  3.26796488e-01  2.99554408e-01  3.00445592e-01 
 3.67606256e-01  3.26483415e-01  2.99552991e-01  3.00447009e-01 
 3.67706256e-01  3.26170907e-01  2.99551593e-01  3.00448407e-01 
 3.67806256e-01  3.25858976e-01  2.99550212e-01  3.00449788e-01 
 3.67906256e-01  3.25546309e-01  2.99548848e-01  3.00451152e-01 
 3.68006256e-01  3.25234511e-01  2.99547503e-01  3.00452497e-01 
 3.68106256e-01  3.24924249e-01  2.99546175e-01  3.00453825e-01 
 3.68206256e-01  3.24615794e-01  2.99544866e-01  3.00455134e-01 
 3.68306256e-01  3.24309257e-01  2.99543574e-01  3.00456426e-01 
 3.68406256e-01  3.24004675e-01  2.99542300e-01  3.00457700e-01 
 3.68506256e-01  3.23702065e-01  2.99541045e-01  3.00458955e-01 
 3.68606256e-01  3.23401431e-01  2.99539807e-01  3.00460193e-01 
 3.68706256e-01  3.23102776e-01  2.99538588e-01  3.00461412e-01 
 3.68806256e-01  3.22806102e-01  2.99537387e-01  3.00462613e-01 
 3.68906256e-01  3.22511410e-01  2.99536204e-01  3.00463796e-01 
 3.69006256e-01  3.22218704e-01  2.99535039e-01  3.00464961e-01 
 3.69106256e-01  3.21927983e-01  2.99533893e-01  3.00466107e-01 
 3.69206256e-01  3.21639251e-01  2.99532766e-01  3.00467234e-01 
 3.69306256e-01  3.21352508e-01  2.99531656e-01  3.00468344e-01 
 3.69406256e-01  3.21067757e-01  2.99530565e-01  3.00469435e-01 
 3.69506256e-01  3.20784999e-01  2.99529493e-01  3.00470507e-01 
 3.69606256e-01  3.20504236e-01  2.99528439e-01  3.00471561e-01 
 3.69706256e-01  3.20225470e-01  2.99527404e-01  3.00472596e-01 
 3.69806256e-01  3.19948704e-01  2.99526388e-01  3.00473612e-01 
 3.69906256e-01  3.19673939e-01  2.99525390e-01  3.00474610e-01 
 3.70006256e-01  3.19401177e-01  2.99524411e-01  3.00475589e-01 
 3.70106256e-01  3.19130420e-01  2.99523451e-01  3.00476549e-01 
 3.70206256e-01  3.18861670e-01  2.99522509e-01  3.00477491e-01 
 3.70306256e-01  3.18594929e-01  2.99521587e-01  3.00478413e-01 
 3.70406256e-01  3.18330200e-01  2.99520683e-01  3.00479317e-01 
 3.70506256e-01  3.18067485e-01  2.99519798e-01  3.00480202e-01 
 3.70606256e-01  3.17806785e-01  2.99518933e-01  3.00481067e-01 
 3.70706256e-01  3.17548104e-01  2.99518086e-01  3.00481914e-01 
 3.70806256e-01  3.17291442e-01  2.99517258e-01  3.00482742e-01 
 3.70906256e-01  3.17036803e-01  2.99516449e-01  3.00483551e-01 
 3.71006256e-01  3.16784189e-01  2.99515660e-01  3.00484340e-01 
 3.71106256e-01  3.16533602e-01  2.99514889e-01  3.00485111e-01 
 3.71206256e-01  3.16285044e-01  2.99514138e-01  3.00485862e-01 
 3.71306256e-01  3.16038518e-01  2.99513406e-01  3.00486594e-01 
 3.71406256e-01  3.15794026e-01  2.99512693e-01  3.00487307e-01 
 3.71506256e-01  3.15551570e-01  2.99511999e-01  3.00488001e-01 
 3.71606256e-01  3.15311154e-01  2.99511324e-01  3.00488676e-01 
 3.71706256e-01  3.15072778e-01  2.99510669e-01  3.00489331e-01 
 3.71806256e-01  3.14836447e-01  2.99510033e-01  3.00489967e-01 
 3.71906256e-01  3.14602161e-01  2.99509417e-01  3.00490583e-01 
 3.72006256e-01  3.14369924e-01  2.99508820e-01  3.00491180e-01 
 3.72106256e-01  3.14139738e-01  2.99508242e-01  3.00491758e-01 
 3.72206256e-01  3.13911605e-01  2.99507683e-01  3.00492317e-01 
 3.72306256e-01  3.13685529e-01  2.99507145e-01  3.00492855e-01 
 3.72406256e-01  3.13461511e-01  2.99506625e-01  3.00493375e-01 
 3.72506256e-01  3.13239555e-01  2.99506125e-01  3.00493875e-01 
 3.72606256e-01  3.13019661e-01  2.99505645e-01  3.00494355e-01 
 3.72706256e-01  3.12801834e-01  2.99505184e-01  3.00494816e-01 
 3.72806256e-01  3.12586076e-01  2.99504742e-01  3.00495258e-01 
 3.72906256e-01  3.12372389e-01  2.99504320e-01  3.00495680e-01 
 3.73006256e-01  3.12160776e-01  2.99503918e-01  3.00496082e-01 
 3.73106256e-01  3.11951239e-01  2.99503535e-01  3.00496465e-01 
 3.73206256e-01  3.11743782e-01  2.99503172e-01  3.00496828e-01 
 3.73306256e-01  3.11538406e-01  2.99502829e-01  3.00497171e-01 
 3.73406256e-01  3.11335114e-01  2.99502505e-01  3.00497495e-01 
 3.73506256e-01  3.11133908e-01  2.99502201e-01  3.00497799e-01 
 3.73606256e-01  3.10934792e-01  2.99501916e-01  3.00498084e-01 
 3.73706256e-01  3.10737768e-01  2.99501651e-01  3.00498349e-01 
 3.73806256e-01  3.10542839e-01  2.99501406e-01  3.00498594e-01 
 3.73906256e-01  3.10350007e-01  2.99501180e-01  3.00498820e-01 
 3.74006256e-01  3.10159274e-01  2.99500974e-01  3.00499026e-01 
 3.74106256e-01  3.09970644e-01  2.99500788e-01  3.00499212e-01 
 3.74206256e-01  3.09784119e-01  2.99500622e-01  3.00499378e-01 
 3.74306256e-01  3.09599701e-01  2.99500475e-01  3.00499525e-01 
 3.74406256e-01  3.09417394e-01  2.99500348e-01  3.00499652e-01 
 3.74506256e-01  3.09237199e-01  2.99500241e-01  3.00499759e-01 
 3.74606256e-01  3.09059119e-01  2.99500153e-01  3.00499847e-01 
 3.74706256e-01  3.08883158e-01  2.99500085e-01  3.00499915e-01 
 3.74806256e-01  3.08709317e-01  2.99500037e-01  3.00499963e-01 
 3.74906256e-01  3.08537599e-01  2.99500009e-01  3.00499991e-01 
 3.75006256e-01  3.08368006e-01  2.99500000e-01  3.00500000e-01 
 3.75106256e-01  3.08200542e-01  2.99500011e-01  3.00499989e-01 
 3.75206256e-01  3.08035209e-01  2.99500042e-01  3.00499958e-01 
 3.75306256e-01  3.07872009e-01  2.99500093e-01  3.00499907e-01 
 3.75406256e-01  3.07710945e-01  2.99500163e-01  3.00499837e-01 
 3.75506256e-01  3.07552019e-01  2.99500253e-01  3.00499747e-01 
 3.75606256e-01  3.07395234e-01  2.99500363e-01  3.00499637e-01 
 3.75706256e-01  3.07240592e-01  2.99500492e-01  3.00499508e-01 
 3.75806256e-01  3.07088097e-01  2.99500641e-01  3.00499359e-01 
 3.75906256e-01  3.06937750e-01  2.99500810e-01  3.00499190e-01 
 3.76006256e-01  3.06789554e-01  2.99500999e-01  3.00499001e-01 
 3.76106256e-01  3.06643511e-01  2.99501207e-01  3.00498793e-01 
 3.76206256e-01  3.06499624e-01  2.99501435e-01  3.00498565e-01 
 3.76306256e-01  3.06357895e-01  2.99501683e-01  3.00498317e-01 
 3.76406256e-01  3.06218327e-01  2.99501950e-01  3.00498050e-01 
 3.76506256e-01  3.06080922e-01  2.99502238e-01  3.00497762e-01 
 3.76606256e-01  3.05945683e-01  2.99502544e-01  3.00497456e-01 
 3.76706256e-01  3.05812612e-01  2.99502871e-01  3.00497129e-01 
 3.76806256e-01  3.05681711e-01  2.99503217e-01  3.00496783e-01 
 3.76906256e-01  3.05552982e-01  2.99503582e-01  3.00496418e-01 
 3.77006256e-01  3.05426429e-01  2.99503967e-01  3.00496033e-01 
 3.77106256e-01  3.05302053e-01  2.99504372e-01  3.00495628e-01 
 3.77206256e-01  3.05179856e-01  2.99504796e-01  3.00495204e-01 
 3.77306256e-01  3.05059842e-01  2.99505240e-01  3.00494760e-01 
 3.77406256e-01  3.04942011e-01  2.99505704e-01  3.00494296e-01 
 3.77506256e-01  3.04826367e-01  2.99506187e-01  3.00493813e-01 
 3.77606256e-01  3.04712912e-01  2.99506689e-01  3.00493311e-01 
 3.77706256e-01  3.04601648e-01  2.99507211e-01  3.00492789e-01 
 3.77806256e-01  3.04492576e-01  2.99507752e-01  3.00492248e-01 
 3.77906256e-01  3.04385700e-01  2.99508313e-01  3.00491687e-01 
 3.78006256e-01  3.04281021e-01  2.99508893e-01  3.00491107e-01 
 3.78106256e-01  3.04178542e-01  2.99509493e-01  3.00490507e-01 
 3.78206256e-01  3.04078265e-01  2.99510112e-01  3.00489888e-01 
 3.78306256e-01  3.03980191e-01  2.99510750e-01  3.00489250e-01 
 3.78406256e-01  3.03884323e-01  2.99511408e-01  3.00488592e-01 
 3.78506256e-01  3.03790662e-01  2.99512085e-01  3.00487915e-01 
 3.78606256e-01  3.03699212e-01  2.99512781e-01  3.00487219e-01 
 3.78706256e-01  3.03609973e-01  2.99513496e-01  3.00486504e-01 
 3.78806256e-01  3.03522948e-01  2.99514231e-01  3.00485769e-01 
 3.78906256e-01  3.03438139e-01  2.99514984e-01  3.00485016e-01 
 3.79006256e-01  3.03355547e-01  2.99515757e-01  3.00484243e-01 
 3.79106256e-01  3.03275175e-01  2.99516549e-01  3.00483451e-01 
 3.79206256e-01  3.03197025e-01  2.99517360e-01  3.00482640e-01 
 3.79306256e-01  3.03121097e-01  2.99518191e-01  3.00481809e-01 
 3.79406256e-01  3.03047395e-01  2.99519040e-01  3.00480960e-01 
 3.79506256e-01  3.02975920e-01  2.99519908e-01  3.00480092e-01 
 3.79606256e-01  3.02906673e-01  2.99520795e-01  3.00479205e-01 
 3.79706256e-01  3.02839656e-01  2.99521701e-01  3.00478299e-01 
 3.79806256e-01  3.02774872e-01  2.99522626e-01  3.00477374e-01 
 3.79906256e-01  3.02712321e-01  2.99523570e-01  3.00476430e-01 
 3.80006256e-01  3.02652005e-01  2.99524533e-01  3.00475467e-01 
 3.80106256e-01  3.02593927e-01  2.99525514e-01  3.00474486e-01 
 3.80206256e-01  3.02538087e-01  2.99526514e-01  3.00473486e-01 
 3.80306256e-01  3.02484487e-01  2.99527533e-01  3.00472467e-01 
 3.80406256e-01  3.02433128e-01  2.99528570e-01  3.00471430e-01 
 3.80506256e-01  3.02384013e-01  2.99529626e-01  3.00470374e-01 
 3.80606256e-01  3.02337143e-01  2.99530701e-01  3.00469299e-01 
 3.80706256e-01  3.02292518e-01  2.99531794e-01  3.00468206e-01 
 3.80806256e-01  3.02250141e-01  2.99532906e-01  3.00467094e-01 
 3.80906256e-01  3.02210013e-01  2.99534036e-01  3.00465964e-01 
 3.81006256e-01  3.02172135e-01  2.99535184e-01  3.00464816e-01 
 3.81106256e-01  3.02136508e-01  2.99536351e-01  3.00463649e-01 
 3.81206256e-01  3.02103134e-01  2.99537536e-01  3.00462464e-01 
 3.81306256e-01  3.02072014e-01  2.99538739e-01  3.00461261e-01 
 3.81406256e-01  3.02043149e-01  2.99539961e-01  3.00460039e-01 
 3.81506256e-01  3.02016540e-01  2.99541201e-01  3.00458799e-01 
 3.81606256e-01  3.01992189e-01  2.99542459e-01  3.00457541e-01 
 3.81706256e-01  3.01970097e-01  2.99543735e-01  3.00456265e-01 
 3.81806256e-01  3.01950264e-01  2.99545028e-01  3.00454972e-01 
 3.81906256e-01  3.01932692e-01  2.99546340e-01  3.00453660e-01 
 3.82006256e-01  3.01917381e-01  2.99547670e-01  3.00452330e-01 
 3.82106256e-01  3.01904334e-01  2.99549018e-01  3.00450982e-01 
 3.82206256e-01  3.01893549e-01  2.99550383e-01  3.00449617e-01 
 3.82306256e-01  3.01885030e-01  2.99551767e-01  3.00448233e-01 
 3.82406256e-01  3.01878775e-01  2.99553167e-01  3.00446833e-01 
 3.82506256e-01  3.01874787e-01  2.99554586e-01  3.00445414e-01 
 3.82606256e-01  3.01873065e-01  2.99556022e-01  3.00443978e-01 
 3.82706256e-01  3.01873612e-01  2.99557476e-01  3.00442524e-01 
 3.82806256e-01  3.01876426e-01  2.99558947e-01  3.00441053e-01 
 3.82906256e-01  3.01881510e-01  2.99560435e-01  3.00439565e-01 
 3.83006256e-01  3.01888863e-01  2.99561941e-01  3.00438059e-01 
 3.83106256e-01  3.01898487e-01  2.99563465e-01  3.00436535e-01 
 3.83206256e-01  3.01910381e-01  2.99565005e-01  3.00434995e-01 
 3.83306256e-01  3.01924547e-01  2.99566563e-01  3.00433437e-01 
 3.83406256e-01  3.01940985e-01  2.99568137e-01  3.00431863e-01 
 3.83506256e-01  3.01959695e-01  2.99569729e-01  3.00430271e-01 
 3.83606256e-01  3.01980677e-01  2.99571338e-01  3.00428662e-01 
 3.83706256e-01  3.02003933e-01  2.99572963e-01  3.00427037e-01 
 3.83806256e-01  3.02029462e-01  2.99574606e-01  3.00425394e-01 
 3.83906256e-01  3.02057264e-01  2.99576265e-01  3.00423735e-01 
 3.84006256e-01  3.02087340e-01  2.99577941e-01  3.00422059e-01 
 3.84106256e-01  3.02119691e-01  2.99579634e-01  3.00420366e-01 
 3.84206256e-01  3.02154315e-01  2.99581343e-01  3.00418657e-01 
 3.84306256e-01  3.02191214e-01  2.99583069e-01  3.00416931e-01 
 3.84406256e-01  3.02230387e-01  2.99584812e-01  3.00415188e-01 
 3.84506256e-01  3.02271835e-01  2.99586570e-01  3.00413430e-01 
 3.84606256e-01  3.02315557e-01  2.99588345e-01  3.00411655e-01 
 3.84706256e-01  3.02361553e-01  2.99590136e-01  3.00409864e-01 
 3.84806256e-01  3.02409823e-01  2.99591944e-01  3.00408056e-01 
 3.84906256e-01  3.02460368e-01  2.99593767e-01  3.00406233e-01 
 3.85006256e-01  3.02513186e-01  2.99595607e-01  3.00404393e-01 
 3.85106256e-01  3.02568278e-01  2.99597463e-01  3.00402537e-01 
 3.85206256e-01  3.02625643e-01  2.99599334e-01  3.00400666e-01 
 3.85306256e-01  3.02685282e-01  2.99601221e-01  3.00398779e-01 
 3.85406256e-01  3.02747193e-01  2.99603124e-01  3.00396876e-01 
 3.85506256e-01  3.02811376e-01  2.99605043e-01  3.00394957e-01 
 3.85606256e-01  3.02879154e-01  2.99606977e-01  3.00393023e-01 
 3.85706256e-01  3.02948933e-01  2.99608927e-01  3.00391073e-01 
 3.85806256e-01  3.03020061e-01  2.99610892e-01  3.00389108e-01 
 3.85906256e-01  3.03092277e-01  2.99612873e-01  3.00387127e-01 
 3.86006256e-01  3.03165482e-01  2.99614869e-01  3.00385131e-01 
 3.86106256e-01  3.03239650e-01  2.99616880e-01  3.00383120e-01 
 3.86206256e-01  3.03314775e-01  2.99618906e-01  3.00381094e-01 
 3.86306256e-01  3.03390863e-01  2.99620947e-01  3.00379053e-01 
 3.86406256e-01  3.03467921e-01  2.99623003e-01  3.00376997e-01 
 3.86506256e-01  3.03545959e-01  2.99625074e-01  3.00374926e-01 
 3.86606256e-01  3.03624984e-01  2.99627160e-01  3.00372840e-01 
 3.86706256e-01  3.03705005e-01  2.99629261e-01  3.00370739e-01 
 3.86806256e-01  3.03786030e-01  2.99631376e-01  3.00368624e-01 
 3.86906256e-01  3.03868068e-01  2.99633506e-01  3.00366494e-01 
 3.87006256e-01  3.03951126e-01  2.99635650e-01  3.00364350e-01 
 3.87106256e-01  3.04035213e-01  2.99637809e-01  3.00362191e-01 
 3.87206256e-01  3.04120336e-01  2.99639982e-01  3.00360018e-01 
 3.87306256e-01  3.04206503e-01  2.99642169e-01  3.00357831e-01 
 3.87406256e-01  3.04293722e-01  2.99644370e-01  3.00355630e-01 
 3.87506256e-01  3.04382000e-01  2.99646586e-01  3.00353414e-01 
 3.87606256e-01  3.04471344e-01  2.99648815e-01  3.00351185e-01 
 3.87706256e-01  3.04561762e-01  2.99651058e-01  3.00348942e-01 
 3.87806256e-01  3.04653260e-01  2.99653315e-01  3.00346685e-01 
 3.87906256e-01  3.04745846e-01  2.99655586e-01  3.00344414e-01 
 3.88006256e-01  3.04839526e-01  2.99657870e-01  3.00342130e-01 
 3.88106256e-01  3.04934307e-01  2.99660167e-01  3.00339833e-01 
 3.88206256e-01  3.05030196e-01  2.99662479e-01  3.00337521e-01 
 3.88306256e-01  3.05127198e-01  2.99664803e-01  3.00335197e-01 
 3.88406256e-01  3.05225321e-01  2.99667141e-01  3.00332859e-01 
 3.88506256e-01  3.05324570e-01  2.99669492e-01  3.00330508e-01 
 3.88606256e-01  3.05424951e-01  2.99671855e-01  3.00328145e-01 
 3.88706256e-01  3.05526470e-01  2.99674232e-01  3.00325768e-01 
 3.88806256e-01  3.05629134e-01  2.99676622e-01  3.00323378e-01 
 3.88906256e-01  3.05732947e-01  2.99679024e-01  3.00320976e-01 
 3.89006256e-01  3.05837916e-01  2.99681439e-01  3.00318561e-01 
 3.89106256e-01  3.05944045e-01  2.99683867e-01  3.00316133e-01 
 3.89206256e-01  3.06051340e-01  2.99686307e-01  3.00313693e-01 
 3.89306256e-01  3.06159806e-01  2.99688760e-01  3.00311240e-01 
 3.89406256e-01  3.06269448e-01  2.99691225e-01  3.00308775e-01 
 3.89506256e-01  3.06380271e-01  2.99693702e-01  3.00306298e-01 
 3.89606256e-01  3.06492280e-01  2.99696191e-01  3.00303809e-01 
 3.89706256e-01  3.06605479e-01  2.99698692e-01  3.00301308e-01 
 3.89806256e-01  3.06719874e-01  2.99701205e-01  3.00298795e-01 
 3.89906256e-01  3.06835468e-01  2.99703730e-01  3.00296270e-01 
 3.90006256e-01  3.06952266e-01  2.99706266e-01  3.00293734e-01 
 3.90106256e-01  3.07070271e-01  2.99708814e-01  3.00291186e-01 
 3.90206256e-01  3.07189489e-01  2.99711374e-01  3.00288626e-01 
 3.90306256e-01  3.07309923e-01  2.99713945e-01  3.00286055e-01 
 3.90406256e-01  3.07431577e-01  2.99716527e-01  3.00283473e-01 
 3.90506256e-01  3.07554455e-01  2.99719121e-01  3.00280879e-01 
 3.90606256e-01  3.07678560e-01  2.99721725e-01  3.00278275e-01 
 3.90706256e-01  3.07803895e-01  2.99724341e-01  3.00275659e-01 
 3.90806256e-01  3.07930465e-01  2.99726967e-01  3.00273033e-01 
 3.90906256e-01  3.08058272e-01  2.99729605e-01  3.00270395e-01 
 3.91006256e-01  3.08187320e-01  2.99732253e-01  3.00267747e-01 
 3.91106256e-01  3.08317611e-01  2.99734911e-01  3.00265089e-01 
 3.91206256e-01  3.08449149e-01  2.99737580e-01  3.00262420e-01 
 3.91306256e-01  3.08581936e-01  2.99740259e-01  3.00259741e-01 
 3.91406256e-01  3.08715975e-01  2.99742949e-01  3.00257051e-01 
 3.91506256e-01  3.08851269e-01  2.99745648e-01  3.00254352e-01 
 3.91606256e-01  3.08987820e-01  2.99748358e-01  3.00251642e-01 
 3.91706256e-01  3.09125631e-01  2.99751078e-01  3.00248922e-01 
 3.91806256e-01  3.09264703e-01  2.99753807e-01  3.00246193e-01 
 3.91906256e-01  3.09405039e-01  2.99756547e-01  3.00243453e-01 
 3.92006256e-01  3.09546641e-01  2.99759295e-01  3.00240705e-01 
 3.92106256e-01  3.09689511e-01  2.99762054e-01  3.00237946e-01 
 3.92206256e-01  3.09833651e-01  2.99764821e-01  3.00235179e-01 
 3.92306256e-01  3.09979062e-01  2.99767598e-01  3.00232402e-01 
 3.92406256e-01  3.10125746e-01  2.99770385e-01  3.00229615e-01 
 3.92506256e-01  3.10273704e-01  2.99773180e-01  3.00226820e-01 
 3.92606256e-01  3.10422938e-01  2.99775984e-01  3.00224016e-01 
 3.92706256e-01  3.10573450e-01  2.99778797e-01  3.00221203e-01 
 3.92806256e-01  3.10725240e-01  2.99781619e-01  3.00218381e-01 
 3.92906256e-01  3.10878309e-01  2.99784449e-01  3.00215551e-01 
 3.93006256e-01  3.11032658e-01  2.99787288e-01  3.00212712e-01 
 3.93106256e-01  3.11188289e-01  2.99790135e-01  3.00209865e-01 
 3.93206256e-01  3.11345201e-01  2.99792991e-01  3.00207009e-01 
 3.93306256e-01  3.11503397e-01  2.99795855e-01  3.00204145e-01 
 3.93406256e-01  3.11662875e-01  2.99798727e-01  3.00201273e-01 
 3.93506256e-01  3.11823637e-01  2.99801606e-01  3.00198394e-01 
 3.93606256e-01  3.11985682e-01  2.99804494e-01  3.00195506e-01 
 3.93706256e-01  3.12149012e-01  2.99807389e-01  3.00192611e-01 
 3.93806256e-01  3.12313626e-01  2.99810292e-01  3.00189708e-01 
 3.93906256e-01  3.12479525e-01  2.99813203e-01  3.00186797e-01 
 3.94006256e-01  3.12646707e-01  2.99816120e-01  3.00183880e-01 
 3.94106256e-01  3.12815174e-01  2.99819046e-01  3.00180954e-01 
 3.94206256e-01  3.12984925e-01  2.99821978e-01  3.00178022e-01 
 3.94306256e-01  3.13155958e-01  2.99824917e-01  3.00175083e-01 
 3.94406256e-01  3.13328275e-01  2.99827863e-01  3.00172137e-01 
 3.94506256e-01  3.13501874e-01  2.99830816e-01  3.00169184e-01 
 3.94606256e-01  3.13676755e-01  2.99833776e-01  3.00166224e-01 
 3.94706256e-01  3.13852916e-01  2.99836742e-01  3.00163258e-01 
 3.94806256e-01  3.14030358e-01  2.99839714e-01  3.00160286e-01 
 3.94906256e-01  3.14209079e-01  2.99842693e-01  3.00157307e-01 
 3.95006256e-01  3.14389077e-01  2.99845678e-01  3.00154322e-01 
 3.95106256e-01  3.14570353e-01  2.99848670e-01  3.00151330e-01 
 3.95206256e-01  3.14752904e-01  2.99851667e-01  3.00148333e-01 
 3.95306256e-01  3.14936729e-01  2.99854670e-01  3.00145330e-01 
 3.95406256e-01  3.15121827e-01  2.99857679e-01  3.00142321e-01 
 3.95506256e-01  3.15308196e-01  2.99860693e-01  3.00139307e-01 
 3.95606256e-01  3.15495835e-01  2.99863713e-01  3.00136287e-01 
 3.95706256e-01  3.15684742e-01  2.99866738e-01  3.00133262e-01 
 3.95806256e-01  3.15874915e-01  2.99869769e-01  3.00130231e-01 
 3.95906256e-01  3.16066352e-01  2.99872805e-01  3.00127195e-01 
 3.96006256e-01  3.16259050e-01  2.99875845e-01  3.00124155e-01 
 3.96106256e-01  3.16453009e-01  2.99878891e-01  3.00121109e-01 
 3.96206256e-01  3.16648226e-01  2.99881941e-01  3.00118059e-01 
 3.96306256e-01  3.16844698e-01  2.99884997e-01  3.00115003e-01 
 3.96406256e-01  3.17042423e-01  2.99888056e-01  3.00111944e-01 
 3.96506256e-01  3.17241399e-01  2.99891120e-01  3.00108880e-01 
 3.96606256e-01  3.17441623e-01  2.99894189e-01  3.00105811e-01 
 3.96706256e-01  3.17643093e-01  2.99897261e-01  3.00102739e-01 
 3.96806256e-01  3.17845805e-01  2.99900338e-01  3.00099662e-01 
 3.96906256e-01  3.18049756e-01  2.99903418e-01  3.00096582e-01 
 3.97006256e-01  3.18254945e-01  2.99906502e-01  3.00093498e-01 
 3.97106256e-01  3.18461368e-01  2.99909590e-01  3.00090410e-01 
 3.97206256e-01  3.18669022e-01  2.99912682e-01  3.00087318e-01 
 3.97306256e-01  3.18877903e-01  2.99915777e-01  3.00084223e-01 
 3.97406256e-01  3.19088008e-01  2.99918875e-01  3.00081125e-01 
 3.97506256e-01  3.19299335e-01  2.99921977e-01  3.00078023e-01 
 3.97606256e-01  3.19511879e-01  2.99925082e-01  3.00074918e-01 
 3.97706256e-01  3.19725637e-01  2.99928189e-01  3.00071811e-01 
 3.97806256e-01  3.19940605e-01  2.99931300e-01  3.00068700e-01 
 3.97906256e-01  3.20156781e-01  2.99934413e-01  3.00065587e-01 
 3.98006256e-01  3.20374159e-01  2.99937528e-01  3.00062472e-01 
 3.98106256e-01  3.20592736e-01  2.99940647e-01  3.00059353e-01 
 3.98206256e-01  3.20812508e-01  2.99943767e-01  3.00056233e-01 
 3.98306256e-01  3.21033471e-01  2.99946890e-01  3.00053110e-01 
 3.98406256e-01  3.21255621e-01  2.99950015e-01  3.00049985e-01 
 3.98506256e-01  3.21478954e-01  2.99953141e-01  3.00046859e-01 
 3.98606256e-01  3.21703465e-01  2.99956270e-01  3.00043730e-01 
 3.98706256e-01  3.21929151e-01  2.99959401e-01  3.00040599e-01 
 3.98806256e-01  3.22156006e-01  2.99962533e-01  3.00037467e-01 
 3.98906256e-01  3.22384026e-01  2.99965666e-01  3.00034334e-01 
 3.99006256e-01  3.22613206e-01  2.99968801e-01  3.00031199e-01 
 3.99106256e-01  3.22843543e-01  2.99971937e-01  3.00028063e-01 
 3.99206256e-01  3.23075030e-01  2.99975074e-01  3.00024926e-01 
 3.99306256e-01  3.23307663e-01  2.99978212e-01  3.00021788e-01 
 3.99406256e-01  3.23541438e-01  2.99981351e-01  3.00018649e-01 
 3.99506256e-01  3.23776349e-01  2.99984491e-01  3.00015509e-01 
 3.99606256e-01  3.24012391e-01  2.99987631e-01  3.00012369e-01 
 3.99706256e-01  3.24249559e-01  2.99990772e-01  3.00009228e-01 
 3.99806256e-01  3.24487848e-01  2.99993913e-01  3.00006087e-01 
 3.99906256e-01  3.24727252e-01  2.99997055e-01  3.00002945e-01 
 4.00006256e-01  3.24967766e-01  3.00000197e-01  2.99999803e-01 
 4.00106256e-01  3.25209385e-01  3.00003338e-01  2.99996662e-01 
 4.00206256e-01  3.25452103e-01  3.00006480e-01  2.99993520e-01 
 4.00306256e-01  3.25695914e-01  3.00009621e-01  2.99990379e-01 
 4.00406256e-01  3.25940812e-01  3.00012762e-01  2.99987238e-01 
 4.00506256e-01  3.26186793e-01  3.00015902e-01  2.99984098e-01 
 4.00606256e-01  3.26433850e-01  3.00019041e-01  2.99980959e-01 
 4.00706256e-01  3.26681977e-01  3.00022180e-01  2.99977820e-01 
 4.00806256e-01  3.26931168e-01  3.00025318e-01  2.99974682e-01 
 4.00906256e-01  3.27181418e-01  3.00028455e-01  2.99971545e-01 
 4.01006256e-01  3.27432719e-01  3.00031591e-01  2.99968409e-01 
 4.01106256e-01  3.27685066e-01  3.00034726e-01  2.99965274e-01 
 4.01206256e-01  3.27938453e-01  3.00037859e-01  2.99962141e-01 
 4.01306256e-01  3.28192873e-01  3.00040991e-01  2.99959009e-01 
 4.01406256e-01  3.28448319e-01  3.00044121e-01  2.99955879e-01 
 4.01506256e-01  3.28704786e-01  3.00047250e-01  2.99952750e-01 
 4.01606256e-01  3.28962267e-01  3.00050376e-01  2.99949624e-01 
 4.01706256e-01  3.29220755e-01  3.00053501e-01  2.99946499e-01 
 4.01806256e-01  3.29480243e-01  3.00056623e-01  2.99943377e-01 
 4.01906256e-01  3.29740724e-01  3.00059744e-01  2.99940256e-01 
 4.02006256e-01  3.30002193e-01  3.00062862e-01  2.99937138e-01 
 4.02106256e-01  3.30264642e-01  3.00065977e-01  2.99934023e-01 
 4.02206256e-01  3.30528063e-01  3.00069090e-01  2.99930910e-01 
 4.02306256e-01  3.30792451e-01  3.00072200e-01  2.99927800e-01 
 4.02406256e-01  3.31057797e-01  3.00075307e-01  2.99924693e-01 
 4.02506256e-01  3.31324095e-01  3.00078411e-01  2.99921589e-01 
 4.02606256e-01  3.31591338e-01  3.00081512e-01  2.99918488e-01 
 4.02706256e-01  3.31859518e-01  3.00084610e-01  2.99915390e-01 
 4.02806256e-01  3.32128627e-01  3.00087705e-01  2.99912295e-01 
 4.02906256e-01  3.32398659e-01  3.00090796e-01  2.99909204e-01 
 4.03006256e-01  3.32669606e-01  3.00093884e-01  2.99906116e-01 
 4.03106256e-01  3.32941461e-01  3.00096968e-01  2.99903032e-01 
 4.03206256e-01  3.33214215e-01  3.00100048e-01  2.99899952e-01 
 4.03306256e-01  3.33487862e-01  3.00103124e-01  2.99896876e-01 
 4.03406256e-01  3.33762392e-01  3.00106196e-01  2.99893804e-01 
 4.03506256e-01  3.34037800e-01  3.00109263e-01  2.99890737e-01 
 4.03606256e-01  3.34314076e-01  3.00112327e-01  2.99887673e-01 
 4.03706256e-01  3.34591214e-01  3.00115386e-01  2.99884614e-01 
 4.03806256e-01  3.34869204e-01  3.00118440e-01  2.99881560e-01 
 4.03906256e-01  3.35148039e-01  3.00121490e-01  2.99878510e-01 
 4.04006256e-01  3.35427711e-01  3.00124535e-01  2.99875465e-01 
 4.04106256e-01  3.35708212e-01  3.00127575e-01  2.99872425e-01 
 4.04206256e-01  3.35989533e-01  3.00130610e-01  2.99869390e-01 
 4.04306256e-01  3.36271667e-01  3.00133640e-01  2.99866360e-01 
 4.04406256e-01  3.36554604e-01  3.00136665e-01  2.99863335e-01 
 4.04506256e-01  3.36838337e-01  3.00139684e-01  2.99860316e-01 
 4.04606256e-01  3.37122858e-01  3.00142698e-01  2.99857302e-01 
 4.04706256e-01  3.37408157e-01  3.00145706e-01  2.99854294e-01 
 4.04806256e-01  3.37694226e-01  3.00148708e-01  2.99851292e-01 
 4.04906256e-01  3.37981057e-01  3.00151705e-01  2.99848295e-01 
 4.05006256e-01  3.38268641e-01  3.00154695e-01  2.99845305e-01 
 4.05106256e-01  3.38556969e-01  3.00157680e-01  2.99842320e-01 
 4.05206256e-01  3.38846032e-01  3.00160658e-01  2.99839342e-01 
 4.05306256e-01  3.39135822e-01  3.00163630e-01  2.99836370e-01 
 4.05406256e-01  3.39426331e-01  3.00166595e-01  2.99833405e-01 
 4.05506256e-01  3.39717548e-01  3.00169554e-01  2.99830446e-01 
 4.05606256e-01  3.40009465e-01  3.00172506e-01  2.99827494e-01 
 4.05706256e-01  3.40302073e-01  3.00175451e-01  2.99824549e-01 
 4.05806256e-01  3.40595363e-01  3.00178390e-01  2.99821610e-01 
 4.05906256e-01  3.40889326e-01  3.00181321e-01  2.99818679e-01 
 4.06006256e-01  3.41183953e-01  3.00184245e-01  2.99815755e-01 
 4.06106256e-01  3.41479235e-01  3.00187162e-01  2.99812838e-01 
 4.06206256e-01  3.41775162e-01  3.00190071e-01  2.99809929e-01 
 4.06306256e-01  3.42071724e-01  3.00192973e-01  2.99807027e-01 
 4.06406256e-01  3.42368914e-01  3.00195868e-01  2.99804132e-01 
 4.06506256e-01  3.42666721e-01  3.00198754e-01  2.99801246e-01 
 4.06606256e-01  3.42965135e-01  3.00201633e-01  2.99798367e-01 
 4.06706256e-01  3.43264149e-01  3.00204504e-01  2.99795496e-01 
 4.06806256e-01  3.43563751e-01  3.00207367e-01  2.99792633e-01 
 4.06906256e-01  3.43863932e-01  3.00210221e-01  2.99789779e-01 
 4.07006256e-01  3.44164683e-01  3.00213067e-01  2.99786933e-01 
 4.07106256e-01  3.44465994e-01  3.00215905e-01  2.99784095e-01 
 4.07206256e-01  3.44767856e-01  3.00218735e-01  2.99781265e-01 
 4.07306256e-01  3.45070258e-01  3.00221555e-01  2.99778445e-01 
 4.07406256e-01  3.45373191e-01  3.00224367e-01  2.99775633e-01 
 4.07506256e-01  3.45676645e-01  3.00227170e-01  2.99772830e-01 
 4.07606256e-01  3.45980611e-01  3.00229964e-01  2.99770036e-01 
 4.07706256e-01  3.46285077e-01  3.00232749e-01  2.99767251e-01 
 4.07806256e-01  3.46590036e-01  3.00235525e-01  2.99764475e-01 
 4.07906256e-01  3.46895475e-01  3.00238292e-01  2.99761708e-01 
 4.08006256e-01  3.47201386e-01  3.00241049e-01  2.99758951e-01 
 4.08106256e-01  3.47507758e-01  3.00243797e-01  2.99756203e-01 
 4.08206256e-01  3.47814581e-01  3.00246535e-01  2.99753465e-01 
 4.08306256e-01  3.48121846e-01  3.00249263e-01  2.99750737e-01 
 4.08406256e-01  3.48429541e-01  3.00251981e-01  2.99748019e-01 
 4.08506256e-01  3.48737658e-01  3.00254690e-01  2.99745310e-01 
 4.08606256e-01  3.49046184e-01  3.00257388e-01  2.99742612e-01 
 4.08706256e-01  3.49355111e-01  3.00260077e-01  2.99739923e-01 
 4.08806256e-01  3.49664428e-01  3.00262755e-01  2.99737245e-01 
 4.08906256e-01  3.49974125e-01  3.00265422e-01  2.99734578e-01 
 4.09006256e-01  3.50284191e-01  3.00268079e-01  2.99731921e-01 
 4.09106256e-01  3.50594615e-01  3.00270726e-01  2.99729274e-01 
 4.09206256e-01  3.50905388e-01  3.00273362e-01  2.99726638e-01 
 4.09306256e-01  3.51216499e-01  3.00275987e-01  2.99724013e-01 
 4.09406256e-01  3.51527937e-01  3.00278601e-01  2.99721399e-01 
 4.09506256e-01  3.51839692e-01  3.00281204e-01  2.99718796e-01 
 4.09606256e-01  3.52151754e-01  3.00283796e-01  2.99716204e-01 
 4.09706256e-01  3.52464111e-01  3.00286377e-01  2.99713623e-01 
 4.09806256e-01  3.52776753e-01  3.00288947e-01  2.99711053e-01 
 4.09906256e-01  3.53089670e-01  3.00291505e-01  2.99708495e-01 
 4.10006256e-01  3.53402850e-01  3.00294052e-01  2.99705948e-01 
 4.10106256e-01  3.53716283e-01  3.00296587e-01  2.99703413e-01 
 4.10206256e-01  3.54029959e-01  3.00299110e-01  2.99700890e-01 
 4.10306256e-01  3.54343866e-01  3.00301622e-01  2.99698378e-01 
 4.10406256e-01  3.54657995e-01  3.00304121e-01  2.99695879e-01 
 4.10506256e-01  3.54972333e-01  3.00306609e-01  2.99693391e-01 
 4.10606256e-01  3.55286870e-01  3.00309084e-01  2.99690916e-01 
 4.10706256e-01  3.55601595e-01  3.00311548e-01  2.99688452e-01 
 4.10806256e-01  3.55916498e-01  3.00313999e-01  2.99686001e-01 
 4.10906256e-01  3.56231567e-01  3.00316437e-01  2.99683563e-01 
 4.11006256e-01  3.56546792e-01  3.00318863e-01  2.99681137e-01 
 4.11106256e-01  3.56862161e-01  3.00321277e-01  2.99678723e-01 
 4.11206256e-01  3.57177664e-01  3.00323678e-01  2.99676322e-01 
 4.11306256e-01  3.57493290e-01  3.00326066e-01  2.99673934e-01 
 4.11406256e-01  3.57809027e-01  3.00328441e-01  2.99671559e-01 
 4.11506256e-01  3.58124865e-01  3.00330803e-01  2.99669197e-01 
 4.11606256e-01  3.58440792e-01  3.00333153e-01  2.99666847e-01 
 4.11706256e-01  3.58756797e-01  3.00335489e-01  2.99664511e-01 
 4.11806256e-01  3.59072870e-01  3.00337811e-01  2.99662189e-01 
 4.11906256e-01  3.59388999e-01  3.00340121e-01  2.99659879e-01 
 4.12006256e-01  3.59705173e-01  3.00342417e-01  2.99657583e-01 
 4.12106256e-01  3.60021381e-01  3.00344699e-01  2.99655301e-01 
 4.12206256e-01  3.60337612e-01  3.00346968e-01  2.99653032e-01 
 4.12306256e-01  3.60653854e-01  3.00349223e-01  2.99650777e-01 
 4.12406256e-01  3.60970097e-01  3.00351465e-01  2.99648535e-01 
 4.12506256e-01  3.61286329e-01  3.00353692e-01  2.99646308e-01 
 4.12606256e-01  3.61602539e-01  3.00355906e-01  2.99644094e-01 
 4.12706256e-01  3.61918715e-01  3.00358105e-01  2.99641895e-01 
 4.12806256e-01  3.62234847e-01  3.00360291e-01  2.99639709e-01 
 4.12906256e-01  3.62550923e-01  3.00362462e-01  2.99637538e-01 
 4.13006256e-01  3.62866932e-01  3.00364619e-01  2.99635381e-01 
 4.13106256e-01  3.63182863e-01  3.00366761e-01  2.99633239e-01 
 4.13206256e-01  3.63498704e-01  3.00368889e-01  2.99631111e-01 
 4.13306256e-01  3.63814443e-01  3.00371003e-01  2.99628997e-01 
 4.13406256e-01  3.64130071e-01  3.00373101e-01  2.99626899e-01 
 4.13506256e-01  3.64445575e-01  3.00375185e-01  2.99624815e-01 
 4.13606256e-01  3.64760944e-01  3.00377255e-01  2.99622745e-01 
 4.13706256e-01  3.65076166e-01  3.00379309e-01  2.99620691e-01 
 4.13806256e-01  3.65391231e-01  3.00381348e-01  2.99618652e-01 
 4.13906256e-01  3.65706127e-01  3.00383373e-01  2.99616627e-01 
 4.14006256e-01  3.66020843e-01  3.00385382e-01  2.99614618e-01 
 4.14106256e-01  3.66335366e-01  3.00387376e-01  2.99612624e-01 
 4.14206256e-01  3.66649687e-01  3.00389354e-01  2.99610646e-01 
 4.14306256e-01  3.66963793e-01  3.00391318e-01  2.99608682e-01 
 4.14406256e-01  3.67277673e-01  3.00393266e-01  2.99606734e-01 
 4.14506256e-01  3.67591316e-01  3.00395198e-01  2.99604802e-01 
 4.14606256e-01  3.67904709e-01  3.00397115e-01  2.99602885e-01 
 4.14706256e-01  3.68217843e-01  3.00399016e-01  2.99600984e-01 
 4.14806256e-01  3.68530706e-01  3.00400901e-01  2.99599099e-01 
 4.14906256e-01  3.68843285e-01  3.00402770e-01  2.99597230e-01 
 4.15006256e-01  3.69155570e-01  3.00404624e-01  2.99595376e-01 
 4.15106256e-01  3.69467549e-01  3.00406462e-01  2.99593538e-01 
 4.15206256e-01  3.69779211e-01  3.00408283e-01  2.99591717e-01 
 4.15306256e-01  3.70090545e-01  3.00410089e-01  2.99589911e-01 
 4.15406256e-01  3.70401539e-01  3.00411878e-01  2.99588122e-01 
 4.15506256e-01  3.70712181e-01  3.00413651e-01  2.99586349e-01 
 4.15606256e-01  3.71022461e-01  3.00415407e-01  2.99584593e-01 
 4.15706256e-01  3.71332366e-01  3.00417148e-01  2.99582852e-01 
 4.15806256e-01  3.71641886e-01  3.00418871e-01  2.99581129e-01 
 4.15906256e-01  3.71951009e-01  3.00420579e-01  2.99579421e-01 
 4.16006256e-01  3.72259723e-01  3.00422269e-01  2.99577731e-01 
 4.16106256e-01  3.72568018e-01  3.00423943e-01  2.99576057e-01 
 4.16206256e-01  3.72875882e-01  3.00425600e-01  2.99574400e-01 
 4.16306256e-01  3.73183304e-01  3.00427241e-01  2.99572759e-01 
 4.16406256e-01  3.73490271e-01  3.00428864e-01  2.99571136e-01 
 4.16506256e-01  3.73796774e-01  3.00430471e-01  2.99569529e-01 
 4.16606256e-01  3.74102800e-01  3.00432061e-01  2.99567939e-01 
 4.16706256e-01  3.74408338e-01  3.00433633e-01  2.99566367e-01 
 4.16806256e-01  3.74713377e-01  3.00435189e-01  2.99564811e-01 
 4.16906256e-01  3.75017906e-01  3.00436727e-01  2.99563273e-01 
 4.17006256e-01  3.75321913e-01  3.00438248e-01  2.99561752e-01 
 4.17106256e-01  3.75625386e-01  3.00439752e-01  2.99560248e-01 
 4.17206256e-01  3.75928316e-01  3.00441238e-01  2.99558762e-01 
 4.17306256e-01  3.76230689e-01  3.00442707e-01  2.99557293e-01 
 4.17406256e-01  3.76532496e-01  3.00444159e-01  2.99555841e-01 
 4.17506256e-01  3.76833724e-01  3.00445592e-01  2.99554408e-01 
 4.17606256e-01  3.77134363e-01  3.00447009e-01  2.99552991e-01 
 4.17706256e-01  3.77434402e-01  3.00448407e-01  2.99551593e-01 
 4.17806256e-01  3.77733828e-01  3.00449788e-01  2.99550212e-01 
 4.17906256e-01  3.78032632e-01  3.00451152e-01  2.99548848e-01 
 4.18006256e-01  3.78330801e-01  3.00452497e-01  2.99547503e-01 
 4.18106256e-01  3.78628325e-01  3.00453825e-01  2.99546175e-01 
 4.18206256e-01  3.78925192e-01  3.00455134e-01  2.99544866e-01 
 4.18306256e-01  3.79221391e-01  3.00456426e-01  2.99543574e-01 
 4.18406256e-01  3.79516912e-01  3.00457700e-01  2.99542300e-01 
 4.18506256e-01  3.79811743e-01  3.00458955e-01  2.99541045e-01 
 4.18606256e-01  3.80105873e-01  3.00460193e-01  2.99539807e-01 
 4.18706256e-01  3.80399290e-01  3.00461412e-01  2.99538588e-01 
 4.18806256e-01  3.80691985e-01  3.00462613e-01  2.99537387e-01 
 4.18906256e-01  3.80983945e-01  3.00463796e-01  2.99536204e-01 
 4.19006256e-01  3.81275160e-01  3.00464961e-01  2.99535039e-01 
 4.19106256e-01  3.81565619e-01  3.00466107e-01  2.99533893e-01 
 4.19206256e-01  3.81855311e-01  3.00467234e-01  2.99532766e-01 
 4.19306256e-01  3.82144225e-01  3.00468344e-01  2.99531656e-01 
 4.19406256e-01  3.82432350e-01  3.00469435e-01  2.99530565e-01 
 4.19506256e-01  3.82719675e-01  3.00470507e-01  2.99529493e-01 
 4.19606256e-01  3.83006189e-01  3.00471561e-01  2.99528439e-01 
 4.19706256e-01  3.83291882e-01  3.00472596e-01  2.99527404e-01 
 4.19806256e-01  3.83576743e-01  3.00473612e-01  2.99526388e-01 
 4.19906256e-01  3.83860760e-01  3.00474610e-01  2.99525390e-01 
 4.20006256e-01  3.84143923e-01  3.00475589e-01  2.99524411e-01 
 4.20106256e-01  3.84426221e-01  3.00476549e-01  2.99523451e-01 
 4.20206256e-01  3.84707644e-01  3.00477491e-01  2.99522509e-01 
 4.20306256e-01  3.84988181e-01  3.00478413e-01  2.99521587e-01 
 4.20406256e-01  3.85267821e-01  3.00479317e-01  2.99520683e-01 
 4.20506256e-01  3.85546554e-01  3.00480202e-01  2.99519798e-01 
 4.20606256e-01  3.85824369e-01  3.00481067e-01  2.99518933e-01 
 4.20706256e-01  3.86101255e-01  3.00481914e-01  2.99518086e-01 
 4.20806256e-01  3.86377202e-01  3.00482742e-01  2.99517258e-01 
 4.20906256e-01  3.86652199e-01  3.00483551e-01  2.99516449e-01 
 4.21006256e-01  3.86926236e-01  3.00484340e-01  2.99515660e-01 
 4.21106256e-01  3.87199302e-01  3.00485111e-01  2.99514889e-01 
 4.21206256e-01  3.87471387e-01  3.00485862e-01  2.99514138e-01 
 4.21306256e-01  3.87742481e-01  3.00486594e-01  2.99513406e-01 
 4.21406256e-01  3.88012573e-01  3.00487307e-01  2.99512693e-01 
 4.21506256e-01  3.88281653e-01  3.00488001e-01  2.99511999e-01 
 4.21606256e-01  3.88549710e-01  3.00488676e-01  2.99511324e-01 
 4.21706256e-01  3.88816735e-01  3.00489331e-01  2.99510669e-01 
 4.21806256e-01  3.89082716e-01  3.00489967e-01  2.99510033e-01 
 4.21906256e-01  3.89347645e-01  3.00490583e-01  2.99509417e-01 
 4.22006256e-01  3.89611510e-01  3.00491180e-01  2.99508820e-01 
 4.22106256e-01  3.89874302e-01  3.00491758e-01  2.99508242e-01 
 4.22206256e-01  3.90136010e-01  3.00492317e-01  2.99507683e-01 
 4.22306256e-01  3.90396625e-01  3.00492855e-01  2.99507145e-01 
 4.22406256e-01  3.90656136e-01  3.00493375e-01  2.99506625e-01 
 4.22506256e-01  3.90914534e-01  3.00493875e-01  2.99506125e-01 
 4.22606256e-01  3.91171808e-01  3.00494355e-01  2.99505645e-01 
 4.22706256e-01  3.91427948e-01  3.00494816e-01  2.99505184e-01 
 4.22806256e-01  3.91682946e-01  3.00495258e-01  2.99504742e-01 
 4.22906256e-01  3.91936790e-01  3.00495680e-01  2.99504320e-01 
 4.23006256e-01  3.92189472e-01  3.00496082e-01  2.99503918e-01 
 4.23106256e-01  3.92440981e-01  3.00496465e-01  2.99503535e-01 
 4.23206256e-01  3.92691308e-01  3.00496828e-01  2.99503172e-01 
 4.23306256e-01  3.92940442e-01  3.00497171e-01  2.99502829e-01 
 4.23406256e-01  3.93188376e-01  3.00497495e-01  2.99502505e-01 
 4.23506256e-01  3.93435098e-01  3.00497799e-01  2.99502201e-01 
 4.23606256e-01  3.93680599e-01  3.00498084e-01  2.99501916e-01 
 4.23706256e-01  3.93924871e-01  3.00498349e-01  2.99501651e-01 
 4.23806256e-01  3.94167902e-01  3.00498594e-01  2.99501406e-01 
 4.23906256e-01  3.94409685e-01  3.00498820e-01  2.99501180e-01 
 4.24006256e-01  3.94650210e-01  3.00499026e-01  2.99500974e-01 
 4.24106256e-01  3.94889467e-01  3.00499212e-01  2.99500788e-01 
 4.24206256e-01  3.95127447e-01  3.00499378e-01  2.99500622e-01 
 4.24306256e-01  3.95364140e-01  3.00499525e-01  2.99500475e-01 
 4.24406256e-01  3.95599539e-01  3.00499652e-01  2.99500348e-01 
 4.24506256e-01  3.95833633e-01  3.00499759e-01  2.99500241e-01 
 4.24606256e-01  3.96066414e-01  3.00499847e-01  2.99500153e-01 
 4.24706256e-01  3.96297872e-01  3.00499915e-01  2.99500085e-01 
 4.24806256e-01  3.96527999e-01  3.00499963e-01  2.99500037e-01 
 4.24906256e-01  3.96756785e-01  3.00499991e-01  2.99500009e-01 
 4.25006256e-01  3.96984222e-01  3.00500000e-01  2.99500000e-01 
 4.25106256e-01  3.97210301e-01  3.00499989e-01  2.99500011e-01 
 4.25206256e-01  3.97435013e-01  3.00499958e-01  2.99500042e-01 
 4.25306256e-01  3.97658349e-01  3.00499907e-01  2.99500093e-01 
 4.25406256e-01  3.97880301e-01  3.00499837e-01  2.99500163e-01 
 4.25506256e-01  3.98100860e-01  3.00499747e-01  2.99500253e-01 
 4.25606256e-01  3.98320017e-01  3.00499637e-01  2.99500363e-01 
 4.25706256e-01  3.98537764e-01  3.00499508e-01  2.99500492e-01 
 4.25806256e-01  3.98754093e-01  3.00499359e-01  2.99500641e-01 
 4.25906256e-01  3.98968995e-01  3.00499190e-01  2.99500810e-01 
 4.26006256e-01  3.99182461e-01  3.00499001e-01  2.99500999e-01 
 4.26106256e-01  3.99394483e-01  3.00498793e-01  2.99501207e-01 
 4.26206256e-01  3.99605054e-01  3.00498565e-01  2.99501435e-01 
 4.26306256e-01  3.99814164e-01  3.00498317e-01  2.99501683e-01 
 4.26406256e-01  4.00021806e-01  3.00498050e-01  2.99501950e-01 
 4.26506256e-01  4.00227972e-01  3.00497762e-01  2.99502238e-01 
 4.26606256e-01  4.00432653e-01  3.00497456e-01  2.99502544e-01 
 4.26706256e-01  4.00635842e-01  3.00497129e-01  2.99502871e-01 
 4.26806256e-01  4.00837530e-01  3.00496783e-01  2.99503217e-01 
 4.26906256e-01  4.01037710e-01  3.00496418e-01  2.99503582e-01 
 4.27006256e-01  4.01236374e-01  3.00496033e-01  2.99503967e-01 
 4.27106256e-01  4.01433514e-01  3.00495628e-01  2.99504372e-01 
 4.27206256e-01  4.01629122e-01  3.00495204e-01  2.99504796e-01 
 4.27306256e-01  4.01823191e-01  3.00494760e-01  2.99505240e-01 
 4.27406256e-01  4.02015714e-01  3.00494296e-01  2.99505704e-01 
 4.27506256e-01  4.02206681e-01  3.00493813e-01  2.99506187e-01 
 4.27606256e-01  4.02396087e-01  3.00493311e-01  2.99506689e-01 
 4.27706256e-01  4.02583924e-01  3.00492789e-01  2.99507211e-01 
 4.27806256e-01  4.02770184e-01  3.00492248e-01  2.99507752e-01 
 4.27906256e-01  4.02954860e-01  3.00491687e-01  2.99508313e-01 
 4.28006256e-01  4.03137945e-01  3.00491107e-01  2.99508893e-01 
 4.28106256e-01  4.03319432e-01  3.00490507e-01  2.99509493e-01 
 4.28206256e-01  4.03499313e-01  3.00489888e-01  2.99510112e-01 
 4.28306256e-01  4.03677582e-01  3.00489250e-01  2.99510750e-01 
 4.28406256e-01  4.03854231e-01  3.00488592e-01  2.99511408e-01 
 4.28506256e-01  4.04029254e-01  3.00487915e-01  2.99512085e-01 
 4.28606256e-01  4.04202643e-01  3.00487219e-01  2.99512781e-01 
 4.28706256e-01  4.04374393e-01  3.00486504e-01  2.99513496e-01 
 4.28806256e-01  4.04544495e-01  3.00485769e-01  2.99514231e-01 
 4.28906256e-01  4.04712944e-01  3.00485016e-01  2.99514984e-01 
 4.29006256e-01  4.04879733e-01  3.00484243e-01  2.99515757e-01 
 4.29106256e-01  4.05044855e-01  3.00483451e-01  2.99516549e-01 
 4.29206256e-01  4.05208303e-01  3.00482640e-01  2.99517360e-01 
 4.29306256e-01  4.05370073e-01  3.00481809e-01  2.99518191e-01 
 4.29406256e-01  4.05530156e-01  3.00480960e-01  2.99519040e-01 
 4.29506256e-01  4.05688547e-01  3.00480092e-01  2.99519908e-01 
 4.29606256e-01  4.05845239e-01  3.00479205e-01  2.99520795e-01 
 4.29706256e-01  4.06000227e-01  3.00478299e-01  2.99521701e-01 
 4.29806256e-01  4.06153503e-01  3.00477374e-01  2.99522626e-01 
 4.29906256e-01  4.06305063e-01  3.00476430e-01  2.99523570e-01 
 4.30006256e-01  4.06454901e-01  3.00475467e-01  2.99524533e-01 
 4.30106256e-01  4.06603009e-01  3.00474486e-01  2.99525514e-01 
 4.30206256e-01  4.06749383e-01  3.00473486e-01  2.99526514e-01 
 4.30306256e-01  4.06894017e-01  3.00472467e-01  2.99527533e-01 
 4.30406256e-01  4.07036905e-01  3.00471430e-01  2.99528570e-01 
 4.30506256e-01  4.07178041e-01  3.00470374e-01  2.99529626e-01 
 4.30606256e-01  4.07317420e-01  3.00469299e-01  2.99530701e-01 
 4.30706256e-01  4.07455036e-01  3.00468206e-01  2.99531794e-01 
 4.30806256e-01  4.07590884e-01  3.00467094e-01  2.99532906e-01 
 4.30906256e-01  4.07724959e-01  3.00465964e-01  2.99534036e-01 
 4.31006256e-01  4.07857255e-01  3.00464816e-01  2.99535184e-01 
 4.31106256e-01  4.07987767e-01  3.00463649e-01  2.99536351e-01 
 4.31206256e-01  4.08116490e-01  3.00462464e-01  2.99537536e-01 
 4.31306256e-01  4.08243419e-01  3.00461261e-01  2.99538739e-01 
 4.31406256e-01  4.08368548e-01  3.00460039e-01  2.99539961e-01 
 4.31506256e-01  4.08491874e-01  3.00458799e-01  2.99541201e-01 
 4.31606256e-01  4.08613390e-01  3.00457541e-01  2.99542459e-01 
 4.31706256e-01  4.08733092e-01  3.00456265e-01  2.99543735e-01 
 4.31806256e-01  4.08850976e-01  3.00454972e-01  2.99545028e-01 
 4.31906256e-01  4.08967037e-01  3.00453660e-01  2.99546340e-01 
 4.32006256e-01  4.09081270e-01  3.00452330e-01  2.99547670e-01 
 4.32106256e-01  4.09193671e-01  3.00450982e-01  2.99549018e-01 
 4.32206256e-01  4.09304235e-01  3.00449617e-01  2.99550383e-01 
 4.32306256e-01  4.09412957e-01  3.00448233e-01  2.99551767e-01 
 4.32406256e-01  4.09519835e-01  3.00446833e-01  2.99553167e-01 
 4.32506256e-01  4.09624863e-01  3.00445414e-01  2.99554586e-01 
 4.32606256e-01  4.09728037e-01  3.00443978e-01  2.99556022e-01 
 4.32706256e-01  4.09829353e-01  3.00442524e-01  2.99557476e-01 
 4.32806256e-01  4.09928807e-01  3.00441053e-01  2.99558947e-01 
 4.32906256e-01  4.10026396e-01  3.00439565e-01  2.99560435e-01 
 4.33006256e-01  4.10122114e-01  3.00438059e-01  2.99561941e-01 
 4.33106256e-01  4.10215960e-01  3.00436535e-01  2.99563465e-01 
 4.33206256e-01  4.10307928e-01  3.00434995e-01  2.99565005e-01 
 4.33306256e-01  4.10398015e-01  3.00433437e-01  2.99566563e-01 
 4.33406256e-01  4.10486218e-01  3.00431863e-01  2.99568137e-01 
 4.33506256e-01  4.10572533e-01  3.00430271e-01  2.99569729e-01 
 4.33606256e-01  4.10656957e-01  3.00428662e-01  2.99571338e-01 
 4.33706256e-01  4.10739487e-01  3.00427037e-01  2.99572963e-01 
 4.33806256e-01  4.10820118e-01  3.00425394e-01  2.99574606e-01 
 4.33906256e-01  4.10898848e-01  3.00423735e-01  2.99576265e-01 
 4.34006256e-01  4.10975674e-01  3.00422059e-01  2.99577941e-01 
 4.34106256e-01  4.11050593e-01  3.00420366e-01  2.99579634e-01 
 4.34206256e-01  4.11123602e-01  3.00418657e-01  2.99581343e-01 
 4.34306256e-01  4.11194698e-01  3.00416931e-01  2.99583069e-01 
 4.34406256e-01  4.11263877e-01  3.00415188e-01  2.99584812e-01 
 4.34506256e-01  4.11331139e-01  3.00413430e-01  2.99586570e-01 
 4.34606256e-01  4.11396478e-01  3.00411655e-01  2.99588345e-01 
 4.34706256e-01  4.11459894e-01  3.00409864e-01  2.99590136e-01 
 4.34806256e-01  4.11521384e-01  3.00408056e-01  2.99591944e-01 
 4.34906256e-01  4.11580944e-01  3.00406233e-01  2.99593767e-01 
 4.35006256e-01  4.11638574e-01  3.00404393e-01  2.99595607e-01 
 4.35106256e-01  4.11694270e-01  3.00402537e-01  2.99597463e-01 
 4.35206256e-01  4.11748030e-01  3.00400666e-01  2.99599334e-01 
 4.35306256e-01  4.11799853e-01  3.00398779e-01  2.99601221e-01 
 4.35406256e-01  4.11849736e-01  3.00396876e-01  2.99603124e-01 
 4.35506256e-01  4.11897676e-01  3.00394957e-01  2.99605043e-01 
 4.35606256e-01  4.11943674e-01  3.00393023e-01  2.99606977e-01 
 4.35706256e-01  4.11987725e-01  3.00391073e-01  2.99608927e-01 
 4.35806256e-01  4.12029829e-01  3.00389108e-01  2.99610892e-01 
 4.35906256e-01  4.12069985e-01  3.00387127e-01  2.99612873e-01 
 4.36006256e-01  4.12108190e-01  3.00385131e-01  2.99614869e-01 
 4.36106256e-01  4.12144442e-01  3.00383120e-01  2.99616880e-01 
 4.36206256e-01  4.12178742e-01  3.00381094e-01  2.99618906e-01 
 4.36306256e-01  4.12211086e-01  3.00379053e-01  2.99620947e-01 
 4.36406256e-01  4.12241474e-01  3.00376997e-01  2.99623003e-01 
 4.36506256e-01  4.12269906e-01  3.00374926e-01  2.99625074e-01 
 4.36606256e-01  4.12296378e-01  3.00372840e-01  2.99627160e-01 
 4.36706256e-01  4.12320891e-01  3.00370739e-01  2.99629261e-01 
 4.36806256e-01  4.12343444e-01  3.00368624e-01  2.99631376e-01 
 4.36906256e-01  4.12364035e-01  3.00366494e-01  2.99633506e-01 
 4.37006256e-01  4.12382665e-01  3.00364350e-01  2.99635650e-01 
 4.37106256e-01  4.12399331e-01  3.00362191e-01  2.99637809e-01 
 4.37206256e-01  4.12414034e-01  3.00360018e-01  2.99639982e-01 
 4.37306256e-01  4.12426773e-01  3.00357831e-01  2.99642169e-01 
 4.37406256e-01  4.12437547e-01  3.00355630e-01  2.99644370e-01 
 4.37506256e-01  4.12446356e-01  3.00353414e-01  2.99646586e-01 
 4.37606256e-01  4.12453200e-01  3.00351185e-01  2.99648815e-01 
 4.37706256e-01  4.12458078e-01  3.00348942e-01  2.99651058e-01 
 4.37806256e-01  4.12460990e-01  3.00346685e-01  2.99653315e-01 
 4.37906256e-01  4.12461937e-01  3.00344414e-01  2.99655586e-01 
 4.38006256e-01  4.12460918e-01  3.00342130e-01  2.99657870e-01 
 4.38106256e-01  4.12457932e-01  3.00339833e-01  2.99660167e-01 
 4.38206256e-01  4.12452981e-01  3.00337521e-01  2.99662479e-01 
 4.38306256e-01  4.12446065e-01  3.00335197e-01  2.99664803e-01 
 4.38406256e-01  4.12437183e-01  3.00332859e-01  2.99667141e-01 
 4.38506256e-01  4.12426337e-01  3.00330508e-01  2.99669492e-01 
 4.38606256e-01  4.12413526e-01  3.00328145e-01  2.99671855e-01 
 4.38706256e-01  4.12398751e-01  3.00325768e-01  2.99674232e-01 
 4.38806256e-01  4.12382013e-01  3.00323378e-01  2.99676622e-01 
 4.38906256e-01  4.12363312e-01  3.00320976e-01  2.99679024e-01 
 4.39006256e-01  4.12342649e-01  3.00318561e-01  2.99681439e-01 
 4.39106256e-01  4.12320026e-01  3.00316133e-01  2.99683867e-01 
 4.39206256e-01  4.12295442e-01  3.00313693e-01  2.99686307e-01 
 4.39306256e-01  4.12268899e-01  3.00311240e-01  2.99688760e-01 
 4.39406256e-01  4.12240398e-01  3.00308775e-01  2.99691225e-01 
 4.39506256e-01  4.12209941e-01  3.00306298e-01  2.99693702e-01 
 4.39606256e-01  4.12177527e-01  3.00303809e-01  2.99696191e-01 
 4.39706256e-01  4.12143160e-01  3.00301308e-01  2.99698692e-01 
 4.39806256e-01  4.12106839e-01  3.00298795e-01  2.99701205e-01 
 4.39906256e-01  4.12068567e-01  3.00296270e-01  2.99703730e-01 
 4.40006256e-01  4.12028345e-01  3.00293734e-01  2.99706266e-01 
 4.40106256e-01  4.11986175e-01  3.00291186e-01  2.99708814e-01 
 4.40206256e-01  4.11942058e-01  3.00288626e-01  2.99711374e-01 
 4.40306256e-01  4.11895996e-01  3.00286055e-01  2.99713945e-01 
 4.40406256e-01  4.11847991e-01  3.00283473e-01  2.99716527e-01 
 4.40506256e-01  4.11798046e-01  3.00280879e-01  2.99719121e-01 
 4.40606256e-01  4.11746161e-01  3.00278275e-01  2.99721725e-01 
 4.40706256e-01  4.11692339e-01  3.00275659e-01  2.99724341e-01 
 4.40806256e-01  4.11636583e-01  3.00273033e-01  2.99726967e-01 
 4.40906256e-01  4.11578894e-01  3.00270395e-01  2.99729605e-01 
 4.41006256e-01  4.11519274e-01  3.00267747e-01  2.99732253e-01 
 4.41106256e-01  4.11457727e-01  3.00265089e-01  2.99734911e-01 
 4.41206256e-01  4.11394255e-01  3.00262420e-01  2.99737580e-01 
 4.41306256e-01  4.11328860e-01  3.00259741e-01  2.99740259e-01 
 4.41406256e-01  4.11261544e-01  3.00257051e-01  2.99742949e-01 
 4.41506256e-01  4.11192312e-01  3.00254352e-01  2.99745648e-01 
 4.41606256e-01  4.11121164e-01  3.00251642e-01  2.99748358e-01 
 4.41706256e-01  4.11048105e-01  3.00248922e-01  2.99751078e-01 
 4.41806256e-01  4.10973137e-01  3.00246193e-01  2.99753807e-01 
 4.41906256e-01  4.10896263e-01  3.00243453e-01  2.99756547e-01 
 4.42006256e-01  4.10817486e-01  3.00240705e-01  2.99759295e-01 
 4.42106256e-01  4.10736810e-01  3.00237946e-01  2.99762054e-01 
 4.42206256e-01  4.10654237e-01  3.00235179e-01  2.99764821e-01 
 4.42306256e-01  4.10569772e-01  3.00232402e-01  2.99767598e-01 
 4.42406256e-01  4.10483416e-01  3.00229615e-01  2.99770385e-01 
 4.42506256e-01  4.10395175e-01  3.00226820e-01  2.99773180e-01 
 4.42606256e-01  4.10305051e-01  3.00224016e-01  2.99775984e-01 
 4.42706256e-01  4.10213048e-01  3.00221203e-01  2.99778797e-01 
 4.42806256e-01  4.10119170e-01  3.00218381e-01  2.99781619e-01 
 4.42906256e-01  4.10023420e-01  3.00215551e-01  2.99784449e-01 
 4.43006256e-01  4.09925802e-01  3.00212712e-01  2.99787288e-01 
 4.43106256e-01  4.09826321e-01  3.00209865e-01  2.99790135e-01 
 4.43206256e-01  4.09724980e-01  3.00207009e-01  2.99792991e-01 
 4.43306256e-01  4.09621784e-01  3.00204145e-01  2.99795855e-01 
 4.43406256e-01  4.09516735e-01  3.00201273e-01  2.99798727e-01 
 4.43506256e-01  4.09409840e-01  3.00198394e-01  2.99801606e-01 
 4.43606256e-01  4.09301102e-01  3.00195506e-01  2.99804494e-01 
 4.43706256e-01  4.09190525e-01  3.00192611e-01  2.99807389e-01 
 4.43806256e-01  4.09078113e-01  3.00189708e-01  2.99810292e-01 
 4.43906256e-01  4.08963873e-01  3.00186797e-01  2.99813203e-01 
 4.44006256e-01  4.08847807e-01  3.00183880e-01  2.99816120e-01 
 4.44106256e-01  4.08729920e-01  3.00180954e-01  2.99819046e-01 
 4.44206256e-01  4.08610218e-01  3.00178022e-01  2.99821978e-01 
 4.44306256e-01  4.08488705e-01  3.00175083e-01  2.99824917e-01 
 4.44406256e-01  4.08365386e-01  3.00172137e-01  2.99827863e-01 
 4.44506256e-01  4.08240267e-01  3.00169184e-01  2.99830816e-01 
 4.44606256e-01  4.08113351e-01  3.00166224e-01  2.99833776e-01 
 4.44706256e-01  4.07984644e-01  3.00163258e-01  2.99836742e-01 
 4.44806256e-01  4.07854151e-01  3.00160286e-01  2.99839714e-01 
 4.44906256e-01  4.07721878e-01  3.00157307e-01  2.99842693e-01 
 4.45006256e-01  4.07587830e-01  3.00154322e-01  2.99845678e-01 
 4.45106256e-01  4.07452012e-01  3.00151330e-01  2.99848670e-01 
 4.45206256e-01  4.07314430e-01  3.00148333e-01  2.99851667e-01 
 4.45306256e-01  4.07175089e-01  3.00145330e-01  2.99854670e-01 
 4.45406256e-01  4.07033995e-01  3.00142321e-01  2.99857679e-01 
 4.45506256e-01  4.06891154e-01  3.00139307e-01  2.99860693e-01 
 4.45606256e-01  4.06746570e-01  3.00136287e-01  2.99863713e-01 
 4.45706256e-01  4.06600251e-01  3.00133262e-01  2.99866738e-01 
 4.45806256e-01  4.06452201e-01  3.00130231e-01  2.99869769e-01 
 4.45906256e-01  4.06302428e-01  3.00127195e-01  2.99872805e-01 
 4.46006256e-01  4.06150936e-01  3.00124155e-01  2.99875845e-01 
 4.46106256e-01  4.05997732e-01  3.00121109e-01  2.99878891e-01 
 4.46206256e-01  4.05842823e-01  3.00118059e-01  2.99881941e-01 
 4.46306256e-01  4.05686214e-01  3.00115003e-01  2.99884997e-01 
 4.46406256e-01  4.05527911e-01  3.00111944e-01  2.99888056e-01 
 4.46506256e-01  4.05367921e-01  3.00108880e-01  2.99891120e-01 
 4.46606256e-01  4.05206251e-01  3.00105811e-01  2.99894189e-01 
 4.46706256e-01  4.05042907e-01  3.00102739e-01  2.99897261e-01 
 4.46806256e-01  4.04877896e-01  3.00099662e-01  2.99900338e-01 
 4.46906256e-01  4.04711223e-01  3.00096582e-01  2.99903418e-01 
 4.47006256e-01  4.04542896e-01  3.00093498e-01  2.99906502e-01 
 4.47106256e-01  4.04372922e-01  3.00090410e-01  2.99909590e-01 
 4.47206256e-01  4.04201308e-01  3.00087318e-01  2.99912682e-01 
 4.47306256e-01  4.04028060e-01  3.00084223e-01  2.99915777e-01 
 4.47406256e-01  4.03853185e-01  3.00081125e-01  2.99918875e-01 
 4.47506256e-01  4.03676690e-01  3.00078023e-01  2.99921977e-01 
 4.47606256e-01  4.03498583e-01  3.00074918e-01  2.99925082e-01 
 4.47706256e-01  4.03318870e-01  3.00071811e-01  2.99928189e-01 
 4.47806256e-01  4.03137559e-01  3.00068700e-01  2.99931300e-01 
 4.47906256e-01  4.02954657e-01  3.00065587e-01  2.99934413e-01 
 4.48006256e-01  4.02770172e-01  3.00062472e-01  2.99937528e-01 
 4.48106256e-01  4.02584110e-01  3.00059353e-01  2.99940647e-01 
 4.48206256e-01  4.02396480e-01  3.00056233e-01  2.99943767e-01 
 4.48306256e-01  4.02207289e-01  3.00053110e-01  2.99946890e-01 
 4.48406256e-01  4.02016544e-01  3.00049985e-01  2.99950015e-01 
 4.48506256e-01  4.01824253e-01  3.00046859e-01  2.99953141e-01 
 4.48606256e-01  4.01630424e-01  3.00043730e-01  2.99956270e-01 
 4.48706256e-01  4.01435065e-01  3.00040599e-01  2.99959401e-01 
 4.48806256e-01  4.01238183e-01  3.00037467e-01  2.99962533e-01 
 4.48906256e-01  4.01039787e-01  3.00034334e-01  2.99965666e-01 
 4.49006256e-01  4.00839884e-01  3.00031199e-01  2.99968801e-01 
 4.49106256e-01  4.00638482e-01  3.00028063e-01  2.99971937e-01 
 4.49206256e-01  4.00435590e-01  3.00024926e-01  2.99975074e-01 
 4.49306256e-01  4.00231215e-01  3.00021788e-01  2.99978212e-01 
 4.49406256e-01  4.00025367e-01  3.00018649e-01  2.99981351e-01 
 4.49506256e-01  3.99818052e-01  3.00015509e-01  2.99984491e-01 
 4.49606256e-01  3.99609280e-01  3.00012369e-01  2.99987631e-01 
 4.49706256e-01  3.99399059e-01  3.00009228e-01  2.99990772e-01 
 4.49806256e-01  3.99187397e-01  3.00006087e-01  2.99993913e-01 
 4.49906256e-01  3.98974303e-01  3.00002945e-01  2.99997055e-01 
 4.50006256e-01  3.98759785e-01  2.99999803e-01  3.00000197e-01 
 4.50106256e-01  3.98543852e-01  2.99996662e-01  3.00003338e-01 
 4.50206256e-01  3.98326513e-01  2.99993520e-01  3.00006480e-01 
 4.50306256e-01  3.98107776e-01  2.99990379e-01  3.00009621e-01 
 4.50406256e-01  3.97887650e-01  2.99987238e-01  3.00012762e-01 
 4.50506256e-01  3.97666145e-01  2.99984098e-01  3.00015902e-01 
 4.50606256e-01  3.97443268e-01  2.99980959e-01  3.00019041e-01 
 4.50706256e-01  3.97219029e-01  2.99977820e-01  3.00022180e-01 
 4.50806256e-01  3.96993437e-01  2.99974682e-01  3.00025318e-01 
 4.50906256e-01  3.96766501e-01  2.99971545e-01  3.00028455e-01 
 4.51006256e-01  3.96538230e-01  2.99968409e-01  3.00031591e-01 
 4.51106256e-01  3.96308633e-01  2.99965274e-01  3.00034726e-01 
 4.51206256e-01  3.96077719e-01  2.99962141e-01  3.00037859e-01 
 4.51306256e-01  3.95845498e-01  2.99959009e-01  3.00040991e-01 
 4.51406256e-01  3.95611980e-01  2.99955879e-01  3.00044121e-01 
 4.51506256e-01  3.95377172e-01  2.99952750e-01  3.00047250e-01 
 4.51606256e-01  3.95141086e-01  2.99949624e-01  3.00050376e-01 
 4.51706256e-01  3.94903729e-01  2.99946499e-01  3.00053501e-01 
 4.51806256e-01  3.94665113e-01  2.99943377e-01  3.00056623e-01 
 4.51906256e-01  3.94425246e-01  2.99940256e-01  3.00059744e-01 
 4.52006256e-01  3.94184138e-01  2.99937138e-01  3.00062862e-01 
 4.52106256e-01  3.93941799e-01  2.99934023e-01  3.00065977e-01 
 4.52206256e-01  3.93698238e-01  2.99930910e-01  3.00069090e-01 
 4.52306256e-01  3.93453465e-01  2.99927800e-01  3.00072200e-01 
 4.52406256e-01  3.93207491e-01  2.99924693e-01  3.00075307e-01 
 4.52506256e-01  3.92960324e-01  2.99921589e-01  3.00078411e-01 
 4.52606256e-01  3.92711975e-01  2.99918488e-01  3.00081512e-01 
 4.52706256e-01  3.92462454e-01  2.99915390e-01  3.00084610e-01 
 4.52806256e-01  3.92211771e-01  2.99912295e-01  3.00087705e-01 
 4.52906256e-01  3.91959936e-01  2.99909204e-01  3.00090796e-01 
 4.53006256e-01  3.91706959e-01  2.99906116e-01  3.00093884e-01 
 4.53106256e-01  3.91452850e-01  2.99903032e-01  3.00096968e-01 
 4.53206256e-01  3.91197619e-01  2.99899952e-01  3.00100048e-01 
 4.53306256e-01  3.90941277e-01  2.99896876e-01  3.00103124e-01 
 4.53406256e-01  3.90683834e-01  2.99893804e-01  3.00106196e-01 
 4.53506256e-01  3.90425300e-01  2.99890737e-01  3.00109263e-01 
 4.53606256e-01  3.90165686e-01  2.99887673e-01  3.00112327e-01 
 4.53706256e-01  3.89905001e-01  2.99884614e-01  3.00115386e-01 
 4.53806256e-01  3.89643257e-01  2.99881560e-01  3.00118440e-01 
 4.53906256e-01  3.89380464e-01  2.99878510e-01  3.00121490e-01 
 4.54006256e-01  3.89116633e-01  2.99875465e-01  3.00124535e-01 
 4.54106256e-01  3.88851774e-01  2.99872425e-01  3.00127575e-01 
 4.54206256e-01  3.88585897e-01  2.99869390e-01  3.00130610e-01 
 4.54306256e-01  3.88319014e-01  2.99866360e-01  3.00133640e-01 
 4.54406256e-01  3.88051134e-01  2.99863335e-01  3.00136665e-01 
 4.54506256e-01  3.87782270e-01  2.99860316e-01  3.00139684e-01 
 4.54606256e-01  3.87512431e-01  2.99857302e-01  3.00142698e-01 
 4.54706256e-01  3.87241629e-01  2.99854294e-01  3.00145706e-01 
 4.54806256e-01  3.86969874e-01  2.99851292e-01  3.00148708e-01 
 4.54906256e-01  3.86697177e-01  2.99848295e-01  3.00151705e-01 
 4.55006256e-01  3.86423549e-01  2.99845305e-01  3.00154695e-01 
 4.55106256e-01  3.86149001e-01  2.99842320e-01  3.00157680e-01 
 4.55206256e-01  3.85873545e-01  2.99839342e-01  3.00160658e-01 
 4.55306256e-01  3.85597190e-01  2.99836370e-01  3.00163630e-01 
 4.55406256e-01  3.85319949e-01  2.99833405e-01  3.00166595e-01 
 4.55506256e-01  3.85041832e-01  2.99830446e-01  3.00169554e-01 
 4.55606256e-01  3.84762850e-01  2.99827494e-01  3.00172506e-01 
 4.55706256e-01  3.84483015e-01  2.99824549e-01  3.00175451e-01 
 4.55806256e-01  3.84202338e-01  2.99821610e-01  3.00178390e-01 
 4.55906256e-01  3.83920830e-01  2.99818679e-01  3.00181321e-01 
 4.56006256e-01  3.83638503e-01  2.99815755e-01  3.00184245e-01 
 4.56106256e-01  3.83355367e-01  2.99812838e-01  3.00187162e-01 
 4.56206256e-01  3.83071434e-01  2.99809929e-01  3.00190071e-01 
 4.56306256e-01  3.82786715e-01  2.99807027e-01  3.00192973e-01 
 4.56406256e-01  3.82501223e-01  2.99804132e-01  3.00195868e-01 
 4.56506256e-01  3.82214967e-01  2.99801246e-01  3.00198754e-01 
 4.56606256e-01  3.81927961e-01  2.99798367e-01  3.00201633e-01 
 4.56706256e-01  3.81640214e-01  2.99795496e-01  3.00204504e-01 
 4.56806256e-01  3.81351739e-01  2.99792633e-01  3.00207367e-01 
 4.56906256e-01  3.81062548e-01  2.99789779e-01  3.00210221e-01 
 4.57006256e-01  3.80772651e-01  2.99786933e-01  3.00213067e-01 
 4.57106256e-01  3.80482061e-01  2.99784095e-01  3.00215905e-01 
 4.57206256e-01  3.80190789e-01  2.99781265e-01  3.00218735e-01 
 4.57306256e-01  3.79898846e-01  2.99778445e-01  3.00221555e-01 
 4.57406256e-01  3.79606245e-01  2.99775633e-01  3.00224367e-01 
 4.57506256e-01  3.79312997e-01  2.99772830e-01  3.00227170e-01 
 4.57606256e-01  3.79019114e-01  2.99770036e-01  3.00229964e-01 
 4.57706256e-01  3.78724608e-01  2.99767251e-01  3.00232749e-01 
 4.57806256e-01  3.78429490e-01  2.99764475e-01  3.00235525e-01 
 4.57906256e-01  3.78133772e-01  2.99761708e-01  3.00238292e-01 
 4.58006256e-01  3.77837466e-01  2.99758951e-01  3.00241049e-01 
 4.58106256e-01  3.77540584e-01  2.99756203e-01  3.00243797e-01 
 4.58206256e-01  3.77243138e-01  2.99753465e-01  3.00246535e-01 
 4.58306256e-01  3.76945140e-01  2.99750737e-01  3.00249263e-01 
 4.58406256e-01  3.76646601e-01  2.99748019e-01  3.00251981e-01 
 4.58506256e-01  3.76347533e-01  2.99745310e-01  3.00254690e-01 
 4.58606256e-01  3.76047949e-01  2.99742612e-01  3.00257388e-01 
 4.58706256e-01  3.75747861e-01  2.99739923e-01  3.00260077e-01 
 4.58806256e-01  3.75447280e-01  2.99737245e-01  3.00262755e-01 
 4.58906256e-01  3.75146218e-01  2.99734578e-01  3.00265422e-01 
 4.59006256e-01  3.74844688e-01  2.99731921e-01  3.00268079e-01 
 4.59106256e-01  3.74542701e-01  2.99729274e-01  3.00270726e-01 
 4.59206256e-01  3.74240270e-01  2.99726638e-01  3.00273362e-01 
 4.59306256e-01  3.73937406e-01  2.99724013e-01  3.00275987e-01 
 4.59406256e-01  3.73634123e-01  2.99721399e-01  3.00278601e-01 
 4.59506256e-01  3.73330431e-01  2.99718796e-01  3.00281204e-01 
 4.59606256e-01  3.73026343e-01  2.99716204e-01  3.00283796e-01 
 4.59706256e-01  3.72721871e-01  2.99713623e-01  3.00286377e-01 
 4.59806256e-01  3.72417027e-01  2.99711053e-01  3.00288947e-01 
 4.59906256e-01  3.72111824e-01  2.99708495e-01  3.00291505e-01 
 4.60006256e-01  3.71806273e-01  2.99705948e-01  3.00294052e-01 
 4.60106256e-01  3.71500387e-01  2.99703413e-01  3.00296587e-01 
 4.60206256e-01  3.71194179e-01  2.99700890e-01  3.00299110e-01 
 4.60306256e-01  3.70887659e-01  2.99698378e-01  3.00301622e-01 
 4.60406256e-01  3.70580841e-01  2.99695879e-01  3.00304121e-01 
 4.60506256e-01  3.70273737e-01  2.99693391e-01  3.00306609e-01 
 4.60606256e-01  3.69966358e-01  2.99690916e-01  3.00309084e-01 
 4.60706256e-01  3.69658718e-01  2.99688452e-01  3.00311548e-01 
 4.60806256e-01  3.69350828e-01  2.99686001e-01  3.00313999e-01 
 4.60906256e-01  3.69042701e-01  2.99683563e-01  3.00316437e-01 
 4.61006256e-01  3.68734349e-01  2.99681137e-01  3.00318863e-01 
 4.61106256e-01  3.68425784e-01  2.99678723e-01  3.00321277e-01 
 4.61206256e-01  3.68117018e-01  2.99676322e-01  3.00323678e-01 
 4.61306256e-01  3.67808065e-01  2.99673934e-01  3.00326066e-01 
 4.61406256e-01  3.67498936e-01  2.99671559e-01  3.00328441e-01 
 4.61506256e-01  3.67189643e-01  2.99669197e-01  3.00330803e-01 
 4.61606256e-01  3.66880199e-01  2.99666847e-01  3.00333153e-01 
 4.61706256e-01  3.66570616e-01  2.99664511e-01  3.00335489e-01 
 4.61806256e-01  3.66260906e-01  2.99662189e-01  3.00337811e-01 
 4.61906256e-01  3.65951083e-01  2.99659879e-01  3.00340121e-01 
 4.62006256e-01  3.65641157e-01  2.99657583e-01  3.00342417e-01 
 4.62106256e-01  3.65331142e-01  2.99655301e-01  3.00344699e-01 
 4.62206256e-01  3.65021049e-01  2.99653032e-01  3.00346968e-01 
 4.62306256e-01  3.64710892e-01  2.99650777e-01  3.00349223e-01 
 4.62406256e-01  3.64400682e-01  2.99648535e-01  3.00351465e-01 
 4.62506256e-01  3.64090432e-01  2.99646308e-01  3.00353692e-01 
 4.62606256e-01  3.63780154e-01  2.99644094e-01  3.00355906e-01 
 4.62706256e-01  3.63469860e-01  2.99641895e-01  3.00358105e-01 
 4.62806256e-01  3.63159563e-01  2.99639709e-01  3.00360291e-01 
 4.62906256e-01  3.62849275e-01  2.99637538e-01  3.00362462e-01 
 4.63006256e-01  3.62539009e-01  2.99635381e-01  3.00364619e-01 
 4.63106256e-01  3.62228776e-01  2.99633239e-01  3.00366761e-01 
 4.63206256e-01  3.61918589e-01  2.99631111e-01  3.00368889e-01 
 4.63306256e-01  3.61608460e-01  2.99628997e-01  3.00371003e-01 
 4.63406256e-01  3.61298403e-01  2.99626899e-01  3.00373101e-01 
 4.63506256e-01  3.60988428e-01  2.99624815e-01  3.00375185e-01 
 4.63606256e-01  3.60678548e-01  2.99622745e-01  3.00377255e-01 
 4.63706256e-01  3.60368776e-01  2.99620691e-01  3.00379309e-01 
 4.63806256e-01  3.60059124e-01  2.99618652e-01  3.00381348e-01 
 4.63906256e-01  3.59749604e-01  2.99616627e-01  3.00383373e-01 
 4.64006256e-01  3.59440228e-01  2.99614618e-01  3.00385382e-01 
 4.64106256e-01  3.59131009e-01  2.99612624e-01  3.00387376e-01 
 4.64206256e-01  3.58821958e-01  2.99610646e-01  3.00389354e-01 
 4.64306256e-01  3.58513089e-01  2.99608682e-01  3.00391318e-01 
 4.64406256e-01  3.58204413e-01  2.99606734e-01  3.00393266e-01 
 4.64506256e-01  3.57895943e-01  2.99604802e-01  3.00395198e-01 
 4.64606256e-01  3.57587691e-01  2.99602885e-01  3.00397115e-01 
 4.64706256e-01  3.57279668e-01  2.99600984e-01  3.00399016e-01 
 4.64806256e-01  3.56971888e-01  2.99599099e-01  3.00400901e-01 
 4.64906256e-01  3.56664362e-01  2.99597230e-01  3.00402770e-01 
 4.65006256e-01  3.56357103e-01  2.99595376e-01  3.00404624e-01 
 4.65106256e-01  3.56050122e-01  2.99593538e-01  3.00406462e-01 
 4.65206256e-01  3.55743432e-01  2.99591717e-01  3.00408283e-01 
 4.65306256e-01  3.55437045e-01  2.99589911e-01  3.00410089e-01 
 4.65406256e-01  3.55130973e-01  2.99588122e-01  3.00411878e-01 
 4.65506256e-01  3.54825228e-01  2.99586349e-01  3.00413651e-01 
 4.65606256e-01  3.54519822e-01  2.99584593e-01  3.00415407e-01 
 4.65706256e-01  3.54214768e-01  2.99582852e-01  3.00417148e-01 
 4.65806256e-01  3.53910077e-01  2.99581129e-01  3.00418871e-01 
 4.65906256e-01  3.53605761e-01  2.99579421e-01  3.00420579e-01 
 4.66006256e-01  3.53301833e-01  2.99577731e-01  3.00422269e-01 
 4.66106256e-01  3.52998304e-01  2.99576057e-01  3.00423943e-01 
 4.66206256e-01  3.52695186e-01  2.99574400e-01  3.00425600e-01 
 4.66306256e-01  3.52392492e-01  2.99572759e-01  3.00427241e-01 
 4.66406256e-01  3.52090232e-01  2.99571136e-01  3.00428864e-01 
 4.66506256e-01  3.51788420e-01  2.99569529e-01  3.00430471e-01 
 4.66606256e-01  3.51487067e-01  2.99567939e-01  3.00432061e-01 
 4.66706256e-01  3.51186184e-01  2.99566367e-01  3.00433633e-01 
 4.66806256e-01  3.50885784e-01  2.99564811e-01  3.00435189e-01 
 4.66906256e-01  3.50585879e-01  2.99563273e-01  3.00436727e-01 
 4.67006256e-01  3.50286480e-01  2.99561752e-01  3.00438248e-01 
 4.67106256e-01  3.49987599e-01  2.99560248e-01  3.00439752e-01 
 4.67206256e-01  3.49689248e-01  2.99558762e-01  3.00441238e-01 
 4.67306256e-01  3.49391439e-01  2.99557293e-01  3.00442707e-01 
 4.67406256e-01  3.49094182e-01  2.99555841e-01  3.00444159e-01 
 4.67506256e-01  3.48797491e-01  2.99554408e-01  3.00445592e-01 
 4.67606256e-01  3.48501377e-01  2.99552991e-01  3.00447009e-01 
 4.67706256e-01  3.48205850e-01  2.99551593e-01  3.00448407e-01 
 4.67806256e-01  3.47910924e-01  2.99550212e-01  3.00449788e-01 
 4.67906256e-01  3.47616609e-01  2.99548848e-01  3.00451152e-01 
 4.68006256e-01  3.47322916e-01  2.99547503e-01  3.00452497e-01 
 4.68106256e-01  3.47029859e-01  2.99546175e-01  3.00453825e-01 
 4.68206256e-01  3.46737447e-01  2.99544866e-01  3.00455134e-01 
 4.68306256e-01  3.46445692e-01  2.99543574e-01  3.00456426e-01 
 4.68406256e-01  3.46154607e-01  2.99542300e-01  3.00457700e-01 
 4.68506256e-01  3.45864202e-01  2.99541045e-01  3.00458955e-01 
 4.68606256e-01  3.45574488e-01  2.99539807e-01  3.00460193e-01 
 4.68706256e-01  3.45285478e-01  2.99538588e-01  3.00461412e-01 
 4.68806256e-01  3.44997181e-01  2.99537387e-01  3.00462613e-01 
 4.68906256e-01  3.44709610e-01  2.99536204e-01  3.00463796e-01 
 4.69006256e-01  3.44422776e-01  2.99535039e-01  3.00464961e-01 
 4.69106256e-01  3.44136690e-01  2.99533893e-01  3.00466107e-01 
 4.69206256e-01  3.43851363e-01  2.99532766e-01  3.00467234e-01 
 4.69306256e-01  3.43566807e-01  2.99531656e-01  3.00468344e-01 
 4.69406256e-01  3.43283032e-01  2.99530565e-01  3.00469435e-01 
 4.69506256e-01  3.43000049e-01  2.99529493e-01  3.00470507e-01 
 4.69606256e-01  3.42717870e-01  2.99528439e-01  3.00471561e-01 
 4.69706256e-01  3.42436506e-01  2.99527404e-01  3.00472596e-01 
 4.69806256e-01  3.42155967e-01  2.99526388e-01  3.00473612e-01 
 4.69906256e-01  3.41876264e-01  2.99525390e-01  3.00474610e-01 
 4.70006256e-01  3.41597409e-01  2.99524411e-01  3.00475589e-01 
 4.70106256e-01  3.41319412e-01  2.99523451e-01  3.00476549e-01 
 4.70206256e-01  3.41042284e-01  2.99522509e-01  3.00477491e-01 
 4.70306256e-01  3.40766036e-01  2.99521587e-01  3.00478413e-01 
 4.70406256e-01  3.40490678e-01  2.99520683e-01  3.00479317e-01 
 4.70506256e-01  3.40216222e-01  2.99519798e-01  3.00480202e-01 
 4.70606256e-01  3.39942677e-01  2.99518933e-01  3.00481067e-01 
 4.70706256e-01  3.39670056e-01  2.99518086e-01  3.00481914e-01 
 4.70806256e-01  3.39398367e-01  2.99517258e-01  3.00482742e-01 
 4.70906256e-01  3.39127622e-01  2.99516449e-01  3.00483551e-01 
 4.71006256e-01  3.38857831e-01  2.99515660e-01  3.00484340e-01 
 4.71106256e-01  3.38589005e-01  2.99514889e-01  3.00485111e-01 
 4.71206256e-01  3.38321154e-01  2.99514138e-01  3.00485862e-01 
 4.71306256e-01  3.38054288e-01  2.99513406e-01  3.00486594e-01 
 4.71406256e-01  3.37788418e-01  2.99512693e-01  3.00487307e-01 
 4.71506256e-01  3.37523555e-01  2.99511999e-01  3.00488001e-01 
 4.71606256e-01  3.37259707e-01  2.99511324e-01  3.00488676e-01 
 4.71706256e-01  3.36996886e-01  2.99510669e-01  3.00489331e-01 
 4.71806256e-01  3.36735102e-01  2.99510033e-01  3.00489967e-01 
 4.71906256e-01  3.36474365e-01  2.99509417e-01  3.00490583e-01 
 4.72006256e-01  3.36214684e-01  2.99508820e-01  3.00491180e-01 
 4.72106256e-01  3.35956071e-01  2.99508242e-01  3.00491758e-01 
 4.72206256e-01  3.35698534e-01  2.99507683e-01  3.00492317e-01 
 4.72306256e-01  3.35442084e-01  2.99507145e-01  3.00492855e-01 
 4.72406256e-01  3.35186731e-01  2.99506625e-01  3.00493375e-01 
 4.72506256e-01  3.34932484e-01  2.99506125e-01  3.00493875e-01 
 4.72606256e-01  3.34679354e-01  2.99505645e-01  3.00494355e-01 
 4.72706256e-01  3.34427350e-01  2.99505184e-01  3.00494816e-01 
 4.72806256e-01  3.34176482e-01  2.99504742e-01  3.00495258e-01 
 4.72906256e-01  3.33926759e-01  2.99504320e-01  3.00495680e-01 
 4.73006256e-01  3.33678191e-01  2.99503918e-01  3.00496082e-01 
 4.73106256e-01  3.33430787e-01  2.99503535e-01  3.00496465e-01 
 4.73206256e-01  3.33184558e-01  2.99503172e-01  3.00496828e-01 
 4.73306256e-01  3.32939513e-01  2.99502829e-01  3.00497171e-01 
 4.73406256e-01  3.32695660e-01  2.99502505e-01  3.00497495e-01 
 4.73506256e-01  3.32453009e-01  2.99502201e-01  3.00497799e-01 
 4.73606256e-01  3.32211570e-01  2.99501916e-01  3.00498084e-01 
 4.73706256e-01  3.31971352e-01  2.99501651e-01  3.00498349e-01 
 4.73806256e-01  3.31732364e-01  2.99501406e-01  3.00498594e-01 
 4.73906256e-01  3.31494615e-01  2.99501180e-01  3.00498820e-01 
 4.74006256e-01  3.31258115e-01  2.99500974e-01  3.00499026e-01 
 4.74106256e-01  3.31022871e-01  2.99500788e-01  3.00499212e-01 
 4.74206256e-01  3.30788894e-01  2.99500622e-01  3.00499378e-01 
 4.74306256e-01  3.30556192e-01  2.99500475e-01  3.00499525e-01 
 4.74406256e-01  3.30324775e-01  2.99500348e-01  3.00499652e-01 
 4.74506256e-01  3.30094650e-01  2.99500241e-01  3.00499759e-01 
 4.74606256e-01  3.29865826e-01  2.99500153e-01  3.00499847e-01 
 4.74706256e-01  3.29638314e-01  2.99500085e-01  3.00499915e-01 
 4.74806256e-01  3.29412120e-01  2.99500037e-01  3.00499963e-01 
 4.74906256e-01  3.29187254e-01  2.99500009e-01  3.00499991e-01 
 4.75006256e-01  3.28963724e-01  2.99500000e-01  3.00500000e-01 
 4.75106256e-01  3.28741538e-01  2.99500011e-01  3.00499989e-01 
 4.75206256e-01  3.28520706e-01  2.99500042e-01  3.00499958e-01 
 4.75306256e-01  3.28301236e-01  2.99500093e-01  3.00499907e-01 
 4.75406256e-01  3.28083135e-01  2.99500163e-01  3.00499837e-01 
 4.75506256e-01  3.27866412e-01  2.99500253e-01  3.00499747e-01 
 4.75606256e-01  3.27651076e-01  2.99500363e-01  3.00499637e-01 
 4.75706256e-01  3.27437134e-01  2.99500492e-01  3.00499508e-01 
 4.75806256e-01  3.27224594e-01  2.99500641e-01  3.00499359e-01 
 4.75906256e-01  3.27013466e-01  2.99500810e-01  3.00499190e-01 
 4.76006256e-01  3.26803755e-01  2.99500999e-01  3.00499001e-01 
 4.76106256e-01  3.26595471e-01  2.99501207e-01  3.00498793e-01 
 4.76206256e-01  3.26388622e-01  2.99501435e-01  3.00498565e-01 
 4.76306256e-01  3.26183214e-01  2.99501683e-01  3.00498317e-01 
 4.76406256e-01  3.25979257e-01  2.99501950e-01  3.00498050e-01 
 4.76506256e-01  3.25776757e-01  2.99502238e-01  3.00497762e-01 
 4.76606256e-01  3.25575722e-01  2.99502544e-01  3.00497456e-01 
 4.76706256e-01  3.25376159e-01  2.99502871e-01  3.00497129e-01 
 4.76806256e-01  3.25178077e-01  2.99503217e-01  3.00496783e-01 
 4.76906256e-01  3.24981483e-01  2.99503582e-01  3.00496418e-01 
 4.77006256e-01  3.24786383e-01  2.99503967e-01  3.00496033e-01 
 4.77106256e-01  3.24592786e-01  2.99504372e-01  3.00495628e-01 
 4.77206256e-01  3.24400699e-01  2.99504796e-01  3.00495204e-01 
 4.77306256e-01  3.24210128e-01  2.99505240e-01  3.00494760e-01 
 4.77406256e-01  3.24021081e-01  2.99505704e-01  3.00494296e-01 
 4.77506256e-01  3.23833565e-01  2.99506187e-01  3.00493813e-01 
 4.77606256e-01  3.23647587e-01  2.99506689e-01  3.00493311e-01 
 4.77706256e-01  3.23463153e-01  2.99507211e-01  3.00492789e-01 
 4.77806256e-01  3.23280272e-01  2.99507752e-01  3.00492248e-01 
 4.77906256e-01  3.23098949e-01  2.99508313e-01  3.00491687e-01 
 4.78006256e-01  3.22919191e-01  2.99508893e-01  3.00491107e-01 
 4.78106256e-01  3.22741005e-01  2.99509493e-01  3.00490507e-01 
 4.78206256e-01  3.22564398e-01  2.99510112e-01  3.00489888e-01 
 4.78306256e-01  3.22389376e-01  2.99510750e-01  3.00489250e-01 
 4.78406256e-01  3.22215946e-01  2.99511408e-01  3.00488592e-01 
 4.78506256e-01  3.22044114e-01  2.99512085e-01  3.00487915e-01 
 4.78606256e-01  3.21873886e-01  2.99512781e-01  3.00487219e-01 
 4.78706256e-01  3.21705269e-01  2.99513496e-01  3.00486504e-01 
 4.78806256e-01  3.21538269e-01  2.99514231e-01  3.00485769e-01 
 4.78906256e-01  3.21372892e-01  2.99514984e-01  3.00485016e-01 
 4.79006256e-01  3.21209144e-01  2.99515757e-01  3.00484243e-01 
 4.79106256e-01  3.21047031e-01  2.99516549e-01  3.00483451e-01 
 4.79206256e-01  3.20886560e-01  2.99517360e-01  3.00482640e-01 
 4.79306256e-01  3.20727735e-01  2.99518191e-01  3.00481809e-01 
 4.79406256e-01  3.20570564e-01  2.99519040e-01  3.00480960e-01 
 4.79506256e-01  3.20415052e-01  2.99519908e-01  3.00480092e-01 
 4.79606256e-01  3.20261203e-01  2.99520795e-01  3.00479205e-01 
 4.79706256e-01  3.20109025e-01  2.99521701e-01  3.00478299e-01 
 4.79806256e-01  3.19958523e-01  2.99522626e-01  3.00477374e-01 
 4.79906256e-01  3.19809701e-01  2.99523570e-01  3.00476430e-01 
 4.80006256e-01  3.19662567e-01  2.99524533e-01  3.00475467e-01 
 4.80106256e-01  3.19517124e-01  2.99525514e-01  3.00474486e-01 
 4.80206256e-01  3.19373378e-01  2.99526514e-01  3.00473486e-01 
 4.80306256e-01  3.19231335e-01  2.99527533e-01  3.00472467e-01 
 4.80406256e-01  3.19090999e-01  2.99528570e-01  3.00471430e-01 
 4.80506256e-01  3.18952376e-01  2.99529626e-01  3.00470374e-01 
 4.80606256e-01  3.18815471e-01  2.99530701e-01  3.00469299e-01 
 4.80706256e-01  3.18680289e-01  2.99531794e-01  3.00468206e-01 
 4.80806256e-01  3.18546834e-01  2.99532906e-01  3.00467094e-01 
 4.80906256e-01  3.18415112e-01  2.99534036e-01  3.00465964e-01 
 4.81006256e-01  3.18285126e-01  2.99535184e-01  3.00464816e-01 
 4.81106256e-01  3.18156883e-01  2.99536351e-01  3.00463649e-01 
 4.81206256e-01  3.18030386e-01  2.99537536e-01  3.00462464e-01 
 4.81306256e-01  3.17905640e-01  2.99538739e-01  3.00461261e-01 
 4.81406256e-01  3.17782649e-01  2.99539961e-01  3.00460039e-01 
 4.81506256e-01  3.17661419e-01  2.99541201e-01  3.00458799e-01 
 4.81606256e-01  3.17541953e-01  2.99542459e-01  3.00457541e-01 
 4.81706256e-01  3.17424255e-01  2.99543735e-01  3.00456265e-01 
 4.81806256e-01  3.17308330e-01  2.99545028e-01  3.00454972e-01 
 4.81906256e-01  3.17194181e-01  2.99546340e-01  3.00453660e-01 
 4.82006256e-01  3.17081814e-01  2.99547670e-01  3.00452330e-01 
 4.82106256e-01  3.16971231e-01  2.99549018e-01  3.00450982e-01 
 4.82206256e-01  3.16862438e-01  2.99550383e-01  3.00449617e-01 
 4.82306256e-01  3.16755437e-01  2.99551767e-01  3.00448233e-01 
 4.82406256e-01  3.16650232e-01  2.99553167e-01  3.00446833e-01 
 4.82506256e-01  3.16546828e-01  2.99554586e-01  3.00445414e-01 
 4.82606256e-01  3.16445227e-01  2.99556022e-01  3.00443978e-01 
 4.82706256e-01  3.16345434e-01  2.99557476e-01  3.00442524e-01 
 4.82806256e-01  3.16247451e-01  2.99558947e-01  3.00441053e-01 
 4.82906256e-01  3.16151283e-01  2.99560435e-01  3.00439565e-01 
 4.83006256e-01  3.16056933e-01  2.99561941e-01  3.00438059e-01 
 4.83106256e-01  3.15964403e-01  2.99563465e-01  3.00436535e-01 
 4.83206256e-01  3.15873698e-01  2.99565005e-01  3.00434995e-01 
 4.83306256e-01  3.15784820e-01  2.99566563e-01  3.00433437e-01 
 4.83406256e-01  3.15697772e-01  2.99568137e-01  3.00431863e-01 
 4.83506256e-01  3.15612558e-01  2.99569729e-01  3.00430271e-01 
 4.83606256e-01  3.15529180e-01  2.99571338e-01  3.00428662e-01 
 4.83706256e-01  3.15447641e-01  2.99572963e-01  3.00427037e-01 
 4.83806256e-01  3.15367944e-01  2.99574606e-01  3.00425394e-01 
 4.83906256e-01  3.15290092e-01  2.99576265e-01  3.00423735e-01 
 4.84006256e-01  3.15214087e-01  2.99577941e-01  3.00422059e-01 
 4.84106256e-01  3.15139933e-01  2.99579634e-01  3.00420366e-01 
 4.84206256e-01  3.15067630e-01  2.99581343e-01  3.00418657e-01 
 4.84306256e-01  3.14997183e-01  2.99583069e-01  3.00416931e-01 
 4.84406256e-01  3.14928593e-01  2.99584812e-01  3.00415188e-01 
 4.84506256e-01  3.14861862e-01  2.99586570e-01  3.00413430e-01 
 4.84606256e-01  3.14796994e-01  2.99588345e-01  3.00411655e-01 
 4.84706256e-01  3.14733989e-01  2.99590136e-01  3.00409864e-01 
 4.84806256e-01  3.14672850e-01  2.99591944e-01  3.00408056e-01 
 4.84906256e-01  3.14613579e-01  2.99593767e-01  3.00406233e-01 
 4.85006256e-01  3.14556179e-01  2.99595607e-01  3.00404393e-01 
 4.85106256e-01  3.14500650e-01  2.99597463e-01  3.00402537e-01 
 4.85206256e-01  3.14446995e-01  2.99599334e-01  3.00400666e-01 
 4.85306256e-01  3.14395215e-01  2.99601221e-01  3.00398779e-01 
 4.85406256e-01  3.14345312e-01  2.99603124e-01  3.00396876e-01 
 4.85506256e-01  3.14297288e-01  2.99605043e-01  3.00394957e-01 
 4.85606256e-01  3.14251144e-01  2.99606977e-01  3.00393023e-01 
 4.85706256e-01  3.14206881e-01  2.99608927e-01  3.00391073e-01 
 4.85806256e-01  3.14164502e-01  2.99610892e-01  3.00389108e-01 
 4.85906256e-01  3.14124007e-01  2.99612873e-01  3.00387127e-01 
 4.86006256e-01  3.14085397e-01  2.99614869e-01  3.00385131e-01 
 4.86106256e-01  3.14048674e-01  2.99616880e-01  3.00383120e-01 
 4.86206256e-01  3.14013839e-01  2.99618906e-01  3.00381094e-01 
 4.86306256e-01  3.13980892e-01  2.99620947e-01  3.00379053e-01 
 4.86406256e-01  3.13949836e-01  2.99623003e-01  3.00376997e-01 
 4.86506256e-01  3.13920669e-01  2.99625074e-01  3.00374926e-01 
 4.86606256e-01  3.13893394e-01  2.99627160e-01  3.00372840e-01 
 4.86706256e-01  3.13868012e-01  2.99629261e-01  3.00370739e-01 
 4.86806256e-01  3.13844522e-01  2.99631376e-01  3.00368624e-01 
 4.86906256e-01  3.13822925e-01  2.99633506e-01  3.00366494e-01 
 4.87006256e-01  3.13803223e-01  2.99635650e-01  3.00364350e-01 
 4.87106256e-01  3.13785414e-01  2.99637809e-01  3.00362191e-01 
 4.87206256e-01  3.13769501e-01  2.99639982e-01  3.00360018e-01 
 4.87306256e-01  3.13755482e-01  2.99642169e-01  3.00357831e-01 
 4.87406256e-01  3.13743359e-01  2.99644370e-01  3.00355630e-01 
 4.87506256e-01  3.13733131e-01  2.99646586e-01  3.00353414e-01 
 4.87606256e-01  3.13724799e-01  2.99648815e-01  3.00351185e-01 
 4.87706256e-01  3.13718362e-01  2.99651058e-01  3.00348942e-01 
 4.87806256e-01  3.13713820e-01  2.99653315e-01  3.00346685e-01 
 4.87906256e-01  3.13711175e-01  2.99655586e-01  3.00344414e-01 
 4.88006256e-01  3.13710424e-01  2.99657870e-01  3.00342130e-01 
 4.88106256e-01  3.13711568e-01  2.99660167e-01  3.00339833e-01 
 4.88206256e-01  3.13714607e-01  2.99662479e-01  3.00337521e-01 
 4.88306256e-01  3.13719540e-01  2.99664803e-01  3.00335197e-01 
 4.88406256e-01  3.13726367e-01  2.99667141e-01  3.00332859e-01 
 4.88506256e-01  3.13735087e-01  2.99669492e-01  3.00330508e-01 
 4.88606256e-01  3.13745700e-01  2.99671855e-01  3.00328145e-01 
 4.88706256e-01  3.13758204e-01  2.99674232e-01  3.00325768e-01 
 4.88806256e-01  3.13772600e-01  2.99676622e-01  3.00323378e-01 
 4.88906256e-01  3.13788886e-01  2.99679024e-01  3.00320976e-01 
 4.89006256e-01  3.13807062e-01  2.99681439e-01  3.00318561e-01 
 4.89106256e-01  3.13827126e-01  2.99683867e-01  3.00316133e-01 
 4.89206256e-01  3.13849077e-01  2.99686307e-01  3.00313693e-01 
 4.89306256e-01  3.13872915e-01  2.99688760e-01  3.00311240e-01 
 4.89406256e-01  3.13898638e-01  2.99691225e-01  3.00308775e-01 
 4.89506256e-01  3.13926245e-01  2.99693702e-01  3.00306298e-01 
 4.89606256e-01  3.13955735e-01  2.99696191e-01  3.00303809e-01 
 4.89706256e-01  3.13987106e-01  2.99698692e-01  3.00301308e-01 
 4.89806256e-01  3.14020357e-01  2.99701205e-01  3.00298795e-01 
 4.89906256e-01  3.14055486e-01  2.99703730e-01  3.00296270e-01 
 4.90006256e-01  3.14092492e-01  2.99706266e-01  3.00293734e-01 
 4.90106256e-01  3.14131373e-01  2.99708814e-01  3.00291186e-01 
 4.90206256e-01  3.14172127e-01  2.99711374e-01  3.00288626e-01 
 4.90306256e-01  3.14214753e-01  2.99713945e-01  3.00286055e-01 
 4.90406256e-01  3.14259249e-01  2.99716527e-01  3.00283473e-01 
 4.90506256e-01  3.14305612e-01  2.99719121e-01  3.00280879e-01 
 4.90606256e-01  3.14353842e-01  2.99721725e-01  3.00278275e-01 
 4.90706256e-01  3.14403934e-01  2.99724341e-01  3.00275659e-01 
 4.90806256e-01  3.14455889e-01  2.99726967e-01  3.00273033e-01 
 4.90906256e-01  3.14509703e-01  2.99729605e-01  3.00270395e-01 
 4.91006256e-01  3.14565373e-01  2.99732253e-01  3.00267747e-01 
 4.91106256e-01  3.14622899e-01  2.99734911e-01  3.00265089e-01 
 4.91206256e-01  3.14682277e-01  2.99737580e-01  3.00262420e-01 
 4.91306256e-01  3.14743505e-01  2.99740259e-01  3.00259741e-01 
 4.91406256e-01  3.14806580e-01  2.99742949e-01  3.00257051e-01 
 4.91506256e-01  3.14871499e-01  2.99745648e-01  3.00254352e-01 
 4.91606256e-01  3.14938261e-01  2.99748358e-01  3.00251642e-01 
 4.91706256e-01  3.15006862e-01  2.99751078e-01  3.00248922e-01 
 4.91806256e-01  3.15077300e-01  2.99753807e-01  3.00246193e-01 
 4.91906256e-01  3.15149571e-01  2.99756547e-01  3.00243453e-01 
 4.92006256e-01  3.15223672e-01  2.99759295e-01  3.00240705e-01 
 4.92106256e-01  3.15299602e-01  2.99762054e-01  3.00237946e-01 
 4.92206256e-01  3.15377355e-01  2.99764821e-01  3.00235179e-01 
 4.92306256e-01  3.15456930e-01  2.99767598e-01  3.00232402e-01 
 4.92406256e-01  3.15538323e-01  2.99770385e-01  3.00229615e-01 
 4.92506256e-01  3.15621531e-01  2.99773180e-01  3.00226820e-01 
 4.92606256e-01  3.15706551e-01  2.99775984e-01  3.00224016e-01 
 4.92706256e-01  3.15793378e-01  2.99778797e-01  3.00221203e-01 
 4.92806256e-01  3.15882010e-01  2.99781619e-01  3.00218381e-01 
 4.92906256e-01  3.15972443e-01  2.99784449e-01  3.00215551e-01 
 4.93006256e-01  3.16064674e-01  2.99787288e-01  3.00212712e-01 
 4.93106256e-01  3.16158698e-01  2.99790135e-01  3.00209865e-01 
 4.93206256e-01  3.16254512e-01  2.99792991e-01  3.00207009e-01 
 4.93306256e-01  3.16352112e-01  2.99795855e-01  3.00204145e-01 
 4.93406256e-01  3.16451495e-01  2.99798727e-01  3.00201273e-01 
 4.93506256e-01  3.16552655e-01  2.99801606e-01  3.00198394e-01 
 4.93606256e-01  3.16655590e-01  2.99804494e-01  3.00195506e-01 
 4.93706256e-01  3.16760296e-01  2.99807389e-01  3.00192611e-01 
 4.93806256e-01  3.16866767e-01  2.99810292e-01  3.00189708e-01 
 4.93906256e-01  3.16975000e-01  2.99813203e-01  3.00186797e-01 
 4.94006256e-01  3.17084990e-01  2.99816120e-01  3.00183880e-01 
 4.94106256e-01  3.17196734e-01  2.99819046e-01  3.00180954e-01 
 4.94206256e-01  3.17310227e-01  2.99821978e-01  3.00178022e-01 
 4.94306256e-01  3.17425464e-01  2.99824917e-01  3.00175083e-01 
 4.94406256e-01  3.17542441e-01  2.99827863e-01  3.00172137e-01 
 4.94506256e-01  3.17661152e-01  2.99830816e-01  3.00169184e-01 
 4.94606256e-01  3.17781595e-01  2.99833776e-01  3.00166224e-01 
 4.94706256e-01  3.17903763e-01  2.99836742e-01  3.00163258e-01 
 4.94806256e-01  3.18027652e-01  2.99839714e-01  3.00160286e-01 
 4.94906256e-01  3.18153258e-01  2.99842693e-01  3.00157307e-01 
 4.95006256e-01  3.18280575e-01  2.99845678e-01  3.00154322e-01 
 4.95106256e-01  3.18409597e-01  2.99848670e-01  3.00151330e-01 
 4.95206256e-01  3.18540322e-01  2.99851667e-01  3.00148333e-01 
 4.95306256e-01  3.18672742e-01  2.99854670e-01  3.00145330e-01 
 4.95406256e-01  3.18806853e-01  2.99857679e-01  3.00142321e-01 
 4.95506256e-01  3.18942650e-01  2.99860693e-01  3.00139307e-01 
 4.95606256e-01  3.19080127e-01  2.99863713e-01  3.00136287e-01 
 4.95706256e-01  3.19219279e-01  2.99866738e-01  3.00133262e-01 
 4.95806256e-01  3.19360101e-01  2.99869769e-01  3.00130231e-01 
 4.95906256e-01  3.19502587e-01  2.99872805e-01  3.00127195e-01 
 4.96006256e-01  3.19646731e-01  2.99875845e-01  3.00124155e-01 
 4.96106256e-01  3.19792529e-01  2.99878891e-01  3.00121109e-01 
 4.96206256e-01  3.19939973e-01  2.99881941e-01  3.00118059e-01 
 4.96306256e-01  3.20089060e-01  2.99884997e-01  3.00115003e-01 
 4.96406256e-01  3.20239782e-01  2.99888056e-01  3.00111944e-01 
 4.96506256e-01  3.20392134e-01  2.99891120e-01  3.00108880e-01 
 4.96606256e-01  3.20546110e-01  2.99894189e-01  3.00105811e-01 
 4.96706256e-01  3.20701703e-01  2.99897261e-01  3.00102739e-01 
 4.96806256e-01  3.20858909e-01  2.99900338e-01  3.00099662e-01 
 4.96906256e-01  3.21017721e-01  2.99903418e-01  3.00096582e-01 
 4.97006256e-01  3.21178133e-01  2.99906502e-01  3.00093498e-01 
 4.97106256e-01  3.21340138e-01  2.99909590e-01  3.00090410e-01 
 4.97206256e-01  3.21503730e-01  2.99912682e-01  3.00087318e-01 
 4.97306256e-01  3.21668903e-01  2.99915777e-01  3.00084223e-01 
 4.97406256e-01  3.21835651e-01  2.99918875e-01  3.00081125e-01 
 4.97506256e-01  3.22003966e-01  2.99921977e-01  3.00078023e-01 
 4.97606256e-01  3.22173843e-01  2.99925082e-01  3.00074918e-01 
 4.97706256e-01  3.22345275e-01  2.99928189e-01  3.00071811e-01 
 4.97806256e-01  3.22518256e-01  2.99931300e-01  3.00068700e-01 
 4.97906256e-01  3.22692778e-01  2.99934413e-01  3.00065587e-01 
 4.98006256e-01  3.22868834e-01  2.99937528e-01  3.00062472e-01 
 4.98106256e-01  3.23046419e-01  2.99940647e-01  3.00059353e-01 
 4.98206256e-01  3.23225525e-01  2.99943767e-01  3.00056233e-01 
 4.98306256e-01  3.23406146e-01  2.99946890e-01  3.00053110e-01 
 4.98406256e-01  3.23588273e-01  2.99950015e-01  3.00049985e-01 
 4.98506256e-01  3.23771901e-01  2.99953141e-01  3.00046859e-01 
 4.98606256e-01  3.23957022e-01  2.99956270e-01  3.00043730e-01 
 4.98706256e-01  3.24143629e-01  2.99959401e-01  3.00040599e-01 
 4.98806256e-01  3.24331715e-01  2.99962533e-01  3.00037467e-01 
 4.98906256e-01  3.24521272e-01  2.99965666e-01  3.00034334e-01 
 4.99006256e-01  3.24712294e-01  2.99968801e-01  3.00031199e-01 
 4.99106256e-01  3.24904772e-01  2.99971937e-01  3.00028063e-01 
 4.99206256e-01  3.25098700e-01  2.99975074e-01  3.00024926e-01 
 4.99306256e-01  3.25294069e-01  2.99978212e-01  3.00021788e-01 
 4.99406256e-01  3.25490873e-01  2.99981351e-01  3.00018649e-01 
 4.99506256e-01  3.25689104e-01  2.99984491e-01  3.00015509e-01 
 4.99606256e-01  3.25888753e-01  2.99987631e-01  3.00012369e-01 
 4.99706256e-01  3.26089815e-01  2.99990772e-01  3.00009228e-01 
 4.99806256e-01  3.26292279e-01  2.99993913e-01  3.00006087e-01 
 4.99906256e-01  3.26496140e-01  2.99997055e-01  3.00002945e-01 
 5.00000000e-01  3.26688700e-01  3.00000000e-01  3.00000000e-01 
