 1.00000000e-06  6.70432698e-04  3.00000000e-01 
 1.12214128e-06  1.34305312e-05  3.00000000e-01 
 1.36642385e-06 -7.32375497e-06  3.00000000e-01 
 1.85498899e-06  6.21570294e-07  3.00000000e-01 
 2.83211927e-06  8.09469919e-07  3.00000000e-01 
 4.78637983e-06  7.75386892e-07  3.00000000e-01 
 8.69490094e-06  6.71230597e-07  3.00000000e-01 
 1.65119432e-05  2.48484462e-07  3.00000000e-01 
 3.21460276e-05 -6.78223132e-07  3.00000000e-01 
 6.34141965e-05 -1.39648888e-06  3.00000000e-01 
 1.00000000e-04 -1.20427287e-06  3.00000000e-01 
 1.06253634e-04 -1.01883785e-06  3.00000000e-01 
 1.18760901e-04 -5.82108498e-07  3.00000000e-01 
 1.43775436e-04  1.13528740e-06  3.00000000e-01 
 1.93804507e-04  1.82781257e-05  3.00000000e-01 
 2.93804507e-04  8.98884573e-04  3.00000000e-01 
 3.93804507e-04  8.14567795e-02  3.00000000e-01 
 4.93804507e-04  8.92122689e-01  3.00000000e-01 
 5.93804507e-04  8.99386235e-01  3.00000000e-01 
 6.93804507e-04  4.47312193e-01  3.00000000e-01 
 7.93804507e-04  1.38652100e-05  3.00000000e-01 
 8.93804507e-04  2.71480113e-07  3.00000000e-01 
 9.93804507e-04  1.13821971e-07  3.00000000e-01 
 1.09380451e-03  4.00685346e-09  3.00000000e-01 
 1.19380451e-03 -1.08704291e-08  3.00000000e-01 
 1.29380451e-03 -3.53497402e-09  3.00000000e-01 
 1.39380451e-03 -1.19265698e-10  3.00000000e-01 
 1.49380451e-03  3.40773990e-10  3.00000000e-01 
 1.59380451e-03  2.27674910e-10  3.00000000e-01 
 1.69380451e-03  1.71742068e-10  3.00000000e-01 
 1.79380451e-03  1.61778292e-10  3.00000000e-01 
 1.89380451e-03  1.62379673e-10  3.00000000e-01 
 1.99380451e-03  1.63177655e-10  3.00000000e-01 
 2.09380451e-03  1.63372540e-10  3.00000000e-01 
 2.19380451e-03  1.63385583e-10  3.00000000e-01 
 2.29380451e-03  1.63380838e-10  3.00000000e-01 
 2.39380451e-03  1.63379388e-10  3.00000000e-01 
 2.49380451e-03  1.63379051e-10  3.00000000e-01 
 2.59380451e-03  1.63378880e-10  3.00000000e-01 
 2.69380451e-03  1.63378725e-10  3.00000000e-01 
 2.79380451e-03  1.63378702e-10  3.00000000e-01 
 2.89380451e-03  1.63378760e-10  3.00000000e-01 
 2.99380451e-03  1.63378709e-10  3.00000000e-01 
 3.09380451e-03  1.63378769e-10  3.00000000e-01 
 3.19380451e-03  1.63378711e-10  3.00000000e-01 
 3.29380451e-03  1.63378711e-10  3.00000000e-01 
 3.39380451e-03  1.63378769e-10  3.00000000e-01 
 3.49380451e-03  1.63378769e-10  3.00000000e-01 
 3.59380451e-03  1.63378769e-10  3.00000000e-01 
 3.69380451e-03  1.63378769e-10  3.00000000e-01 
 3.79380451e-03  1.63378769e-10  3.00000000e-01 
 3.89380451e-03  1.63378769e-10  3.00000000e-01 
 3.99380451e-03  1.63378769e-10  3.00000000e-01 
 4.09380451e-03  1.63378769e-10  3.00000000e-01 
 4.19380451e-03  1.63378769e-10  3.00000000e-01 
 4.29380451e-03  1.63378769e-10  3.00000000e-01 
 4.39380451e-03  1.63378769e-10  3.00000000e-01 
 4.49380451e-03  1.63378769e-10  3.00000000e-01 
 4.59380451e-03  1.63378769e-10  3.00000000e-01 
 4.69380451e-03  1.63378769e-10  3.00000000e-01 
 4.79380451e-03  1.63378769e-10  3.00000000e-01 
 4.89380451e-03  1.63378769e-10  3.00000000e-01 
 4.99380451e-03  1.63378769e-10  3.00000000e-01 
 5.09380451e-03  1.63378769e-10  3.00000000e-01 
 5.19380451e-03  1.63378769e-10  3.00000000e-01 
 5.29380451e-03  1.63378769e-10  3.00000000e-01 
 5.39380451e-03  1.63378769e-10  3.00000000e-01 
 5.49380451e-03  1.63378769e-10  3.00000000e-01 
 5.59380451e-03  1.63378769e-10  3.00000000e-01 
 5.69380451e-03  1.63378769e-10  3.00000000e-01 
 5.79380451e-03  1.63378769e-10  3.00000000e-01 
 5.89380451e-03  1.63378769e-10  3.00000000e-01 
 5.99380451e-03  1.63378769e-10  3.00000000e-01 
 6.09380451e-03  1.63378769e-10  3.00000000e-01 
 6.19380451e-03  1.63378769e-10  3.00000000e-01 
 6.29380451e-03  1.63378769e-10  3.00000000e-01 
 6.39380451e-03  1.63378769e-10  3.00000000e-01 
 6.49380451e-03  1.63378769e-10  3.00000000e-01 
 6.59380451e-03  1.63378769e-10  3.00000000e-01 
 6.69380451e-03  1.63378769e-10  3.00000000e-01 
 6.79380451e-03  1.63378769e-10  3.00000000e-01 
 6.89380451e-03  1.63378769e-10  3.00000000e-01 
 6.99380451e-03  1.63378769e-10  3.00000000e-01 
 7.09380451e-03  1.63378769e-10  3.00000000e-01 
 7.19380451e-03  1.63378769e-10  3.00000000e-01 
 7.29380451e-03  1.63378769e-10  3.00000000e-01 
 7.39380451e-03  1.63378769e-10  3.00000000e-01 
 7.49380451e-03  1.63378769e-10  3.00000000e-01 
 7.59380451e-03  1.63378769e-10  3.00000000e-01 
 7.69380451e-03  1.63378769e-10  3.00000000e-01 
 7.79380451e-03  1.63378769e-10  3.00000000e-01 
 7.89380451e-03  1.63378769e-10  3.00000000e-01 
 7.99380451e-03  1.63378769e-10  3.00000000e-01 
 8.09380451e-03  1.63378769e-10  3.00000000e-01 
 8.19380451e-03  1.63378769e-10  3.00000000e-01 
 8.29380451e-03  1.63378769e-10  3.00000000e-01 
 8.39380451e-03  1.63378769e-10  3.00000000e-01 
 8.49380451e-03  1.63378769e-10  3.00000000e-01 
 8.59380451e-03  1.63378769e-10  3.00000000e-01 
 8.69380451e-03  1.63378769e-10  3.00000000e-01 
 8.79380451e-03  1.63378769e-10  3.00000000e-01 
 8.89380451e-03  1.63378769e-10  3.00000000e-01 
 8.99380451e-03  1.63378769e-10  3.00000000e-01 
 9.09380451e-03  1.63378769e-10  3.00000000e-01 
 9.19380451e-03  1.63378769e-10  3.00000000e-01 
 9.29380451e-03  1.63378769e-10  3.00000000e-01 
 9.39380451e-03  1.63378769e-10  3.00000000e-01 
 9.49380451e-03  1.63378769e-10  3.00000000e-01 
 9.59380451e-03  1.63378769e-10  3.00000000e-01 
 9.69380451e-03  1.63378769e-10  3.00000000e-01 
 9.79380451e-03  1.63378769e-10  3.00000000e-01 
 9.89380451e-03  1.63378769e-10  3.00000000e-01 
 9.99380451e-03  1.63378769e-10  3.00000000e-01 
 1.00938045e-02  1.63378769e-10  3.00000000e-01 
 1.01938045e-02  1.63378769e-10  3.00000000e-01 
 1.02938045e-02  1.63378769e-10  3.00000000e-01 
 1.03938045e-02  1.63378769e-10  3.00000000e-01 
 1.04938045e-02  1.63378769e-10  3.00000000e-01 
 1.05938045e-02  1.63378769e-10  3.00000000e-01 
 1.06938045e-02  1.63378769e-10  3.00000000e-01 
 1.07938045e-02  1.63378769e-10  3.00000000e-01 
 1.08938045e-02  1.63378769e-10  3.00000000e-01 
 1.09938045e-02  1.63378769e-10  3.00000000e-01 
 1.10938045e-02  1.63378769e-10  3.00000000e-01 
 1.11938045e-02  1.63378769e-10  3.00000000e-01 
 1.12938045e-02  1.63378769e-10  3.00000000e-01 
 1.13938045e-02  1.63378769e-10  3.00000000e-01 
 1.14938045e-02  1.63378769e-10  3.00000000e-01 
 1.15938045e-02  1.63378769e-10  3.00000000e-01 
 1.16938045e-02  1.63378769e-10  3.00000000e-01 
 1.17938045e-02  1.63378769e-10  3.00000000e-01 
 1.18938045e-02  1.63378769e-10  3.00000000e-01 
 1.19938045e-02  1.63378769e-10  3.00000000e-01 
 1.20938045e-02  1.63378769e-10  3.00000000e-01 
 1.21938045e-02  1.63378769e-10  3.00000000e-01 
 1.22938045e-02  1.63378769e-10  3.00000000e-01 
 1.23938045e-02  1.63378769e-10  3.00000000e-01 
 1.24938045e-02  1.63378769e-10  3.00000000e-01 
 1.25938045e-02  1.63378769e-10  3.00000000e-01 
 1.26938045e-02  1.63378769e-10  3.00000000e-01 
 1.27938045e-02  1.63378769e-10  3.00000000e-01 
 1.28938045e-02  1.63378769e-10  3.00000000e-01 
 1.29938045e-02  1.63378769e-10  3.00000000e-01 
 1.30938045e-02  1.63378769e-10  3.00000000e-01 
 1.31938045e-02  1.63378769e-10  3.00000000e-01 
 1.32938045e-02  1.63378769e-10  3.00000000e-01 
 1.33938045e-02  1.63378769e-10  3.00000000e-01 
 1.34938045e-02  1.63378769e-10  3.00000000e-01 
 1.35938045e-02  1.63378769e-10  3.00000000e-01 
 1.36938045e-02  1.63378769e-10  3.00000000e-01 
 1.37938045e-02  1.63378769e-10  3.00000000e-01 
 1.38938045e-02  1.63378769e-10  3.00000000e-01 
 1.39938045e-02  1.63378769e-10  3.00000000e-01 
 1.40938045e-02  1.63378769e-10  3.00000000e-01 
 1.41938045e-02  1.63378769e-10  3.00000000e-01 
 1.42938045e-02  1.63378769e-10  3.00000000e-01 
 1.43938045e-02  1.63378769e-10  3.00000000e-01 
 1.44938045e-02  1.63378769e-10  3.00000000e-01 
 1.45938045e-02  1.63378769e-10  3.00000000e-01 
 1.46938045e-02  1.63378769e-10  3.00000000e-01 
 1.47938045e-02  1.63378769e-10  3.00000000e-01 
 1.48938045e-02  1.63378769e-10  3.00000000e-01 
 1.49938045e-02  1.63378769e-10  3.00000000e-01 
 1.50938045e-02  1.63378769e-10  3.00000000e-01 
 1.51938045e-02  1.63378769e-10  3.00000000e-01 
 1.52938045e-02  1.63378769e-10  3.00000000e-01 
 1.53938045e-02  1.63378769e-10  3.00000000e-01 
 1.54938045e-02  1.63378769e-10  3.00000000e-01 
 1.55938045e-02  1.63378769e-10  3.00000000e-01 
 1.56938045e-02  1.63378769e-10  3.00000000e-01 
 1.57938045e-02  1.63378769e-10  3.00000000e-01 
 1.58938045e-02  1.63378769e-10  3.00000000e-01 
 1.59938045e-02  1.63378769e-10  3.00000000e-01 
 1.60938045e-02  1.63378769e-10  3.00000000e-01 
 1.61938045e-02  1.63378769e-10  3.00000000e-01 
 1.62938045e-02  1.63378769e-10  3.00000000e-01 
 1.63938045e-02  1.63378769e-10  3.00000000e-01 
 1.64938045e-02  1.63378769e-10  3.00000000e-01 
 1.65938045e-02  1.63378769e-10  3.00000000e-01 
 1.66938045e-02  1.63378769e-10  3.00000000e-01 
 1.67938045e-02  1.63378769e-10  3.00000000e-01 
 1.68938045e-02  1.63378769e-10  3.00000000e-01 
 1.69938045e-02  1.63378769e-10  3.00000000e-01 
 1.70938045e-02  1.63378769e-10  3.00000000e-01 
 1.71938045e-02  1.63378769e-10  3.00000000e-01 
 1.72938045e-02  1.63378769e-10  3.00000000e-01 
 1.73938045e-02  1.63378769e-10  3.00000000e-01 
 1.74938045e-02  1.63378769e-10  3.00000000e-01 
 1.75938045e-02  1.63378769e-10  3.00000000e-01 
 1.76938045e-02  1.63378769e-10  3.00000000e-01 
 1.77938045e-02  1.63378769e-10  3.00000000e-01 
 1.78938045e-02  1.63378769e-10  3.00000000e-01 
 1.79938045e-02  1.63378769e-10  3.00000000e-01 
 1.80938045e-02  1.63378769e-10  3.00000000e-01 
 1.81938045e-02  1.63378769e-10  3.00000000e-01 
 1.82938045e-02  1.63378769e-10  3.00000000e-01 
 1.83938045e-02  1.63378769e-10  3.00000000e-01 
 1.84938045e-02  1.63378769e-10  3.00000000e-01 
 1.85938045e-02  1.63378769e-10  3.00000000e-01 
 1.86938045e-02  1.63378769e-10  3.00000000e-01 
 1.87938045e-02  1.63378769e-10  3.00000000e-01 
 1.88938045e-02  1.63378769e-10  3.00000000e-01 
 1.89938045e-02  1.63378769e-10  3.00000000e-01 
 1.90938045e-02  1.63378769e-10  3.00000000e-01 
 1.91938045e-02  1.63378769e-10  3.00000000e-01 
 1.92938045e-02  1.63378769e-10  3.00000000e-01 
 1.93938045e-02  1.63378769e-10  3.00000000e-01 
 1.94938045e-02  1.63378769e-10  3.00000000e-01 
 1.95938045e-02  1.63378769e-10  3.00000000e-01 
 1.96938045e-02  1.63378769e-10  3.00000000e-01 
 1.97938045e-02  1.63378769e-10  3.00000000e-01 
 1.98938045e-02  1.63378769e-10  3.00000000e-01 
 1.99938045e-02  1.63378769e-10  3.00000000e-01 
 2.00938045e-02  1.63378769e-10  3.00000000e-01 
 2.01938045e-02  1.63378769e-10  3.00000000e-01 
 2.02938045e-02  1.63378769e-10  3.00000000e-01 
 2.03938045e-02  1.63378769e-10  3.00000000e-01 
 2.04938045e-02  1.63378769e-10  3.00000000e-01 
 2.05938045e-02  1.63378769e-10  3.00000000e-01 
 2.06938045e-02  1.63378769e-10  3.00000000e-01 
 2.07938045e-02  1.63378769e-10  3.00000000e-01 
 2.08938045e-02  1.63378769e-10  3.00000000e-01 
 2.09938045e-02  1.63378769e-10  3.00000000e-01 
 2.10938045e-02  1.63378769e-10  3.00000000e-01 
 2.11938045e-02  1.63378769e-10  3.00000000e-01 
 2.12938045e-02  1.63378769e-10  3.00000000e-01 
 2.13938045e-02  1.63378769e-10  3.00000000e-01 
 2.14938045e-02  1.63378769e-10  3.00000000e-01 
 2.15938045e-02  1.63378769e-10  3.00000000e-01 
 2.16938045e-02  1.63378769e-10  3.00000000e-01 
 2.17938045e-02  1.63378769e-10  3.00000000e-01 
 2.18938045e-02  1.63378769e-10  3.00000000e-01 
 2.19938045e-02  1.63378769e-10  3.00000000e-01 
 2.20938045e-02  1.63378769e-10  3.00000000e-01 
 2.21938045e-02  1.63378769e-10  3.00000000e-01 
 2.22938045e-02  1.63378769e-10  3.00000000e-01 
 2.23938045e-02  1.63378769e-10  3.00000000e-01 
 2.24938045e-02  1.63378769e-10  3.00000000e-01 
 2.25938045e-02  1.63378769e-10  3.00000000e-01 
 2.26938045e-02  1.63378769e-10  3.00000000e-01 
 2.27938045e-02  1.63378769e-10  3.00000000e-01 
 2.28938045e-02  1.63378769e-10  3.00000000e-01 
 2.29938045e-02  1.63378769e-10  3.00000000e-01 
 2.30938045e-02  1.63378769e-10  3.00000000e-01 
 2.31938045e-02  1.63378769e-10  3.00000000e-01 
 2.32938045e-02  1.63378769e-10  3.00000000e-01 
 2.33938045e-02  1.63378769e-10  3.00000000e-01 
 2.34938045e-02  1.63378769e-10  3.00000000e-01 
 2.35938045e-02  1.63378769e-10  3.00000000e-01 
 2.36938045e-02  1.63378769e-10  3.00000000e-01 
 2.37938045e-02  1.63378769e-10  3.00000000e-01 
 2.38938045e-02  1.63378769e-10  3.00000000e-01 
 2.39938045e-02  1.63378769e-10  3.00000000e-01 
 2.40938045e-02  1.63378769e-10  3.00000000e-01 
 2.41938045e-02  1.63378769e-10  3.00000000e-01 
 2.42938045e-02  1.63378769e-10  3.00000000e-01 
 2.43938045e-02  1.63378769e-10  3.00000000e-01 
 2.44938045e-02  1.63378769e-10  3.00000000e-01 
 2.45938045e-02  1.63378769e-10  3.00000000e-01 
 2.46938045e-02  1.63378769e-10  3.00000000e-01 
 2.47938045e-02  1.63378769e-10  3.00000000e-01 
 2.48938045e-02  1.63378769e-10  3.00000000e-01 
 2.49938045e-02  1.63378769e-10  3.00000000e-01 
 2.50938045e-02  1.63378769e-10  3.00000000e-01 
 2.51938045e-02  1.63378769e-10  3.00000000e-01 
 2.52938045e-02  1.63378769e-10  3.00000000e-01 
 2.53938045e-02  1.63378769e-10  3.00000000e-01 
 2.54938045e-02  1.63378769e-10  3.00000000e-01 
 2.55938045e-02  1.63378769e-10  3.00000000e-01 
 2.56938045e-02  1.63378769e-10  3.00000000e-01 
 2.57938045e-02  1.63378769e-10  3.00000000e-01 
 2.58938045e-02  1.63378769e-10  3.00000000e-01 
 2.59938045e-02  1.63378769e-10  3.00000000e-01 
 2.60938045e-02  1.63378769e-10  3.00000000e-01 
 2.61938045e-02  1.63378769e-10  3.00000000e-01 
 2.62938045e-02  1.63378769e-10  3.00000000e-01 
 2.63938045e-02  1.63378769e-10  3.00000000e-01 
 2.64938045e-02  1.63378769e-10  3.00000000e-01 
 2.65938045e-02  1.63378769e-10  3.00000000e-01 
 2.66938045e-02  1.63378769e-10  3.00000000e-01 
 2.67938045e-02  1.63378769e-10  3.00000000e-01 
 2.68938045e-02  1.63378769e-10  3.00000000e-01 
 2.69938045e-02  1.63378769e-10  3.00000000e-01 
 2.70938045e-02  1.63378769e-10  3.00000000e-01 
 2.71938045e-02  1.63378769e-10  3.00000000e-01 
 2.72938045e-02  1.63378769e-10  3.00000000e-01 
 2.73938045e-02  1.63378769e-10  3.00000000e-01 
 2.74938045e-02  1.63378769e-10  3.00000000e-01 
 2.75938045e-02  1.63378769e-10  3.00000000e-01 
 2.76938045e-02  1.63378769e-10  3.00000000e-01 
 2.77938045e-02  1.63378769e-10  3.00000000e-01 
 2.78938045e-02  1.63378769e-10  3.00000000e-01 
 2.79938045e-02  1.63378769e-10  3.00000000e-01 
 2.80938045e-02  1.63378769e-10  3.00000000e-01 
 2.81938045e-02  1.63378769e-10  3.00000000e-01 
 2.82938045e-02  1.63378769e-10  3.00000000e-01 
 2.83938045e-02  1.63378769e-10  3.00000000e-01 
 2.84938045e-02  1.63378769e-10  3.00000000e-01 
 2.85938045e-02  1.63378769e-10  3.00000000e-01 
 2.86938045e-02  1.63378769e-10  3.00000000e-01 
 2.87938045e-02  1.63378769e-10  3.00000000e-01 
 2.88938045e-02  1.63378769e-10  3.00000000e-01 
 2.89938045e-02  1.63378769e-10  3.00000000e-01 
 2.90938045e-02  1.63378769e-10  3.00000000e-01 
 2.91938045e-02  1.63378769e-10  3.00000000e-01 
 2.92938045e-02  1.63378769e-10  3.00000000e-01 
 2.93938045e-02  1.63378769e-10  3.00000000e-01 
 2.94938045e-02  1.63378769e-10  3.00000000e-01 
 2.95938045e-02  1.63378769e-10  3.00000000e-01 
 2.96938045e-02  1.63378769e-10  3.00000000e-01 
 2.97938045e-02  1.63378769e-10  3.00000000e-01 
 2.98938045e-02  1.63378769e-10  3.00000000e-01 
 2.99938045e-02  1.63378769e-10  3.00000000e-01 
 3.00938045e-02  1.63378769e-10  3.00000000e-01 
 3.01938045e-02  1.63378769e-10  3.00000000e-01 
 3.02938045e-02  1.63378769e-10  3.00000000e-01 
 3.03938045e-02  1.63378769e-10  3.00000000e-01 
 3.04938045e-02  1.63378769e-10  3.00000000e-01 
 3.05938045e-02  1.63378769e-10  3.00000000e-01 
 3.06938045e-02  1.63378769e-10  3.00000000e-01 
 3.07938045e-02  1.63378769e-10  3.00000000e-01 
 3.08938045e-02  1.63378769e-10  3.00000000e-01 
 3.09938045e-02  1.63378769e-10  3.00000000e-01 
 3.10938045e-02  1.63378769e-10  3.00000000e-01 
 3.11938045e-02  1.63378769e-10  3.00000000e-01 
 3.12938045e-02  1.63378769e-10  3.00000000e-01 
 3.13938045e-02  1.63378769e-10  3.00000000e-01 
 3.14938045e-02  1.63378769e-10  3.00000000e-01 
 3.15938045e-02  1.63378769e-10  3.00000000e-01 
 3.16938045e-02  1.63378769e-10  3.00000000e-01 
 3.17938045e-02  1.63378769e-10  3.00000000e-01 
 3.18938045e-02  1.63378769e-10  3.00000000e-01 
 3.19938045e-02  1.63378769e-10  3.00000000e-01 
 3.20938045e-02  1.63378769e-10  3.00000000e-01 
 3.21938045e-02  1.63378769e-10  3.00000000e-01 
 3.22938045e-02  1.63378769e-10  3.00000000e-01 
 3.23938045e-02  1.63378769e-10  3.00000000e-01 
 3.24938045e-02  1.63378769e-10  3.00000000e-01 
 3.25938045e-02  1.63378769e-10  3.00000000e-01 
 3.26938045e-02  1.63378769e-10  3.00000000e-01 
 3.27938045e-02  1.63378769e-10  3.00000000e-01 
 3.28938045e-02  1.63378769e-10  3.00000000e-01 
 3.29938045e-02  1.63378769e-10  3.00000000e-01 
 3.30938045e-02  1.63378769e-10  3.00000000e-01 
 3.31938045e-02  1.63378769e-10  3.00000000e-01 
 3.32938045e-02  1.63378769e-10  3.00000000e-01 
 3.33938045e-02  1.63378769e-10  3.00000000e-01 
 3.34938045e-02  1.63378769e-10  3.00000000e-01 
 3.35938045e-02  1.63378769e-10  3.00000000e-01 
 3.36938045e-02  1.63378769e-10  3.00000000e-01 
 3.37938045e-02  1.63378769e-10  3.00000000e-01 
 3.38938045e-02  1.63378769e-10  3.00000000e-01 
 3.39938045e-02  1.63378769e-10  3.00000000e-01 
 3.40938045e-02  1.63378769e-10  3.00000000e-01 
 3.41938045e-02  1.63378769e-10  3.00000000e-01 
 3.42938045e-02  1.63378769e-10  3.00000000e-01 
 3.43938045e-02  1.63378769e-10  3.00000000e-01 
 3.44938045e-02  1.63378769e-10  3.00000000e-01 
 3.45938045e-02  1.63378769e-10  3.00000000e-01 
 3.46938045e-02  1.63378769e-10  3.00000000e-01 
 3.47938045e-02  1.63378769e-10  3.00000000e-01 
 3.48938045e-02  1.63378769e-10  3.00000000e-01 
 3.49938045e-02  1.63378769e-10  3.00000000e-01 
 3.50938045e-02  1.63378769e-10  3.00000000e-01 
 3.51938045e-02  1.63378769e-10  3.00000000e-01 
 3.52938045e-02  1.63378769e-10  3.00000000e-01 
 3.53938045e-02  1.63378769e-10  3.00000000e-01 
 3.54938045e-02  1.63378769e-10  3.00000000e-01 
 3.55938045e-02  1.63378769e-10  3.00000000e-01 
 3.56938045e-02  1.63378769e-10  3.00000000e-01 
 3.57938045e-02  1.63378769e-10  3.00000000e-01 
 3.58938045e-02  1.63378769e-10  3.00000000e-01 
 3.59938045e-02  1.63378769e-10  3.00000000e-01 
 3.60938045e-02  1.63378769e-10  3.00000000e-01 
 3.61938045e-02  1.63378769e-10  3.00000000e-01 
 3.62938045e-02  1.63378769e-10  3.00000000e-01 
 3.63938045e-02  1.63378769e-10  3.00000000e-01 
 3.64938045e-02  1.63378769e-10  3.00000000e-01 
 3.65938045e-02  1.63378769e-10  3.00000000e-01 
 3.66938045e-02  1.63378769e-10  3.00000000e-01 
 3.67938045e-02  1.63378769e-10  3.00000000e-01 
 3.68938045e-02  1.63378769e-10  3.00000000e-01 
 3.69938045e-02  1.63378769e-10  3.00000000e-01 
 3.70938045e-02  1.63378769e-10  3.00000000e-01 
 3.71938045e-02  1.63378769e-10  3.00000000e-01 
 3.72938045e-02  1.63378769e-10  3.00000000e-01 
 3.73938045e-02  1.63378769e-10  3.00000000e-01 
 3.74938045e-02  1.63378769e-10  3.00000000e-01 
 3.75938045e-02  1.63378769e-10  3.00000000e-01 
 3.76938045e-02  1.63378769e-10  3.00000000e-01 
 3.77938045e-02  1.63378769e-10  3.00000000e-01 
 3.78938045e-02  1.63378769e-10  3.00000000e-01 
 3.79938045e-02  1.63378769e-10  3.00000000e-01 
 3.80938045e-02  1.63378769e-10  3.00000000e-01 
 3.81938045e-02  1.63378769e-10  3.00000000e-01 
 3.82938045e-02  1.63378769e-10  3.00000000e-01 
 3.83938045e-02  1.63378769e-10  3.00000000e-01 
 3.84938045e-02  1.63378769e-10  3.00000000e-01 
 3.85938045e-02  1.63378769e-10  3.00000000e-01 
 3.86938045e-02  1.63378769e-10  3.00000000e-01 
 3.87938045e-02  1.63378769e-10  3.00000000e-01 
 3.88938045e-02  1.63378769e-10  3.00000000e-01 
 3.89938045e-02  1.63378769e-10  3.00000000e-01 
 3.90938045e-02  1.63378769e-10  3.00000000e-01 
 3.91938045e-02  1.63378769e-10  3.00000000e-01 
 3.92938045e-02  1.63378769e-10  3.00000000e-01 
 3.93938045e-02  1.63378769e-10  3.00000000e-01 
 3.94938045e-02  1.63378769e-10  3.00000000e-01 
 3.95938045e-02  1.63378769e-10  3.00000000e-01 
 3.96938045e-02  1.63378769e-10  3.00000000e-01 
 3.97938045e-02  1.63378769e-10  3.00000000e-01 
 3.98938045e-02  1.63378769e-10  3.00000000e-01 
 3.99938045e-02  1.63378769e-10  3.00000000e-01 
 4.00938045e-02  1.63378769e-10  3.00000000e-01 
 4.01938045e-02  1.63378769e-10  3.00000000e-01 
 4.02938045e-02  1.63378769e-10  3.00000000e-01 
 4.03938045e-02  1.63378769e-10  3.00000000e-01 
 4.04938045e-02  1.63378769e-10  3.00000000e-01 
 4.05938045e-02  1.63378769e-10  3.00000000e-01 
 4.06938045e-02  1.63378769e-10  3.00000000e-01 
 4.07938045e-02  1.63378769e-10  3.00000000e-01 
 4.08938045e-02  1.63378769e-10  3.00000000e-01 
 4.09938045e-02  1.63378769e-10  3.00000000e-01 
 4.10938045e-02  1.63378769e-10  3.00000000e-01 
 4.11938045e-02  1.63378769e-10  3.00000000e-01 
 4.12938045e-02  1.63378769e-10  3.00000000e-01 
 4.13938045e-02  1.63378769e-10  3.00000000e-01 
 4.14938045e-02  1.63378769e-10  3.00000000e-01 
 4.15938045e-02  1.63378769e-10  3.00000000e-01 
 4.16938045e-02  1.63378769e-10  3.00000000e-01 
 4.17938045e-02  1.63378769e-10  3.00000000e-01 
 4.18938045e-02  1.63378769e-10  3.00000000e-01 
 4.19938045e-02  1.63378769e-10  3.00000000e-01 
 4.20938045e-02  1.63378769e-10  3.00000000e-01 
 4.21938045e-02  1.63378769e-10  3.00000000e-01 
 4.22938045e-02  1.63378769e-10  3.00000000e-01 
 4.23938045e-02  1.63378769e-10  3.00000000e-01 
 4.24938045e-02  1.63378769e-10  3.00000000e-01 
 4.25938045e-02  1.63378769e-10  3.00000000e-01 
 4.26938045e-02  1.63378769e-10  3.00000000e-01 
 4.27938045e-02  1.63378769e-10  3.00000000e-01 
 4.28938045e-02  1.63378769e-10  3.00000000e-01 
 4.29938045e-02  1.63378769e-10  3.00000000e-01 
 4.30938045e-02  1.63378769e-10  3.00000000e-01 
 4.31938045e-02  1.63378769e-10  3.00000000e-01 
 4.32938045e-02  1.63378769e-10  3.00000000e-01 
 4.33938045e-02  1.63378769e-10  3.00000000e-01 
 4.34938045e-02  1.63378769e-10  3.00000000e-01 
 4.35938045e-02  1.63378769e-10  3.00000000e-01 
 4.36938045e-02  1.63378769e-10  3.00000000e-01 
 4.37938045e-02  1.63378769e-10  3.00000000e-01 
 4.38938045e-02  1.63378769e-10  3.00000000e-01 
 4.39938045e-02  1.63378769e-10  3.00000000e-01 
 4.40938045e-02  1.63378769e-10  3.00000000e-01 
 4.41938045e-02  1.63378769e-10  3.00000000e-01 
 4.42938045e-02  1.63378769e-10  3.00000000e-01 
 4.43938045e-02  1.63378769e-10  3.00000000e-01 
 4.44938045e-02  1.63378769e-10  3.00000000e-01 
 4.45938045e-02  1.63378769e-10  3.00000000e-01 
 4.46938045e-02  1.63378769e-10  3.00000000e-01 
 4.47938045e-02  1.63378769e-10  3.00000000e-01 
 4.48938045e-02  1.63378769e-10  3.00000000e-01 
 4.49938045e-02  1.63378769e-10  3.00000000e-01 
 4.50938045e-02  1.63378769e-10  3.00000000e-01 
 4.51938045e-02  1.63378769e-10  3.00000000e-01 
 4.52938045e-02  1.63378769e-10  3.00000000e-01 
 4.53938045e-02  1.63378769e-10  3.00000000e-01 
 4.54938045e-02  1.63378769e-10  3.00000000e-01 
 4.55938045e-02  1.63378769e-10  3.00000000e-01 
 4.56938045e-02  1.63378769e-10  3.00000000e-01 
 4.57938045e-02  1.63378769e-10  3.00000000e-01 
 4.58938045e-02  1.63378769e-10  3.00000000e-01 
 4.59938045e-02  1.63378769e-10  3.00000000e-01 
 4.60938045e-02  1.63378769e-10  3.00000000e-01 
 4.61938045e-02  1.63378769e-10  3.00000000e-01 
 4.62938045e-02  1.63378769e-10  3.00000000e-01 
 4.63938045e-02  1.63378769e-10  3.00000000e-01 
 4.64938045e-02  1.63378769e-10  3.00000000e-01 
 4.65938045e-02  1.63378769e-10  3.00000000e-01 
 4.66938045e-02  1.63378769e-10  3.00000000e-01 
 4.67938045e-02  1.63378769e-10  3.00000000e-01 
 4.68938045e-02  1.63378769e-10  3.00000000e-01 
 4.69938045e-02  1.63378769e-10  3.00000000e-01 
 4.70938045e-02  1.63378769e-10  3.00000000e-01 
 4.71938045e-02  1.63378769e-10  3.00000000e-01 
 4.72938045e-02  1.63378769e-10  3.00000000e-01 
 4.73938045e-02  1.63378769e-10  3.00000000e-01 
 4.74938045e-02  1.63378769e-10  3.00000000e-01 
 4.75938045e-02  1.63378769e-10  3.00000000e-01 
 4.76938045e-02  1.63378769e-10  3.00000000e-01 
 4.77938045e-02  1.63378769e-10  3.00000000e-01 
 4.78938045e-02  1.63378769e-10  3.00000000e-01 
 4.79938045e-02  1.63378769e-10  3.00000000e-01 
 4.80938045e-02  1.63378769e-10  3.00000000e-01 
 4.81938045e-02  1.63378769e-10  3.00000000e-01 
 4.82938045e-02  1.63378769e-10  3.00000000e-01 
 4.83938045e-02  1.63378769e-10  3.00000000e-01 
 4.84938045e-02  1.63378769e-10  3.00000000e-01 
 4.85938045e-02  1.63378769e-10  3.00000000e-01 
 4.86938045e-02  1.63378769e-10  3.00000000e-01 
 4.87938045e-02  1.63378769e-10  3.00000000e-01 
 4.88938045e-02  1.63378769e-10  3.00000000e-01 
 4.89938045e-02  1.63378769e-10  3.00000000e-01 
 4.90938045e-02  1.63378769e-10  3.00000000e-01 
 4.91938045e-02  1.63378769e-10  3.00000000e-01 
 4.92938045e-02  1.63378769e-10  3.00000000e-01 
 4.93938045e-02  1.63378769e-10  3.00000000e-01 
 4.94938045e-02  1.63378769e-10  3.00000000e-01 
 4.95938045e-02  1.63378769e-10  3.00000000e-01 
 4.96938045e-02  1.63378769e-10  3.00000000e-01 
 4.97938045e-02  1.63378769e-10  3.00000000e-01 
 4.98938045e-02  1.63378769e-10  3.00000000e-01 
 4.99938045e-02  1.63378769e-10  3.00000000e-01 
 5.00938045e-02  1.63378769e-10  3.00000000e-01 
 5.01938045e-02  1.63378769e-10  3.00000000e-01 
 5.02938045e-02  1.63378769e-10  3.00000000e-01 
 5.03938045e-02  1.63378769e-10  3.00000000e-01 
 5.04938045e-02  1.63378769e-10  3.00000000e-01 
 5.05938045e-02  1.63378769e-10  3.00000000e-01 
 5.06938045e-02  1.63378769e-10  3.00000000e-01 
 5.07938045e-02  1.63378769e-10  3.00000000e-01 
 5.08938045e-02  1.63378769e-10  3.00000000e-01 
 5.09938045e-02  1.63378769e-10  3.00000000e-01 
 5.10938045e-02  1.63378769e-10  3.00000000e-01 
 5.11938045e-02  1.63378769e-10  3.00000000e-01 
 5.12938045e-02  1.63378769e-10  3.00000000e-01 
 5.13938045e-02  1.63378769e-10  3.00000000e-01 
 5.14938045e-02  1.63378769e-10  3.00000000e-01 
 5.15938045e-02  1.63378769e-10  3.00000000e-01 
 5.16938045e-02  1.63378769e-10  3.00000000e-01 
 5.17938045e-02  1.63378769e-10  3.00000000e-01 
 5.18938045e-02  1.63378769e-10  3.00000000e-01 
 5.19938045e-02  1.63378769e-10  3.00000000e-01 
 5.20938045e-02  1.63378769e-10  3.00000000e-01 
 5.21938045e-02  1.63378769e-10  3.00000000e-01 
 5.22938045e-02  1.63378769e-10  3.00000000e-01 
 5.23938045e-02  1.63378769e-10  3.00000000e-01 
 5.24938045e-02  1.63378769e-10  3.00000000e-01 
 5.25938045e-02  1.63378769e-10  3.00000000e-01 
 5.26938045e-02  1.63378769e-10  3.00000000e-01 
 5.27938045e-02  1.63378769e-10  3.00000000e-01 
 5.28938045e-02  1.63378769e-10  3.00000000e-01 
 5.29938045e-02  1.63378769e-10  3.00000000e-01 
 5.30938045e-02  1.63378769e-10  3.00000000e-01 
 5.31938045e-02  1.63378769e-10  3.00000000e-01 
 5.32938045e-02  1.63378769e-10  3.00000000e-01 
 5.33938045e-02  1.63378769e-10  3.00000000e-01 
 5.34938045e-02  1.63378769e-10  3.00000000e-01 
 5.35938045e-02  1.63378769e-10  3.00000000e-01 
 5.36938045e-02  1.63378769e-10  3.00000000e-01 
 5.37938045e-02  1.63378769e-10  3.00000000e-01 
 5.38938045e-02  1.63378769e-10  3.00000000e-01 
 5.39938045e-02  1.63378769e-10  3.00000000e-01 
 5.40938045e-02  1.63378769e-10  3.00000000e-01 
 5.41938045e-02  1.63378769e-10  3.00000000e-01 
 5.42938045e-02  1.63378769e-10  3.00000000e-01 
 5.43938045e-02  1.63378769e-10  3.00000000e-01 
 5.44938045e-02  1.63378769e-10  3.00000000e-01 
 5.45938045e-02  1.63378769e-10  3.00000000e-01 
 5.46938045e-02  1.63378769e-10  3.00000000e-01 
 5.47938045e-02  1.63378769e-10  3.00000000e-01 
 5.48938045e-02  1.63378769e-10  3.00000000e-01 
 5.49938045e-02  1.63378769e-10  3.00000000e-01 
 5.50938045e-02  1.63378769e-10  3.00000000e-01 
 5.51938045e-02  1.63378769e-10  3.00000000e-01 
 5.52938045e-02  1.63378769e-10  3.00000000e-01 
 5.53938045e-02  1.63378769e-10  3.00000000e-01 
 5.54938045e-02  1.63378769e-10  3.00000000e-01 
 5.55938045e-02  1.63378769e-10  3.00000000e-01 
 5.56938045e-02  1.63378769e-10  3.00000000e-01 
 5.57938045e-02  1.63378769e-10  3.00000000e-01 
 5.58938045e-02  1.63378769e-10  3.00000000e-01 
 5.59938045e-02  1.63378769e-10  3.00000000e-01 
 5.60938045e-02  1.63378769e-10  3.00000000e-01 
 5.61938045e-02  1.63378769e-10  3.00000000e-01 
 5.62938045e-02  1.63378769e-10  3.00000000e-01 
 5.63938045e-02  1.63378769e-10  3.00000000e-01 
 5.64938045e-02  1.63378769e-10  3.00000000e-01 
 5.65938045e-02  1.63378769e-10  3.00000000e-01 
 5.66938045e-02  1.63378769e-10  3.00000000e-01 
 5.67938045e-02  1.63378769e-10  3.00000000e-01 
 5.68938045e-02  1.63378769e-10  3.00000000e-01 
 5.69938045e-02  1.63378769e-10  3.00000000e-01 
 5.70938045e-02  1.63378769e-10  3.00000000e-01 
 5.71938045e-02  1.63378769e-10  3.00000000e-01 
 5.72938045e-02  1.63378769e-10  3.00000000e-01 
 5.73938045e-02  1.63378769e-10  3.00000000e-01 
 5.74938045e-02  1.63378769e-10  3.00000000e-01 
 5.75938045e-02  1.63378769e-10  3.00000000e-01 
 5.76938045e-02  1.63378769e-10  3.00000000e-01 
 5.77938045e-02  1.63378769e-10  3.00000000e-01 
 5.78938045e-02  1.63378769e-10  3.00000000e-01 
 5.79938045e-02  1.63378769e-10  3.00000000e-01 
 5.80938045e-02  1.63378769e-10  3.00000000e-01 
 5.81938045e-02  1.63378769e-10  3.00000000e-01 
 5.82938045e-02  1.63378769e-10  3.00000000e-01 
 5.83938045e-02  1.63378769e-10  3.00000000e-01 
 5.84938045e-02  1.63378769e-10  3.00000000e-01 
 5.85938045e-02  1.63378769e-10  3.00000000e-01 
 5.86938045e-02  1.63378769e-10  3.00000000e-01 
 5.87938045e-02  1.63378769e-10  3.00000000e-01 
 5.88938045e-02  1.63378769e-10  3.00000000e-01 
 5.89938045e-02  1.63378769e-10  3.00000000e-01 
 5.90938045e-02  1.63378769e-10  3.00000000e-01 
 5.91938045e-02  1.63378769e-10  3.00000000e-01 
 5.92938045e-02  1.63378769e-10  3.00000000e-01 
 5.93938045e-02  1.63378769e-10  3.00000000e-01 
 5.94938045e-02  1.63378769e-10  3.00000000e-01 
 5.95938045e-02  1.63378769e-10  3.00000000e-01 
 5.96938045e-02  1.63378769e-10  3.00000000e-01 
 5.97938045e-02  1.63378769e-10  3.00000000e-01 
 5.98938045e-02  1.63378769e-10  3.00000000e-01 
 5.99938045e-02  1.63378769e-10  3.00000000e-01 
 6.00938045e-02  1.63378769e-10  3.00000000e-01 
 6.01938045e-02  1.63378769e-10  3.00000000e-01 
 6.02938045e-02  1.63378769e-10  3.00000000e-01 
 6.03938045e-02  1.63378769e-10  3.00000000e-01 
 6.04938045e-02  1.63378769e-10  3.00000000e-01 
 6.05938045e-02  1.63378769e-10  3.00000000e-01 
 6.06938045e-02  1.63378769e-10  3.00000000e-01 
 6.07938045e-02  1.63378769e-10  3.00000000e-01 
 6.08938045e-02  1.63378769e-10  3.00000000e-01 
 6.09938045e-02  1.63378769e-10  3.00000000e-01 
 6.10938045e-02  1.63378769e-10  3.00000000e-01 
 6.11938045e-02  1.63378769e-10  3.00000000e-01 
 6.12938045e-02  1.63378769e-10  3.00000000e-01 
 6.13938045e-02  1.63378769e-10  3.00000000e-01 
 6.14938045e-02  1.63378769e-10  3.00000000e-01 
 6.15938045e-02  1.63378769e-10  3.00000000e-01 
 6.16938045e-02  1.63378769e-10  3.00000000e-01 
 6.17938045e-02  1.63378769e-10  3.00000000e-01 
 6.18938045e-02  1.63378769e-10  3.00000000e-01 
 6.19938045e-02  1.63378769e-10  3.00000000e-01 
 6.20938045e-02  1.63378769e-10  3.00000000e-01 
 6.21938045e-02  1.63378769e-10  3.00000000e-01 
 6.22938045e-02  1.63378769e-10  3.00000000e-01 
 6.23938045e-02  1.63378769e-10  3.00000000e-01 
 6.24938045e-02  1.63378769e-10  3.00000000e-01 
 6.25938045e-02  1.63378769e-10  3.00000000e-01 
 6.26938045e-02  1.63378769e-10  3.00000000e-01 
 6.27938045e-02  1.63378769e-10  3.00000000e-01 
 6.28938045e-02  1.63378769e-10  3.00000000e-01 
 6.29938045e-02  1.63378769e-10  3.00000000e-01 
 6.30938045e-02  1.63378769e-10  3.00000000e-01 
 6.31938045e-02  1.63378769e-10  3.00000000e-01 
 6.32938045e-02  1.63378769e-10  3.00000000e-01 
 6.33938045e-02  1.63378769e-10  3.00000000e-01 
 6.34938045e-02  1.63378769e-10  3.00000000e-01 
 6.35938045e-02  1.63378769e-10  3.00000000e-01 
 6.36938045e-02  1.63378769e-10  3.00000000e-01 
 6.37938045e-02  1.63378769e-10  3.00000000e-01 
 6.38938045e-02  1.63378769e-10  3.00000000e-01 
 6.39938045e-02  1.63378769e-10  3.00000000e-01 
 6.40938045e-02  1.63378769e-10  3.00000000e-01 
 6.41938045e-02  1.63378769e-10  3.00000000e-01 
 6.42938045e-02  1.63378769e-10  3.00000000e-01 
 6.43938045e-02  1.63378769e-10  3.00000000e-01 
 6.44938045e-02  1.63378769e-10  3.00000000e-01 
 6.45938045e-02  1.63378769e-10  3.00000000e-01 
 6.46938045e-02  1.63378769e-10  3.00000000e-01 
 6.47938045e-02  1.63378769e-10  3.00000000e-01 
 6.48938045e-02  1.63378769e-10  3.00000000e-01 
 6.49938045e-02  1.63378769e-10  3.00000000e-01 
 6.50938045e-02  1.63378769e-10  3.00000000e-01 
 6.51938045e-02  1.63378769e-10  3.00000000e-01 
 6.52938045e-02  1.63378769e-10  3.00000000e-01 
 6.53938045e-02  1.63378769e-10  3.00000000e-01 
 6.54938045e-02  1.63378769e-10  3.00000000e-01 
 6.55938045e-02  1.63378769e-10  3.00000000e-01 
 6.56938045e-02  1.63378769e-10  3.00000000e-01 
 6.57938045e-02  1.63378769e-10  3.00000000e-01 
 6.58938045e-02  1.63378769e-10  3.00000000e-01 
 6.59938045e-02  1.63378769e-10  3.00000000e-01 
 6.60938045e-02  1.63378769e-10  3.00000000e-01 
 6.61938045e-02  1.63378769e-10  3.00000000e-01 
 6.62938045e-02  1.63378769e-10  3.00000000e-01 
 6.63938045e-02  1.63378769e-10  3.00000000e-01 
 6.64938045e-02  1.63378769e-10  3.00000000e-01 
 6.65938045e-02  1.63378769e-10  3.00000000e-01 
 6.66938045e-02  1.63378769e-10  3.00000000e-01 
 6.67938045e-02  1.63378769e-10  3.00000000e-01 
 6.68938045e-02  1.63378769e-10  3.00000000e-01 
 6.69938045e-02  1.63378769e-10  3.00000000e-01 
 6.70938045e-02  1.63378769e-10  3.00000000e-01 
 6.71938045e-02  1.63378769e-10  3.00000000e-01 
 6.72938045e-02  1.63378769e-10  3.00000000e-01 
 6.73938045e-02  1.63378769e-10  3.00000000e-01 
 6.74938045e-02  1.63378769e-10  3.00000000e-01 
 6.75938045e-02  1.63378769e-10  3.00000000e-01 
 6.76938045e-02  1.63378769e-10  3.00000000e-01 
 6.77938045e-02  1.63378769e-10  3.00000000e-01 
 6.78938045e-02  1.63378769e-10  3.00000000e-01 
 6.79938045e-02  1.63378769e-10  3.00000000e-01 
 6.80938045e-02  1.63378769e-10  3.00000000e-01 
 6.81938045e-02  1.63378769e-10  3.00000000e-01 
 6.82938045e-02  1.63378769e-10  3.00000000e-01 
 6.83938045e-02  1.63378769e-10  3.00000000e-01 
 6.84938045e-02  1.63378769e-10  3.00000000e-01 
 6.85938045e-02  1.63378769e-10  3.00000000e-01 
 6.86938045e-02  1.63378769e-10  3.00000000e-01 
 6.87938045e-02  1.63378769e-10  3.00000000e-01 
 6.88938045e-02  1.63378769e-10  3.00000000e-01 
 6.89938045e-02  1.63378769e-10  3.00000000e-01 
 6.90938045e-02  1.63378769e-10  3.00000000e-01 
 6.91938045e-02  1.63378769e-10  3.00000000e-01 
 6.92938045e-02  1.63378769e-10  3.00000000e-01 
 6.93938045e-02  1.63378769e-10  3.00000000e-01 
 6.94938045e-02  1.63378769e-10  3.00000000e-01 
 6.95938045e-02  1.63378769e-10  3.00000000e-01 
 6.96938045e-02  1.63378769e-10  3.00000000e-01 
 6.97938045e-02  1.63378769e-10  3.00000000e-01 
 6.98938045e-02  1.63378769e-10  3.00000000e-01 
 6.99938045e-02  1.63378769e-10  3.00000000e-01 
 7.00938045e-02  1.63378769e-10  3.00000000e-01 
 7.01938045e-02  1.63378769e-10  3.00000000e-01 
 7.02938045e-02  1.63378769e-10  3.00000000e-01 
 7.03938045e-02  1.63378769e-10  3.00000000e-01 
 7.04938045e-02  1.63378769e-10  3.00000000e-01 
 7.05938045e-02  1.63378769e-10  3.00000000e-01 
 7.06938045e-02  1.63378769e-10  3.00000000e-01 
 7.07938045e-02  1.63378769e-10  3.00000000e-01 
 7.08938045e-02  1.63378769e-10  3.00000000e-01 
 7.09938045e-02  1.63378769e-10  3.00000000e-01 
 7.10938045e-02  1.63378769e-10  3.00000000e-01 
 7.11938045e-02  1.63378769e-10  3.00000000e-01 
 7.12938045e-02  1.63378769e-10  3.00000000e-01 
 7.13938045e-02  1.63378769e-10  3.00000000e-01 
 7.14938045e-02  1.63378769e-10  3.00000000e-01 
 7.15938045e-02  1.63378769e-10  3.00000000e-01 
 7.16938045e-02  1.63378769e-10  3.00000000e-01 
 7.17938045e-02  1.63378769e-10  3.00000000e-01 
 7.18938045e-02  1.63378769e-10  3.00000000e-01 
 7.19938045e-02  1.63378769e-10  3.00000000e-01 
 7.20938045e-02  1.63378769e-10  3.00000000e-01 
 7.21938045e-02  1.63378769e-10  3.00000000e-01 
 7.22938045e-02  1.63378769e-10  3.00000000e-01 
 7.23938045e-02  1.63378769e-10  3.00000000e-01 
 7.24938045e-02  1.63378769e-10  3.00000000e-01 
 7.25938045e-02  1.63378769e-10  3.00000000e-01 
 7.26938045e-02  1.63378769e-10  3.00000000e-01 
 7.27938045e-02  1.63378769e-10  3.00000000e-01 
 7.28938045e-02  1.63378769e-10  3.00000000e-01 
 7.29938045e-02  1.63378769e-10  3.00000000e-01 
 7.30938045e-02  1.63378769e-10  3.00000000e-01 
 7.31938045e-02  1.63378769e-10  3.00000000e-01 
 7.32938045e-02  1.63378769e-10  3.00000000e-01 
 7.33938045e-02  1.63378769e-10  3.00000000e-01 
 7.34938045e-02  1.63378769e-10  3.00000000e-01 
 7.35938045e-02  1.63378769e-10  3.00000000e-01 
 7.36938045e-02  1.63378769e-10  3.00000000e-01 
 7.37938045e-02  1.63378769e-10  3.00000000e-01 
 7.38938045e-02  1.63378769e-10  3.00000000e-01 
 7.39938045e-02  1.63378769e-10  3.00000000e-01 
 7.40938045e-02  1.63378769e-10  3.00000000e-01 
 7.41938045e-02  1.63378769e-10  3.00000000e-01 
 7.42938045e-02  1.63378769e-10  3.00000000e-01 
 7.43938045e-02  1.63378769e-10  3.00000000e-01 
 7.44938045e-02  1.63378769e-10  3.00000000e-01 
 7.45938045e-02  1.63378769e-10  3.00000000e-01 
 7.46938045e-02  1.63378769e-10  3.00000000e-01 
 7.47938045e-02  1.63378769e-10  3.00000000e-01 
 7.48938045e-02  1.63378769e-10  3.00000000e-01 
 7.49938045e-02  1.63378769e-10  3.00000000e-01 
 7.50938045e-02  1.63378769e-10  3.00000000e-01 
 7.51938045e-02  1.63378769e-10  3.00000000e-01 
 7.52938045e-02  1.63378769e-10  3.00000000e-01 
 7.53938045e-02  1.63378769e-10  3.00000000e-01 
 7.54938045e-02  1.63378769e-10  3.00000000e-01 
 7.55938045e-02  1.63378769e-10  3.00000000e-01 
 7.56938045e-02  1.63378769e-10  3.00000000e-01 
 7.57938045e-02  1.63378769e-10  3.00000000e-01 
 7.58938045e-02  1.63378769e-10  3.00000000e-01 
 7.59938045e-02  1.63378769e-10  3.00000000e-01 
 7.60938045e-02  1.63378769e-10  3.00000000e-01 
 7.61938045e-02  1.63378769e-10  3.00000000e-01 
 7.62938045e-02  1.63378769e-10  3.00000000e-01 
 7.63938045e-02  1.63378769e-10  3.00000000e-01 
 7.64938045e-02  1.63378769e-10  3.00000000e-01 
 7.65938045e-02  1.63378769e-10  3.00000000e-01 
 7.66938045e-02  1.63378769e-10  3.00000000e-01 
 7.67938045e-02  1.63378769e-10  3.00000000e-01 
 7.68938045e-02  1.63378769e-10  3.00000000e-01 
 7.69938045e-02  1.63378769e-10  3.00000000e-01 
 7.70938045e-02  1.63378769e-10  3.00000000e-01 
 7.71938045e-02  1.63378769e-10  3.00000000e-01 
 7.72938045e-02  1.63378769e-10  3.00000000e-01 
 7.73938045e-02  1.63378769e-10  3.00000000e-01 
 7.74938045e-02  1.63378769e-10  3.00000000e-01 
 7.75938045e-02  1.63378769e-10  3.00000000e-01 
 7.76938045e-02  1.63378769e-10  3.00000000e-01 
 7.77938045e-02  1.63378769e-10  3.00000000e-01 
 7.78938045e-02  1.63378769e-10  3.00000000e-01 
 7.79938045e-02  1.63378769e-10  3.00000000e-01 
 7.80938045e-02  1.63378769e-10  3.00000000e-01 
 7.81938045e-02  1.63378769e-10  3.00000000e-01 
 7.82938045e-02  1.63378769e-10  3.00000000e-01 
 7.83938045e-02  1.63378769e-10  3.00000000e-01 
 7.84938045e-02  1.63378769e-10  3.00000000e-01 
 7.85938045e-02  1.63378769e-10  3.00000000e-01 
 7.86938045e-02  1.63378769e-10  3.00000000e-01 
 7.87938045e-02  1.63378769e-10  3.00000000e-01 
 7.88938045e-02  1.63378769e-10  3.00000000e-01 
 7.89938045e-02  1.63378769e-10  3.00000000e-01 
 7.90938045e-02  1.63378769e-10  3.00000000e-01 
 7.91938045e-02  1.63378769e-10  3.00000000e-01 
 7.92938045e-02  1.63378769e-10  3.00000000e-01 
 7.93938045e-02  1.63378769e-10  3.00000000e-01 
 7.94938045e-02  1.63378769e-10  3.00000000e-01 
 7.95938045e-02  1.63378769e-10  3.00000000e-01 
 7.96938045e-02  1.63378769e-10  3.00000000e-01 
 7.97938045e-02  1.63378769e-10  3.00000000e-01 
 7.98938045e-02  1.63378769e-10  3.00000000e-01 
 7.99938045e-02  1.63378769e-10  3.00000000e-01 
 8.00938045e-02  1.63378769e-10  3.00000000e-01 
 8.01938045e-02  1.63378769e-10  3.00000000e-01 
 8.02938045e-02  1.63378769e-10  3.00000000e-01 
 8.03938045e-02  1.63378769e-10  3.00000000e-01 
 8.04938045e-02  1.63378769e-10  3.00000000e-01 
 8.05938045e-02  1.63378769e-10  3.00000000e-01 
 8.06938045e-02  1.63378769e-10  3.00000000e-01 
 8.07938045e-02  1.63378769e-10  3.00000000e-01 
 8.08938045e-02  1.63378769e-10  3.00000000e-01 
 8.09938045e-02  1.63378769e-10  3.00000000e-01 
 8.10938045e-02  1.63378769e-10  3.00000000e-01 
 8.11938045e-02  1.63378769e-10  3.00000000e-01 
 8.12938045e-02  1.63378769e-10  3.00000000e-01 
 8.13938045e-02  1.63378769e-10  3.00000000e-01 
 8.14938045e-02  1.63378769e-10  3.00000000e-01 
 8.15938045e-02  1.63378769e-10  3.00000000e-01 
 8.16938045e-02  1.63378769e-10  3.00000000e-01 
 8.17938045e-02  1.63378769e-10  3.00000000e-01 
 8.18938045e-02  1.63378769e-10  3.00000000e-01 
 8.19938045e-02  1.63378769e-10  3.00000000e-01 
 8.20938045e-02  1.63378769e-10  3.00000000e-01 
 8.21938045e-02  1.63378769e-10  3.00000000e-01 
 8.22938045e-02  1.63378769e-10  3.00000000e-01 
 8.23938045e-02  1.63378769e-10  3.00000000e-01 
 8.24938045e-02  1.63378769e-10  3.00000000e-01 
 8.25938045e-02  1.63378769e-10  3.00000000e-01 
 8.26938045e-02  1.63378769e-10  3.00000000e-01 
 8.27938045e-02  1.63378769e-10  3.00000000e-01 
 8.28938045e-02  1.63378769e-10  3.00000000e-01 
 8.29938045e-02  1.63378769e-10  3.00000000e-01 
 8.30938045e-02  1.63378769e-10  3.00000000e-01 
 8.31938045e-02  1.63378769e-10  3.00000000e-01 
 8.32938045e-02  1.63378769e-10  3.00000000e-01 
 8.33938045e-02  1.63378769e-10  3.00000000e-01 
 8.34938045e-02  1.63378769e-10  3.00000000e-01 
 8.35938045e-02  1.63378769e-10  3.00000000e-01 
 8.36938045e-02  1.63378769e-10  3.00000000e-01 
 8.37938045e-02  1.63378769e-10  3.00000000e-01 
 8.38938045e-02  1.63378769e-10  3.00000000e-01 
 8.39938045e-02  1.63378769e-10  3.00000000e-01 
 8.40938045e-02  1.63378769e-10  3.00000000e-01 
 8.41938045e-02  1.63378769e-10  3.00000000e-01 
 8.42938045e-02  1.63378769e-10  3.00000000e-01 
 8.43938045e-02  1.63378769e-10  3.00000000e-01 
 8.44938045e-02  1.63378769e-10  3.00000000e-01 
 8.45938045e-02  1.63378769e-10  3.00000000e-01 
 8.46938045e-02  1.63378769e-10  3.00000000e-01 
 8.47938045e-02  1.63378769e-10  3.00000000e-01 
 8.48938045e-02  1.63378769e-10  3.00000000e-01 
 8.49938045e-02  1.63378769e-10  3.00000000e-01 
 8.50938045e-02  1.63378769e-10  3.00000000e-01 
 8.51938045e-02  1.63378769e-10  3.00000000e-01 
 8.52938045e-02  1.63378769e-10  3.00000000e-01 
 8.53938045e-02  1.63378769e-10  3.00000000e-01 
 8.54938045e-02  1.63378769e-10  3.00000000e-01 
 8.55938045e-02  1.63378769e-10  3.00000000e-01 
 8.56938045e-02  1.63378769e-10  3.00000000e-01 
 8.57938045e-02  1.63378769e-10  3.00000000e-01 
 8.58938045e-02  1.63378769e-10  3.00000000e-01 
 8.59938045e-02  1.63378769e-10  3.00000000e-01 
 8.60938045e-02  1.63378769e-10  3.00000000e-01 
 8.61938045e-02  1.63378769e-10  3.00000000e-01 
 8.62938045e-02  1.63378769e-10  3.00000000e-01 
 8.63938045e-02  1.63378769e-10  3.00000000e-01 
 8.64938045e-02  1.63378769e-10  3.00000000e-01 
 8.65938045e-02  1.63378769e-10  3.00000000e-01 
 8.66938045e-02  1.63378769e-10  3.00000000e-01 
 8.67938045e-02  1.63378769e-10  3.00000000e-01 
 8.68938045e-02  1.63378769e-10  3.00000000e-01 
 8.69938045e-02  1.63378769e-10  3.00000000e-01 
 8.70938045e-02  1.63378769e-10  3.00000000e-01 
 8.71938045e-02  1.63378769e-10  3.00000000e-01 
 8.72938045e-02  1.63378769e-10  3.00000000e-01 
 8.73938045e-02  1.63378769e-10  3.00000000e-01 
 8.74938045e-02  1.63378769e-10  3.00000000e-01 
 8.75938045e-02  1.63378769e-10  3.00000000e-01 
 8.76938045e-02  1.63378769e-10  3.00000000e-01 
 8.77938045e-02  1.63378769e-10  3.00000000e-01 
 8.78938045e-02  1.63378769e-10  3.00000000e-01 
 8.79938045e-02  1.63378769e-10  3.00000000e-01 
 8.80938045e-02  1.63378769e-10  3.00000000e-01 
 8.81938045e-02  1.63378769e-10  3.00000000e-01 
 8.82938045e-02  1.63378769e-10  3.00000000e-01 
 8.83938045e-02  1.63378769e-10  3.00000000e-01 
 8.84938045e-02  1.63378769e-10  3.00000000e-01 
 8.85938045e-02  1.63378769e-10  3.00000000e-01 
 8.86938045e-02  1.63378769e-10  3.00000000e-01 
 8.87938045e-02  1.63378769e-10  3.00000000e-01 
 8.88938045e-02  1.63378769e-10  3.00000000e-01 
 8.89938045e-02  1.63378769e-10  3.00000000e-01 
 8.90938045e-02  1.63378769e-10  3.00000000e-01 
 8.91938045e-02  1.63378769e-10  3.00000000e-01 
 8.92938045e-02  1.63378769e-10  3.00000000e-01 
 8.93938045e-02  1.63378769e-10  3.00000000e-01 
 8.94938045e-02  1.63378769e-10  3.00000000e-01 
 8.95938045e-02  1.63378769e-10  3.00000000e-01 
 8.96938045e-02  1.63378769e-10  3.00000000e-01 
 8.97938045e-02  1.63378769e-10  3.00000000e-01 
 8.98938045e-02  1.63378769e-10  3.00000000e-01 
 8.99938045e-02  1.63378769e-10  3.00000000e-01 
 9.00938045e-02  1.63378769e-10  3.00000000e-01 
 9.01938045e-02  1.63378769e-10  3.00000000e-01 
 9.02938045e-02  1.63378769e-10  3.00000000e-01 
 9.03938045e-02  1.63378769e-10  3.00000000e-01 
 9.04938045e-02  1.63378769e-10  3.00000000e-01 
 9.05938045e-02  1.63378769e-10  3.00000000e-01 
 9.06938045e-02  1.63378769e-10  3.00000000e-01 
 9.07938045e-02  1.63378769e-10  3.00000000e-01 
 9.08938045e-02  1.63378769e-10  3.00000000e-01 
 9.09938045e-02  1.63378769e-10  3.00000000e-01 
 9.10938045e-02  1.63378769e-10  3.00000000e-01 
 9.11938045e-02  1.63378769e-10  3.00000000e-01 
 9.12938045e-02  1.63378769e-10  3.00000000e-01 
 9.13938045e-02  1.63378769e-10  3.00000000e-01 
 9.14938045e-02  1.63378769e-10  3.00000000e-01 
 9.15938045e-02  1.63378769e-10  3.00000000e-01 
 9.16938045e-02  1.63378769e-10  3.00000000e-01 
 9.17938045e-02  1.63378769e-10  3.00000000e-01 
 9.18938045e-02  1.63378769e-10  3.00000000e-01 
 9.19938045e-02  1.63378769e-10  3.00000000e-01 
 9.20938045e-02  1.63378769e-10  3.00000000e-01 
 9.21938045e-02  1.63378769e-10  3.00000000e-01 
 9.22938045e-02  1.63378769e-10  3.00000000e-01 
 9.23938045e-02  1.63378769e-10  3.00000000e-01 
 9.24938045e-02  1.63378769e-10  3.00000000e-01 
 9.25938045e-02  1.63378769e-10  3.00000000e-01 
 9.26938045e-02  1.63378769e-10  3.00000000e-01 
 9.27938045e-02  1.63378769e-10  3.00000000e-01 
 9.28938045e-02  1.63378769e-10  3.00000000e-01 
 9.29938045e-02  1.63378769e-10  3.00000000e-01 
 9.30938045e-02  1.63378769e-10  3.00000000e-01 
 9.31938045e-02  1.63378769e-10  3.00000000e-01 
 9.32938045e-02  1.63378769e-10  3.00000000e-01 
 9.33938045e-02  1.63378769e-10  3.00000000e-01 
 9.34938045e-02  1.63378769e-10  3.00000000e-01 
 9.35938045e-02  1.63378769e-10  3.00000000e-01 
 9.36938045e-02  1.63378769e-10  3.00000000e-01 
 9.37938045e-02  1.63378769e-10  3.00000000e-01 
 9.38938045e-02  1.63378769e-10  3.00000000e-01 
 9.39938045e-02  1.63378769e-10  3.00000000e-01 
 9.40938045e-02  1.63378769e-10  3.00000000e-01 
 9.41938045e-02  1.63378769e-10  3.00000000e-01 
 9.42938045e-02  1.63378769e-10  3.00000000e-01 
 9.43938045e-02  1.63378769e-10  3.00000000e-01 
 9.44938045e-02  1.63378769e-10  3.00000000e-01 
 9.45938045e-02  1.63378769e-10  3.00000000e-01 
 9.46938045e-02  1.63378769e-10  3.00000000e-01 
 9.47938045e-02  1.63378769e-10  3.00000000e-01 
 9.48938045e-02  1.63378769e-10  3.00000000e-01 
 9.49938045e-02  1.63378769e-10  3.00000000e-01 
 9.50938045e-02  1.63378769e-10  3.00000000e-01 
 9.51938045e-02  1.63378769e-10  3.00000000e-01 
 9.52938045e-02  1.63378769e-10  3.00000000e-01 
 9.53938045e-02  1.63378769e-10  3.00000000e-01 
 9.54938045e-02  1.63378769e-10  3.00000000e-01 
 9.55938045e-02  1.63378769e-10  3.00000000e-01 
 9.56938045e-02  1.63378769e-10  3.00000000e-01 
 9.57938045e-02  1.63378769e-10  3.00000000e-01 
 9.58938045e-02  1.63378769e-10  3.00000000e-01 
 9.59938045e-02  1.63378769e-10  3.00000000e-01 
 9.60938045e-02  1.63378769e-10  3.00000000e-01 
 9.61938045e-02  1.63378769e-10  3.00000000e-01 
 9.62938045e-02  1.63378769e-10  3.00000000e-01 
 9.63938045e-02  1.63378769e-10  3.00000000e-01 
 9.64938045e-02  1.63378769e-10  3.00000000e-01 
 9.65938045e-02  1.63378769e-10  3.00000000e-01 
 9.66938045e-02  1.63378769e-10  3.00000000e-01 
 9.67938045e-02  1.63378769e-10  3.00000000e-01 
 9.68938045e-02  1.63378769e-10  3.00000000e-01 
 9.69938045e-02  1.63378769e-10  3.00000000e-01 
 9.70938045e-02  1.63378769e-10  3.00000000e-01 
 9.71938045e-02  1.63378769e-10  3.00000000e-01 
 9.72938045e-02  1.63378769e-10  3.00000000e-01 
 9.73938045e-02  1.63378769e-10  3.00000000e-01 
 9.74938045e-02  1.63378769e-10  3.00000000e-01 
 9.75938045e-02  1.63378769e-10  3.00000000e-01 
 9.76938045e-02  1.63378769e-10  3.00000000e-01 
 9.77938045e-02  1.63378769e-10  3.00000000e-01 
 9.78938045e-02  1.63378769e-10  3.00000000e-01 
 9.79938045e-02  1.63378769e-10  3.00000000e-01 
 9.80938045e-02  1.63378769e-10  3.00000000e-01 
 9.81938045e-02  1.63378769e-10  3.00000000e-01 
 9.82938045e-02  1.63378769e-10  3.00000000e-01 
 9.83938045e-02  1.63378769e-10  3.00000000e-01 
 9.84938045e-02  1.63378769e-10  3.00000000e-01 
 9.85938045e-02  1.63378769e-10  3.00000000e-01 
 9.86938045e-02  1.63378769e-10  3.00000000e-01 
 9.87938045e-02  1.63378769e-10  3.00000000e-01 
 9.88938045e-02  1.63378769e-10  3.00000000e-01 
 9.89938045e-02  1.63378769e-10  3.00000000e-01 
 9.90938045e-02  1.63378769e-10  3.00000000e-01 
 9.91938045e-02  1.63378769e-10  3.00000000e-01 
 9.92938045e-02  1.63378769e-10  3.00000000e-01 
 9.93938045e-02  1.63378769e-10  3.00000000e-01 
 9.94938045e-02  1.63378769e-10  3.00000000e-01 
 9.95938045e-02  1.63378769e-10  3.00000000e-01 
 9.96938045e-02  1.63378769e-10  3.00000000e-01 
 9.97938045e-02  1.63378769e-10  3.00000000e-01 
 9.98938045e-02  1.63378769e-10  3.00000000e-01 
 9.99938045e-02  1.63378769e-10  3.00000000e-01 
 1.00093805e-01  1.63378769e-10  3.00000000e-01 
 1.00193805e-01  1.63378769e-10  3.00000000e-01 
 1.00293805e-01  1.63378769e-10  3.00000000e-01 
 1.00393805e-01  1.63378769e-10  3.00000000e-01 
 1.00493805e-01  1.63378769e-10  3.00000000e-01 
 1.00593805e-01  1.63378769e-10  3.00000000e-01 
 1.00693805e-01  1.63378769e-10  3.00000000e-01 
 1.00793805e-01  1.63378769e-10  3.00000000e-01 
 1.00893805e-01  1.63378769e-10  3.00000000e-01 
 1.00993805e-01  1.63378769e-10  3.00000000e-01 
 1.01093805e-01  1.63378769e-10  3.00000000e-01 
 1.01193805e-01  1.63378769e-10  3.00000000e-01 
 1.01293805e-01  1.63378769e-10  3.00000000e-01 
 1.01393805e-01  1.63378769e-10  3.00000000e-01 
 1.01493805e-01  1.63378769e-10  3.00000000e-01 
 1.01593805e-01  1.63378769e-10  3.00000000e-01 
 1.01693805e-01  1.63378769e-10  3.00000000e-01 
 1.01793805e-01  1.63378769e-10  3.00000000e-01 
 1.01893805e-01  1.63378769e-10  3.00000000e-01 
 1.01993805e-01  1.63378769e-10  3.00000000e-01 
 1.02093805e-01  1.63378769e-10  3.00000000e-01 
 1.02193805e-01  1.63378769e-10  3.00000000e-01 
 1.02293805e-01  1.63378769e-10  3.00000000e-01 
 1.02393805e-01  1.63378769e-10  3.00000000e-01 
 1.02493805e-01  1.63378769e-10  3.00000000e-01 
 1.02593805e-01  1.63378769e-10  3.00000000e-01 
 1.02693805e-01  1.63378769e-10  3.00000000e-01 
 1.02793805e-01  1.63378769e-10  3.00000000e-01 
 1.02893805e-01  1.63378769e-10  3.00000000e-01 
 1.02993805e-01  1.63378769e-10  3.00000000e-01 
 1.03093805e-01  1.63378769e-10  3.00000000e-01 
 1.03193805e-01  1.63378769e-10  3.00000000e-01 
 1.03293805e-01  1.63378769e-10  3.00000000e-01 
 1.03393805e-01  1.63378769e-10  3.00000000e-01 
 1.03493805e-01  1.63378769e-10  3.00000000e-01 
 1.03593805e-01  1.63378769e-10  3.00000000e-01 
 1.03693805e-01  1.63378769e-10  3.00000000e-01 
 1.03793805e-01  1.63378769e-10  3.00000000e-01 
 1.03893805e-01  1.63378769e-10  3.00000000e-01 
 1.03993805e-01  1.63378769e-10  3.00000000e-01 
 1.04093805e-01  1.63378769e-10  3.00000000e-01 
 1.04193805e-01  1.63378769e-10  3.00000000e-01 
 1.04293805e-01  1.63378769e-10  3.00000000e-01 
 1.04393805e-01  1.63378769e-10  3.00000000e-01 
 1.04493805e-01  1.63378769e-10  3.00000000e-01 
 1.04593805e-01  1.63378769e-10  3.00000000e-01 
 1.04693805e-01  1.63378769e-10  3.00000000e-01 
 1.04793805e-01  1.63378769e-10  3.00000000e-01 
 1.04893805e-01  1.63378769e-10  3.00000000e-01 
 1.04993805e-01  1.63378769e-10  3.00000000e-01 
 1.05093805e-01  1.63378769e-10  3.00000000e-01 
 1.05193805e-01  1.63378769e-10  3.00000000e-01 
 1.05293805e-01  1.63378769e-10  3.00000000e-01 
 1.05393805e-01  1.63378769e-10  3.00000000e-01 
 1.05493805e-01  1.63378769e-10  3.00000000e-01 
 1.05593805e-01  1.63378769e-10  3.00000000e-01 
 1.05693805e-01  1.63378769e-10  3.00000000e-01 
 1.05793805e-01  1.63378769e-10  3.00000000e-01 
 1.05893805e-01  1.63378769e-10  3.00000000e-01 
 1.05993805e-01  1.63378769e-10  3.00000000e-01 
 1.06093805e-01  1.63378769e-10  3.00000000e-01 
 1.06193805e-01  1.63378769e-10  3.00000000e-01 
 1.06293805e-01  1.63378769e-10  3.00000000e-01 
 1.06393805e-01  1.63378769e-10  3.00000000e-01 
 1.06493805e-01  1.63378769e-10  3.00000000e-01 
 1.06593805e-01  1.63378769e-10  3.00000000e-01 
 1.06693805e-01  1.63378769e-10  3.00000000e-01 
 1.06793805e-01  1.63378769e-10  3.00000000e-01 
 1.06893805e-01  1.63378769e-10  3.00000000e-01 
 1.06993805e-01  1.63378769e-10  3.00000000e-01 
 1.07093805e-01  1.63378769e-10  3.00000000e-01 
 1.07193805e-01  1.63378769e-10  3.00000000e-01 
 1.07293805e-01  1.63378769e-10  3.00000000e-01 
 1.07393805e-01  1.63378769e-10  3.00000000e-01 
 1.07493805e-01  1.63378769e-10  3.00000000e-01 
 1.07593805e-01  1.63378769e-10  3.00000000e-01 
 1.07693805e-01  1.63378769e-10  3.00000000e-01 
 1.07793805e-01  1.63378769e-10  3.00000000e-01 
 1.07893805e-01  1.63378769e-10  3.00000000e-01 
 1.07993805e-01  1.63378769e-10  3.00000000e-01 
 1.08093805e-01  1.63378769e-10  3.00000000e-01 
 1.08193805e-01  1.63378769e-10  3.00000000e-01 
 1.08293805e-01  1.63378769e-10  3.00000000e-01 
 1.08393805e-01  1.63378769e-10  3.00000000e-01 
 1.08493805e-01  1.63378769e-10  3.00000000e-01 
 1.08593805e-01  1.63378769e-10  3.00000000e-01 
 1.08693805e-01  1.63378769e-10  3.00000000e-01 
 1.08793805e-01  1.63378769e-10  3.00000000e-01 
 1.08893805e-01  1.63378769e-10  3.00000000e-01 
 1.08993805e-01  1.63378769e-10  3.00000000e-01 
 1.09093805e-01  1.63378769e-10  3.00000000e-01 
 1.09193805e-01  1.63378769e-10  3.00000000e-01 
 1.09293805e-01  1.63378769e-10  3.00000000e-01 
 1.09393805e-01  1.63378769e-10  3.00000000e-01 
 1.09493805e-01  1.63378769e-10  3.00000000e-01 
 1.09593805e-01  1.63378769e-10  3.00000000e-01 
 1.09693805e-01  1.63378769e-10  3.00000000e-01 
 1.09793805e-01  1.63378769e-10  3.00000000e-01 
 1.09893805e-01  1.63378769e-10  3.00000000e-01 
 1.09993805e-01  1.63378769e-10  3.00000000e-01 
 1.10093805e-01  1.63378769e-10  3.00000000e-01 
 1.10193805e-01  1.63378769e-10  3.00000000e-01 
 1.10293805e-01  1.63378769e-10  3.00000000e-01 
 1.10393805e-01  1.63378769e-10  3.00000000e-01 
 1.10493805e-01  1.63378769e-10  3.00000000e-01 
 1.10593805e-01  1.63378769e-10  3.00000000e-01 
 1.10693805e-01  1.63378769e-10  3.00000000e-01 
 1.10793805e-01  1.63378769e-10  3.00000000e-01 
 1.10893805e-01  1.63378769e-10  3.00000000e-01 
 1.10993805e-01  1.63378769e-10  3.00000000e-01 
 1.11093805e-01  1.63378769e-10  3.00000000e-01 
 1.11193805e-01  1.63378769e-10  3.00000000e-01 
 1.11293805e-01  1.63378769e-10  3.00000000e-01 
 1.11393805e-01  1.63378769e-10  3.00000000e-01 
 1.11493805e-01  1.63378769e-10  3.00000000e-01 
 1.11593805e-01  1.63378769e-10  3.00000000e-01 
 1.11693805e-01  1.63378769e-10  3.00000000e-01 
 1.11793805e-01  1.63378769e-10  3.00000000e-01 
 1.11893805e-01  1.63378769e-10  3.00000000e-01 
 1.11993805e-01  1.63378769e-10  3.00000000e-01 
 1.12093805e-01  1.63378769e-10  3.00000000e-01 
 1.12193805e-01  1.63378769e-10  3.00000000e-01 
 1.12293805e-01  1.63378769e-10  3.00000000e-01 
 1.12393805e-01  1.63378769e-10  3.00000000e-01 
 1.12493805e-01  1.63378769e-10  3.00000000e-01 
 1.12593805e-01  1.63378769e-10  3.00000000e-01 
 1.12693805e-01  1.63378769e-10  3.00000000e-01 
 1.12793805e-01  1.63378769e-10  3.00000000e-01 
 1.12893805e-01  1.63378769e-10  3.00000000e-01 
 1.12993805e-01  1.63378769e-10  3.00000000e-01 
 1.13093805e-01  1.63378769e-10  3.00000000e-01 
 1.13193805e-01  1.63378769e-10  3.00000000e-01 
 1.13293805e-01  1.63378769e-10  3.00000000e-01 
 1.13393805e-01  1.63378769e-10  3.00000000e-01 
 1.13493805e-01  1.63378769e-10  3.00000000e-01 
 1.13593805e-01  1.63378769e-10  3.00000000e-01 
 1.13693805e-01  1.63378769e-10  3.00000000e-01 
 1.13793805e-01  1.63378769e-10  3.00000000e-01 
 1.13893805e-01  1.63378769e-10  3.00000000e-01 
 1.13993805e-01  1.63378769e-10  3.00000000e-01 
 1.14093805e-01  1.63378769e-10  3.00000000e-01 
 1.14193805e-01  1.63378769e-10  3.00000000e-01 
 1.14293805e-01  1.63378769e-10  3.00000000e-01 
 1.14393805e-01  1.63378769e-10  3.00000000e-01 
 1.14493805e-01  1.63378769e-10  3.00000000e-01 
 1.14593805e-01  1.63378769e-10  3.00000000e-01 
 1.14693805e-01  1.63378769e-10  3.00000000e-01 
 1.14793805e-01  1.63378769e-10  3.00000000e-01 
 1.14893805e-01  1.63378769e-10  3.00000000e-01 
 1.14993805e-01  1.63378769e-10  3.00000000e-01 
 1.15093805e-01  1.63378769e-10  3.00000000e-01 
 1.15193805e-01  1.63378769e-10  3.00000000e-01 
 1.15293805e-01  1.63378769e-10  3.00000000e-01 
 1.15393805e-01  1.63378769e-10  3.00000000e-01 
 1.15493805e-01  1.63378769e-10  3.00000000e-01 
 1.15593805e-01  1.63378769e-10  3.00000000e-01 
 1.15693805e-01  1.63378769e-10  3.00000000e-01 
 1.15793805e-01  1.63378769e-10  3.00000000e-01 
 1.15893805e-01  1.63378769e-10  3.00000000e-01 
 1.15993805e-01  1.63378769e-10  3.00000000e-01 
 1.16093805e-01  1.63378769e-10  3.00000000e-01 
 1.16193805e-01  1.63378769e-10  3.00000000e-01 
 1.16293805e-01  1.63378769e-10  3.00000000e-01 
 1.16393805e-01  1.63378769e-10  3.00000000e-01 
 1.16493805e-01  1.63378769e-10  3.00000000e-01 
 1.16593805e-01  1.63378769e-10  3.00000000e-01 
 1.16693805e-01  1.63378769e-10  3.00000000e-01 
 1.16793805e-01  1.63378769e-10  3.00000000e-01 
 1.16893805e-01  1.63378769e-10  3.00000000e-01 
 1.16993805e-01  1.63378769e-10  3.00000000e-01 
 1.17093805e-01  1.63378769e-10  3.00000000e-01 
 1.17193805e-01  1.63378769e-10  3.00000000e-01 
 1.17293805e-01  1.63378769e-10  3.00000000e-01 
 1.17393805e-01  1.63378769e-10  3.00000000e-01 
 1.17493805e-01  1.63378769e-10  3.00000000e-01 
 1.17593805e-01  1.63378769e-10  3.00000000e-01 
 1.17693805e-01  1.63378769e-10  3.00000000e-01 
 1.17793805e-01  1.63378769e-10  3.00000000e-01 
 1.17893805e-01  1.63378769e-10  3.00000000e-01 
 1.17993805e-01  1.63378769e-10  3.00000000e-01 
 1.18093805e-01  1.63378769e-10  3.00000000e-01 
 1.18193805e-01  1.63378769e-10  3.00000000e-01 
 1.18293805e-01  1.63378769e-10  3.00000000e-01 
 1.18393805e-01  1.63378769e-10  3.00000000e-01 
 1.18493805e-01  1.63378769e-10  3.00000000e-01 
 1.18593805e-01  1.63378769e-10  3.00000000e-01 
 1.18693805e-01  1.63378769e-10  3.00000000e-01 
 1.18793805e-01  1.63378769e-10  3.00000000e-01 
 1.18893805e-01  1.63378769e-10  3.00000000e-01 
 1.18993805e-01  1.63378769e-10  3.00000000e-01 
 1.19093805e-01  1.63378769e-10  3.00000000e-01 
 1.19193805e-01  1.63378769e-10  3.00000000e-01 
 1.19293805e-01  1.63378769e-10  3.00000000e-01 
 1.19393805e-01  1.63378769e-10  3.00000000e-01 
 1.19493805e-01  1.63378769e-10  3.00000000e-01 
 1.19593805e-01  1.63378769e-10  3.00000000e-01 
 1.19693805e-01  1.63378769e-10  3.00000000e-01 
 1.19793805e-01  1.63378769e-10  3.00000000e-01 
 1.19893805e-01  1.63378769e-10  3.00000000e-01 
 1.19993805e-01  1.63378769e-10  3.00000000e-01 
 1.20093805e-01  1.63378769e-10  3.00000000e-01 
 1.20193805e-01  1.63378769e-10  3.00000000e-01 
 1.20293805e-01  1.63378769e-10  3.00000000e-01 
 1.20393805e-01  1.63378769e-10  3.00000000e-01 
 1.20493805e-01  1.63378769e-10  3.00000000e-01 
 1.20593805e-01  1.63378769e-10  3.00000000e-01 
 1.20693805e-01  1.63378769e-10  3.00000000e-01 
 1.20793805e-01  1.63378769e-10  3.00000000e-01 
 1.20893805e-01  1.63378769e-10  3.00000000e-01 
 1.20993805e-01  1.63378769e-10  3.00000000e-01 
 1.21093805e-01  1.63378769e-10  3.00000000e-01 
 1.21193805e-01  1.63378769e-10  3.00000000e-01 
 1.21293805e-01  1.63378769e-10  3.00000000e-01 
 1.21393805e-01  1.63378769e-10  3.00000000e-01 
 1.21493805e-01  1.63378769e-10  3.00000000e-01 
 1.21593805e-01  1.63378769e-10  3.00000000e-01 
 1.21693805e-01  1.63378769e-10  3.00000000e-01 
 1.21793805e-01  1.63378769e-10  3.00000000e-01 
 1.21893805e-01  1.63378769e-10  3.00000000e-01 
 1.21993805e-01  1.63378769e-10  3.00000000e-01 
 1.22093805e-01  1.63378769e-10  3.00000000e-01 
 1.22193805e-01  1.63378769e-10  3.00000000e-01 
 1.22293805e-01  1.63378769e-10  3.00000000e-01 
 1.22393805e-01  1.63378769e-10  3.00000000e-01 
 1.22493805e-01  1.63378769e-10  3.00000000e-01 
 1.22593805e-01  1.63378769e-10  3.00000000e-01 
 1.22693805e-01  1.63378769e-10  3.00000000e-01 
 1.22793805e-01  1.63378769e-10  3.00000000e-01 
 1.22893805e-01  1.63378769e-10  3.00000000e-01 
 1.22993805e-01  1.63378769e-10  3.00000000e-01 
 1.23093805e-01  1.63378769e-10  3.00000000e-01 
 1.23193805e-01  1.63378769e-10  3.00000000e-01 
 1.23293805e-01  1.63378769e-10  3.00000000e-01 
 1.23393805e-01  1.63378769e-10  3.00000000e-01 
 1.23493805e-01  1.63378769e-10  3.00000000e-01 
 1.23593805e-01  1.63378769e-10  3.00000000e-01 
 1.23693805e-01  1.63378769e-10  3.00000000e-01 
 1.23793805e-01  1.63378769e-10  3.00000000e-01 
 1.23893805e-01  1.63378769e-10  3.00000000e-01 
 1.23993805e-01  1.63378769e-10  3.00000000e-01 
 1.24093805e-01  1.63378769e-10  3.00000000e-01 
 1.24193805e-01  1.63378769e-10  3.00000000e-01 
 1.24293805e-01  1.63378769e-10  3.00000000e-01 
 1.24393805e-01  1.63378769e-10  3.00000000e-01 
 1.24493805e-01  1.63378769e-10  3.00000000e-01 
 1.24593805e-01  1.63378769e-10  3.00000000e-01 
 1.24693805e-01  1.63378769e-10  3.00000000e-01 
 1.24793805e-01  1.63378769e-10  3.00000000e-01 
 1.24893805e-01  1.63378769e-10  3.00000000e-01 
 1.24993805e-01  1.63378769e-10  3.00000000e-01 
 1.25093805e-01  1.63378769e-10  3.00000000e-01 
 1.25193805e-01  1.63378769e-10  3.00000000e-01 
 1.25293805e-01  1.63378769e-10  3.00000000e-01 
 1.25393805e-01  1.63378769e-10  3.00000000e-01 
 1.25493805e-01  1.63378769e-10  3.00000000e-01 
 1.25593805e-01  1.63378769e-10  3.00000000e-01 
 1.25693805e-01  1.63378769e-10  3.00000000e-01 
 1.25793805e-01  1.63378769e-10  3.00000000e-01 
 1.25893805e-01  1.63378769e-10  3.00000000e-01 
 1.25993805e-01  1.63378769e-10  3.00000000e-01 
 1.26093805e-01  1.63378769e-10  3.00000000e-01 
 1.26193805e-01  1.63378769e-10  3.00000000e-01 
 1.26293805e-01  1.63378769e-10  3.00000000e-01 
 1.26393805e-01  1.63378769e-10  3.00000000e-01 
 1.26493805e-01  1.63378769e-10  3.00000000e-01 
 1.26593805e-01  1.63378769e-10  3.00000000e-01 
 1.26693805e-01  1.63378769e-10  3.00000000e-01 
 1.26793805e-01  1.63378769e-10  3.00000000e-01 
 1.26893805e-01  1.63378769e-10  3.00000000e-01 
 1.26993805e-01  1.63378769e-10  3.00000000e-01 
 1.27093805e-01  1.63378769e-10  3.00000000e-01 
 1.27193805e-01  1.63378769e-10  3.00000000e-01 
 1.27293805e-01  1.63378769e-10  3.00000000e-01 
 1.27393805e-01  1.63378769e-10  3.00000000e-01 
 1.27493805e-01  1.63378769e-10  3.00000000e-01 
 1.27593805e-01  1.63378769e-10  3.00000000e-01 
 1.27693805e-01  1.63378769e-10  3.00000000e-01 
 1.27793805e-01  1.63378769e-10  3.00000000e-01 
 1.27893805e-01  1.63378769e-10  3.00000000e-01 
 1.27993805e-01  1.63378769e-10  3.00000000e-01 
 1.28093805e-01  1.63378769e-10  3.00000000e-01 
 1.28193805e-01  1.63378769e-10  3.00000000e-01 
 1.28293805e-01  1.63378769e-10  3.00000000e-01 
 1.28393805e-01  1.63378769e-10  3.00000000e-01 
 1.28493805e-01  1.63378769e-10  3.00000000e-01 
 1.28593805e-01  1.63378769e-10  3.00000000e-01 
 1.28693805e-01  1.63378769e-10  3.00000000e-01 
 1.28793805e-01  1.63378769e-10  3.00000000e-01 
 1.28893805e-01  1.63378769e-10  3.00000000e-01 
 1.28993805e-01  1.63378769e-10  3.00000000e-01 
 1.29093805e-01  1.63378769e-10  3.00000000e-01 
 1.29193805e-01  1.63378769e-10  3.00000000e-01 
 1.29293805e-01  1.63378769e-10  3.00000000e-01 
 1.29393805e-01  1.63378769e-10  3.00000000e-01 
 1.29493805e-01  1.63378769e-10  3.00000000e-01 
 1.29593805e-01  1.63378769e-10  3.00000000e-01 
 1.29693805e-01  1.63378769e-10  3.00000000e-01 
 1.29793805e-01  1.63378769e-10  3.00000000e-01 
 1.29893805e-01  1.63378769e-10  3.00000000e-01 
 1.29993805e-01  1.63378769e-10  3.00000000e-01 
 1.30093805e-01  1.63378769e-10  3.00000000e-01 
 1.30193805e-01  1.63378769e-10  3.00000000e-01 
 1.30293805e-01  1.63378769e-10  3.00000000e-01 
 1.30393805e-01  1.63378769e-10  3.00000000e-01 
 1.30493805e-01  1.63378769e-10  3.00000000e-01 
 1.30593805e-01  1.63378769e-10  3.00000000e-01 
 1.30693805e-01  1.63378769e-10  3.00000000e-01 
 1.30793805e-01  1.63378769e-10  3.00000000e-01 
 1.30893805e-01  1.63378769e-10  3.00000000e-01 
 1.30993805e-01  1.63378769e-10  3.00000000e-01 
 1.31093805e-01  1.63378769e-10  3.00000000e-01 
 1.31193805e-01  1.63378769e-10  3.00000000e-01 
 1.31293805e-01  1.63378769e-10  3.00000000e-01 
 1.31393805e-01  1.63378769e-10  3.00000000e-01 
 1.31493805e-01  1.63378769e-10  3.00000000e-01 
 1.31593805e-01  1.63378769e-10  3.00000000e-01 
 1.31693805e-01  1.63378769e-10  3.00000000e-01 
 1.31793805e-01  1.63378769e-10  3.00000000e-01 
 1.31893805e-01  1.63378769e-10  3.00000000e-01 
 1.31993805e-01  1.63378769e-10  3.00000000e-01 
 1.32093805e-01  1.63378769e-10  3.00000000e-01 
 1.32193805e-01  1.63378769e-10  3.00000000e-01 
 1.32293805e-01  1.63378769e-10  3.00000000e-01 
 1.32393805e-01  1.63378769e-10  3.00000000e-01 
 1.32493805e-01  1.63378769e-10  3.00000000e-01 
 1.32593805e-01  1.63378769e-10  3.00000000e-01 
 1.32693805e-01  1.63378769e-10  3.00000000e-01 
 1.32793805e-01  1.63378769e-10  3.00000000e-01 
 1.32893805e-01  1.63378769e-10  3.00000000e-01 
 1.32993805e-01  1.63378769e-10  3.00000000e-01 
 1.33093805e-01  1.63378769e-10  3.00000000e-01 
 1.33193805e-01  1.63378769e-10  3.00000000e-01 
 1.33293805e-01  1.63378769e-10  3.00000000e-01 
 1.33393805e-01  1.63378769e-10  3.00000000e-01 
 1.33493805e-01  1.63378769e-10  3.00000000e-01 
 1.33593805e-01  1.63378769e-10  3.00000000e-01 
 1.33693805e-01  1.63378769e-10  3.00000000e-01 
 1.33793805e-01  1.63378769e-10  3.00000000e-01 
 1.33893805e-01  1.63378769e-10  3.00000000e-01 
 1.33993805e-01  1.63378769e-10  3.00000000e-01 
 1.34093805e-01  1.63378769e-10  3.00000000e-01 
 1.34193805e-01  1.63378769e-10  3.00000000e-01 
 1.34293805e-01  1.63378769e-10  3.00000000e-01 
 1.34393805e-01  1.63378769e-10  3.00000000e-01 
 1.34493805e-01  1.63378769e-10  3.00000000e-01 
 1.34593805e-01  1.63378769e-10  3.00000000e-01 
 1.34693805e-01  1.63378769e-10  3.00000000e-01 
 1.34793805e-01  1.63378769e-10  3.00000000e-01 
 1.34893805e-01  1.63378769e-10  3.00000000e-01 
 1.34993805e-01  1.63378769e-10  3.00000000e-01 
 1.35093805e-01  1.63378769e-10  3.00000000e-01 
 1.35193805e-01  1.63378769e-10  3.00000000e-01 
 1.35293805e-01  1.63378769e-10  3.00000000e-01 
 1.35393805e-01  1.63378769e-10  3.00000000e-01 
 1.35493805e-01  1.63378769e-10  3.00000000e-01 
 1.35593805e-01  1.63378769e-10  3.00000000e-01 
 1.35693805e-01  1.63378769e-10  3.00000000e-01 
 1.35793805e-01  1.63378769e-10  3.00000000e-01 
 1.35893805e-01  1.63378769e-10  3.00000000e-01 
 1.35993805e-01  1.63378769e-10  3.00000000e-01 
 1.36093805e-01  1.63378769e-10  3.00000000e-01 
 1.36193805e-01  1.63378769e-10  3.00000000e-01 
 1.36293805e-01  1.63378769e-10  3.00000000e-01 
 1.36393805e-01  1.63378769e-10  3.00000000e-01 
 1.36493805e-01  1.63378769e-10  3.00000000e-01 
 1.36593805e-01  1.63378769e-10  3.00000000e-01 
 1.36693805e-01  1.63378769e-10  3.00000000e-01 
 1.36793805e-01  1.63378769e-10  3.00000000e-01 
 1.36893805e-01  1.63378769e-10  3.00000000e-01 
 1.36993805e-01  1.63378769e-10  3.00000000e-01 
 1.37093805e-01  1.63378769e-10  3.00000000e-01 
 1.37193805e-01  1.63378769e-10  3.00000000e-01 
 1.37293805e-01  1.63378769e-10  3.00000000e-01 
 1.37393805e-01  1.63378769e-10  3.00000000e-01 
 1.37493805e-01  1.63378769e-10  3.00000000e-01 
 1.37593805e-01  1.63378769e-10  3.00000000e-01 
 1.37693805e-01  1.63378769e-10  3.00000000e-01 
 1.37793805e-01  1.63378769e-10  3.00000000e-01 
 1.37893805e-01  1.63378769e-10  3.00000000e-01 
 1.37993805e-01  1.63378769e-10  3.00000000e-01 
 1.38093805e-01  1.63378769e-10  3.00000000e-01 
 1.38193805e-01  1.63378769e-10  3.00000000e-01 
 1.38293805e-01  1.63378769e-10  3.00000000e-01 
 1.38393805e-01  1.63378769e-10  3.00000000e-01 
 1.38493805e-01  1.63378769e-10  3.00000000e-01 
 1.38593805e-01  1.63378769e-10  3.00000000e-01 
 1.38693805e-01  1.63378769e-10  3.00000000e-01 
 1.38793805e-01  1.63378769e-10  3.00000000e-01 
 1.38893805e-01  1.63378769e-10  3.00000000e-01 
 1.38993805e-01  1.63378769e-10  3.00000000e-01 
 1.39093805e-01  1.63378769e-10  3.00000000e-01 
 1.39193805e-01  1.63378769e-10  3.00000000e-01 
 1.39293805e-01  1.63378769e-10  3.00000000e-01 
 1.39393805e-01  1.63378769e-10  3.00000000e-01 
 1.39493805e-01  1.63378769e-10  3.00000000e-01 
 1.39593805e-01  1.63378769e-10  3.00000000e-01 
 1.39693805e-01  1.63378769e-10  3.00000000e-01 
 1.39793805e-01  1.63378769e-10  3.00000000e-01 
 1.39893805e-01  1.63378769e-10  3.00000000e-01 
 1.39993805e-01  1.63378769e-10  3.00000000e-01 
 1.40093805e-01  1.63378769e-10  3.00000000e-01 
 1.40193805e-01  1.63378769e-10  3.00000000e-01 
 1.40293805e-01  1.63378769e-10  3.00000000e-01 
 1.40393805e-01  1.63378769e-10  3.00000000e-01 
 1.40493805e-01  1.63378769e-10  3.00000000e-01 
 1.40593805e-01  1.63378769e-10  3.00000000e-01 
 1.40693805e-01  1.63378769e-10  3.00000000e-01 
 1.40793805e-01  1.63378769e-10  3.00000000e-01 
 1.40893805e-01  1.63378769e-10  3.00000000e-01 
 1.40993805e-01  1.63378769e-10  3.00000000e-01 
 1.41093805e-01  1.63378769e-10  3.00000000e-01 
 1.41193805e-01  1.63378769e-10  3.00000000e-01 
 1.41293805e-01  1.63378769e-10  3.00000000e-01 
 1.41393805e-01  1.63378769e-10  3.00000000e-01 
 1.41493805e-01  1.63378769e-10  3.00000000e-01 
 1.41593805e-01  1.63378769e-10  3.00000000e-01 
 1.41693805e-01  1.63378769e-10  3.00000000e-01 
 1.41793805e-01  1.63378769e-10  3.00000000e-01 
 1.41893805e-01  1.63378769e-10  3.00000000e-01 
 1.41993805e-01  1.63378769e-10  3.00000000e-01 
 1.42093805e-01  1.63378769e-10  3.00000000e-01 
 1.42193805e-01  1.63378769e-10  3.00000000e-01 
 1.42293805e-01  1.63378769e-10  3.00000000e-01 
 1.42393805e-01  1.63378769e-10  3.00000000e-01 
 1.42493805e-01  1.63378769e-10  3.00000000e-01 
 1.42593805e-01  1.63378769e-10  3.00000000e-01 
 1.42693805e-01  1.63378769e-10  3.00000000e-01 
 1.42793805e-01  1.63378769e-10  3.00000000e-01 
 1.42893805e-01  1.63378769e-10  3.00000000e-01 
 1.42993805e-01  1.63378769e-10  3.00000000e-01 
 1.43093805e-01  1.63378769e-10  3.00000000e-01 
 1.43193805e-01  1.63378769e-10  3.00000000e-01 
 1.43293805e-01  1.63378769e-10  3.00000000e-01 
 1.43393805e-01  1.63378769e-10  3.00000000e-01 
 1.43493805e-01  1.63378769e-10  3.00000000e-01 
 1.43593805e-01  1.63378769e-10  3.00000000e-01 
 1.43693805e-01  1.63378769e-10  3.00000000e-01 
 1.43793805e-01  1.63378769e-10  3.00000000e-01 
 1.43893805e-01  1.63378769e-10  3.00000000e-01 
 1.43993805e-01  1.63378769e-10  3.00000000e-01 
 1.44093805e-01  1.63378769e-10  3.00000000e-01 
 1.44193805e-01  1.63378769e-10  3.00000000e-01 
 1.44293805e-01  1.63378769e-10  3.00000000e-01 
 1.44393805e-01  1.63378769e-10  3.00000000e-01 
 1.44493805e-01  1.63378769e-10  3.00000000e-01 
 1.44593805e-01  1.63378769e-10  3.00000000e-01 
 1.44693805e-01  1.63378769e-10  3.00000000e-01 
 1.44793805e-01  1.63378769e-10  3.00000000e-01 
 1.44893805e-01  1.63378769e-10  3.00000000e-01 
 1.44993805e-01  1.63378769e-10  3.00000000e-01 
 1.45093805e-01  1.63378769e-10  3.00000000e-01 
 1.45193805e-01  1.63378769e-10  3.00000000e-01 
 1.45293805e-01  1.63378769e-10  3.00000000e-01 
 1.45393805e-01  1.63378769e-10  3.00000000e-01 
 1.45493805e-01  1.63378769e-10  3.00000000e-01 
 1.45593805e-01  1.63378769e-10  3.00000000e-01 
 1.45693805e-01  1.63378769e-10  3.00000000e-01 
 1.45793805e-01  1.63378769e-10  3.00000000e-01 
 1.45893805e-01  1.63378769e-10  3.00000000e-01 
 1.45993805e-01  1.63378769e-10  3.00000000e-01 
 1.46093805e-01  1.63378769e-10  3.00000000e-01 
 1.46193805e-01  1.63378769e-10  3.00000000e-01 
 1.46293805e-01  1.63378769e-10  3.00000000e-01 
 1.46393805e-01  1.63378769e-10  3.00000000e-01 
 1.46493805e-01  1.63378769e-10  3.00000000e-01 
 1.46593805e-01  1.63378769e-10  3.00000000e-01 
 1.46693805e-01  1.63378769e-10  3.00000000e-01 
 1.46793805e-01  1.63378769e-10  3.00000000e-01 
 1.46893805e-01  1.63378769e-10  3.00000000e-01 
 1.46993805e-01  1.63378769e-10  3.00000000e-01 
 1.47093805e-01  1.63378769e-10  3.00000000e-01 
 1.47193805e-01  1.63378769e-10  3.00000000e-01 
 1.47293805e-01  1.63378769e-10  3.00000000e-01 
 1.47393805e-01  1.63378769e-10  3.00000000e-01 
 1.47493805e-01  1.63378769e-10  3.00000000e-01 
 1.47593805e-01  1.63378769e-10  3.00000000e-01 
 1.47693805e-01  1.63378769e-10  3.00000000e-01 
 1.47793805e-01  1.63378769e-10  3.00000000e-01 
 1.47893805e-01  1.63378769e-10  3.00000000e-01 
 1.47993805e-01  1.63378769e-10  3.00000000e-01 
 1.48093805e-01  1.63378769e-10  3.00000000e-01 
 1.48193805e-01  1.63378769e-10  3.00000000e-01 
 1.48293805e-01  1.63378769e-10  3.00000000e-01 
 1.48393805e-01  1.63378769e-10  3.00000000e-01 
 1.48493805e-01  1.63378769e-10  3.00000000e-01 
 1.48593805e-01  1.63378769e-10  3.00000000e-01 
 1.48693805e-01  1.63378769e-10  3.00000000e-01 
 1.48793805e-01  1.63378769e-10  3.00000000e-01 
 1.48893805e-01  1.63378769e-10  3.00000000e-01 
 1.48993805e-01  1.63378769e-10  3.00000000e-01 
 1.49093805e-01  1.63378769e-10  3.00000000e-01 
 1.49193805e-01  1.63378769e-10  3.00000000e-01 
 1.49293805e-01  1.63378769e-10  3.00000000e-01 
 1.49393805e-01  1.63378769e-10  3.00000000e-01 
 1.49493805e-01  1.63378769e-10  3.00000000e-01 
 1.49593805e-01  1.63378769e-10  3.00000000e-01 
 1.49693805e-01  1.63378769e-10  3.00000000e-01 
 1.49793805e-01  1.63378769e-10  3.00000000e-01 
 1.49893805e-01  1.63378769e-10  3.00000000e-01 
 1.49993805e-01  1.63378769e-10  3.00000000e-01 
 1.50093805e-01  1.63378769e-10  3.00000000e-01 
 1.50193805e-01  1.63378769e-10  3.00000000e-01 
 1.50293805e-01  1.63378769e-10  3.00000000e-01 
 1.50393805e-01  1.63378769e-10  3.00000000e-01 
 1.50493805e-01  1.63378769e-10  3.00000000e-01 
 1.50593805e-01  1.63378769e-10  3.00000000e-01 
 1.50693805e-01  1.63378769e-10  3.00000000e-01 
 1.50793805e-01  1.63378769e-10  3.00000000e-01 
 1.50893805e-01  1.63378769e-10  3.00000000e-01 
 1.50993805e-01  1.63378769e-10  3.00000000e-01 
 1.51093805e-01  1.63378769e-10  3.00000000e-01 
 1.51193805e-01  1.63378769e-10  3.00000000e-01 
 1.51293805e-01  1.63378769e-10  3.00000000e-01 
 1.51393805e-01  1.63378769e-10  3.00000000e-01 
 1.51493805e-01  1.63378769e-10  3.00000000e-01 
 1.51593805e-01  1.63378769e-10  3.00000000e-01 
 1.51693805e-01  1.63378769e-10  3.00000000e-01 
 1.51793805e-01  1.63378769e-10  3.00000000e-01 
 1.51893805e-01  1.63378769e-10  3.00000000e-01 
 1.51993805e-01  1.63378769e-10  3.00000000e-01 
 1.52093805e-01  1.63378769e-10  3.00000000e-01 
 1.52193805e-01  1.63378769e-10  3.00000000e-01 
 1.52293805e-01  1.63378769e-10  3.00000000e-01 
 1.52393805e-01  1.63378769e-10  3.00000000e-01 
 1.52493805e-01  1.63378769e-10  3.00000000e-01 
 1.52593805e-01  1.63378769e-10  3.00000000e-01 
 1.52693805e-01  1.63378769e-10  3.00000000e-01 
 1.52793805e-01  1.63378769e-10  3.00000000e-01 
 1.52893805e-01  1.63378769e-10  3.00000000e-01 
 1.52993805e-01  1.63378769e-10  3.00000000e-01 
 1.53093805e-01  1.63378769e-10  3.00000000e-01 
 1.53193805e-01  1.63378769e-10  3.00000000e-01 
 1.53293805e-01  1.63378769e-10  3.00000000e-01 
 1.53393805e-01  1.63378769e-10  3.00000000e-01 
 1.53493805e-01  1.63378769e-10  3.00000000e-01 
 1.53593805e-01  1.63378769e-10  3.00000000e-01 
 1.53693805e-01  1.63378769e-10  3.00000000e-01 
 1.53793805e-01  1.63378769e-10  3.00000000e-01 
 1.53893805e-01  1.63378769e-10  3.00000000e-01 
 1.53993805e-01  1.63378769e-10  3.00000000e-01 
 1.54093805e-01  1.63378769e-10  3.00000000e-01 
 1.54193805e-01  1.63378769e-10  3.00000000e-01 
 1.54293805e-01  1.63378769e-10  3.00000000e-01 
 1.54393805e-01  1.63378769e-10  3.00000000e-01 
 1.54493805e-01  1.63378769e-10  3.00000000e-01 
 1.54593805e-01  1.63378769e-10  3.00000000e-01 
 1.54693805e-01  1.63378769e-10  3.00000000e-01 
 1.54793805e-01  1.63378769e-10  3.00000000e-01 
 1.54893805e-01  1.63378769e-10  3.00000000e-01 
 1.54993805e-01  1.63378769e-10  3.00000000e-01 
 1.55093805e-01  1.63378769e-10  3.00000000e-01 
 1.55193805e-01  1.63378769e-10  3.00000000e-01 
 1.55293805e-01  1.63378769e-10  3.00000000e-01 
 1.55393805e-01  1.63378769e-10  3.00000000e-01 
 1.55493805e-01  1.63378769e-10  3.00000000e-01 
 1.55593805e-01  1.63378769e-10  3.00000000e-01 
 1.55693805e-01  1.63378769e-10  3.00000000e-01 
 1.55793805e-01  1.63378769e-10  3.00000000e-01 
 1.55893805e-01  1.63378769e-10  3.00000000e-01 
 1.55993805e-01  1.63378769e-10  3.00000000e-01 
 1.56093805e-01  1.63378769e-10  3.00000000e-01 
 1.56193805e-01  1.63378769e-10  3.00000000e-01 
 1.56293805e-01  1.63378769e-10  3.00000000e-01 
 1.56393805e-01  1.63378769e-10  3.00000000e-01 
 1.56493805e-01  1.63378769e-10  3.00000000e-01 
 1.56593805e-01  1.63378769e-10  3.00000000e-01 
 1.56693805e-01  1.63378769e-10  3.00000000e-01 
 1.56793805e-01  1.63378769e-10  3.00000000e-01 
 1.56893805e-01  1.63378769e-10  3.00000000e-01 
 1.56993805e-01  1.63378769e-10  3.00000000e-01 
 1.57093805e-01  1.63378769e-10  3.00000000e-01 
 1.57193805e-01  1.63378769e-10  3.00000000e-01 
 1.57293805e-01  1.63378769e-10  3.00000000e-01 
 1.57393805e-01  1.63378769e-10  3.00000000e-01 
 1.57493805e-01  1.63378769e-10  3.00000000e-01 
 1.57593805e-01  1.63378769e-10  3.00000000e-01 
 1.57693805e-01  1.63378769e-10  3.00000000e-01 
 1.57793805e-01  1.63378769e-10  3.00000000e-01 
 1.57893805e-01  1.63378769e-10  3.00000000e-01 
 1.57993805e-01  1.63378769e-10  3.00000000e-01 
 1.58093805e-01  1.63378769e-10  3.00000000e-01 
 1.58193805e-01  1.63378769e-10  3.00000000e-01 
 1.58293805e-01  1.63378769e-10  3.00000000e-01 
 1.58393805e-01  1.63378769e-10  3.00000000e-01 
 1.58493805e-01  1.63378769e-10  3.00000000e-01 
 1.58593805e-01  1.63378769e-10  3.00000000e-01 
 1.58693805e-01  1.63378769e-10  3.00000000e-01 
 1.58793805e-01  1.63378769e-10  3.00000000e-01 
 1.58893805e-01  1.63378769e-10  3.00000000e-01 
 1.58993805e-01  1.63378769e-10  3.00000000e-01 
 1.59093805e-01  1.63378769e-10  3.00000000e-01 
 1.59193805e-01  1.63378769e-10  3.00000000e-01 
 1.59293805e-01  1.63378769e-10  3.00000000e-01 
 1.59393805e-01  1.63378769e-10  3.00000000e-01 
 1.59493805e-01  1.63378769e-10  3.00000000e-01 
 1.59593805e-01  1.63378769e-10  3.00000000e-01 
 1.59693805e-01  1.63378769e-10  3.00000000e-01 
 1.59793805e-01  1.63378769e-10  3.00000000e-01 
 1.59893805e-01  1.63378769e-10  3.00000000e-01 
 1.59993805e-01  1.63378769e-10  3.00000000e-01 
 1.60093805e-01  1.63378769e-10  3.00000000e-01 
 1.60193805e-01  1.63378769e-10  3.00000000e-01 
 1.60293805e-01  1.63378769e-10  3.00000000e-01 
 1.60393805e-01  1.63378769e-10  3.00000000e-01 
 1.60493805e-01  1.63378769e-10  3.00000000e-01 
 1.60593805e-01  1.63378769e-10  3.00000000e-01 
 1.60693805e-01  1.63378769e-10  3.00000000e-01 
 1.60793805e-01  1.63378769e-10  3.00000000e-01 
 1.60893805e-01  1.63378769e-10  3.00000000e-01 
 1.60993805e-01  1.63378769e-10  3.00000000e-01 
 1.61093805e-01  1.63378769e-10  3.00000000e-01 
 1.61193805e-01  1.63378769e-10  3.00000000e-01 
 1.61293805e-01  1.63378769e-10  3.00000000e-01 
 1.61393805e-01  1.63378769e-10  3.00000000e-01 
 1.61493805e-01  1.63378769e-10  3.00000000e-01 
 1.61593805e-01  1.63378769e-10  3.00000000e-01 
 1.61693805e-01  1.63378769e-10  3.00000000e-01 
 1.61793805e-01  1.63378769e-10  3.00000000e-01 
 1.61893805e-01  1.63378769e-10  3.00000000e-01 
 1.61993805e-01  1.63378769e-10  3.00000000e-01 
 1.62093805e-01  1.63378769e-10  3.00000000e-01 
 1.62193805e-01  1.63378769e-10  3.00000000e-01 
 1.62293805e-01  1.63378769e-10  3.00000000e-01 
 1.62393805e-01  1.63378769e-10  3.00000000e-01 
 1.62493805e-01  1.63378769e-10  3.00000000e-01 
 1.62593805e-01  1.63378769e-10  3.00000000e-01 
 1.62693805e-01  1.63378769e-10  3.00000000e-01 
 1.62793805e-01  1.63378769e-10  3.00000000e-01 
 1.62893805e-01  1.63378769e-10  3.00000000e-01 
 1.62993805e-01  1.63378769e-10  3.00000000e-01 
 1.63093805e-01  1.63378769e-10  3.00000000e-01 
 1.63193805e-01  1.63378769e-10  3.00000000e-01 
 1.63293805e-01  1.63378769e-10  3.00000000e-01 
 1.63393805e-01  1.63378769e-10  3.00000000e-01 
 1.63493805e-01  1.63378769e-10  3.00000000e-01 
 1.63593805e-01  1.63378769e-10  3.00000000e-01 
 1.63693805e-01  1.63378769e-10  3.00000000e-01 
 1.63793805e-01  1.63378769e-10  3.00000000e-01 
 1.63893805e-01  1.63378769e-10  3.00000000e-01 
 1.63993805e-01  1.63378769e-10  3.00000000e-01 
 1.64093805e-01  1.63378769e-10  3.00000000e-01 
 1.64193805e-01  1.63378769e-10  3.00000000e-01 
 1.64293805e-01  1.63378769e-10  3.00000000e-01 
 1.64393805e-01  1.63378769e-10  3.00000000e-01 
 1.64493805e-01  1.63378769e-10  3.00000000e-01 
 1.64593805e-01  1.63378769e-10  3.00000000e-01 
 1.64693805e-01  1.63378769e-10  3.00000000e-01 
 1.64793805e-01  1.63378769e-10  3.00000000e-01 
 1.64893805e-01  1.63378769e-10  3.00000000e-01 
 1.64993805e-01  1.63378769e-10  3.00000000e-01 
 1.65093805e-01  1.63378769e-10  3.00000000e-01 
 1.65193805e-01  1.63378769e-10  3.00000000e-01 
 1.65293805e-01  1.63378769e-10  3.00000000e-01 
 1.65393805e-01  1.63378769e-10  3.00000000e-01 
 1.65493805e-01  1.63378769e-10  3.00000000e-01 
 1.65593805e-01  1.63378769e-10  3.00000000e-01 
 1.65693805e-01  1.63378769e-10  3.00000000e-01 
 1.65793805e-01  1.63378769e-10  3.00000000e-01 
 1.65893805e-01  1.63378769e-10  3.00000000e-01 
 1.65993805e-01  1.63378769e-10  3.00000000e-01 
 1.66093805e-01  1.63378769e-10  3.00000000e-01 
 1.66193805e-01  1.63378769e-10  3.00000000e-01 
 1.66293805e-01  1.63378769e-10  3.00000000e-01 
 1.66393805e-01  1.63378769e-10  3.00000000e-01 
 1.66493805e-01  1.63378769e-10  3.00000000e-01 
 1.66593805e-01  1.63378769e-10  3.00000000e-01 
 1.66693805e-01  1.63378769e-10  3.00000000e-01 
 1.66793805e-01  1.63378769e-10  3.00000000e-01 
 1.66893805e-01  1.63378769e-10  3.00000000e-01 
 1.66993805e-01  1.63378769e-10  3.00000000e-01 
 1.67093805e-01  1.63378769e-10  3.00000000e-01 
 1.67193805e-01  1.63378769e-10  3.00000000e-01 
 1.67293805e-01  1.63378769e-10  3.00000000e-01 
 1.67393805e-01  1.63378769e-10  3.00000000e-01 
 1.67493805e-01  1.63378769e-10  3.00000000e-01 
 1.67593805e-01  1.63378769e-10  3.00000000e-01 
 1.67693805e-01  1.63378769e-10  3.00000000e-01 
 1.67793805e-01  1.63378769e-10  3.00000000e-01 
 1.67893805e-01  1.63378769e-10  3.00000000e-01 
 1.67993805e-01  1.63378769e-10  3.00000000e-01 
 1.68093805e-01  1.63378769e-10  3.00000000e-01 
 1.68193805e-01  1.63378769e-10  3.00000000e-01 
 1.68293805e-01  1.63378769e-10  3.00000000e-01 
 1.68393805e-01  1.63378769e-10  3.00000000e-01 
 1.68493805e-01  1.63378769e-10  3.00000000e-01 
 1.68593805e-01  1.63378769e-10  3.00000000e-01 
 1.68693805e-01  1.63378769e-10  3.00000000e-01 
 1.68793805e-01  1.63378769e-10  3.00000000e-01 
 1.68893805e-01  1.63378769e-10  3.00000000e-01 
 1.68993805e-01  1.63378769e-10  3.00000000e-01 
 1.69093805e-01  1.63378769e-10  3.00000000e-01 
 1.69193805e-01  1.63378769e-10  3.00000000e-01 
 1.69293805e-01  1.63378769e-10  3.00000000e-01 
 1.69393805e-01  1.63378769e-10  3.00000000e-01 
 1.69493805e-01  1.63378769e-10  3.00000000e-01 
 1.69593805e-01  1.63378769e-10  3.00000000e-01 
 1.69693805e-01  1.63378769e-10  3.00000000e-01 
 1.69793805e-01  1.63378769e-10  3.00000000e-01 
 1.69893805e-01  1.63378769e-10  3.00000000e-01 
 1.69993805e-01  1.63378769e-10  3.00000000e-01 
 1.70093805e-01  1.63378769e-10  3.00000000e-01 
 1.70193805e-01  1.63378769e-10  3.00000000e-01 
 1.70293805e-01  1.63378769e-10  3.00000000e-01 
 1.70393805e-01  1.63378769e-10  3.00000000e-01 
 1.70493805e-01  1.63378769e-10  3.00000000e-01 
 1.70593805e-01  1.63378769e-10  3.00000000e-01 
 1.70693805e-01  1.63378769e-10  3.00000000e-01 
 1.70793805e-01  1.63378769e-10  3.00000000e-01 
 1.70893805e-01  1.63378769e-10  3.00000000e-01 
 1.70993805e-01  1.63378769e-10  3.00000000e-01 
 1.71093805e-01  1.63378769e-10  3.00000000e-01 
 1.71193805e-01  1.63378769e-10  3.00000000e-01 
 1.71293805e-01  1.63378769e-10  3.00000000e-01 
 1.71393805e-01  1.63378769e-10  3.00000000e-01 
 1.71493805e-01  1.63378769e-10  3.00000000e-01 
 1.71593805e-01  1.63378769e-10  3.00000000e-01 
 1.71693805e-01  1.63378769e-10  3.00000000e-01 
 1.71793805e-01  1.63378769e-10  3.00000000e-01 
 1.71893805e-01  1.63378769e-10  3.00000000e-01 
 1.71993805e-01  1.63378769e-10  3.00000000e-01 
 1.72093805e-01  1.63378769e-10  3.00000000e-01 
 1.72193805e-01  1.63378769e-10  3.00000000e-01 
 1.72293805e-01  1.63378769e-10  3.00000000e-01 
 1.72393805e-01  1.63378769e-10  3.00000000e-01 
 1.72493805e-01  1.63378769e-10  3.00000000e-01 
 1.72593805e-01  1.63378769e-10  3.00000000e-01 
 1.72693805e-01  1.63378769e-10  3.00000000e-01 
 1.72793805e-01  1.63378769e-10  3.00000000e-01 
 1.72893805e-01  1.63378769e-10  3.00000000e-01 
 1.72993805e-01  1.63378769e-10  3.00000000e-01 
 1.73093805e-01  1.63378769e-10  3.00000000e-01 
 1.73193805e-01  1.63378769e-10  3.00000000e-01 
 1.73293805e-01  1.63378769e-10  3.00000000e-01 
 1.73393805e-01  1.63378769e-10  3.00000000e-01 
 1.73493805e-01  1.63378769e-10  3.00000000e-01 
 1.73593805e-01  1.63378769e-10  3.00000000e-01 
 1.73693805e-01  1.63378769e-10  3.00000000e-01 
 1.73793805e-01  1.63378769e-10  3.00000000e-01 
 1.73893805e-01  1.63378769e-10  3.00000000e-01 
 1.73993805e-01  1.63378769e-10  3.00000000e-01 
 1.74093805e-01  1.63378769e-10  3.00000000e-01 
 1.74193805e-01  1.63378769e-10  3.00000000e-01 
 1.74293805e-01  1.63378769e-10  3.00000000e-01 
 1.74393805e-01  1.63378769e-10  3.00000000e-01 
 1.74493805e-01  1.63378769e-10  3.00000000e-01 
 1.74593805e-01  1.63378769e-10  3.00000000e-01 
 1.74693805e-01  1.63378769e-10  3.00000000e-01 
 1.74793805e-01  1.63378769e-10  3.00000000e-01 
 1.74893805e-01  1.63378769e-10  3.00000000e-01 
 1.74993805e-01  1.63378769e-10  3.00000000e-01 
 1.75093805e-01  1.63378769e-10  3.00000000e-01 
 1.75193805e-01  1.63378769e-10  3.00000000e-01 
 1.75293805e-01  1.63378769e-10  3.00000000e-01 
 1.75393805e-01  1.63378769e-10  3.00000000e-01 
 1.75493805e-01  1.63378769e-10  3.00000000e-01 
 1.75593805e-01  1.63378769e-10  3.00000000e-01 
 1.75693805e-01  1.63378769e-10  3.00000000e-01 
 1.75793805e-01  1.63378769e-10  3.00000000e-01 
 1.75893805e-01  1.63378769e-10  3.00000000e-01 
 1.75993805e-01  1.63378769e-10  3.00000000e-01 
 1.76093805e-01  1.63378769e-10  3.00000000e-01 
 1.76193805e-01  1.63378769e-10  3.00000000e-01 
 1.76293805e-01  1.63378769e-10  3.00000000e-01 
 1.76393805e-01  1.63378769e-10  3.00000000e-01 
 1.76493805e-01  1.63378769e-10  3.00000000e-01 
 1.76593805e-01  1.63378769e-10  3.00000000e-01 
 1.76693805e-01  1.63378769e-10  3.00000000e-01 
 1.76793805e-01  1.63378769e-10  3.00000000e-01 
 1.76893805e-01  1.63378769e-10  3.00000000e-01 
 1.76993805e-01  1.63378769e-10  3.00000000e-01 
 1.77093805e-01  1.63378769e-10  3.00000000e-01 
 1.77193805e-01  1.63378769e-10  3.00000000e-01 
 1.77293805e-01  1.63378769e-10  3.00000000e-01 
 1.77393805e-01  1.63378769e-10  3.00000000e-01 
 1.77493805e-01  1.63378769e-10  3.00000000e-01 
 1.77593805e-01  1.63378769e-10  3.00000000e-01 
 1.77693805e-01  1.63378769e-10  3.00000000e-01 
 1.77793805e-01  1.63378769e-10  3.00000000e-01 
 1.77893805e-01  1.63378769e-10  3.00000000e-01 
 1.77993805e-01  1.63378769e-10  3.00000000e-01 
 1.78093805e-01  1.63378769e-10  3.00000000e-01 
 1.78193805e-01  1.63378769e-10  3.00000000e-01 
 1.78293805e-01  1.63378769e-10  3.00000000e-01 
 1.78393805e-01  1.63378769e-10  3.00000000e-01 
 1.78493805e-01  1.63378769e-10  3.00000000e-01 
 1.78593805e-01  1.63378769e-10  3.00000000e-01 
 1.78693805e-01  1.63378769e-10  3.00000000e-01 
 1.78793805e-01  1.63378769e-10  3.00000000e-01 
 1.78893805e-01  1.63378769e-10  3.00000000e-01 
 1.78993805e-01  1.63378769e-10  3.00000000e-01 
 1.79093805e-01  1.63378769e-10  3.00000000e-01 
 1.79193805e-01  1.63378769e-10  3.00000000e-01 
 1.79293805e-01  1.63378769e-10  3.00000000e-01 
 1.79393805e-01  1.63378769e-10  3.00000000e-01 
 1.79493805e-01  1.63378769e-10  3.00000000e-01 
 1.79593805e-01  1.63378769e-10  3.00000000e-01 
 1.79693805e-01  1.63378769e-10  3.00000000e-01 
 1.79793805e-01  1.63378769e-10  3.00000000e-01 
 1.79893805e-01  1.63378769e-10  3.00000000e-01 
 1.79993805e-01  1.63378769e-10  3.00000000e-01 
 1.80093805e-01  1.63378769e-10  3.00000000e-01 
 1.80193805e-01  1.63378769e-10  3.00000000e-01 
 1.80293805e-01  1.63378769e-10  3.00000000e-01 
 1.80393805e-01  1.63378769e-10  3.00000000e-01 
 1.80493805e-01  1.63378769e-10  3.00000000e-01 
 1.80593805e-01  1.63378769e-10  3.00000000e-01 
 1.80693805e-01  1.63378769e-10  3.00000000e-01 
 1.80793805e-01  1.63378769e-10  3.00000000e-01 
 1.80893805e-01  1.63378769e-10  3.00000000e-01 
 1.80993805e-01  1.63378769e-10  3.00000000e-01 
 1.81093805e-01  1.63378769e-10  3.00000000e-01 
 1.81193805e-01  1.63378769e-10  3.00000000e-01 
 1.81293805e-01  1.63378769e-10  3.00000000e-01 
 1.81393805e-01  1.63378769e-10  3.00000000e-01 
 1.81493805e-01  1.63378769e-10  3.00000000e-01 
 1.81593805e-01  1.63378769e-10  3.00000000e-01 
 1.81693805e-01  1.63378769e-10  3.00000000e-01 
 1.81793805e-01  1.63378769e-10  3.00000000e-01 
 1.81893805e-01  1.63378769e-10  3.00000000e-01 
 1.81993805e-01  1.63378769e-10  3.00000000e-01 
 1.82093805e-01  1.63378769e-10  3.00000000e-01 
 1.82193805e-01  1.63378769e-10  3.00000000e-01 
 1.82293805e-01  1.63378769e-10  3.00000000e-01 
 1.82393805e-01  1.63378769e-10  3.00000000e-01 
 1.82493805e-01  1.63378769e-10  3.00000000e-01 
 1.82593805e-01  1.63378769e-10  3.00000000e-01 
 1.82693805e-01  1.63378769e-10  3.00000000e-01 
 1.82793805e-01  1.63378769e-10  3.00000000e-01 
 1.82893805e-01  1.63378769e-10  3.00000000e-01 
 1.82993805e-01  1.63378769e-10  3.00000000e-01 
 1.83093805e-01  1.63378769e-10  3.00000000e-01 
 1.83193805e-01  1.63378769e-10  3.00000000e-01 
 1.83293805e-01  1.63378769e-10  3.00000000e-01 
 1.83393805e-01  1.63378769e-10  3.00000000e-01 
 1.83493805e-01  1.63378769e-10  3.00000000e-01 
 1.83593805e-01  1.63378769e-10  3.00000000e-01 
 1.83693805e-01  1.63378769e-10  3.00000000e-01 
 1.83793805e-01  1.63378769e-10  3.00000000e-01 
 1.83893805e-01  1.63378769e-10  3.00000000e-01 
 1.83993805e-01  1.63378769e-10  3.00000000e-01 
 1.84093805e-01  1.63378769e-10  3.00000000e-01 
 1.84193805e-01  1.63378769e-10  3.00000000e-01 
 1.84293805e-01  1.63378769e-10  3.00000000e-01 
 1.84393805e-01  1.63378769e-10  3.00000000e-01 
 1.84493805e-01  1.63378769e-10  3.00000000e-01 
 1.84593805e-01  1.63378769e-10  3.00000000e-01 
 1.84693805e-01  1.63378769e-10  3.00000000e-01 
 1.84793805e-01  1.63378769e-10  3.00000000e-01 
 1.84893805e-01  1.63378769e-10  3.00000000e-01 
 1.84993805e-01  1.63378769e-10  3.00000000e-01 
 1.85093805e-01  1.63378769e-10  3.00000000e-01 
 1.85193805e-01  1.63378769e-10  3.00000000e-01 
 1.85293805e-01  1.63378769e-10  3.00000000e-01 
 1.85393805e-01  1.63378769e-10  3.00000000e-01 
 1.85493805e-01  1.63378769e-10  3.00000000e-01 
 1.85593805e-01  1.63378769e-10  3.00000000e-01 
 1.85693805e-01  1.63378769e-10  3.00000000e-01 
 1.85793805e-01  1.63378769e-10  3.00000000e-01 
 1.85893805e-01  1.63378769e-10  3.00000000e-01 
 1.85993805e-01  1.63378769e-10  3.00000000e-01 
 1.86093805e-01  1.63378769e-10  3.00000000e-01 
 1.86193805e-01  1.63378769e-10  3.00000000e-01 
 1.86293805e-01  1.63378769e-10  3.00000000e-01 
 1.86393805e-01  1.63378769e-10  3.00000000e-01 
 1.86493805e-01  1.63378769e-10  3.00000000e-01 
 1.86593805e-01  1.63378769e-10  3.00000000e-01 
 1.86693805e-01  1.63378769e-10  3.00000000e-01 
 1.86793805e-01  1.63378769e-10  3.00000000e-01 
 1.86893805e-01  1.63378769e-10  3.00000000e-01 
 1.86993805e-01  1.63378769e-10  3.00000000e-01 
 1.87093805e-01  1.63378769e-10  3.00000000e-01 
 1.87193805e-01  1.63378769e-10  3.00000000e-01 
 1.87293805e-01  1.63378769e-10  3.00000000e-01 
 1.87393805e-01  1.63378769e-10  3.00000000e-01 
 1.87493805e-01  1.63378769e-10  3.00000000e-01 
 1.87593805e-01  1.63378769e-10  3.00000000e-01 
 1.87693805e-01  1.63378769e-10  3.00000000e-01 
 1.87793805e-01  1.63378769e-10  3.00000000e-01 
 1.87893805e-01  1.63378769e-10  3.00000000e-01 
 1.87993805e-01  1.63378769e-10  3.00000000e-01 
 1.88093805e-01  1.63378769e-10  3.00000000e-01 
 1.88193805e-01  1.63378769e-10  3.00000000e-01 
 1.88293805e-01  1.63378769e-10  3.00000000e-01 
 1.88393805e-01  1.63378769e-10  3.00000000e-01 
 1.88493805e-01  1.63378769e-10  3.00000000e-01 
 1.88593805e-01  1.63378769e-10  3.00000000e-01 
 1.88693805e-01  1.63378769e-10  3.00000000e-01 
 1.88793805e-01  1.63378769e-10  3.00000000e-01 
 1.88893805e-01  1.63378769e-10  3.00000000e-01 
 1.88993805e-01  1.63378769e-10  3.00000000e-01 
 1.89093805e-01  1.63378769e-10  3.00000000e-01 
 1.89193805e-01  1.63378769e-10  3.00000000e-01 
 1.89293805e-01  1.63378769e-10  3.00000000e-01 
 1.89393805e-01  1.63378769e-10  3.00000000e-01 
 1.89493805e-01  1.63378769e-10  3.00000000e-01 
 1.89593805e-01  1.63378769e-10  3.00000000e-01 
 1.89693805e-01  1.63378769e-10  3.00000000e-01 
 1.89793805e-01  1.63378769e-10  3.00000000e-01 
 1.89893805e-01  1.63378769e-10  3.00000000e-01 
 1.89993805e-01  1.63378769e-10  3.00000000e-01 
 1.90093805e-01  1.63378769e-10  3.00000000e-01 
 1.90193805e-01  1.63378769e-10  3.00000000e-01 
 1.90293805e-01  1.63378769e-10  3.00000000e-01 
 1.90393805e-01  1.63378769e-10  3.00000000e-01 
 1.90493805e-01  1.63378769e-10  3.00000000e-01 
 1.90593805e-01  1.63378769e-10  3.00000000e-01 
 1.90693805e-01  1.63378769e-10  3.00000000e-01 
 1.90793805e-01  1.63378769e-10  3.00000000e-01 
 1.90893805e-01  1.63378769e-10  3.00000000e-01 
 1.90993805e-01  1.63378769e-10  3.00000000e-01 
 1.91093805e-01  1.63378769e-10  3.00000000e-01 
 1.91193805e-01  1.63378769e-10  3.00000000e-01 
 1.91293805e-01  1.63378769e-10  3.00000000e-01 
 1.91393805e-01  1.63378769e-10  3.00000000e-01 
 1.91493805e-01  1.63378769e-10  3.00000000e-01 
 1.91593805e-01  1.63378769e-10  3.00000000e-01 
 1.91693805e-01  1.63378769e-10  3.00000000e-01 
 1.91793805e-01  1.63378769e-10  3.00000000e-01 
 1.91893805e-01  1.63378769e-10  3.00000000e-01 
 1.91993805e-01  1.63378769e-10  3.00000000e-01 
 1.92093805e-01  1.63378769e-10  3.00000000e-01 
 1.92193805e-01  1.63378769e-10  3.00000000e-01 
 1.92293805e-01  1.63378769e-10  3.00000000e-01 
 1.92393805e-01  1.63378769e-10  3.00000000e-01 
 1.92493805e-01  1.63378769e-10  3.00000000e-01 
 1.92593805e-01  1.63378769e-10  3.00000000e-01 
 1.92693805e-01  1.63378769e-10  3.00000000e-01 
 1.92793805e-01  1.63378769e-10  3.00000000e-01 
 1.92893805e-01  1.63378769e-10  3.00000000e-01 
 1.92993805e-01  1.63378769e-10  3.00000000e-01 
 1.93093805e-01  1.63378769e-10  3.00000000e-01 
 1.93193805e-01  1.63378769e-10  3.00000000e-01 
 1.93293805e-01  1.63378769e-10  3.00000000e-01 
 1.93393805e-01  1.63378769e-10  3.00000000e-01 
 1.93493805e-01  1.63378769e-10  3.00000000e-01 
 1.93593805e-01  1.63378769e-10  3.00000000e-01 
 1.93693805e-01  1.63378769e-10  3.00000000e-01 
 1.93793805e-01  1.63378769e-10  3.00000000e-01 
 1.93893805e-01  1.63378769e-10  3.00000000e-01 
 1.93993805e-01  1.63378769e-10  3.00000000e-01 
 1.94093805e-01  1.63378769e-10  3.00000000e-01 
 1.94193805e-01  1.63378769e-10  3.00000000e-01 
 1.94293805e-01  1.63378769e-10  3.00000000e-01 
 1.94393805e-01  1.63378769e-10  3.00000000e-01 
 1.94493805e-01  1.63378769e-10  3.00000000e-01 
 1.94593805e-01  1.63378769e-10  3.00000000e-01 
 1.94693805e-01  1.63378769e-10  3.00000000e-01 
 1.94793805e-01  1.63378769e-10  3.00000000e-01 
 1.94893805e-01  1.63378769e-10  3.00000000e-01 
 1.94993805e-01  1.63378769e-10  3.00000000e-01 
 1.95093805e-01  1.63378769e-10  3.00000000e-01 
 1.95193805e-01  1.63378769e-10  3.00000000e-01 
 1.95293805e-01  1.63378769e-10  3.00000000e-01 
 1.95393805e-01  1.63378769e-10  3.00000000e-01 
 1.95493805e-01  1.63378769e-10  3.00000000e-01 
 1.95593805e-01  1.63378769e-10  3.00000000e-01 
 1.95693805e-01  1.63378769e-10  3.00000000e-01 
 1.95793805e-01  1.63378769e-10  3.00000000e-01 
 1.95893805e-01  1.63378769e-10  3.00000000e-01 
 1.95993805e-01  1.63378769e-10  3.00000000e-01 
 1.96093805e-01  1.63378769e-10  3.00000000e-01 
 1.96193805e-01  1.63378769e-10  3.00000000e-01 
 1.96293805e-01  1.63378769e-10  3.00000000e-01 
 1.96393805e-01  1.63378769e-10  3.00000000e-01 
 1.96493805e-01  1.63378769e-10  3.00000000e-01 
 1.96593805e-01  1.63378769e-10  3.00000000e-01 
 1.96693805e-01  1.63378769e-10  3.00000000e-01 
 1.96793805e-01  1.63378769e-10  3.00000000e-01 
 1.96893805e-01  1.63378769e-10  3.00000000e-01 
 1.96993805e-01  1.63378769e-10  3.00000000e-01 
 1.97093805e-01  1.63378769e-10  3.00000000e-01 
 1.97193805e-01  1.63378769e-10  3.00000000e-01 
 1.97293805e-01  1.63378769e-10  3.00000000e-01 
 1.97393805e-01  1.63378769e-10  3.00000000e-01 
 1.97493805e-01  1.63378769e-10  3.00000000e-01 
 1.97593805e-01  1.63378769e-10  3.00000000e-01 
 1.97693805e-01  1.63378769e-10  3.00000000e-01 
 1.97793805e-01  1.63378769e-10  3.00000000e-01 
 1.97893805e-01  1.63378769e-10  3.00000000e-01 
 1.97993805e-01  1.63378769e-10  3.00000000e-01 
 1.98093805e-01  1.63378769e-10  3.00000000e-01 
 1.98193805e-01  1.63378769e-10  3.00000000e-01 
 1.98293805e-01  1.63378769e-10  3.00000000e-01 
 1.98393805e-01  1.63378769e-10  3.00000000e-01 
 1.98493805e-01  1.63378769e-10  3.00000000e-01 
 1.98593805e-01  1.63378769e-10  3.00000000e-01 
 1.98693805e-01  1.63378769e-10  3.00000000e-01 
 1.98793805e-01  1.63378769e-10  3.00000000e-01 
 1.98893805e-01  1.63378769e-10  3.00000000e-01 
 1.98993805e-01  1.63378769e-10  3.00000000e-01 
 1.99093805e-01  1.63378769e-10  3.00000000e-01 
 1.99193805e-01  1.63378769e-10  3.00000000e-01 
 1.99293805e-01  1.63378769e-10  3.00000000e-01 
 1.99393805e-01  1.63378769e-10  3.00000000e-01 
 1.99493805e-01  1.63378769e-10  3.00000000e-01 
 1.99593805e-01  1.63378769e-10  3.00000000e-01 
 1.99693805e-01  1.63378769e-10  3.00000000e-01 
 1.99793805e-01  1.63378769e-10  3.00000000e-01 
 1.99893805e-01  1.63378769e-10  3.00000000e-01 
 1.99993805e-01  1.63378769e-10  3.00000000e-01 
 2.00093805e-01  1.63378769e-10  3.00000000e-01 
 2.00193805e-01  1.63378769e-10  3.00000000e-01 
 2.00293805e-01  1.63378769e-10  3.00000000e-01 
 2.00393805e-01  1.63378769e-10  3.00000000e-01 
 2.00493805e-01  1.63378769e-10  3.00000000e-01 
 2.00593805e-01  1.63378769e-10  3.00000000e-01 
 2.00693805e-01  1.63378769e-10  3.00000000e-01 
 2.00793805e-01  1.63378769e-10  3.00000000e-01 
 2.00893805e-01  1.63378769e-10  3.00000000e-01 
 2.00993805e-01  1.63378769e-10  3.00000000e-01 
 2.01093805e-01  1.63378769e-10  3.00000000e-01 
 2.01193805e-01  1.63378769e-10  3.00000000e-01 
 2.01293805e-01  1.63378769e-10  3.00000000e-01 
 2.01393805e-01  1.63378769e-10  3.00000000e-01 
 2.01493805e-01  1.63378769e-10  3.00000000e-01 
 2.01593805e-01  1.63378769e-10  3.00000000e-01 
 2.01693805e-01  1.63378769e-10  3.00000000e-01 
 2.01793805e-01  1.63378769e-10  3.00000000e-01 
 2.01893805e-01  1.63378769e-10  3.00000000e-01 
 2.01993805e-01  1.63378769e-10  3.00000000e-01 
 2.02093805e-01  1.63378769e-10  3.00000000e-01 
 2.02193805e-01  1.63378769e-10  3.00000000e-01 
 2.02293805e-01  1.63378769e-10  3.00000000e-01 
 2.02393805e-01  1.63378769e-10  3.00000000e-01 
 2.02493805e-01  1.63378769e-10  3.00000000e-01 
 2.02593805e-01  1.63378769e-10  3.00000000e-01 
 2.02693805e-01  1.63378769e-10  3.00000000e-01 
 2.02793805e-01  1.63378769e-10  3.00000000e-01 
 2.02893805e-01  1.63378769e-10  3.00000000e-01 
 2.02993805e-01  1.63378769e-10  3.00000000e-01 
 2.03093805e-01  1.63378769e-10  3.00000000e-01 
 2.03193805e-01  1.63378769e-10  3.00000000e-01 
 2.03293805e-01  1.63378769e-10  3.00000000e-01 
 2.03393805e-01  1.63378769e-10  3.00000000e-01 
 2.03493805e-01  1.63378769e-10  3.00000000e-01 
 2.03593805e-01  1.63378769e-10  3.00000000e-01 
 2.03693805e-01  1.63378769e-10  3.00000000e-01 
 2.03793805e-01  1.63378769e-10  3.00000000e-01 
 2.03893805e-01  1.63378769e-10  3.00000000e-01 
 2.03993805e-01  1.63378769e-10  3.00000000e-01 
 2.04093805e-01  1.63378769e-10  3.00000000e-01 
 2.04193805e-01  1.63378769e-10  3.00000000e-01 
 2.04293805e-01  1.63378769e-10  3.00000000e-01 
 2.04393805e-01  1.63378769e-10  3.00000000e-01 
 2.04493805e-01  1.63378769e-10  3.00000000e-01 
 2.04593805e-01  1.63378769e-10  3.00000000e-01 
 2.04693805e-01  1.63378769e-10  3.00000000e-01 
 2.04793805e-01  1.63378769e-10  3.00000000e-01 
 2.04893805e-01  1.63378769e-10  3.00000000e-01 
 2.04993805e-01  1.63378769e-10  3.00000000e-01 
 2.05093805e-01  1.63378769e-10  3.00000000e-01 
 2.05193805e-01  1.63378769e-10  3.00000000e-01 
 2.05293805e-01  1.63378769e-10  3.00000000e-01 
 2.05393805e-01  1.63378769e-10  3.00000000e-01 
 2.05493805e-01  1.63378769e-10  3.00000000e-01 
 2.05593805e-01  1.63378769e-10  3.00000000e-01 
 2.05693805e-01  1.63378769e-10  3.00000000e-01 
 2.05793805e-01  1.63378769e-10  3.00000000e-01 
 2.05893805e-01  1.63378769e-10  3.00000000e-01 
 2.05993805e-01  1.63378769e-10  3.00000000e-01 
 2.06093805e-01  1.63378769e-10  3.00000000e-01 
 2.06193805e-01  1.63378769e-10  3.00000000e-01 
 2.06293805e-01  1.63378769e-10  3.00000000e-01 
 2.06393805e-01  1.63378769e-10  3.00000000e-01 
 2.06493805e-01  1.63378769e-10  3.00000000e-01 
 2.06593805e-01  1.63378769e-10  3.00000000e-01 
 2.06693805e-01  1.63378769e-10  3.00000000e-01 
 2.06793805e-01  1.63378769e-10  3.00000000e-01 
 2.06893805e-01  1.63378769e-10  3.00000000e-01 
 2.06993805e-01  1.63378769e-10  3.00000000e-01 
 2.07093805e-01  1.63378769e-10  3.00000000e-01 
 2.07193805e-01  1.63378769e-10  3.00000000e-01 
 2.07293805e-01  1.63378769e-10  3.00000000e-01 
 2.07393805e-01  1.63378769e-10  3.00000000e-01 
 2.07493805e-01  1.63378769e-10  3.00000000e-01 
 2.07593805e-01  1.63378769e-10  3.00000000e-01 
 2.07693805e-01  1.63378769e-10  3.00000000e-01 
 2.07793805e-01  1.63378769e-10  3.00000000e-01 
 2.07893805e-01  1.63378769e-10  3.00000000e-01 
 2.07993805e-01  1.63378769e-10  3.00000000e-01 
 2.08093805e-01  1.63378769e-10  3.00000000e-01 
 2.08193805e-01  1.63378769e-10  3.00000000e-01 
 2.08293805e-01  1.63378769e-10  3.00000000e-01 
 2.08393805e-01  1.63378769e-10  3.00000000e-01 
 2.08493805e-01  1.63378769e-10  3.00000000e-01 
 2.08593805e-01  1.63378769e-10  3.00000000e-01 
 2.08693805e-01  1.63378769e-10  3.00000000e-01 
 2.08793805e-01  1.63378769e-10  3.00000000e-01 
 2.08893805e-01  1.63378769e-10  3.00000000e-01 
 2.08993805e-01  1.63378769e-10  3.00000000e-01 
 2.09093805e-01  1.63378769e-10  3.00000000e-01 
 2.09193805e-01  1.63378769e-10  3.00000000e-01 
 2.09293805e-01  1.63378769e-10  3.00000000e-01 
 2.09393805e-01  1.63378769e-10  3.00000000e-01 
 2.09493805e-01  1.63378769e-10  3.00000000e-01 
 2.09593805e-01  1.63378769e-10  3.00000000e-01 
 2.09693805e-01  1.63378769e-10  3.00000000e-01 
 2.09793805e-01  1.63378769e-10  3.00000000e-01 
 2.09893805e-01  1.63378769e-10  3.00000000e-01 
 2.09993805e-01  1.63378769e-10  3.00000000e-01 
 2.10093805e-01  1.63378769e-10  3.00000000e-01 
 2.10193805e-01  1.63378769e-10  3.00000000e-01 
 2.10293805e-01  1.63378769e-10  3.00000000e-01 
 2.10393805e-01  1.63378769e-10  3.00000000e-01 
 2.10493805e-01  1.63378769e-10  3.00000000e-01 
 2.10593805e-01  1.63378769e-10  3.00000000e-01 
 2.10693805e-01  1.63378769e-10  3.00000000e-01 
 2.10793805e-01  1.63378769e-10  3.00000000e-01 
 2.10893805e-01  1.63378769e-10  3.00000000e-01 
 2.10993805e-01  1.63378769e-10  3.00000000e-01 
 2.11093805e-01  1.63378769e-10  3.00000000e-01 
 2.11193805e-01  1.63378769e-10  3.00000000e-01 
 2.11293805e-01  1.63378769e-10  3.00000000e-01 
 2.11393805e-01  1.63378769e-10  3.00000000e-01 
 2.11493805e-01  1.63378769e-10  3.00000000e-01 
 2.11593805e-01  1.63378769e-10  3.00000000e-01 
 2.11693805e-01  1.63378769e-10  3.00000000e-01 
 2.11793805e-01  1.63378769e-10  3.00000000e-01 
 2.11893805e-01  1.63378769e-10  3.00000000e-01 
 2.11993805e-01  1.63378769e-10  3.00000000e-01 
 2.12093805e-01  1.63378769e-10  3.00000000e-01 
 2.12193805e-01  1.63378769e-10  3.00000000e-01 
 2.12293805e-01  1.63378769e-10  3.00000000e-01 
 2.12393805e-01  1.63378769e-10  3.00000000e-01 
 2.12493805e-01  1.63378769e-10  3.00000000e-01 
 2.12593805e-01  1.63378769e-10  3.00000000e-01 
 2.12693805e-01  1.63378769e-10  3.00000000e-01 
 2.12793805e-01  1.63378769e-10  3.00000000e-01 
 2.12893805e-01  1.63378769e-10  3.00000000e-01 
 2.12993805e-01  1.63378769e-10  3.00000000e-01 
 2.13093805e-01  1.63378769e-10  3.00000000e-01 
 2.13193805e-01  1.63378769e-10  3.00000000e-01 
 2.13293805e-01  1.63378769e-10  3.00000000e-01 
 2.13393805e-01  1.63378769e-10  3.00000000e-01 
 2.13493805e-01  1.63378769e-10  3.00000000e-01 
 2.13593805e-01  1.63378769e-10  3.00000000e-01 
 2.13693805e-01  1.63378769e-10  3.00000000e-01 
 2.13793805e-01  1.63378769e-10  3.00000000e-01 
 2.13893805e-01  1.63378769e-10  3.00000000e-01 
 2.13993805e-01  1.63378769e-10  3.00000000e-01 
 2.14093805e-01  1.63378769e-10  3.00000000e-01 
 2.14193805e-01  1.63378769e-10  3.00000000e-01 
 2.14293805e-01  1.63378769e-10  3.00000000e-01 
 2.14393805e-01  1.63378769e-10  3.00000000e-01 
 2.14493805e-01  1.63378769e-10  3.00000000e-01 
 2.14593805e-01  1.63378769e-10  3.00000000e-01 
 2.14693805e-01  1.63378769e-10  3.00000000e-01 
 2.14793805e-01  1.63378769e-10  3.00000000e-01 
 2.14893805e-01  1.63378769e-10  3.00000000e-01 
 2.14993805e-01  1.63378769e-10  3.00000000e-01 
 2.15093805e-01  1.63378769e-10  3.00000000e-01 
 2.15193805e-01  1.63378769e-10  3.00000000e-01 
 2.15293805e-01  1.63378769e-10  3.00000000e-01 
 2.15393805e-01  1.63378769e-10  3.00000000e-01 
 2.15493805e-01  1.63378769e-10  3.00000000e-01 
 2.15593805e-01  1.63378769e-10  3.00000000e-01 
 2.15693805e-01  1.63378769e-10  3.00000000e-01 
 2.15793805e-01  1.63378769e-10  3.00000000e-01 
 2.15893805e-01  1.63378769e-10  3.00000000e-01 
 2.15993805e-01  1.63378769e-10  3.00000000e-01 
 2.16093805e-01  1.63378769e-10  3.00000000e-01 
 2.16193805e-01  1.63378769e-10  3.00000000e-01 
 2.16293805e-01  1.63378769e-10  3.00000000e-01 
 2.16393805e-01  1.63378769e-10  3.00000000e-01 
 2.16493805e-01  1.63378769e-10  3.00000000e-01 
 2.16593805e-01  1.63378769e-10  3.00000000e-01 
 2.16693805e-01  1.63378769e-10  3.00000000e-01 
 2.16793805e-01  1.63378769e-10  3.00000000e-01 
 2.16893805e-01  1.63378769e-10  3.00000000e-01 
 2.16993805e-01  1.63378769e-10  3.00000000e-01 
 2.17093805e-01  1.63378769e-10  3.00000000e-01 
 2.17193805e-01  1.63378769e-10  3.00000000e-01 
 2.17293805e-01  1.63378769e-10  3.00000000e-01 
 2.17393805e-01  1.63378769e-10  3.00000000e-01 
 2.17493805e-01  1.63378769e-10  3.00000000e-01 
 2.17593805e-01  1.63378769e-10  3.00000000e-01 
 2.17693805e-01  1.63378769e-10  3.00000000e-01 
 2.17793805e-01  1.63378769e-10  3.00000000e-01 
 2.17893805e-01  1.63378769e-10  3.00000000e-01 
 2.17993805e-01  1.63378769e-10  3.00000000e-01 
 2.18093805e-01  1.63378769e-10  3.00000000e-01 
 2.18193805e-01  1.63378769e-10  3.00000000e-01 
 2.18293805e-01  1.63378769e-10  3.00000000e-01 
 2.18393805e-01  1.63378769e-10  3.00000000e-01 
 2.18493805e-01  1.63378769e-10  3.00000000e-01 
 2.18593805e-01  1.63378769e-10  3.00000000e-01 
 2.18693805e-01  1.63378769e-10  3.00000000e-01 
 2.18793805e-01  1.63378769e-10  3.00000000e-01 
 2.18893805e-01  1.63378769e-10  3.00000000e-01 
 2.18993805e-01  1.63378769e-10  3.00000000e-01 
 2.19093805e-01  1.63378769e-10  3.00000000e-01 
 2.19193805e-01  1.63378769e-10  3.00000000e-01 
 2.19293805e-01  1.63378769e-10  3.00000000e-01 
 2.19393805e-01  1.63378769e-10  3.00000000e-01 
 2.19493805e-01  1.63378769e-10  3.00000000e-01 
 2.19593805e-01  1.63378769e-10  3.00000000e-01 
 2.19693805e-01  1.63378769e-10  3.00000000e-01 
 2.19793805e-01  1.63378769e-10  3.00000000e-01 
 2.19893805e-01  1.63378769e-10  3.00000000e-01 
 2.19993805e-01  1.63378769e-10  3.00000000e-01 
 2.20093805e-01  1.63378769e-10  3.00000000e-01 
 2.20193805e-01  1.63378769e-10  3.00000000e-01 
 2.20293805e-01  1.63378769e-10  3.00000000e-01 
 2.20393805e-01  1.63378769e-10  3.00000000e-01 
 2.20493805e-01  1.63378769e-10  3.00000000e-01 
 2.20593805e-01  1.63378769e-10  3.00000000e-01 
 2.20693805e-01  1.63378769e-10  3.00000000e-01 
 2.20793805e-01  1.63378769e-10  3.00000000e-01 
 2.20893805e-01  1.63378769e-10  3.00000000e-01 
 2.20993805e-01  1.63378769e-10  3.00000000e-01 
 2.21093805e-01  1.63378769e-10  3.00000000e-01 
 2.21193805e-01  1.63378769e-10  3.00000000e-01 
 2.21293805e-01  1.63378769e-10  3.00000000e-01 
 2.21393805e-01  1.63378769e-10  3.00000000e-01 
 2.21493805e-01  1.63378769e-10  3.00000000e-01 
 2.21593805e-01  1.63378769e-10  3.00000000e-01 
 2.21693805e-01  1.63378769e-10  3.00000000e-01 
 2.21793805e-01  1.63378769e-10  3.00000000e-01 
 2.21893805e-01  1.63378769e-10  3.00000000e-01 
 2.21993805e-01  1.63378769e-10  3.00000000e-01 
 2.22093805e-01  1.63378769e-10  3.00000000e-01 
 2.22193805e-01  1.63378769e-10  3.00000000e-01 
 2.22293805e-01  1.63378769e-10  3.00000000e-01 
 2.22393805e-01  1.63378769e-10  3.00000000e-01 
 2.22493805e-01  1.63378769e-10  3.00000000e-01 
 2.22593805e-01  1.63378769e-10  3.00000000e-01 
 2.22693805e-01  1.63378769e-10  3.00000000e-01 
 2.22793805e-01  1.63378769e-10  3.00000000e-01 
 2.22893805e-01  1.63378769e-10  3.00000000e-01 
 2.22993805e-01  1.63378769e-10  3.00000000e-01 
 2.23093805e-01  1.63378769e-10  3.00000000e-01 
 2.23193805e-01  1.63378769e-10  3.00000000e-01 
 2.23293805e-01  1.63378769e-10  3.00000000e-01 
 2.23393805e-01  1.63378769e-10  3.00000000e-01 
 2.23493805e-01  1.63378769e-10  3.00000000e-01 
 2.23593805e-01  1.63378769e-10  3.00000000e-01 
 2.23693805e-01  1.63378769e-10  3.00000000e-01 
 2.23793805e-01  1.63378769e-10  3.00000000e-01 
 2.23893805e-01  1.63378769e-10  3.00000000e-01 
 2.23993805e-01  1.63378769e-10  3.00000000e-01 
 2.24093805e-01  1.63378769e-10  3.00000000e-01 
 2.24193805e-01  1.63378769e-10  3.00000000e-01 
 2.24293805e-01  1.63378769e-10  3.00000000e-01 
 2.24393805e-01  1.63378769e-10  3.00000000e-01 
 2.24493805e-01  1.63378769e-10  3.00000000e-01 
 2.24593805e-01  1.63378769e-10  3.00000000e-01 
 2.24693805e-01  1.63378769e-10  3.00000000e-01 
 2.24793805e-01  1.63378769e-10  3.00000000e-01 
 2.24893805e-01  1.63378769e-10  3.00000000e-01 
 2.24993805e-01  1.63378769e-10  3.00000000e-01 
 2.25093805e-01  1.63378769e-10  3.00000000e-01 
 2.25193805e-01  1.63378769e-10  3.00000000e-01 
 2.25293805e-01  1.63378769e-10  3.00000000e-01 
 2.25393805e-01  1.63378769e-10  3.00000000e-01 
 2.25493805e-01  1.63378769e-10  3.00000000e-01 
 2.25593805e-01  1.63378769e-10  3.00000000e-01 
 2.25693805e-01  1.63378769e-10  3.00000000e-01 
 2.25793805e-01  1.63378769e-10  3.00000000e-01 
 2.25893805e-01  1.63378769e-10  3.00000000e-01 
 2.25993805e-01  1.63378769e-10  3.00000000e-01 
 2.26093805e-01  1.63378769e-10  3.00000000e-01 
 2.26193805e-01  1.63378769e-10  3.00000000e-01 
 2.26293805e-01  1.63378769e-10  3.00000000e-01 
 2.26393805e-01  1.63378769e-10  3.00000000e-01 
 2.26493805e-01  1.63378769e-10  3.00000000e-01 
 2.26593805e-01  1.63378769e-10  3.00000000e-01 
 2.26693805e-01  1.63378769e-10  3.00000000e-01 
 2.26793805e-01  1.63378769e-10  3.00000000e-01 
 2.26893805e-01  1.63378769e-10  3.00000000e-01 
 2.26993805e-01  1.63378769e-10  3.00000000e-01 
 2.27093805e-01  1.63378769e-10  3.00000000e-01 
 2.27193805e-01  1.63378769e-10  3.00000000e-01 
 2.27293805e-01  1.63378769e-10  3.00000000e-01 
 2.27393805e-01  1.63378769e-10  3.00000000e-01 
 2.27493805e-01  1.63378769e-10  3.00000000e-01 
 2.27593805e-01  1.63378769e-10  3.00000000e-01 
 2.27693805e-01  1.63378769e-10  3.00000000e-01 
 2.27793805e-01  1.63378769e-10  3.00000000e-01 
 2.27893805e-01  1.63378769e-10  3.00000000e-01 
 2.27993805e-01  1.63378769e-10  3.00000000e-01 
 2.28093805e-01  1.63378769e-10  3.00000000e-01 
 2.28193805e-01  1.63378769e-10  3.00000000e-01 
 2.28293805e-01  1.63378769e-10  3.00000000e-01 
 2.28393805e-01  1.63378769e-10  3.00000000e-01 
 2.28493805e-01  1.63378769e-10  3.00000000e-01 
 2.28593805e-01  1.63378769e-10  3.00000000e-01 
 2.28693805e-01  1.63378769e-10  3.00000000e-01 
 2.28793805e-01  1.63378769e-10  3.00000000e-01 
 2.28893805e-01  1.63378769e-10  3.00000000e-01 
 2.28993805e-01  1.63378769e-10  3.00000000e-01 
 2.29093805e-01  1.63378769e-10  3.00000000e-01 
 2.29193805e-01  1.63378769e-10  3.00000000e-01 
 2.29293805e-01  1.63378769e-10  3.00000000e-01 
 2.29393805e-01  1.63378769e-10  3.00000000e-01 
 2.29493805e-01  1.63378769e-10  3.00000000e-01 
 2.29593805e-01  1.63378769e-10  3.00000000e-01 
 2.29693805e-01  1.63378769e-10  3.00000000e-01 
 2.29793805e-01  1.63378769e-10  3.00000000e-01 
 2.29893805e-01  1.63378769e-10  3.00000000e-01 
 2.29993805e-01  1.63378769e-10  3.00000000e-01 
 2.30093805e-01  1.63378769e-10  3.00000000e-01 
 2.30193805e-01  1.63378769e-10  3.00000000e-01 
 2.30293805e-01  1.63378769e-10  3.00000000e-01 
 2.30393805e-01  1.63378769e-10  3.00000000e-01 
 2.30493805e-01  1.63378769e-10  3.00000000e-01 
 2.30593805e-01  1.63378769e-10  3.00000000e-01 
 2.30693805e-01  1.63378769e-10  3.00000000e-01 
 2.30793805e-01  1.63378769e-10  3.00000000e-01 
 2.30893805e-01  1.63378769e-10  3.00000000e-01 
 2.30993805e-01  1.63378769e-10  3.00000000e-01 
 2.31093805e-01  1.63378769e-10  3.00000000e-01 
 2.31193805e-01  1.63378769e-10  3.00000000e-01 
 2.31293805e-01  1.63378769e-10  3.00000000e-01 
 2.31393805e-01  1.63378769e-10  3.00000000e-01 
 2.31493805e-01  1.63378769e-10  3.00000000e-01 
 2.31593805e-01  1.63378769e-10  3.00000000e-01 
 2.31693805e-01  1.63378769e-10  3.00000000e-01 
 2.31793805e-01  1.63378769e-10  3.00000000e-01 
 2.31893805e-01  1.63378769e-10  3.00000000e-01 
 2.31993805e-01  1.63378769e-10  3.00000000e-01 
 2.32093805e-01  1.63378769e-10  3.00000000e-01 
 2.32193805e-01  1.63378769e-10  3.00000000e-01 
 2.32293805e-01  1.63378769e-10  3.00000000e-01 
 2.32393805e-01  1.63378769e-10  3.00000000e-01 
 2.32493805e-01  1.63378769e-10  3.00000000e-01 
 2.32593805e-01  1.63378769e-10  3.00000000e-01 
 2.32693805e-01  1.63378769e-10  3.00000000e-01 
 2.32793805e-01  1.63378769e-10  3.00000000e-01 
 2.32893805e-01  1.63378769e-10  3.00000000e-01 
 2.32993805e-01  1.63378769e-10  3.00000000e-01 
 2.33093805e-01  1.63378769e-10  3.00000000e-01 
 2.33193805e-01  1.63378769e-10  3.00000000e-01 
 2.33293805e-01  1.63378769e-10  3.00000000e-01 
 2.33393805e-01  1.63378769e-10  3.00000000e-01 
 2.33493805e-01  1.63378769e-10  3.00000000e-01 
 2.33593805e-01  1.63378769e-10  3.00000000e-01 
 2.33693805e-01  1.63378769e-10  3.00000000e-01 
 2.33793805e-01  1.63378769e-10  3.00000000e-01 
 2.33893805e-01  1.63378769e-10  3.00000000e-01 
 2.33993805e-01  1.63378769e-10  3.00000000e-01 
 2.34093805e-01  1.63378769e-10  3.00000000e-01 
 2.34193805e-01  1.63378769e-10  3.00000000e-01 
 2.34293805e-01  1.63378769e-10  3.00000000e-01 
 2.34393805e-01  1.63378769e-10  3.00000000e-01 
 2.34493805e-01  1.63378769e-10  3.00000000e-01 
 2.34593805e-01  1.63378769e-10  3.00000000e-01 
 2.34693805e-01  1.63378769e-10  3.00000000e-01 
 2.34793805e-01  1.63378769e-10  3.00000000e-01 
 2.34893805e-01  1.63378769e-10  3.00000000e-01 
 2.34993805e-01  1.63378769e-10  3.00000000e-01 
 2.35093805e-01  1.63378769e-10  3.00000000e-01 
 2.35193805e-01  1.63378769e-10  3.00000000e-01 
 2.35293805e-01  1.63378769e-10  3.00000000e-01 
 2.35393805e-01  1.63378769e-10  3.00000000e-01 
 2.35493805e-01  1.63378769e-10  3.00000000e-01 
 2.35593805e-01  1.63378769e-10  3.00000000e-01 
 2.35693805e-01  1.63378769e-10  3.00000000e-01 
 2.35793805e-01  1.63378769e-10  3.00000000e-01 
 2.35893805e-01  1.63378769e-10  3.00000000e-01 
 2.35993805e-01  1.63378769e-10  3.00000000e-01 
 2.36093805e-01  1.63378769e-10  3.00000000e-01 
 2.36193805e-01  1.63378769e-10  3.00000000e-01 
 2.36293805e-01  1.63378769e-10  3.00000000e-01 
 2.36393805e-01  1.63378769e-10  3.00000000e-01 
 2.36493805e-01  1.63378769e-10  3.00000000e-01 
 2.36593805e-01  1.63378769e-10  3.00000000e-01 
 2.36693805e-01  1.63378769e-10  3.00000000e-01 
 2.36793805e-01  1.63378769e-10  3.00000000e-01 
 2.36893805e-01  1.63378769e-10  3.00000000e-01 
 2.36993805e-01  1.63378769e-10  3.00000000e-01 
 2.37093805e-01  1.63378769e-10  3.00000000e-01 
 2.37193805e-01  1.63378769e-10  3.00000000e-01 
 2.37293805e-01  1.63378769e-10  3.00000000e-01 
 2.37393805e-01  1.63378769e-10  3.00000000e-01 
 2.37493805e-01  1.63378769e-10  3.00000000e-01 
 2.37593805e-01  1.63378769e-10  3.00000000e-01 
 2.37693805e-01  1.63378769e-10  3.00000000e-01 
 2.37793805e-01  1.63378769e-10  3.00000000e-01 
 2.37893805e-01  1.63378769e-10  3.00000000e-01 
 2.37993805e-01  1.63378769e-10  3.00000000e-01 
 2.38093805e-01  1.63378769e-10  3.00000000e-01 
 2.38193805e-01  1.63378769e-10  3.00000000e-01 
 2.38293805e-01  1.63378769e-10  3.00000000e-01 
 2.38393805e-01  1.63378769e-10  3.00000000e-01 
 2.38493805e-01  1.63378769e-10  3.00000000e-01 
 2.38593805e-01  1.63378769e-10  3.00000000e-01 
 2.38693805e-01  1.63378769e-10  3.00000000e-01 
 2.38793805e-01  1.63378769e-10  3.00000000e-01 
 2.38893805e-01  1.63378769e-10  3.00000000e-01 
 2.38993805e-01  1.63378769e-10  3.00000000e-01 
 2.39093805e-01  1.63378769e-10  3.00000000e-01 
 2.39193805e-01  1.63378769e-10  3.00000000e-01 
 2.39293805e-01  1.63378769e-10  3.00000000e-01 
 2.39393805e-01  1.63378769e-10  3.00000000e-01 
 2.39493805e-01  1.63378769e-10  3.00000000e-01 
 2.39593805e-01  1.63378769e-10  3.00000000e-01 
 2.39693805e-01  1.63378769e-10  3.00000000e-01 
 2.39793805e-01  1.63378769e-10  3.00000000e-01 
 2.39893805e-01  1.63378769e-10  3.00000000e-01 
 2.39993805e-01  1.63378769e-10  3.00000000e-01 
 2.40093805e-01  1.63378769e-10  3.00000000e-01 
 2.40193805e-01  1.63378769e-10  3.00000000e-01 
 2.40293805e-01  1.63378769e-10  3.00000000e-01 
 2.40393805e-01  1.63378769e-10  3.00000000e-01 
 2.40493805e-01  1.63378769e-10  3.00000000e-01 
 2.40593805e-01  1.63378769e-10  3.00000000e-01 
 2.40693805e-01  1.63378769e-10  3.00000000e-01 
 2.40793805e-01  1.63378769e-10  3.00000000e-01 
 2.40893805e-01  1.63378769e-10  3.00000000e-01 
 2.40993805e-01  1.63378769e-10  3.00000000e-01 
 2.41093805e-01  1.63378769e-10  3.00000000e-01 
 2.41193805e-01  1.63378769e-10  3.00000000e-01 
 2.41293805e-01  1.63378769e-10  3.00000000e-01 
 2.41393805e-01  1.63378769e-10  3.00000000e-01 
 2.41493805e-01  1.63378769e-10  3.00000000e-01 
 2.41593805e-01  1.63378769e-10  3.00000000e-01 
 2.41693805e-01  1.63378769e-10  3.00000000e-01 
 2.41793805e-01  1.63378769e-10  3.00000000e-01 
 2.41893805e-01  1.63378769e-10  3.00000000e-01 
 2.41993805e-01  1.63378769e-10  3.00000000e-01 
 2.42093805e-01  1.63378769e-10  3.00000000e-01 
 2.42193805e-01  1.63378769e-10  3.00000000e-01 
 2.42293805e-01  1.63378769e-10  3.00000000e-01 
 2.42393805e-01  1.63378769e-10  3.00000000e-01 
 2.42493805e-01  1.63378769e-10  3.00000000e-01 
 2.42593805e-01  1.63378769e-10  3.00000000e-01 
 2.42693805e-01  1.63378769e-10  3.00000000e-01 
 2.42793805e-01  1.63378769e-10  3.00000000e-01 
 2.42893805e-01  1.63378769e-10  3.00000000e-01 
 2.42993805e-01  1.63378769e-10  3.00000000e-01 
 2.43093805e-01  1.63378769e-10  3.00000000e-01 
 2.43193805e-01  1.63378769e-10  3.00000000e-01 
 2.43293805e-01  1.63378769e-10  3.00000000e-01 
 2.43393805e-01  1.63378769e-10  3.00000000e-01 
 2.43493805e-01  1.63378769e-10  3.00000000e-01 
 2.43593805e-01  1.63378769e-10  3.00000000e-01 
 2.43693805e-01  1.63378769e-10  3.00000000e-01 
 2.43793805e-01  1.63378769e-10  3.00000000e-01 
 2.43893805e-01  1.63378769e-10  3.00000000e-01 
 2.43993805e-01  1.63378769e-10  3.00000000e-01 
 2.44093805e-01  1.63378769e-10  3.00000000e-01 
 2.44193805e-01  1.63378769e-10  3.00000000e-01 
 2.44293805e-01  1.63378769e-10  3.00000000e-01 
 2.44393805e-01  1.63378769e-10  3.00000000e-01 
 2.44493805e-01  1.63378769e-10  3.00000000e-01 
 2.44593805e-01  1.63378769e-10  3.00000000e-01 
 2.44693805e-01  1.63378769e-10  3.00000000e-01 
 2.44793805e-01  1.63378769e-10  3.00000000e-01 
 2.44893805e-01  1.63378769e-10  3.00000000e-01 
 2.44993805e-01  1.63378769e-10  3.00000000e-01 
 2.45093805e-01  1.63378769e-10  3.00000000e-01 
 2.45193805e-01  1.63378769e-10  3.00000000e-01 
 2.45293805e-01  1.63378769e-10  3.00000000e-01 
 2.45393805e-01  1.63378769e-10  3.00000000e-01 
 2.45493805e-01  1.63378769e-10  3.00000000e-01 
 2.45593805e-01  1.63378769e-10  3.00000000e-01 
 2.45693805e-01  1.63378769e-10  3.00000000e-01 
 2.45793805e-01  1.63378769e-10  3.00000000e-01 
 2.45893805e-01  1.63378769e-10  3.00000000e-01 
 2.45993805e-01  1.63378769e-10  3.00000000e-01 
 2.46093805e-01  1.63378769e-10  3.00000000e-01 
 2.46193805e-01  1.63378769e-10  3.00000000e-01 
 2.46293805e-01  1.63378769e-10  3.00000000e-01 
 2.46393805e-01  1.63378769e-10  3.00000000e-01 
 2.46493805e-01  1.63378769e-10  3.00000000e-01 
 2.46593805e-01  1.63378769e-10  3.00000000e-01 
 2.46693805e-01  1.63378769e-10  3.00000000e-01 
 2.46793805e-01  1.63378769e-10  3.00000000e-01 
 2.46893805e-01  1.63378769e-10  3.00000000e-01 
 2.46993805e-01  1.63378769e-10  3.00000000e-01 
 2.47093805e-01  1.63378769e-10  3.00000000e-01 
 2.47193805e-01  1.63378769e-10  3.00000000e-01 
 2.47293805e-01  1.63378769e-10  3.00000000e-01 
 2.47393805e-01  1.63378769e-10  3.00000000e-01 
 2.47493805e-01  1.63378769e-10  3.00000000e-01 
 2.47593805e-01  1.63378769e-10  3.00000000e-01 
 2.47693805e-01  1.63378769e-10  3.00000000e-01 
 2.47793805e-01  1.63378769e-10  3.00000000e-01 
 2.47893805e-01  1.63378769e-10  3.00000000e-01 
 2.47993805e-01  1.63378769e-10  3.00000000e-01 
 2.48093805e-01  1.63378769e-10  3.00000000e-01 
 2.48193805e-01  1.63378769e-10  3.00000000e-01 
 2.48293805e-01  1.63378769e-10  3.00000000e-01 
 2.48393805e-01  1.63378769e-10  3.00000000e-01 
 2.48493805e-01  1.63378769e-10  3.00000000e-01 
 2.48593805e-01  1.63378769e-10  3.00000000e-01 
 2.48693805e-01  1.63378769e-10  3.00000000e-01 
 2.48793805e-01  1.63378769e-10  3.00000000e-01 
 2.48893805e-01  1.63378769e-10  3.00000000e-01 
 2.48993805e-01  1.63378769e-10  3.00000000e-01 
 2.49093805e-01  1.63378769e-10  3.00000000e-01 
 2.49193805e-01  1.63378769e-10  3.00000000e-01 
 2.49293805e-01  1.63378769e-10  3.00000000e-01 
 2.49393805e-01  1.63378769e-10  3.00000000e-01 
 2.49493805e-01  1.63378769e-10  3.00000000e-01 
 2.49593805e-01  1.63378769e-10  3.00000000e-01 
 2.49693805e-01  1.63378769e-10  3.00000000e-01 
 2.49793805e-01  1.63378769e-10  3.00000000e-01 
 2.49893805e-01  1.63378769e-10  3.00000000e-01 
 2.49993805e-01  1.63378769e-10  3.00000000e-01 
 2.50093805e-01  1.63378769e-10  3.00000000e-01 
 2.50193805e-01  1.63378769e-10  3.00000000e-01 
 2.50293805e-01  1.63378769e-10  3.00000000e-01 
 2.50393805e-01  1.63378769e-10  3.00000000e-01 
 2.50493805e-01  1.63378769e-10  3.00000000e-01 
 2.50593805e-01  1.63378769e-10  3.00000000e-01 
 2.50693805e-01  1.63378769e-10  3.00000000e-01 
 2.50793805e-01  1.63378769e-10  3.00000000e-01 
 2.50893805e-01  1.63378769e-10  3.00000000e-01 
 2.50993805e-01  1.63378769e-10  3.00000000e-01 
 2.51093805e-01  1.63378769e-10  3.00000000e-01 
 2.51193805e-01  1.63378769e-10  3.00000000e-01 
 2.51293805e-01  1.63378769e-10  3.00000000e-01 
 2.51393805e-01  1.63378769e-10  3.00000000e-01 
 2.51493805e-01  1.63378769e-10  3.00000000e-01 
 2.51593805e-01  1.63378769e-10  3.00000000e-01 
 2.51693805e-01  1.63378769e-10  3.00000000e-01 
 2.51793805e-01  1.63378769e-10  3.00000000e-01 
 2.51893805e-01  1.63378769e-10  3.00000000e-01 
 2.51993805e-01  1.63378769e-10  3.00000000e-01 
 2.52093805e-01  1.63378769e-10  3.00000000e-01 
 2.52193805e-01  1.63378769e-10  3.00000000e-01 
 2.52293805e-01  1.63378769e-10  3.00000000e-01 
 2.52393805e-01  1.63378769e-10  3.00000000e-01 
 2.52493805e-01  1.63378769e-10  3.00000000e-01 
 2.52593805e-01  1.63378769e-10  3.00000000e-01 
 2.52693805e-01  1.63378769e-10  3.00000000e-01 
 2.52793805e-01  1.63378769e-10  3.00000000e-01 
 2.52893805e-01  1.63378769e-10  3.00000000e-01 
 2.52993805e-01  1.63378769e-10  3.00000000e-01 
 2.53093805e-01  1.63378769e-10  3.00000000e-01 
 2.53193805e-01  1.63378769e-10  3.00000000e-01 
 2.53293805e-01  1.63378769e-10  3.00000000e-01 
 2.53393805e-01  1.63378769e-10  3.00000000e-01 
 2.53493805e-01  1.63378769e-10  3.00000000e-01 
 2.53593805e-01  1.63378769e-10  3.00000000e-01 
 2.53693805e-01  1.63378769e-10  3.00000000e-01 
 2.53793805e-01  1.63378769e-10  3.00000000e-01 
 2.53893805e-01  1.63378769e-10  3.00000000e-01 
 2.53993805e-01  1.63378769e-10  3.00000000e-01 
 2.54093805e-01  1.63378769e-10  3.00000000e-01 
 2.54193805e-01  1.63378769e-10  3.00000000e-01 
 2.54293805e-01  1.63378769e-10  3.00000000e-01 
 2.54393805e-01  1.63378769e-10  3.00000000e-01 
 2.54493805e-01  1.63378769e-10  3.00000000e-01 
 2.54593805e-01  1.63378769e-10  3.00000000e-01 
 2.54693805e-01  1.63378769e-10  3.00000000e-01 
 2.54793805e-01  1.63378769e-10  3.00000000e-01 
 2.54893805e-01  1.63378769e-10  3.00000000e-01 
 2.54993805e-01  1.63378769e-10  3.00000000e-01 
 2.55093805e-01  1.63378769e-10  3.00000000e-01 
 2.55193805e-01  1.63378769e-10  3.00000000e-01 
 2.55293805e-01  1.63378769e-10  3.00000000e-01 
 2.55393805e-01  1.63378769e-10  3.00000000e-01 
 2.55493805e-01  1.63378769e-10  3.00000000e-01 
 2.55593805e-01  1.63378769e-10  3.00000000e-01 
 2.55693805e-01  1.63378769e-10  3.00000000e-01 
 2.55793805e-01  1.63378769e-10  3.00000000e-01 
 2.55893805e-01  1.63378769e-10  3.00000000e-01 
 2.55993805e-01  1.63378769e-10  3.00000000e-01 
 2.56093805e-01  1.63378769e-10  3.00000000e-01 
 2.56193805e-01  1.63378769e-10  3.00000000e-01 
 2.56293805e-01  1.63378769e-10  3.00000000e-01 
 2.56393805e-01  1.63378769e-10  3.00000000e-01 
 2.56493805e-01  1.63378769e-10  3.00000000e-01 
 2.56593805e-01  1.63378769e-10  3.00000000e-01 
 2.56693805e-01  1.63378769e-10  3.00000000e-01 
 2.56793805e-01  1.63378769e-10  3.00000000e-01 
 2.56893805e-01  1.63378769e-10  3.00000000e-01 
 2.56993805e-01  1.63378769e-10  3.00000000e-01 
 2.57093805e-01  1.63378769e-10  3.00000000e-01 
 2.57193805e-01  1.63378769e-10  3.00000000e-01 
 2.57293805e-01  1.63378769e-10  3.00000000e-01 
 2.57393805e-01  1.63378769e-10  3.00000000e-01 
 2.57493805e-01  1.63378769e-10  3.00000000e-01 
 2.57593805e-01  1.63378769e-10  3.00000000e-01 
 2.57693805e-01  1.63378769e-10  3.00000000e-01 
 2.57793805e-01  1.63378769e-10  3.00000000e-01 
 2.57893805e-01  1.63378769e-10  3.00000000e-01 
 2.57993805e-01  1.63378769e-10  3.00000000e-01 
 2.58093805e-01  1.63378769e-10  3.00000000e-01 
 2.58193805e-01  1.63378769e-10  3.00000000e-01 
 2.58293805e-01  1.63378769e-10  3.00000000e-01 
 2.58393805e-01  1.63378769e-10  3.00000000e-01 
 2.58493805e-01  1.63378769e-10  3.00000000e-01 
 2.58593805e-01  1.63378769e-10  3.00000000e-01 
 2.58693805e-01  1.63378769e-10  3.00000000e-01 
 2.58793805e-01  1.63378769e-10  3.00000000e-01 
 2.58893805e-01  1.63378769e-10  3.00000000e-01 
 2.58993805e-01  1.63378769e-10  3.00000000e-01 
 2.59093805e-01  1.63378769e-10  3.00000000e-01 
 2.59193805e-01  1.63378769e-10  3.00000000e-01 
 2.59293805e-01  1.63378769e-10  3.00000000e-01 
 2.59393805e-01  1.63378769e-10  3.00000000e-01 
 2.59493805e-01  1.63378769e-10  3.00000000e-01 
 2.59593805e-01  1.63378769e-10  3.00000000e-01 
 2.59693805e-01  1.63378769e-10  3.00000000e-01 
 2.59793805e-01  1.63378769e-10  3.00000000e-01 
 2.59893805e-01  1.63378769e-10  3.00000000e-01 
 2.59993805e-01  1.63378769e-10  3.00000000e-01 
 2.60093805e-01  1.63378769e-10  3.00000000e-01 
 2.60193805e-01  1.63378769e-10  3.00000000e-01 
 2.60293805e-01  1.63378769e-10  3.00000000e-01 
 2.60393805e-01  1.63378769e-10  3.00000000e-01 
 2.60493805e-01  1.63378769e-10  3.00000000e-01 
 2.60593805e-01  1.63378769e-10  3.00000000e-01 
 2.60693805e-01  1.63378769e-10  3.00000000e-01 
 2.60793805e-01  1.63378769e-10  3.00000000e-01 
 2.60893805e-01  1.63378769e-10  3.00000000e-01 
 2.60993805e-01  1.63378769e-10  3.00000000e-01 
 2.61093805e-01  1.63378769e-10  3.00000000e-01 
 2.61193805e-01  1.63378769e-10  3.00000000e-01 
 2.61293805e-01  1.63378769e-10  3.00000000e-01 
 2.61393805e-01  1.63378769e-10  3.00000000e-01 
 2.61493805e-01  1.63378769e-10  3.00000000e-01 
 2.61593805e-01  1.63378769e-10  3.00000000e-01 
 2.61693805e-01  1.63378769e-10  3.00000000e-01 
 2.61793805e-01  1.63378769e-10  3.00000000e-01 
 2.61893805e-01  1.63378769e-10  3.00000000e-01 
 2.61993805e-01  1.63378769e-10  3.00000000e-01 
 2.62093805e-01  1.63378769e-10  3.00000000e-01 
 2.62193805e-01  1.63378769e-10  3.00000000e-01 
 2.62293805e-01  1.63378769e-10  3.00000000e-01 
 2.62393805e-01  1.63378769e-10  3.00000000e-01 
 2.62493805e-01  1.63378769e-10  3.00000000e-01 
 2.62593805e-01  1.63378769e-10  3.00000000e-01 
 2.62693805e-01  1.63378769e-10  3.00000000e-01 
 2.62793805e-01  1.63378769e-10  3.00000000e-01 
 2.62893805e-01  1.63378769e-10  3.00000000e-01 
 2.62993805e-01  1.63378769e-10  3.00000000e-01 
 2.63093805e-01  1.63378769e-10  3.00000000e-01 
 2.63193805e-01  1.63378769e-10  3.00000000e-01 
 2.63293805e-01  1.63378769e-10  3.00000000e-01 
 2.63393805e-01  1.63378769e-10  3.00000000e-01 
 2.63493805e-01  1.63378769e-10  3.00000000e-01 
 2.63593805e-01  1.63378769e-10  3.00000000e-01 
 2.63693805e-01  1.63378769e-10  3.00000000e-01 
 2.63793805e-01  1.63378769e-10  3.00000000e-01 
 2.63893805e-01  1.63378769e-10  3.00000000e-01 
 2.63993805e-01  1.63378769e-10  3.00000000e-01 
 2.64093805e-01  1.63378769e-10  3.00000000e-01 
 2.64193805e-01  1.63378769e-10  3.00000000e-01 
 2.64293805e-01  1.63378769e-10  3.00000000e-01 
 2.64393805e-01  1.63378769e-10  3.00000000e-01 
 2.64493805e-01  1.63378769e-10  3.00000000e-01 
 2.64593805e-01  1.63378769e-10  3.00000000e-01 
 2.64693805e-01  1.63378769e-10  3.00000000e-01 
 2.64793805e-01  1.63378769e-10  3.00000000e-01 
 2.64893805e-01  1.63378769e-10  3.00000000e-01 
 2.64993805e-01  1.63378769e-10  3.00000000e-01 
 2.65093805e-01  1.63378769e-10  3.00000000e-01 
 2.65193805e-01  1.63378769e-10  3.00000000e-01 
 2.65293805e-01  1.63378769e-10  3.00000000e-01 
 2.65393805e-01  1.63378769e-10  3.00000000e-01 
 2.65493805e-01  1.63378769e-10  3.00000000e-01 
 2.65593805e-01  1.63378769e-10  3.00000000e-01 
 2.65693805e-01  1.63378769e-10  3.00000000e-01 
 2.65793805e-01  1.63378769e-10  3.00000000e-01 
 2.65893805e-01  1.63378769e-10  3.00000000e-01 
 2.65993805e-01  1.63378769e-10  3.00000000e-01 
 2.66093805e-01  1.63378769e-10  3.00000000e-01 
 2.66193805e-01  1.63378769e-10  3.00000000e-01 
 2.66293805e-01  1.63378769e-10  3.00000000e-01 
 2.66393805e-01  1.63378769e-10  3.00000000e-01 
 2.66493805e-01  1.63378769e-10  3.00000000e-01 
 2.66593805e-01  1.63378769e-10  3.00000000e-01 
 2.66693805e-01  1.63378769e-10  3.00000000e-01 
 2.66793805e-01  1.63378769e-10  3.00000000e-01 
 2.66893805e-01  1.63378769e-10  3.00000000e-01 
 2.66993805e-01  1.63378769e-10  3.00000000e-01 
 2.67093805e-01  1.63378769e-10  3.00000000e-01 
 2.67193805e-01  1.63378769e-10  3.00000000e-01 
 2.67293805e-01  1.63378769e-10  3.00000000e-01 
 2.67393805e-01  1.63378769e-10  3.00000000e-01 
 2.67493805e-01  1.63378769e-10  3.00000000e-01 
 2.67593805e-01  1.63378769e-10  3.00000000e-01 
 2.67693805e-01  1.63378769e-10  3.00000000e-01 
 2.67793805e-01  1.63378769e-10  3.00000000e-01 
 2.67893805e-01  1.63378769e-10  3.00000000e-01 
 2.67993805e-01  1.63378769e-10  3.00000000e-01 
 2.68093805e-01  1.63378769e-10  3.00000000e-01 
 2.68193805e-01  1.63378769e-10  3.00000000e-01 
 2.68293805e-01  1.63378769e-10  3.00000000e-01 
 2.68393805e-01  1.63378769e-10  3.00000000e-01 
 2.68493805e-01  1.63378769e-10  3.00000000e-01 
 2.68593805e-01  1.63378769e-10  3.00000000e-01 
 2.68693805e-01  1.63378769e-10  3.00000000e-01 
 2.68793805e-01  1.63378769e-10  3.00000000e-01 
 2.68893805e-01  1.63378769e-10  3.00000000e-01 
 2.68993805e-01  1.63378769e-10  3.00000000e-01 
 2.69093805e-01  1.63378769e-10  3.00000000e-01 
 2.69193805e-01  1.63378769e-10  3.00000000e-01 
 2.69293805e-01  1.63378769e-10  3.00000000e-01 
 2.69393805e-01  1.63378769e-10  3.00000000e-01 
 2.69493805e-01  1.63378769e-10  3.00000000e-01 
 2.69593805e-01  1.63378769e-10  3.00000000e-01 
 2.69693805e-01  1.63378769e-10  3.00000000e-01 
 2.69793805e-01  1.63378769e-10  3.00000000e-01 
 2.69893805e-01  1.63378769e-10  3.00000000e-01 
 2.69993805e-01  1.63378769e-10  3.00000000e-01 
 2.70093805e-01  1.63378769e-10  3.00000000e-01 
 2.70193805e-01  1.63378769e-10  3.00000000e-01 
 2.70293805e-01  1.63378769e-10  3.00000000e-01 
 2.70393805e-01  1.63378769e-10  3.00000000e-01 
 2.70493805e-01  1.63378769e-10  3.00000000e-01 
 2.70593805e-01  1.63378769e-10  3.00000000e-01 
 2.70693805e-01  1.63378769e-10  3.00000000e-01 
 2.70793805e-01  1.63378769e-10  3.00000000e-01 
 2.70893805e-01  1.63378769e-10  3.00000000e-01 
 2.70993805e-01  1.63378769e-10  3.00000000e-01 
 2.71093805e-01  1.63378769e-10  3.00000000e-01 
 2.71193805e-01  1.63378769e-10  3.00000000e-01 
 2.71293805e-01  1.63378769e-10  3.00000000e-01 
 2.71393805e-01  1.63378769e-10  3.00000000e-01 
 2.71493805e-01  1.63378769e-10  3.00000000e-01 
 2.71593805e-01  1.63378769e-10  3.00000000e-01 
 2.71693805e-01  1.63378769e-10  3.00000000e-01 
 2.71793805e-01  1.63378769e-10  3.00000000e-01 
 2.71893805e-01  1.63378769e-10  3.00000000e-01 
 2.71993805e-01  1.63378769e-10  3.00000000e-01 
 2.72093805e-01  1.63378769e-10  3.00000000e-01 
 2.72193805e-01  1.63378769e-10  3.00000000e-01 
 2.72293805e-01  1.63378769e-10  3.00000000e-01 
 2.72393805e-01  1.63378769e-10  3.00000000e-01 
 2.72493805e-01  1.63378769e-10  3.00000000e-01 
 2.72593805e-01  1.63378769e-10  3.00000000e-01 
 2.72693805e-01  1.63378769e-10  3.00000000e-01 
 2.72793805e-01  1.63378769e-10  3.00000000e-01 
 2.72893805e-01  1.63378769e-10  3.00000000e-01 
 2.72993805e-01  1.63378769e-10  3.00000000e-01 
 2.73093805e-01  1.63378769e-10  3.00000000e-01 
 2.73193805e-01  1.63378769e-10  3.00000000e-01 
 2.73293805e-01  1.63378769e-10  3.00000000e-01 
 2.73393805e-01  1.63378769e-10  3.00000000e-01 
 2.73493805e-01  1.63378769e-10  3.00000000e-01 
 2.73593805e-01  1.63378769e-10  3.00000000e-01 
 2.73693805e-01  1.63378769e-10  3.00000000e-01 
 2.73793805e-01  1.63378769e-10  3.00000000e-01 
 2.73893805e-01  1.63378769e-10  3.00000000e-01 
 2.73993805e-01  1.63378769e-10  3.00000000e-01 
 2.74093805e-01  1.63378769e-10  3.00000000e-01 
 2.74193805e-01  1.63378769e-10  3.00000000e-01 
 2.74293805e-01  1.63378769e-10  3.00000000e-01 
 2.74393805e-01  1.63378769e-10  3.00000000e-01 
 2.74493805e-01  1.63378769e-10  3.00000000e-01 
 2.74593805e-01  1.63378769e-10  3.00000000e-01 
 2.74693805e-01  1.63378769e-10  3.00000000e-01 
 2.74793805e-01  1.63378769e-10  3.00000000e-01 
 2.74893805e-01  1.63378769e-10  3.00000000e-01 
 2.74993805e-01  1.63378769e-10  3.00000000e-01 
 2.75093805e-01  1.63378769e-10  3.00000000e-01 
 2.75193805e-01  1.63378769e-10  3.00000000e-01 
 2.75293805e-01  1.63378769e-10  3.00000000e-01 
 2.75393805e-01  1.63378769e-10  3.00000000e-01 
 2.75493805e-01  1.63378769e-10  3.00000000e-01 
 2.75593805e-01  1.63378769e-10  3.00000000e-01 
 2.75693805e-01  1.63378769e-10  3.00000000e-01 
 2.75793805e-01  1.63378769e-10  3.00000000e-01 
 2.75893805e-01  1.63378769e-10  3.00000000e-01 
 2.75993805e-01  1.63378769e-10  3.00000000e-01 
 2.76093805e-01  1.63378769e-10  3.00000000e-01 
 2.76193805e-01  1.63378769e-10  3.00000000e-01 
 2.76293805e-01  1.63378769e-10  3.00000000e-01 
 2.76393805e-01  1.63378769e-10  3.00000000e-01 
 2.76493805e-01  1.63378769e-10  3.00000000e-01 
 2.76593805e-01  1.63378769e-10  3.00000000e-01 
 2.76693805e-01  1.63378769e-10  3.00000000e-01 
 2.76793805e-01  1.63378769e-10  3.00000000e-01 
 2.76893805e-01  1.63378769e-10  3.00000000e-01 
 2.76993805e-01  1.63378769e-10  3.00000000e-01 
 2.77093805e-01  1.63378769e-10  3.00000000e-01 
 2.77193805e-01  1.63378769e-10  3.00000000e-01 
 2.77293805e-01  1.63378769e-10  3.00000000e-01 
 2.77393805e-01  1.63378769e-10  3.00000000e-01 
 2.77493805e-01  1.63378769e-10  3.00000000e-01 
 2.77593805e-01  1.63378769e-10  3.00000000e-01 
 2.77693805e-01  1.63378769e-10  3.00000000e-01 
 2.77793805e-01  1.63378769e-10  3.00000000e-01 
 2.77893805e-01  1.63378769e-10  3.00000000e-01 
 2.77993805e-01  1.63378769e-10  3.00000000e-01 
 2.78093805e-01  1.63378769e-10  3.00000000e-01 
 2.78193805e-01  1.63378769e-10  3.00000000e-01 
 2.78293805e-01  1.63378769e-10  3.00000000e-01 
 2.78393805e-01  1.63378769e-10  3.00000000e-01 
 2.78493805e-01  1.63378769e-10  3.00000000e-01 
 2.78593805e-01  1.63378769e-10  3.00000000e-01 
 2.78693805e-01  1.63378769e-10  3.00000000e-01 
 2.78793805e-01  1.63378769e-10  3.00000000e-01 
 2.78893805e-01  1.63378769e-10  3.00000000e-01 
 2.78993805e-01  1.63378769e-10  3.00000000e-01 
 2.79093805e-01  1.63378769e-10  3.00000000e-01 
 2.79193805e-01  1.63378769e-10  3.00000000e-01 
 2.79293805e-01  1.63378769e-10  3.00000000e-01 
 2.79393805e-01  1.63378769e-10  3.00000000e-01 
 2.79493805e-01  1.63378769e-10  3.00000000e-01 
 2.79593805e-01  1.63378769e-10  3.00000000e-01 
 2.79693805e-01  1.63378769e-10  3.00000000e-01 
 2.79793805e-01  1.63378769e-10  3.00000000e-01 
 2.79893805e-01  1.63378769e-10  3.00000000e-01 
 2.79993805e-01  1.63378769e-10  3.00000000e-01 
 2.80093805e-01  1.63378769e-10  3.00000000e-01 
 2.80193805e-01  1.63378769e-10  3.00000000e-01 
 2.80293805e-01  1.63378769e-10  3.00000000e-01 
 2.80393805e-01  1.63378769e-10  3.00000000e-01 
 2.80493805e-01  1.63378769e-10  3.00000000e-01 
 2.80593805e-01  1.63378769e-10  3.00000000e-01 
 2.80693805e-01  1.63378769e-10  3.00000000e-01 
 2.80793805e-01  1.63378769e-10  3.00000000e-01 
 2.80893805e-01  1.63378769e-10  3.00000000e-01 
 2.80993805e-01  1.63378769e-10  3.00000000e-01 
 2.81093805e-01  1.63378769e-10  3.00000000e-01 
 2.81193805e-01  1.63378769e-10  3.00000000e-01 
 2.81293805e-01  1.63378769e-10  3.00000000e-01 
 2.81393805e-01  1.63378769e-10  3.00000000e-01 
 2.81493805e-01  1.63378769e-10  3.00000000e-01 
 2.81593805e-01  1.63378769e-10  3.00000000e-01 
 2.81693805e-01  1.63378769e-10  3.00000000e-01 
 2.81793805e-01  1.63378769e-10  3.00000000e-01 
 2.81893805e-01  1.63378769e-10  3.00000000e-01 
 2.81993805e-01  1.63378769e-10  3.00000000e-01 
 2.82093805e-01  1.63378769e-10  3.00000000e-01 
 2.82193805e-01  1.63378769e-10  3.00000000e-01 
 2.82293805e-01  1.63378769e-10  3.00000000e-01 
 2.82393805e-01  1.63378769e-10  3.00000000e-01 
 2.82493805e-01  1.63378769e-10  3.00000000e-01 
 2.82593805e-01  1.63378769e-10  3.00000000e-01 
 2.82693805e-01  1.63378769e-10  3.00000000e-01 
 2.82793805e-01  1.63378769e-10  3.00000000e-01 
 2.82893805e-01  1.63378769e-10  3.00000000e-01 
 2.82993805e-01  1.63378769e-10  3.00000000e-01 
 2.83093805e-01  1.63378769e-10  3.00000000e-01 
 2.83193805e-01  1.63378769e-10  3.00000000e-01 
 2.83293805e-01  1.63378769e-10  3.00000000e-01 
 2.83393805e-01  1.63378769e-10  3.00000000e-01 
 2.83493805e-01  1.63378769e-10  3.00000000e-01 
 2.83593805e-01  1.63378769e-10  3.00000000e-01 
 2.83693805e-01  1.63378769e-10  3.00000000e-01 
 2.83793805e-01  1.63378769e-10  3.00000000e-01 
 2.83893805e-01  1.63378769e-10  3.00000000e-01 
 2.83993805e-01  1.63378769e-10  3.00000000e-01 
 2.84093805e-01  1.63378769e-10  3.00000000e-01 
 2.84193805e-01  1.63378769e-10  3.00000000e-01 
 2.84293805e-01  1.63378769e-10  3.00000000e-01 
 2.84393805e-01  1.63378769e-10  3.00000000e-01 
 2.84493805e-01  1.63378769e-10  3.00000000e-01 
 2.84593805e-01  1.63378769e-10  3.00000000e-01 
 2.84693805e-01  1.63378769e-10  3.00000000e-01 
 2.84793805e-01  1.63378769e-10  3.00000000e-01 
 2.84893805e-01  1.63378769e-10  3.00000000e-01 
 2.84993805e-01  1.63378769e-10  3.00000000e-01 
 2.85093805e-01  1.63378769e-10  3.00000000e-01 
 2.85193805e-01  1.63378769e-10  3.00000000e-01 
 2.85293805e-01  1.63378769e-10  3.00000000e-01 
 2.85393805e-01  1.63378769e-10  3.00000000e-01 
 2.85493805e-01  1.63378769e-10  3.00000000e-01 
 2.85593805e-01  1.63378769e-10  3.00000000e-01 
 2.85693805e-01  1.63378769e-10  3.00000000e-01 
 2.85793805e-01  1.63378769e-10  3.00000000e-01 
 2.85893805e-01  1.63378769e-10  3.00000000e-01 
 2.85993805e-01  1.63378769e-10  3.00000000e-01 
 2.86093805e-01  1.63378769e-10  3.00000000e-01 
 2.86193805e-01  1.63378769e-10  3.00000000e-01 
 2.86293805e-01  1.63378769e-10  3.00000000e-01 
 2.86393805e-01  1.63378769e-10  3.00000000e-01 
 2.86493805e-01  1.63378769e-10  3.00000000e-01 
 2.86593805e-01  1.63378769e-10  3.00000000e-01 
 2.86693805e-01  1.63378769e-10  3.00000000e-01 
 2.86793805e-01  1.63378769e-10  3.00000000e-01 
 2.86893805e-01  1.63378769e-10  3.00000000e-01 
 2.86993805e-01  1.63378769e-10  3.00000000e-01 
 2.87093805e-01  1.63378769e-10  3.00000000e-01 
 2.87193805e-01  1.63378769e-10  3.00000000e-01 
 2.87293805e-01  1.63378769e-10  3.00000000e-01 
 2.87393805e-01  1.63378769e-10  3.00000000e-01 
 2.87493805e-01  1.63378769e-10  3.00000000e-01 
 2.87593805e-01  1.63378769e-10  3.00000000e-01 
 2.87693805e-01  1.63378769e-10  3.00000000e-01 
 2.87793805e-01  1.63378769e-10  3.00000000e-01 
 2.87893805e-01  1.63378769e-10  3.00000000e-01 
 2.87993805e-01  1.63378769e-10  3.00000000e-01 
 2.88093805e-01  1.63378769e-10  3.00000000e-01 
 2.88193805e-01  1.63378769e-10  3.00000000e-01 
 2.88293805e-01  1.63378769e-10  3.00000000e-01 
 2.88393805e-01  1.63378769e-10  3.00000000e-01 
 2.88493805e-01  1.63378769e-10  3.00000000e-01 
 2.88593805e-01  1.63378769e-10  3.00000000e-01 
 2.88693805e-01  1.63378769e-10  3.00000000e-01 
 2.88793805e-01  1.63378769e-10  3.00000000e-01 
 2.88893805e-01  1.63378769e-10  3.00000000e-01 
 2.88993805e-01  1.63378769e-10  3.00000000e-01 
 2.89093805e-01  1.63378769e-10  3.00000000e-01 
 2.89193805e-01  1.63378769e-10  3.00000000e-01 
 2.89293805e-01  1.63378769e-10  3.00000000e-01 
 2.89393805e-01  1.63378769e-10  3.00000000e-01 
 2.89493805e-01  1.63378769e-10  3.00000000e-01 
 2.89593805e-01  1.63378769e-10  3.00000000e-01 
 2.89693805e-01  1.63378769e-10  3.00000000e-01 
 2.89793805e-01  1.63378769e-10  3.00000000e-01 
 2.89893805e-01  1.63378769e-10  3.00000000e-01 
 2.89993805e-01  1.63378769e-10  3.00000000e-01 
 2.90093805e-01  1.63378769e-10  3.00000000e-01 
 2.90193805e-01  1.63378769e-10  3.00000000e-01 
 2.90293805e-01  1.63378769e-10  3.00000000e-01 
 2.90393805e-01  1.63378769e-10  3.00000000e-01 
 2.90493805e-01  1.63378769e-10  3.00000000e-01 
 2.90593805e-01  1.63378769e-10  3.00000000e-01 
 2.90693805e-01  1.63378769e-10  3.00000000e-01 
 2.90793805e-01  1.63378769e-10  3.00000000e-01 
 2.90893805e-01  1.63378769e-10  3.00000000e-01 
 2.90993805e-01  1.63378769e-10  3.00000000e-01 
 2.91093805e-01  1.63378769e-10  3.00000000e-01 
 2.91193805e-01  1.63378769e-10  3.00000000e-01 
 2.91293805e-01  1.63378769e-10  3.00000000e-01 
 2.91393805e-01  1.63378769e-10  3.00000000e-01 
 2.91493805e-01  1.63378769e-10  3.00000000e-01 
 2.91593805e-01  1.63378769e-10  3.00000000e-01 
 2.91693805e-01  1.63378769e-10  3.00000000e-01 
 2.91793805e-01  1.63378769e-10  3.00000000e-01 
 2.91893805e-01  1.63378769e-10  3.00000000e-01 
 2.91993805e-01  1.63378769e-10  3.00000000e-01 
 2.92093805e-01  1.63378769e-10  3.00000000e-01 
 2.92193805e-01  1.63378769e-10  3.00000000e-01 
 2.92293805e-01  1.63378769e-10  3.00000000e-01 
 2.92393805e-01  1.63378769e-10  3.00000000e-01 
 2.92493805e-01  1.63378769e-10  3.00000000e-01 
 2.92593805e-01  1.63378769e-10  3.00000000e-01 
 2.92693805e-01  1.63378769e-10  3.00000000e-01 
 2.92793805e-01  1.63378769e-10  3.00000000e-01 
 2.92893805e-01  1.63378769e-10  3.00000000e-01 
 2.92993805e-01  1.63378769e-10  3.00000000e-01 
 2.93093805e-01  1.63378769e-10  3.00000000e-01 
 2.93193805e-01  1.63378769e-10  3.00000000e-01 
 2.93293805e-01  1.63378769e-10  3.00000000e-01 
 2.93393805e-01  1.63378769e-10  3.00000000e-01 
 2.93493805e-01  1.63378769e-10  3.00000000e-01 
 2.93593805e-01  1.63378769e-10  3.00000000e-01 
 2.93693805e-01  1.63378769e-10  3.00000000e-01 
 2.93793805e-01  1.63378769e-10  3.00000000e-01 
 2.93893805e-01  1.63378769e-10  3.00000000e-01 
 2.93993805e-01  1.63378769e-10  3.00000000e-01 
 2.94093805e-01  1.63378769e-10  3.00000000e-01 
 2.94193805e-01  1.63378769e-10  3.00000000e-01 
 2.94293805e-01  1.63378769e-10  3.00000000e-01 
 2.94393805e-01  1.63378769e-10  3.00000000e-01 
 2.94493805e-01  1.63378769e-10  3.00000000e-01 
 2.94593805e-01  1.63378769e-10  3.00000000e-01 
 2.94693805e-01  1.63378769e-10  3.00000000e-01 
 2.94793805e-01  1.63378769e-10  3.00000000e-01 
 2.94893805e-01  1.63378769e-10  3.00000000e-01 
 2.94993805e-01  1.63378769e-10  3.00000000e-01 
 2.95093805e-01  1.63378769e-10  3.00000000e-01 
 2.95193805e-01  1.63378769e-10  3.00000000e-01 
 2.95293805e-01  1.63378769e-10  3.00000000e-01 
 2.95393805e-01  1.63378769e-10  3.00000000e-01 
 2.95493805e-01  1.63378769e-10  3.00000000e-01 
 2.95593805e-01  1.63378769e-10  3.00000000e-01 
 2.95693805e-01  1.63378769e-10  3.00000000e-01 
 2.95793805e-01  1.63378769e-10  3.00000000e-01 
 2.95893805e-01  1.63378769e-10  3.00000000e-01 
 2.95993805e-01  1.63378769e-10  3.00000000e-01 
 2.96093805e-01  1.63378769e-10  3.00000000e-01 
 2.96193805e-01  1.63378769e-10  3.00000000e-01 
 2.96293805e-01  1.63378769e-10  3.00000000e-01 
 2.96393805e-01  1.63378769e-10  3.00000000e-01 
 2.96493805e-01  1.63378769e-10  3.00000000e-01 
 2.96593805e-01  1.63378769e-10  3.00000000e-01 
 2.96693805e-01  1.63378769e-10  3.00000000e-01 
 2.96793805e-01  1.63378769e-10  3.00000000e-01 
 2.96893805e-01  1.63378769e-10  3.00000000e-01 
 2.96993805e-01  1.63378769e-10  3.00000000e-01 
 2.97093805e-01  1.63378769e-10  3.00000000e-01 
 2.97193805e-01  1.63378769e-10  3.00000000e-01 
 2.97293805e-01  1.63378769e-10  3.00000000e-01 
 2.97393805e-01  1.63378769e-10  3.00000000e-01 
 2.97493805e-01  1.63378769e-10  3.00000000e-01 
 2.97593805e-01  1.63378769e-10  3.00000000e-01 
 2.97693805e-01  1.63378769e-10  3.00000000e-01 
 2.97793805e-01  1.63378769e-10  3.00000000e-01 
 2.97893805e-01  1.63378769e-10  3.00000000e-01 
 2.97993805e-01  1.63378769e-10  3.00000000e-01 
 2.98093805e-01  1.63378769e-10  3.00000000e-01 
 2.98193805e-01  1.63378769e-10  3.00000000e-01 
 2.98293805e-01  1.63378769e-10  3.00000000e-01 
 2.98393805e-01  1.63378769e-10  3.00000000e-01 
 2.98493805e-01  1.63378769e-10  3.00000000e-01 
 2.98593805e-01  1.63378769e-10  3.00000000e-01 
 2.98693805e-01  1.63378769e-10  3.00000000e-01 
 2.98793805e-01  1.63378769e-10  3.00000000e-01 
 2.98893805e-01  1.63378769e-10  3.00000000e-01 
 2.98993805e-01  1.63378769e-10  3.00000000e-01 
 2.99093805e-01  1.63378769e-10  3.00000000e-01 
 2.99193805e-01  1.63378769e-10  3.00000000e-01 
 2.99293805e-01  1.63378769e-10  3.00000000e-01 
 2.99393805e-01  1.63378769e-10  3.00000000e-01 
 2.99493805e-01  1.63378769e-10  3.00000000e-01 
 2.99593805e-01  1.63378769e-10  3.00000000e-01 
 2.99693805e-01  1.63378769e-10  3.00000000e-01 
 2.99793805e-01  1.63378769e-10  3.00000000e-01 
 2.99893805e-01  1.63378769e-10  3.00000000e-01 
 2.99993805e-01  1.63378769e-10  3.00000000e-01 
 3.00000000e-01  1.63378769e-10  3.00000000e-01 
 3.00010000e-01  1.73012547e-10  3.00120000e-01 
 3.00030000e-01  9.53097173e-11  3.00360000e-01 
 3.00070000e-01  2.91718980e-11  3.00840000e-01 
 3.00150000e-01  7.93434886e-12  3.01800000e-01 
 3.00250000e-01  1.16081507e-11  3.03000000e-01 
 3.00350000e-01  1.09423372e-11  3.04200000e-01 
 3.00450000e-01  5.90992086e-12  3.05400000e-01 
 3.00550000e-01 -6.20609718e-13  3.06600000e-01 
 3.00650000e-01 -7.64509384e-12  3.07800000e-01 
 3.00750000e-01 -1.50167666e-11  3.09000000e-01 
 3.00850000e-01 -2.27713912e-11  3.10200000e-01 
 3.00950000e-01 -3.09583740e-11  3.11400000e-01 
 3.01050000e-01 -3.96215108e-11  3.12600000e-01 
 3.01150000e-01 -4.88029377e-11  3.13800000e-01 
 3.01250000e-01 -5.85471926e-11  3.15000000e-01 
 3.01350000e-01 -6.89035881e-11  3.16200000e-01 
 3.01450000e-01 -7.99272308e-11  3.17400000e-01 
 3.01550000e-01 -9.16805047e-11  3.18600000e-01 
 3.01650000e-01 -1.04234146e-10  3.19800000e-01 
 3.01750000e-01 -1.17668051e-10  3.21000000e-01 
 3.01850000e-01 -1.32073892e-10  3.22200000e-01 
 3.01950000e-01 -1.47556149e-10  3.23400000e-01 
 3.02050000e-01 -1.64235575e-10  3.24600000e-01 
 3.02150000e-01 -1.82251720e-10  3.25800000e-01 
 3.02250000e-01 -2.01766933e-10  3.27000000e-01 
 3.02350000e-01 -2.22971360e-10  3.28200000e-01 
 3.02450000e-01 -2.46089048e-10  3.29400000e-01 
 3.02550000e-01 -2.71385693e-10  3.30600000e-01 
 3.02650000e-01 -2.99178717e-10  3.31800000e-01 
 3.02750000e-01 -3.29850490e-10  3.33000000e-01 
 3.02850000e-01 -3.63864968e-10  3.34200000e-01 
 3.02950000e-01 -4.01791165e-10  3.35400000e-01 
 3.03050000e-01 -4.44332736e-10  3.36600000e-01 
 3.03150000e-01 -4.92369405e-10  3.37800000e-01 
 3.03250000e-01 -5.47014019e-10  3.39000000e-01 
 3.03350000e-01 -6.09690603e-10  3.40200000e-01 
 3.03450000e-01 -6.82246014e-10  3.41400000e-01 
 3.03550000e-01 -7.67108738e-10  3.42600000e-01 
 3.03650000e-01 -8.67519753e-10  3.43800000e-01 
 3.03750000e-01 -9.87871696e-10  3.45000000e-01 
 3.03850000e-01 -1.13421309e-09  3.46200000e-01 
 3.03950000e-01 -1.31500399e-09  3.47400000e-01 
 3.04050000e-01 -1.54224976e-09  3.48600000e-01 
 3.04150000e-01 -1.83318646e-09  3.49800000e-01 
 3.04250000e-01 -2.21271325e-09  3.51000000e-01 
 3.04350000e-01 -2.71668538e-09  3.52200000e-01 
 3.04450000e-01 -3.39582061e-09  3.53400000e-01 
 3.04550000e-01 -4.31917349e-09  3.54600000e-01 
 3.04650000e-01 -5.57529127e-09  3.55800000e-01 
 3.04750000e-01 -7.27029946e-09  3.57000000e-01 
 3.04850000e-01 -9.52810421e-09  3.58200000e-01 
 3.04950000e-01 -1.25064781e-08  3.59400000e-01 
 3.05050000e-01 -1.64457309e-08  3.60600000e-01 
 3.05150000e-01 -2.17676034e-08  3.61800000e-01 
 3.05250000e-01 -2.92668405e-08  3.63000000e-01 
 3.05350000e-01 -4.05250561e-08  3.64200000e-01 
 3.05450000e-01 -5.89224864e-08  3.65400000e-01 
 3.05550000e-01 -9.23886406e-08  3.66600000e-01 
 3.05650000e-01 -1.61657884e-07  3.67800000e-01 
 3.05750000e-01 -3.26682828e-07  3.69000000e-01 
 3.05850000e-01 -7.49661104e-07  3.70200000e-01 
 3.05950000e-01 -8.09074276e-07  3.71400000e-01 
 3.06050000e-01  6.92736184e-05  3.72600000e-01 
 3.06150000e-01  4.58713713e-03  3.73800000e-01 
 3.06250000e-01  8.34054698e-01  3.75000000e-01 
 3.06350000e-01  8.99421175e-01  3.76200000e-01 
 3.06450000e-01  8.99951897e-01  3.77400000e-01 
 3.06550000e-01  8.99958326e-01  3.78600000e-01 
 3.06650000e-01  8.99960422e-01  3.79800000e-01 
 3.06750000e-01  8.99957922e-01  3.81000000e-01 
 3.06850000e-01  8.99957133e-01  3.82200000e-01 
 3.06950000e-01  8.99958813e-01  3.83400000e-01 
 3.07050000e-01  8.99960898e-01  3.84600000e-01 
 3.07150000e-01  8.99962627e-01  3.85800000e-01 
 3.07250000e-01  8.99963956e-01  3.87000000e-01 
 3.07350000e-01  8.99965095e-01  3.88200000e-01 
 3.07450000e-01  8.99966154e-01  3.89400000e-01 
 3.07550000e-01  8.99967149e-01  3.90600000e-01 
 3.07650000e-01  8.99968070e-01  3.91800000e-01 
 3.07750000e-01  8.99968917e-01  3.93000000e-01 
 3.07850000e-01  8.99969695e-01  3.94200000e-01 
 3.07950000e-01  8.99970416e-01  3.95400000e-01 
 3.08050000e-01  8.99971085e-01  3.96600000e-01 
 3.08150000e-01  8.99971708e-01  3.97800000e-01 
 3.08250000e-01  8.99972288e-01  3.99000000e-01 
 3.08350000e-01  8.99972830e-01  4.00200000e-01 
 3.08450000e-01  8.99973338e-01  4.01400000e-01 
 3.08550000e-01  8.99973813e-01  4.02600000e-01 
 3.08650000e-01  8.99974259e-01  4.03800000e-01 
 3.08750000e-01  8.99974679e-01  4.05000000e-01 
 3.08850000e-01  8.99975074e-01  4.06200000e-01 
 3.08950000e-01  8.99975446e-01  4.07400000e-01 
 3.09050000e-01  8.99975797e-01  4.08600000e-01 
 3.09150000e-01  8.99976128e-01  4.09800000e-01 
 3.09250000e-01  8.99976442e-01  4.11000000e-01 
 3.09350000e-01  8.99976739e-01  4.12200000e-01 
 3.09450000e-01  8.99977020e-01  4.13400000e-01 
 3.09550000e-01  8.99977287e-01  4.14600000e-01 
 3.09650000e-01  8.99977540e-01  4.15800000e-01 
 3.09750000e-01  8.99977781e-01  4.17000000e-01 
 3.09850000e-01  8.99978009e-01  4.18200000e-01 
 3.09950000e-01  8.99978227e-01  4.19400000e-01 
 3.10000000e-01  8.99978331e-01  4.20000000e-01 
 3.10010000e-01  8.99978331e-01  4.20000000e-01 
 3.10030000e-01  8.99978450e-01  4.20000000e-01 
 3.10070000e-01  8.99978581e-01  4.20000000e-01 
 3.10150000e-01  8.99978615e-01  4.20000000e-01 
 3.10250000e-01  8.99978558e-01  4.20000000e-01 
 3.10350000e-01  8.99978528e-01  4.20000000e-01 
 3.10450000e-01  8.99978530e-01  4.20000000e-01 
 3.10550000e-01  8.99978538e-01  4.20000000e-01 
 3.10650000e-01  8.99978541e-01  4.20000000e-01 
 3.10750000e-01  8.99978540e-01  4.20000000e-01 
 3.10850000e-01  8.99978539e-01  4.20000000e-01 
 3.10950000e-01  8.99978539e-01  4.20000000e-01 
 3.11050000e-01  8.99978539e-01  4.20000000e-01 
 3.11150000e-01  8.99978539e-01  4.20000000e-01 
 3.11250000e-01  8.99978539e-01  4.20000000e-01 
 3.11350000e-01  8.99978539e-01  4.20000000e-01 
 3.11450000e-01  8.99978539e-01  4.20000000e-01 
 3.11550000e-01  8.99978539e-01  4.20000000e-01 
 3.11650000e-01  8.99978539e-01  4.20000000e-01 
 3.11750000e-01  8.99978539e-01  4.20000000e-01 
 3.11850000e-01  8.99978539e-01  4.20000000e-01 
 3.11950000e-01  8.99978539e-01  4.20000000e-01 
 3.12050000e-01  8.99978539e-01  4.20000000e-01 
 3.12150000e-01  8.99978539e-01  4.20000000e-01 
 3.12250000e-01  8.99978539e-01  4.20000000e-01 
 3.12350000e-01  8.99978539e-01  4.20000000e-01 
 3.12450000e-01  8.99978539e-01  4.20000000e-01 
 3.12550000e-01  8.99978539e-01  4.20000000e-01 
 3.12650000e-01  8.99978539e-01  4.20000000e-01 
 3.12750000e-01  8.99978539e-01  4.20000000e-01 
 3.12850000e-01  8.99978539e-01  4.20000000e-01 
 3.12950000e-01  8.99978539e-01  4.20000000e-01 
 3.13050000e-01  8.99978539e-01  4.20000000e-01 
 3.13150000e-01  8.99978539e-01  4.20000000e-01 
 3.13250000e-01  8.99978539e-01  4.20000000e-01 
 3.13350000e-01  8.99978539e-01  4.20000000e-01 
 3.13450000e-01  8.99978539e-01  4.20000000e-01 
 3.13550000e-01  8.99978539e-01  4.20000000e-01 
 3.13650000e-01  8.99978539e-01  4.20000000e-01 
 3.13750000e-01  8.99978539e-01  4.20000000e-01 
 3.13850000e-01  8.99978539e-01  4.20000000e-01 
 3.13950000e-01  8.99978539e-01  4.20000000e-01 
 3.14050000e-01  8.99978539e-01  4.20000000e-01 
 3.14150000e-01  8.99978539e-01  4.20000000e-01 
 3.14250000e-01  8.99978539e-01  4.20000000e-01 
 3.14350000e-01  8.99978539e-01  4.20000000e-01 
 3.14450000e-01  8.99978539e-01  4.20000000e-01 
 3.14550000e-01  8.99978539e-01  4.20000000e-01 
 3.14650000e-01  8.99978539e-01  4.20000000e-01 
 3.14750000e-01  8.99978539e-01  4.20000000e-01 
 3.14850000e-01  8.99978539e-01  4.20000000e-01 
 3.14950000e-01  8.99978539e-01  4.20000000e-01 
 3.15050000e-01  8.99978539e-01  4.20000000e-01 
 3.15150000e-01  8.99978539e-01  4.20000000e-01 
 3.15250000e-01  8.99978539e-01  4.20000000e-01 
 3.15350000e-01  8.99978539e-01  4.20000000e-01 
 3.15450000e-01  8.99978539e-01  4.20000000e-01 
 3.15550000e-01  8.99978539e-01  4.20000000e-01 
 3.15650000e-01  8.99978539e-01  4.20000000e-01 
 3.15750000e-01  8.99978539e-01  4.20000000e-01 
 3.15850000e-01  8.99978539e-01  4.20000000e-01 
 3.15950000e-01  8.99978539e-01  4.20000000e-01 
 3.16050000e-01  8.99978539e-01  4.20000000e-01 
 3.16150000e-01  8.99978539e-01  4.20000000e-01 
 3.16250000e-01  8.99978539e-01  4.20000000e-01 
 3.16350000e-01  8.99978539e-01  4.20000000e-01 
 3.16450000e-01  8.99978539e-01  4.20000000e-01 
 3.16550000e-01  8.99978539e-01  4.20000000e-01 
 3.16650000e-01  8.99978539e-01  4.20000000e-01 
 3.16750000e-01  8.99978539e-01  4.20000000e-01 
 3.16850000e-01  8.99978539e-01  4.20000000e-01 
 3.16950000e-01  8.99978539e-01  4.20000000e-01 
 3.17050000e-01  8.99978539e-01  4.20000000e-01 
 3.17150000e-01  8.99978539e-01  4.20000000e-01 
 3.17250000e-01  8.99978539e-01  4.20000000e-01 
 3.17350000e-01  8.99978539e-01  4.20000000e-01 
 3.17450000e-01  8.99978539e-01  4.20000000e-01 
 3.17550000e-01  8.99978539e-01  4.20000000e-01 
 3.17650000e-01  8.99978539e-01  4.20000000e-01 
 3.17750000e-01  8.99978539e-01  4.20000000e-01 
 3.17850000e-01  8.99978539e-01  4.20000000e-01 
 3.17950000e-01  8.99978539e-01  4.20000000e-01 
 3.18050000e-01  8.99978539e-01  4.20000000e-01 
 3.18150000e-01  8.99978539e-01  4.20000000e-01 
 3.18250000e-01  8.99978539e-01  4.20000000e-01 
 3.18350000e-01  8.99978539e-01  4.20000000e-01 
 3.18450000e-01  8.99978539e-01  4.20000000e-01 
 3.18550000e-01  8.99978539e-01  4.20000000e-01 
 3.18650000e-01  8.99978539e-01  4.20000000e-01 
 3.18750000e-01  8.99978539e-01  4.20000000e-01 
 3.18850000e-01  8.99978539e-01  4.20000000e-01 
 3.18950000e-01  8.99978539e-01  4.20000000e-01 
 3.19050000e-01  8.99978539e-01  4.20000000e-01 
 3.19150000e-01  8.99978539e-01  4.20000000e-01 
 3.19250000e-01  8.99978539e-01  4.20000000e-01 
 3.19350000e-01  8.99978539e-01  4.20000000e-01 
 3.19450000e-01  8.99978539e-01  4.20000000e-01 
 3.19550000e-01  8.99978539e-01  4.20000000e-01 
 3.19650000e-01  8.99978539e-01  4.20000000e-01 
 3.19750000e-01  8.99978539e-01  4.20000000e-01 
 3.19850000e-01  8.99978539e-01  4.20000000e-01 
 3.19950000e-01  8.99978539e-01  4.20000000e-01 
 3.20050000e-01  8.99978539e-01  4.20000000e-01 
 3.20150000e-01  8.99978539e-01  4.20000000e-01 
 3.20250000e-01  8.99978539e-01  4.20000000e-01 
 3.20350000e-01  8.99978539e-01  4.20000000e-01 
 3.20450000e-01  8.99978539e-01  4.20000000e-01 
 3.20550000e-01  8.99978539e-01  4.20000000e-01 
 3.20650000e-01  8.99978539e-01  4.20000000e-01 
 3.20750000e-01  8.99978539e-01  4.20000000e-01 
 3.20850000e-01  8.99978539e-01  4.20000000e-01 
 3.20950000e-01  8.99978539e-01  4.20000000e-01 
 3.21050000e-01  8.99978539e-01  4.20000000e-01 
 3.21150000e-01  8.99978539e-01  4.20000000e-01 
 3.21250000e-01  8.99978539e-01  4.20000000e-01 
 3.21350000e-01  8.99978539e-01  4.20000000e-01 
 3.21450000e-01  8.99978539e-01  4.20000000e-01 
 3.21550000e-01  8.99978539e-01  4.20000000e-01 
 3.21650000e-01  8.99978539e-01  4.20000000e-01 
 3.21750000e-01  8.99978539e-01  4.20000000e-01 
 3.21850000e-01  8.99978539e-01  4.20000000e-01 
 3.21950000e-01  8.99978539e-01  4.20000000e-01 
 3.22050000e-01  8.99978539e-01  4.20000000e-01 
 3.22150000e-01  8.99978539e-01  4.20000000e-01 
 3.22250000e-01  8.99978539e-01  4.20000000e-01 
 3.22350000e-01  8.99978539e-01  4.20000000e-01 
 3.22450000e-01  8.99978539e-01  4.20000000e-01 
 3.22550000e-01  8.99978539e-01  4.20000000e-01 
 3.22650000e-01  8.99978539e-01  4.20000000e-01 
 3.22750000e-01  8.99978539e-01  4.20000000e-01 
 3.22850000e-01  8.99978539e-01  4.20000000e-01 
 3.22950000e-01  8.99978539e-01  4.20000000e-01 
 3.23050000e-01  8.99978539e-01  4.20000000e-01 
 3.23150000e-01  8.99978539e-01  4.20000000e-01 
 3.23250000e-01  8.99978539e-01  4.20000000e-01 
 3.23350000e-01  8.99978539e-01  4.20000000e-01 
 3.23450000e-01  8.99978539e-01  4.20000000e-01 
 3.23550000e-01  8.99978539e-01  4.20000000e-01 
 3.23650000e-01  8.99978539e-01  4.20000000e-01 
 3.23750000e-01  8.99978539e-01  4.20000000e-01 
 3.23850000e-01  8.99978539e-01  4.20000000e-01 
 3.23950000e-01  8.99978539e-01  4.20000000e-01 
 3.24050000e-01  8.99978539e-01  4.20000000e-01 
 3.24150000e-01  8.99978539e-01  4.20000000e-01 
 3.24250000e-01  8.99978539e-01  4.20000000e-01 
 3.24350000e-01  8.99978539e-01  4.20000000e-01 
 3.24450000e-01  8.99978539e-01  4.20000000e-01 
 3.24550000e-01  8.99978539e-01  4.20000000e-01 
 3.24650000e-01  8.99978539e-01  4.20000000e-01 
 3.24750000e-01  8.99978539e-01  4.20000000e-01 
 3.24850000e-01  8.99978539e-01  4.20000000e-01 
 3.24950000e-01  8.99978539e-01  4.20000000e-01 
 3.25050000e-01  8.99978539e-01  4.20000000e-01 
 3.25150000e-01  8.99978539e-01  4.20000000e-01 
 3.25250000e-01  8.99978539e-01  4.20000000e-01 
 3.25350000e-01  8.99978539e-01  4.20000000e-01 
 3.25450000e-01  8.99978539e-01  4.20000000e-01 
 3.25550000e-01  8.99978539e-01  4.20000000e-01 
 3.25650000e-01  8.99978539e-01  4.20000000e-01 
 3.25750000e-01  8.99978539e-01  4.20000000e-01 
 3.25850000e-01  8.99978539e-01  4.20000000e-01 
 3.25950000e-01  8.99978539e-01  4.20000000e-01 
 3.26050000e-01  8.99978539e-01  4.20000000e-01 
 3.26150000e-01  8.99978539e-01  4.20000000e-01 
 3.26250000e-01  8.99978539e-01  4.20000000e-01 
 3.26350000e-01  8.99978539e-01  4.20000000e-01 
 3.26450000e-01  8.99978539e-01  4.20000000e-01 
 3.26550000e-01  8.99978539e-01  4.20000000e-01 
 3.26650000e-01  8.99978539e-01  4.20000000e-01 
 3.26750000e-01  8.99978539e-01  4.20000000e-01 
 3.26850000e-01  8.99978539e-01  4.20000000e-01 
 3.26950000e-01  8.99978539e-01  4.20000000e-01 
 3.27050000e-01  8.99978539e-01  4.20000000e-01 
 3.27150000e-01  8.99978539e-01  4.20000000e-01 
 3.27250000e-01  8.99978539e-01  4.20000000e-01 
 3.27350000e-01  8.99978539e-01  4.20000000e-01 
 3.27450000e-01  8.99978539e-01  4.20000000e-01 
 3.27550000e-01  8.99978539e-01  4.20000000e-01 
 3.27650000e-01  8.99978539e-01  4.20000000e-01 
 3.27750000e-01  8.99978539e-01  4.20000000e-01 
 3.27850000e-01  8.99978539e-01  4.20000000e-01 
 3.27950000e-01  8.99978539e-01  4.20000000e-01 
 3.28050000e-01  8.99978539e-01  4.20000000e-01 
 3.28150000e-01  8.99978539e-01  4.20000000e-01 
 3.28250000e-01  8.99978539e-01  4.20000000e-01 
 3.28350000e-01  8.99978539e-01  4.20000000e-01 
 3.28450000e-01  8.99978539e-01  4.20000000e-01 
 3.28550000e-01  8.99978539e-01  4.20000000e-01 
 3.28650000e-01  8.99978539e-01  4.20000000e-01 
 3.28750000e-01  8.99978539e-01  4.20000000e-01 
 3.28850000e-01  8.99978539e-01  4.20000000e-01 
 3.28950000e-01  8.99978539e-01  4.20000000e-01 
 3.29050000e-01  8.99978539e-01  4.20000000e-01 
 3.29150000e-01  8.99978539e-01  4.20000000e-01 
 3.29250000e-01  8.99978539e-01  4.20000000e-01 
 3.29350000e-01  8.99978539e-01  4.20000000e-01 
 3.29450000e-01  8.99978539e-01  4.20000000e-01 
 3.29550000e-01  8.99978539e-01  4.20000000e-01 
 3.29650000e-01  8.99978539e-01  4.20000000e-01 
 3.29750000e-01  8.99978539e-01  4.20000000e-01 
 3.29850000e-01  8.99978539e-01  4.20000000e-01 
 3.29950000e-01  8.99978539e-01  4.20000000e-01 
 3.30000000e-01  8.99978539e-01  4.20000000e-01 
 3.30010000e-01  8.99978518e-01  4.19880000e-01 
 3.30030000e-01  8.99978596e-01  4.19640000e-01 
 3.30070000e-01  8.99978645e-01  4.19160000e-01 
 3.30150000e-01  8.99978513e-01  4.18200000e-01 
 3.30250000e-01  8.99978237e-01  4.17000000e-01 
 3.30350000e-01  8.99977978e-01  4.15800000e-01 
 3.30450000e-01  8.99977739e-01  4.14600000e-01 
 3.30550000e-01  8.99977494e-01  4.13400000e-01 
 3.30650000e-01  8.99977230e-01  4.12200000e-01 
 3.30750000e-01  8.99976948e-01  4.11000000e-01 
 3.30850000e-01  8.99976649e-01  4.09800000e-01 
 3.30950000e-01  8.99976335e-01  4.08600000e-01 
 3.31050000e-01  8.99976003e-01  4.07400000e-01 
 3.31150000e-01  8.99975652e-01  4.06200000e-01 
 3.31250000e-01  8.99975279e-01  4.05000000e-01 
 3.31350000e-01  8.99974884e-01  4.03800000e-01 
 3.31450000e-01  8.99974464e-01  4.02600000e-01 
 3.31550000e-01  8.99974017e-01  4.01400000e-01 
 3.31650000e-01  8.99973541e-01  4.00200000e-01 
 3.31750000e-01  8.99973034e-01  3.99000000e-01 
 3.31850000e-01  8.99972491e-01  3.97800000e-01 
 3.31950000e-01  8.99971910e-01  3.96600000e-01 
 3.32050000e-01  8.99971287e-01  3.95400000e-01 
 3.32150000e-01  8.99970618e-01  3.94200000e-01 
 3.32250000e-01  8.99969897e-01  3.93000000e-01 
 3.32350000e-01  8.99969118e-01  3.91800000e-01 
 3.32450000e-01  8.99968276e-01  3.90600000e-01 
 3.32550000e-01  8.99967361e-01  3.89400000e-01 
 3.32650000e-01  8.99966366e-01  3.88200000e-01 
 3.32750000e-01  8.99965279e-01  3.87000000e-01 
 3.32850000e-01  8.99964088e-01  3.85800000e-01 
 3.32950000e-01  8.99962778e-01  3.84600000e-01 
 3.33050000e-01  8.99961331e-01  3.83400000e-01 
 3.33150000e-01  8.99959723e-01  3.82200000e-01 
 3.33250000e-01  8.99957929e-01  3.81000000e-01 
 3.33350000e-01  8.99955915e-01  3.79800000e-01 
 3.33450000e-01  8.99953637e-01  3.78600000e-01 
 3.33550000e-01  8.99951043e-01  3.77400000e-01 
 3.33650000e-01  8.99948061e-01  3.76200000e-01 
 3.33750000e-01  8.99944601e-01  3.75000000e-01 
 3.33850000e-01  8.99940537e-01  3.73800000e-01 
 3.33950000e-01  8.99935699e-01  3.72600000e-01 
 3.34050000e-01  8.99929847e-01  3.71400000e-01 
 3.34150000e-01  8.99922628e-01  3.70200000e-01 
 3.34250000e-01  8.99913517e-01  3.69000000e-01 
 3.34350000e-01  8.99901685e-01  3.67800000e-01 
 3.34450000e-01  8.99885775e-01  3.66600000e-01 
 3.34550000e-01  8.99863430e-01  3.65400000e-01 
 3.34650000e-01  8.99830300e-01  3.64200000e-01 
 3.34750000e-01  8.99777733e-01  3.63000000e-01 
 3.34850000e-01  8.99686994e-01  3.61800000e-01 
 3.34950000e-01  8.99513260e-01  3.60600000e-01 
 3.35050000e-01  8.99135838e-01  3.59400000e-01 
 3.35150000e-01  8.98180143e-01  3.58200000e-01 
 3.35250000e-01  8.95262680e-01  3.57000000e-01 
 3.35350000e-01  8.81358830e-01  3.55800000e-01 
 3.35450000e-01  5.47948710e-01  3.54600000e-01 
 3.35550000e-01  2.55378114e-02  3.53400000e-01 
 3.35650000e-01  2.37794005e-03  3.52200000e-01 
 3.35750000e-01  2.48880835e-04  3.51000000e-01 
 3.35850000e-01  2.52506088e-05  3.49800000e-01 
 3.35950000e-01  3.66881661e-06  3.48600000e-01 
 3.36050000e-01  1.42374383e-06  3.47400000e-01 
 3.36150000e-01  4.22445243e-07  3.46200000e-01 
 3.36250000e-01  2.12711745e-07  3.45000000e-01 
 3.36350000e-01  1.19913557e-07  3.43800000e-01 
 3.36450000e-01  7.81682249e-08  3.42600000e-01 
 3.36550000e-01  5.57746441e-08  3.41400000e-01 
 3.36650000e-01  4.18611016e-08  3.40200000e-01 
 3.36750000e-01  2.93194418e-08  3.39000000e-01 
 3.36850000e-01  1.14935557e-08  3.37800000e-01 
 3.36950000e-01  7.11555327e-10  3.36600000e-01 
 3.37050000e-01 -4.59685569e-10  3.35400000e-01 
 3.37150000e-01 -4.16857071e-10  3.34200000e-01 
 3.37250000e-01  3.92623647e-10  3.33000000e-01 
 3.37350000e-01  6.96668692e-10  3.31800000e-01 
 3.37450000e-01  6.93698384e-10  3.30600000e-01 
 3.37550000e-01  6.40699035e-10  3.29400000e-01 
 3.37650000e-01  5.99048071e-10  3.28200000e-01 
 3.37750000e-01  5.69512944e-10  3.27000000e-01 
 3.37850000e-01  5.45631838e-10  3.25800000e-01 
 3.37950000e-01  5.24261464e-10  3.24600000e-01 
 3.38050000e-01  5.04545269e-10  3.23400000e-01 
 3.38150000e-01  4.86294381e-10  3.22200000e-01 
 3.38250000e-01  4.69397464e-10  3.21000000e-01 
 3.38350000e-01  4.53730074e-10  3.19800000e-01 
 3.38450000e-01  4.39168418e-10  3.18600000e-01 
 3.38550000e-01  4.25601887e-10  3.17400000e-01 
 3.38650000e-01  4.12933890e-10  3.16200000e-01 
 3.38750000e-01  4.01080451e-10  3.15000000e-01 
 3.38850000e-01  3.89968318e-10  3.13800000e-01 
 3.38950000e-01  3.79532834e-10  3.12600000e-01 
 3.39050000e-01  3.69716984e-10  3.11400000e-01 
 3.39150000e-01  3.60469986e-10  3.10200000e-01 
 3.39250000e-01  3.51746855e-10  3.09000000e-01 
 3.39350000e-01  3.43507081e-10  3.07800000e-01 
 3.39450000e-01  3.35714348e-10  3.06600000e-01 
 3.39550000e-01  3.28336189e-10  3.05400000e-01 
 3.39650000e-01  3.21342967e-10  3.04200000e-01 
 3.39750000e-01  3.14708032e-10  3.03000000e-01 
 3.39850000e-01  3.08407189e-10  3.01800000e-01 
 3.39950000e-01  3.02418197e-10  3.00600000e-01 
 3.40000000e-01  2.99573268e-10  3.00000000e-01 
 3.40010000e-01  3.08815770e-10  3.00000000e-01 
 3.40030000e-01  2.30444323e-10  3.00000000e-01 
 3.40070000e-01  1.64704370e-10  3.00000000e-01 
 3.40150000e-01  1.47140191e-10  3.00000000e-01 
 3.40250000e-01  1.56784424e-10  3.00000000e-01 
 3.40350000e-01  1.62256585e-10  3.00000000e-01 
 3.40450000e-01  1.63482512e-10  3.00000000e-01 
 3.40550000e-01  1.63515878e-10  3.00000000e-01 
 3.40650000e-01  1.63429602e-10  3.00000000e-01 
 3.40750000e-01  1.63389236e-10  3.00000000e-01 
 3.40850000e-01  1.63378522e-10  3.00000000e-01 
 3.40950000e-01  1.63377429e-10  3.00000000e-01 
 3.41050000e-01  1.63378122e-10  3.00000000e-01 
 3.41150000e-01  1.63378611e-10  3.00000000e-01 
 3.41250000e-01  1.63378750e-10  3.00000000e-01 
 3.41350000e-01  1.63378783e-10  3.00000000e-01 
 3.41450000e-01  1.63378720e-10  3.00000000e-01 
 3.41550000e-01  1.63378771e-10  3.00000000e-01 
 3.41650000e-01  1.63378768e-10  3.00000000e-01 
 3.41750000e-01  1.63378768e-10  3.00000000e-01 
 3.41850000e-01  1.63378711e-10  3.00000000e-01 
 3.41950000e-01  1.63378768e-10  3.00000000e-01 
 3.42050000e-01  1.63378711e-10  3.00000000e-01 
 3.42150000e-01  1.63378769e-10  3.00000000e-01 
 3.42250000e-01  1.63378769e-10  3.00000000e-01 
 3.42350000e-01  1.63378769e-10  3.00000000e-01 
 3.42450000e-01  1.63378769e-10  3.00000000e-01 
 3.42550000e-01  1.63378769e-10  3.00000000e-01 
 3.42650000e-01  1.63378769e-10  3.00000000e-01 
 3.42750000e-01  1.63378769e-10  3.00000000e-01 
 3.42850000e-01  1.63378769e-10  3.00000000e-01 
 3.42950000e-01  1.63378769e-10  3.00000000e-01 
 3.43050000e-01  1.63378769e-10  3.00000000e-01 
 3.43150000e-01  1.63378769e-10  3.00000000e-01 
 3.43250000e-01  1.63378769e-10  3.00000000e-01 
 3.43350000e-01  1.63378769e-10  3.00000000e-01 
 3.43450000e-01  1.63378769e-10  3.00000000e-01 
 3.43550000e-01  1.63378769e-10  3.00000000e-01 
 3.43650000e-01  1.63378769e-10  3.00000000e-01 
 3.43750000e-01  1.63378769e-10  3.00000000e-01 
 3.43850000e-01  1.63378769e-10  3.00000000e-01 
 3.43950000e-01  1.63378769e-10  3.00000000e-01 
 3.44050000e-01  1.63378769e-10  3.00000000e-01 
 3.44150000e-01  1.63378769e-10  3.00000000e-01 
 3.44250000e-01  1.63378769e-10  3.00000000e-01 
 3.44350000e-01  1.63378769e-10  3.00000000e-01 
 3.44450000e-01  1.63378769e-10  3.00000000e-01 
 3.44550000e-01  1.63378769e-10  3.00000000e-01 
 3.44650000e-01  1.63378769e-10  3.00000000e-01 
 3.44750000e-01  1.63378769e-10  3.00000000e-01 
 3.44850000e-01  1.63378769e-10  3.00000000e-01 
 3.44950000e-01  1.63378769e-10  3.00000000e-01 
 3.45050000e-01  1.63378769e-10  3.00000000e-01 
 3.45150000e-01  1.63378769e-10  3.00000000e-01 
 3.45250000e-01  1.63378769e-10  3.00000000e-01 
 3.45350000e-01  1.63378769e-10  3.00000000e-01 
 3.45450000e-01  1.63378769e-10  3.00000000e-01 
 3.45550000e-01  1.63378769e-10  3.00000000e-01 
 3.45650000e-01  1.63378769e-10  3.00000000e-01 
 3.45750000e-01  1.63378769e-10  3.00000000e-01 
 3.45850000e-01  1.63378769e-10  3.00000000e-01 
 3.45950000e-01  1.63378769e-10  3.00000000e-01 
 3.46050000e-01  1.63378769e-10  3.00000000e-01 
 3.46150000e-01  1.63378769e-10  3.00000000e-01 
 3.46250000e-01  1.63378769e-10  3.00000000e-01 
 3.46350000e-01  1.63378769e-10  3.00000000e-01 
 3.46450000e-01  1.63378769e-10  3.00000000e-01 
 3.46550000e-01  1.63378769e-10  3.00000000e-01 
 3.46650000e-01  1.63378769e-10  3.00000000e-01 
 3.46750000e-01  1.63378769e-10  3.00000000e-01 
 3.46850000e-01  1.63378769e-10  3.00000000e-01 
 3.46950000e-01  1.63378769e-10  3.00000000e-01 
 3.47050000e-01  1.63378769e-10  3.00000000e-01 
 3.47150000e-01  1.63378769e-10  3.00000000e-01 
 3.47250000e-01  1.63378769e-10  3.00000000e-01 
 3.47350000e-01  1.63378769e-10  3.00000000e-01 
 3.47450000e-01  1.63378769e-10  3.00000000e-01 
 3.47550000e-01  1.63378769e-10  3.00000000e-01 
 3.47650000e-01  1.63378769e-10  3.00000000e-01 
 3.47750000e-01  1.63378769e-10  3.00000000e-01 
 3.47850000e-01  1.63378769e-10  3.00000000e-01 
 3.47950000e-01  1.63378769e-10  3.00000000e-01 
 3.48050000e-01  1.63378769e-10  3.00000000e-01 
 3.48150000e-01  1.63378769e-10  3.00000000e-01 
 3.48250000e-01  1.63378769e-10  3.00000000e-01 
 3.48350000e-01  1.63378769e-10  3.00000000e-01 
 3.48450000e-01  1.63378769e-10  3.00000000e-01 
 3.48550000e-01  1.63378769e-10  3.00000000e-01 
 3.48650000e-01  1.63378769e-10  3.00000000e-01 
 3.48750000e-01  1.63378769e-10  3.00000000e-01 
 3.48850000e-01  1.63378769e-10  3.00000000e-01 
 3.48950000e-01  1.63378769e-10  3.00000000e-01 
 3.49050000e-01  1.63378769e-10  3.00000000e-01 
 3.49150000e-01  1.63378769e-10  3.00000000e-01 
 3.49250000e-01  1.63378769e-10  3.00000000e-01 
 3.49350000e-01  1.63378769e-10  3.00000000e-01 
 3.49450000e-01  1.63378769e-10  3.00000000e-01 
 3.49550000e-01  1.63378769e-10  3.00000000e-01 
 3.49650000e-01  1.63378769e-10  3.00000000e-01 
 3.49750000e-01  1.63378769e-10  3.00000000e-01 
 3.49850000e-01  1.63378769e-10  3.00000000e-01 
 3.49950000e-01  1.63378769e-10  3.00000000e-01 
 3.50050000e-01  1.63378769e-10  3.00000000e-01 
 3.50150000e-01  1.63378769e-10  3.00000000e-01 
 3.50250000e-01  1.63378769e-10  3.00000000e-01 
 3.50350000e-01  1.63378769e-10  3.00000000e-01 
 3.50450000e-01  1.63378769e-10  3.00000000e-01 
 3.50550000e-01  1.63378769e-10  3.00000000e-01 
 3.50650000e-01  1.63378769e-10  3.00000000e-01 
 3.50750000e-01  1.63378769e-10  3.00000000e-01 
 3.50850000e-01  1.63378769e-10  3.00000000e-01 
 3.50950000e-01  1.63378769e-10  3.00000000e-01 
 3.51050000e-01  1.63378769e-10  3.00000000e-01 
 3.51150000e-01  1.63378769e-10  3.00000000e-01 
 3.51250000e-01  1.63378769e-10  3.00000000e-01 
 3.51350000e-01  1.63378769e-10  3.00000000e-01 
 3.51450000e-01  1.63378769e-10  3.00000000e-01 
 3.51550000e-01  1.63378769e-10  3.00000000e-01 
 3.51650000e-01  1.63378769e-10  3.00000000e-01 
 3.51750000e-01  1.63378769e-10  3.00000000e-01 
 3.51850000e-01  1.63378769e-10  3.00000000e-01 
 3.51950000e-01  1.63378769e-10  3.00000000e-01 
 3.52050000e-01  1.63378769e-10  3.00000000e-01 
 3.52150000e-01  1.63378769e-10  3.00000000e-01 
 3.52250000e-01  1.63378769e-10  3.00000000e-01 
 3.52350000e-01  1.63378769e-10  3.00000000e-01 
 3.52450000e-01  1.63378769e-10  3.00000000e-01 
 3.52550000e-01  1.63378769e-10  3.00000000e-01 
 3.52650000e-01  1.63378769e-10  3.00000000e-01 
 3.52750000e-01  1.63378769e-10  3.00000000e-01 
 3.52850000e-01  1.63378769e-10  3.00000000e-01 
 3.52950000e-01  1.63378769e-10  3.00000000e-01 
 3.53050000e-01  1.63378769e-10  3.00000000e-01 
 3.53150000e-01  1.63378769e-10  3.00000000e-01 
 3.53250000e-01  1.63378769e-10  3.00000000e-01 
 3.53350000e-01  1.63378769e-10  3.00000000e-01 
 3.53450000e-01  1.63378769e-10  3.00000000e-01 
 3.53550000e-01  1.63378769e-10  3.00000000e-01 
 3.53650000e-01  1.63378769e-10  3.00000000e-01 
 3.53750000e-01  1.63378769e-10  3.00000000e-01 
 3.53850000e-01  1.63378769e-10  3.00000000e-01 
 3.53950000e-01  1.63378769e-10  3.00000000e-01 
 3.54050000e-01  1.63378769e-10  3.00000000e-01 
 3.54150000e-01  1.63378769e-10  3.00000000e-01 
 3.54250000e-01  1.63378769e-10  3.00000000e-01 
 3.54350000e-01  1.63378769e-10  3.00000000e-01 
 3.54450000e-01  1.63378769e-10  3.00000000e-01 
 3.54550000e-01  1.63378769e-10  3.00000000e-01 
 3.54650000e-01  1.63378769e-10  3.00000000e-01 
 3.54750000e-01  1.63378769e-10  3.00000000e-01 
 3.54850000e-01  1.63378769e-10  3.00000000e-01 
 3.54950000e-01  1.63378769e-10  3.00000000e-01 
 3.55050000e-01  1.63378769e-10  3.00000000e-01 
 3.55150000e-01  1.63378769e-10  3.00000000e-01 
 3.55250000e-01  1.63378769e-10  3.00000000e-01 
 3.55350000e-01  1.63378769e-10  3.00000000e-01 
 3.55450000e-01  1.63378769e-10  3.00000000e-01 
 3.55550000e-01  1.63378769e-10  3.00000000e-01 
 3.55650000e-01  1.63378769e-10  3.00000000e-01 
 3.55750000e-01  1.63378769e-10  3.00000000e-01 
 3.55850000e-01  1.63378769e-10  3.00000000e-01 
 3.55950000e-01  1.63378769e-10  3.00000000e-01 
 3.56050000e-01  1.63378769e-10  3.00000000e-01 
 3.56150000e-01  1.63378769e-10  3.00000000e-01 
 3.56250000e-01  1.63378769e-10  3.00000000e-01 
 3.56350000e-01  1.63378769e-10  3.00000000e-01 
 3.56450000e-01  1.63378769e-10  3.00000000e-01 
 3.56550000e-01  1.63378769e-10  3.00000000e-01 
 3.56650000e-01  1.63378769e-10  3.00000000e-01 
 3.56750000e-01  1.63378769e-10  3.00000000e-01 
 3.56850000e-01  1.63378769e-10  3.00000000e-01 
 3.56950000e-01  1.63378769e-10  3.00000000e-01 
 3.57050000e-01  1.63378769e-10  3.00000000e-01 
 3.57150000e-01  1.63378769e-10  3.00000000e-01 
 3.57250000e-01  1.63378769e-10  3.00000000e-01 
 3.57350000e-01  1.63378769e-10  3.00000000e-01 
 3.57450000e-01  1.63378769e-10  3.00000000e-01 
 3.57550000e-01  1.63378769e-10  3.00000000e-01 
 3.57650000e-01  1.63378769e-10  3.00000000e-01 
 3.57750000e-01  1.63378769e-10  3.00000000e-01 
 3.57850000e-01  1.63378769e-10  3.00000000e-01 
 3.57950000e-01  1.63378769e-10  3.00000000e-01 
 3.58050000e-01  1.63378769e-10  3.00000000e-01 
 3.58150000e-01  1.63378769e-10  3.00000000e-01 
 3.58250000e-01  1.63378769e-10  3.00000000e-01 
 3.58350000e-01  1.63378769e-10  3.00000000e-01 
 3.58450000e-01  1.63378769e-10  3.00000000e-01 
 3.58550000e-01  1.63378769e-10  3.00000000e-01 
 3.58650000e-01  1.63378769e-10  3.00000000e-01 
 3.58750000e-01  1.63378769e-10  3.00000000e-01 
 3.58850000e-01  1.63378769e-10  3.00000000e-01 
 3.58950000e-01  1.63378769e-10  3.00000000e-01 
 3.59050000e-01  1.63378769e-10  3.00000000e-01 
 3.59150000e-01  1.63378769e-10  3.00000000e-01 
 3.59250000e-01  1.63378769e-10  3.00000000e-01 
 3.59350000e-01  1.63378769e-10  3.00000000e-01 
 3.59450000e-01  1.63378769e-10  3.00000000e-01 
 3.59550000e-01  1.63378769e-10  3.00000000e-01 
 3.59650000e-01  1.63378769e-10  3.00000000e-01 
 3.59750000e-01  1.63378769e-10  3.00000000e-01 
 3.59850000e-01  1.63378769e-10  3.00000000e-01 
 3.59950000e-01  1.63378769e-10  3.00000000e-01 
 3.60050000e-01  1.63378769e-10  3.00000000e-01 
 3.60150000e-01  1.63378769e-10  3.00000000e-01 
 3.60250000e-01  1.63378769e-10  3.00000000e-01 
 3.60350000e-01  1.63378769e-10  3.00000000e-01 
 3.60450000e-01  1.63378769e-10  3.00000000e-01 
 3.60550000e-01  1.63378769e-10  3.00000000e-01 
 3.60650000e-01  1.63378769e-10  3.00000000e-01 
 3.60750000e-01  1.63378769e-10  3.00000000e-01 
 3.60850000e-01  1.63378769e-10  3.00000000e-01 
 3.60950000e-01  1.63378769e-10  3.00000000e-01 
 3.61050000e-01  1.63378769e-10  3.00000000e-01 
 3.61150000e-01  1.63378769e-10  3.00000000e-01 
 3.61250000e-01  1.63378769e-10  3.00000000e-01 
 3.61350000e-01  1.63378769e-10  3.00000000e-01 
 3.61450000e-01  1.63378769e-10  3.00000000e-01 
 3.61550000e-01  1.63378769e-10  3.00000000e-01 
 3.61650000e-01  1.63378769e-10  3.00000000e-01 
 3.61750000e-01  1.63378769e-10  3.00000000e-01 
 3.61850000e-01  1.63378769e-10  3.00000000e-01 
 3.61950000e-01  1.63378769e-10  3.00000000e-01 
 3.62050000e-01  1.63378769e-10  3.00000000e-01 
 3.62150000e-01  1.63378769e-10  3.00000000e-01 
 3.62250000e-01  1.63378769e-10  3.00000000e-01 
 3.62350000e-01  1.63378769e-10  3.00000000e-01 
 3.62450000e-01  1.63378769e-10  3.00000000e-01 
 3.62550000e-01  1.63378769e-10  3.00000000e-01 
 3.62650000e-01  1.63378769e-10  3.00000000e-01 
 3.62750000e-01  1.63378769e-10  3.00000000e-01 
 3.62850000e-01  1.63378769e-10  3.00000000e-01 
 3.62950000e-01  1.63378769e-10  3.00000000e-01 
 3.63050000e-01  1.63378769e-10  3.00000000e-01 
 3.63150000e-01  1.63378769e-10  3.00000000e-01 
 3.63250000e-01  1.63378769e-10  3.00000000e-01 
 3.63350000e-01  1.63378769e-10  3.00000000e-01 
 3.63450000e-01  1.63378769e-10  3.00000000e-01 
 3.63550000e-01  1.63378769e-10  3.00000000e-01 
 3.63650000e-01  1.63378769e-10  3.00000000e-01 
 3.63750000e-01  1.63378769e-10  3.00000000e-01 
 3.63850000e-01  1.63378769e-10  3.00000000e-01 
 3.63950000e-01  1.63378769e-10  3.00000000e-01 
 3.64050000e-01  1.63378769e-10  3.00000000e-01 
 3.64150000e-01  1.63378769e-10  3.00000000e-01 
 3.64250000e-01  1.63378769e-10  3.00000000e-01 
 3.64350000e-01  1.63378769e-10  3.00000000e-01 
 3.64450000e-01  1.63378769e-10  3.00000000e-01 
 3.64550000e-01  1.63378769e-10  3.00000000e-01 
 3.64650000e-01  1.63378769e-10  3.00000000e-01 
 3.64750000e-01  1.63378769e-10  3.00000000e-01 
 3.64850000e-01  1.63378769e-10  3.00000000e-01 
 3.64950000e-01  1.63378769e-10  3.00000000e-01 
 3.65050000e-01  1.63378769e-10  3.00000000e-01 
 3.65150000e-01  1.63378769e-10  3.00000000e-01 
 3.65250000e-01  1.63378769e-10  3.00000000e-01 
 3.65350000e-01  1.63378769e-10  3.00000000e-01 
 3.65450000e-01  1.63378769e-10  3.00000000e-01 
 3.65550000e-01  1.63378769e-10  3.00000000e-01 
 3.65650000e-01  1.63378769e-10  3.00000000e-01 
 3.65750000e-01  1.63378769e-10  3.00000000e-01 
 3.65850000e-01  1.63378769e-10  3.00000000e-01 
 3.65950000e-01  1.63378769e-10  3.00000000e-01 
 3.66050000e-01  1.63378769e-10  3.00000000e-01 
 3.66150000e-01  1.63378769e-10  3.00000000e-01 
 3.66250000e-01  1.63378769e-10  3.00000000e-01 
 3.66350000e-01  1.63378769e-10  3.00000000e-01 
 3.66450000e-01  1.63378769e-10  3.00000000e-01 
 3.66550000e-01  1.63378769e-10  3.00000000e-01 
 3.66650000e-01  1.63378769e-10  3.00000000e-01 
 3.66750000e-01  1.63378769e-10  3.00000000e-01 
 3.66850000e-01  1.63378769e-10  3.00000000e-01 
 3.66950000e-01  1.63378769e-10  3.00000000e-01 
 3.67050000e-01  1.63378769e-10  3.00000000e-01 
 3.67150000e-01  1.63378769e-10  3.00000000e-01 
 3.67250000e-01  1.63378769e-10  3.00000000e-01 
 3.67350000e-01  1.63378769e-10  3.00000000e-01 
 3.67450000e-01  1.63378769e-10  3.00000000e-01 
 3.67550000e-01  1.63378769e-10  3.00000000e-01 
 3.67650000e-01  1.63378769e-10  3.00000000e-01 
 3.67750000e-01  1.63378769e-10  3.00000000e-01 
 3.67850000e-01  1.63378769e-10  3.00000000e-01 
 3.67950000e-01  1.63378769e-10  3.00000000e-01 
 3.68050000e-01  1.63378769e-10  3.00000000e-01 
 3.68150000e-01  1.63378769e-10  3.00000000e-01 
 3.68250000e-01  1.63378769e-10  3.00000000e-01 
 3.68350000e-01  1.63378769e-10  3.00000000e-01 
 3.68450000e-01  1.63378769e-10  3.00000000e-01 
 3.68550000e-01  1.63378769e-10  3.00000000e-01 
 3.68650000e-01  1.63378769e-10  3.00000000e-01 
 3.68750000e-01  1.63378769e-10  3.00000000e-01 
 3.68850000e-01  1.63378769e-10  3.00000000e-01 
 3.68950000e-01  1.63378769e-10  3.00000000e-01 
 3.69050000e-01  1.63378769e-10  3.00000000e-01 
 3.69150000e-01  1.63378769e-10  3.00000000e-01 
 3.69250000e-01  1.63378769e-10  3.00000000e-01 
 3.69350000e-01  1.63378769e-10  3.00000000e-01 
 3.69450000e-01  1.63378769e-10  3.00000000e-01 
 3.69550000e-01  1.63378769e-10  3.00000000e-01 
 3.69650000e-01  1.63378769e-10  3.00000000e-01 
 3.69750000e-01  1.63378769e-10  3.00000000e-01 
 3.69850000e-01  1.63378769e-10  3.00000000e-01 
 3.69950000e-01  1.63378769e-10  3.00000000e-01 
 3.70050000e-01  1.63378769e-10  3.00000000e-01 
 3.70150000e-01  1.63378769e-10  3.00000000e-01 
 3.70250000e-01  1.63378769e-10  3.00000000e-01 
 3.70350000e-01  1.63378769e-10  3.00000000e-01 
 3.70450000e-01  1.63378769e-10  3.00000000e-01 
 3.70550000e-01  1.63378769e-10  3.00000000e-01 
 3.70650000e-01  1.63378769e-10  3.00000000e-01 
 3.70750000e-01  1.63378769e-10  3.00000000e-01 
 3.70850000e-01  1.63378769e-10  3.00000000e-01 
 3.70950000e-01  1.63378769e-10  3.00000000e-01 
 3.71050000e-01  1.63378769e-10  3.00000000e-01 
 3.71150000e-01  1.63378769e-10  3.00000000e-01 
 3.71250000e-01  1.63378769e-10  3.00000000e-01 
 3.71350000e-01  1.63378769e-10  3.00000000e-01 
 3.71450000e-01  1.63378769e-10  3.00000000e-01 
 3.71550000e-01  1.63378769e-10  3.00000000e-01 
 3.71650000e-01  1.63378769e-10  3.00000000e-01 
 3.71750000e-01  1.63378769e-10  3.00000000e-01 
 3.71850000e-01  1.63378769e-10  3.00000000e-01 
 3.71950000e-01  1.63378769e-10  3.00000000e-01 
 3.72050000e-01  1.63378769e-10  3.00000000e-01 
 3.72150000e-01  1.63378769e-10  3.00000000e-01 
 3.72250000e-01  1.63378769e-10  3.00000000e-01 
 3.72350000e-01  1.63378769e-10  3.00000000e-01 
 3.72450000e-01  1.63378769e-10  3.00000000e-01 
 3.72550000e-01  1.63378769e-10  3.00000000e-01 
 3.72650000e-01  1.63378769e-10  3.00000000e-01 
 3.72750000e-01  1.63378769e-10  3.00000000e-01 
 3.72850000e-01  1.63378769e-10  3.00000000e-01 
 3.72950000e-01  1.63378769e-10  3.00000000e-01 
 3.73050000e-01  1.63378769e-10  3.00000000e-01 
 3.73150000e-01  1.63378769e-10  3.00000000e-01 
 3.73250000e-01  1.63378769e-10  3.00000000e-01 
 3.73350000e-01  1.63378769e-10  3.00000000e-01 
 3.73450000e-01  1.63378769e-10  3.00000000e-01 
 3.73550000e-01  1.63378769e-10  3.00000000e-01 
 3.73650000e-01  1.63378769e-10  3.00000000e-01 
 3.73750000e-01  1.63378769e-10  3.00000000e-01 
 3.73850000e-01  1.63378769e-10  3.00000000e-01 
 3.73950000e-01  1.63378769e-10  3.00000000e-01 
 3.74050000e-01  1.63378769e-10  3.00000000e-01 
 3.74150000e-01  1.63378769e-10  3.00000000e-01 
 3.74250000e-01  1.63378769e-10  3.00000000e-01 
 3.74350000e-01  1.63378769e-10  3.00000000e-01 
 3.74450000e-01  1.63378769e-10  3.00000000e-01 
 3.74550000e-01  1.63378769e-10  3.00000000e-01 
 3.74650000e-01  1.63378769e-10  3.00000000e-01 
 3.74750000e-01  1.63378769e-10  3.00000000e-01 
 3.74850000e-01  1.63378769e-10  3.00000000e-01 
 3.74950000e-01  1.63378769e-10  3.00000000e-01 
 3.75050000e-01  1.63378769e-10  3.00000000e-01 
 3.75150000e-01  1.63378769e-10  3.00000000e-01 
 3.75250000e-01  1.63378769e-10  3.00000000e-01 
 3.75350000e-01  1.63378769e-10  3.00000000e-01 
 3.75450000e-01  1.63378769e-10  3.00000000e-01 
 3.75550000e-01  1.63378769e-10  3.00000000e-01 
 3.75650000e-01  1.63378769e-10  3.00000000e-01 
 3.75750000e-01  1.63378769e-10  3.00000000e-01 
 3.75850000e-01  1.63378769e-10  3.00000000e-01 
 3.75950000e-01  1.63378769e-10  3.00000000e-01 
 3.76050000e-01  1.63378769e-10  3.00000000e-01 
 3.76150000e-01  1.63378769e-10  3.00000000e-01 
 3.76250000e-01  1.63378769e-10  3.00000000e-01 
 3.76350000e-01  1.63378769e-10  3.00000000e-01 
 3.76450000e-01  1.63378769e-10  3.00000000e-01 
 3.76550000e-01  1.63378769e-10  3.00000000e-01 
 3.76650000e-01  1.63378769e-10  3.00000000e-01 
 3.76750000e-01  1.63378769e-10  3.00000000e-01 
 3.76850000e-01  1.63378769e-10  3.00000000e-01 
 3.76950000e-01  1.63378769e-10  3.00000000e-01 
 3.77050000e-01  1.63378769e-10  3.00000000e-01 
 3.77150000e-01  1.63378769e-10  3.00000000e-01 
 3.77250000e-01  1.63378769e-10  3.00000000e-01 
 3.77350000e-01  1.63378769e-10  3.00000000e-01 
 3.77450000e-01  1.63378769e-10  3.00000000e-01 
 3.77550000e-01  1.63378769e-10  3.00000000e-01 
 3.77650000e-01  1.63378769e-10  3.00000000e-01 
 3.77750000e-01  1.63378769e-10  3.00000000e-01 
 3.77850000e-01  1.63378769e-10  3.00000000e-01 
 3.77950000e-01  1.63378769e-10  3.00000000e-01 
 3.78050000e-01  1.63378769e-10  3.00000000e-01 
 3.78150000e-01  1.63378769e-10  3.00000000e-01 
 3.78250000e-01  1.63378769e-10  3.00000000e-01 
 3.78350000e-01  1.63378769e-10  3.00000000e-01 
 3.78450000e-01  1.63378769e-10  3.00000000e-01 
 3.78550000e-01  1.63378769e-10  3.00000000e-01 
 3.78650000e-01  1.63378769e-10  3.00000000e-01 
 3.78750000e-01  1.63378769e-10  3.00000000e-01 
 3.78850000e-01  1.63378769e-10  3.00000000e-01 
 3.78950000e-01  1.63378769e-10  3.00000000e-01 
 3.79050000e-01  1.63378769e-10  3.00000000e-01 
 3.79150000e-01  1.63378769e-10  3.00000000e-01 
 3.79250000e-01  1.63378769e-10  3.00000000e-01 
 3.79350000e-01  1.63378769e-10  3.00000000e-01 
 3.79450000e-01  1.63378769e-10  3.00000000e-01 
 3.79550000e-01  1.63378769e-10  3.00000000e-01 
 3.79650000e-01  1.63378769e-10  3.00000000e-01 
 3.79750000e-01  1.63378769e-10  3.00000000e-01 
 3.79850000e-01  1.63378769e-10  3.00000000e-01 
 3.79950000e-01  1.63378769e-10  3.00000000e-01 
 3.80050000e-01  1.63378769e-10  3.00000000e-01 
 3.80150000e-01  1.63378769e-10  3.00000000e-01 
 3.80250000e-01  1.63378769e-10  3.00000000e-01 
 3.80350000e-01  1.63378769e-10  3.00000000e-01 
 3.80450000e-01  1.63378769e-10  3.00000000e-01 
 3.80550000e-01  1.63378769e-10  3.00000000e-01 
 3.80650000e-01  1.63378769e-10  3.00000000e-01 
 3.80750000e-01  1.63378769e-10  3.00000000e-01 
 3.80850000e-01  1.63378769e-10  3.00000000e-01 
 3.80950000e-01  1.63378769e-10  3.00000000e-01 
 3.81050000e-01  1.63378769e-10  3.00000000e-01 
 3.81150000e-01  1.63378769e-10  3.00000000e-01 
 3.81250000e-01  1.63378769e-10  3.00000000e-01 
 3.81350000e-01  1.63378769e-10  3.00000000e-01 
 3.81450000e-01  1.63378769e-10  3.00000000e-01 
 3.81550000e-01  1.63378769e-10  3.00000000e-01 
 3.81650000e-01  1.63378769e-10  3.00000000e-01 
 3.81750000e-01  1.63378769e-10  3.00000000e-01 
 3.81850000e-01  1.63378769e-10  3.00000000e-01 
 3.81950000e-01  1.63378769e-10  3.00000000e-01 
 3.82050000e-01  1.63378769e-10  3.00000000e-01 
 3.82150000e-01  1.63378769e-10  3.00000000e-01 
 3.82250000e-01  1.63378769e-10  3.00000000e-01 
 3.82350000e-01  1.63378769e-10  3.00000000e-01 
 3.82450000e-01  1.63378769e-10  3.00000000e-01 
 3.82550000e-01  1.63378769e-10  3.00000000e-01 
 3.82650000e-01  1.63378769e-10  3.00000000e-01 
 3.82750000e-01  1.63378769e-10  3.00000000e-01 
 3.82850000e-01  1.63378769e-10  3.00000000e-01 
 3.82950000e-01  1.63378769e-10  3.00000000e-01 
 3.83050000e-01  1.63378769e-10  3.00000000e-01 
 3.83150000e-01  1.63378769e-10  3.00000000e-01 
 3.83250000e-01  1.63378769e-10  3.00000000e-01 
 3.83350000e-01  1.63378769e-10  3.00000000e-01 
 3.83450000e-01  1.63378769e-10  3.00000000e-01 
 3.83550000e-01  1.63378769e-10  3.00000000e-01 
 3.83650000e-01  1.63378769e-10  3.00000000e-01 
 3.83750000e-01  1.63378769e-10  3.00000000e-01 
 3.83850000e-01  1.63378769e-10  3.00000000e-01 
 3.83950000e-01  1.63378769e-10  3.00000000e-01 
 3.84050000e-01  1.63378769e-10  3.00000000e-01 
 3.84150000e-01  1.63378769e-10  3.00000000e-01 
 3.84250000e-01  1.63378769e-10  3.00000000e-01 
 3.84350000e-01  1.63378769e-10  3.00000000e-01 
 3.84450000e-01  1.63378769e-10  3.00000000e-01 
 3.84550000e-01  1.63378769e-10  3.00000000e-01 
 3.84650000e-01  1.63378769e-10  3.00000000e-01 
 3.84750000e-01  1.63378769e-10  3.00000000e-01 
 3.84850000e-01  1.63378769e-10  3.00000000e-01 
 3.84950000e-01  1.63378769e-10  3.00000000e-01 
 3.85050000e-01  1.63378769e-10  3.00000000e-01 
 3.85150000e-01  1.63378769e-10  3.00000000e-01 
 3.85250000e-01  1.63378769e-10  3.00000000e-01 
 3.85350000e-01  1.63378769e-10  3.00000000e-01 
 3.85450000e-01  1.63378769e-10  3.00000000e-01 
 3.85550000e-01  1.63378769e-10  3.00000000e-01 
 3.85650000e-01  1.63378769e-10  3.00000000e-01 
 3.85750000e-01  1.63378769e-10  3.00000000e-01 
 3.85850000e-01  1.63378769e-10  3.00000000e-01 
 3.85950000e-01  1.63378769e-10  3.00000000e-01 
 3.86050000e-01  1.63378769e-10  3.00000000e-01 
 3.86150000e-01  1.63378769e-10  3.00000000e-01 
 3.86250000e-01  1.63378769e-10  3.00000000e-01 
 3.86350000e-01  1.63378769e-10  3.00000000e-01 
 3.86450000e-01  1.63378769e-10  3.00000000e-01 
 3.86550000e-01  1.63378769e-10  3.00000000e-01 
 3.86650000e-01  1.63378769e-10  3.00000000e-01 
 3.86750000e-01  1.63378769e-10  3.00000000e-01 
 3.86850000e-01  1.63378769e-10  3.00000000e-01 
 3.86950000e-01  1.63378769e-10  3.00000000e-01 
 3.87050000e-01  1.63378769e-10  3.00000000e-01 
 3.87150000e-01  1.63378769e-10  3.00000000e-01 
 3.87250000e-01  1.63378769e-10  3.00000000e-01 
 3.87350000e-01  1.63378769e-10  3.00000000e-01 
 3.87450000e-01  1.63378769e-10  3.00000000e-01 
 3.87550000e-01  1.63378769e-10  3.00000000e-01 
 3.87650000e-01  1.63378769e-10  3.00000000e-01 
 3.87750000e-01  1.63378769e-10  3.00000000e-01 
 3.87850000e-01  1.63378769e-10  3.00000000e-01 
 3.87950000e-01  1.63378769e-10  3.00000000e-01 
 3.88050000e-01  1.63378769e-10  3.00000000e-01 
 3.88150000e-01  1.63378769e-10  3.00000000e-01 
 3.88250000e-01  1.63378769e-10  3.00000000e-01 
 3.88350000e-01  1.63378769e-10  3.00000000e-01 
 3.88450000e-01  1.63378769e-10  3.00000000e-01 
 3.88550000e-01  1.63378769e-10  3.00000000e-01 
 3.88650000e-01  1.63378769e-10  3.00000000e-01 
 3.88750000e-01  1.63378769e-10  3.00000000e-01 
 3.88850000e-01  1.63378769e-10  3.00000000e-01 
 3.88950000e-01  1.63378769e-10  3.00000000e-01 
 3.89050000e-01  1.63378769e-10  3.00000000e-01 
 3.89150000e-01  1.63378769e-10  3.00000000e-01 
 3.89250000e-01  1.63378769e-10  3.00000000e-01 
 3.89350000e-01  1.63378769e-10  3.00000000e-01 
 3.89450000e-01  1.63378769e-10  3.00000000e-01 
 3.89550000e-01  1.63378769e-10  3.00000000e-01 
 3.89650000e-01  1.63378769e-10  3.00000000e-01 
 3.89750000e-01  1.63378769e-10  3.00000000e-01 
 3.89850000e-01  1.63378769e-10  3.00000000e-01 
 3.89950000e-01  1.63378769e-10  3.00000000e-01 
 3.90050000e-01  1.63378769e-10  3.00000000e-01 
 3.90150000e-01  1.63378769e-10  3.00000000e-01 
 3.90250000e-01  1.63378769e-10  3.00000000e-01 
 3.90350000e-01  1.63378769e-10  3.00000000e-01 
 3.90450000e-01  1.63378769e-10  3.00000000e-01 
 3.90550000e-01  1.63378769e-10  3.00000000e-01 
 3.90650000e-01  1.63378769e-10  3.00000000e-01 
 3.90750000e-01  1.63378769e-10  3.00000000e-01 
 3.90850000e-01  1.63378769e-10  3.00000000e-01 
 3.90950000e-01  1.63378769e-10  3.00000000e-01 
 3.91050000e-01  1.63378769e-10  3.00000000e-01 
 3.91150000e-01  1.63378769e-10  3.00000000e-01 
 3.91250000e-01  1.63378769e-10  3.00000000e-01 
 3.91350000e-01  1.63378769e-10  3.00000000e-01 
 3.91450000e-01  1.63378769e-10  3.00000000e-01 
 3.91550000e-01  1.63378769e-10  3.00000000e-01 
 3.91650000e-01  1.63378769e-10  3.00000000e-01 
 3.91750000e-01  1.63378769e-10  3.00000000e-01 
 3.91850000e-01  1.63378769e-10  3.00000000e-01 
 3.91950000e-01  1.63378769e-10  3.00000000e-01 
 3.92050000e-01  1.63378769e-10  3.00000000e-01 
 3.92150000e-01  1.63378769e-10  3.00000000e-01 
 3.92250000e-01  1.63378769e-10  3.00000000e-01 
 3.92350000e-01  1.63378769e-10  3.00000000e-01 
 3.92450000e-01  1.63378769e-10  3.00000000e-01 
 3.92550000e-01  1.63378769e-10  3.00000000e-01 
 3.92650000e-01  1.63378769e-10  3.00000000e-01 
 3.92750000e-01  1.63378769e-10  3.00000000e-01 
 3.92850000e-01  1.63378769e-10  3.00000000e-01 
 3.92950000e-01  1.63378769e-10  3.00000000e-01 
 3.93050000e-01  1.63378769e-10  3.00000000e-01 
 3.93150000e-01  1.63378769e-10  3.00000000e-01 
 3.93250000e-01  1.63378769e-10  3.00000000e-01 
 3.93350000e-01  1.63378769e-10  3.00000000e-01 
 3.93450000e-01  1.63378769e-10  3.00000000e-01 
 3.93550000e-01  1.63378769e-10  3.00000000e-01 
 3.93650000e-01  1.63378769e-10  3.00000000e-01 
 3.93750000e-01  1.63378769e-10  3.00000000e-01 
 3.93850000e-01  1.63378769e-10  3.00000000e-01 
 3.93950000e-01  1.63378769e-10  3.00000000e-01 
 3.94050000e-01  1.63378769e-10  3.00000000e-01 
 3.94150000e-01  1.63378769e-10  3.00000000e-01 
 3.94250000e-01  1.63378769e-10  3.00000000e-01 
 3.94350000e-01  1.63378769e-10  3.00000000e-01 
 3.94450000e-01  1.63378769e-10  3.00000000e-01 
 3.94550000e-01  1.63378769e-10  3.00000000e-01 
 3.94650000e-01  1.63378769e-10  3.00000000e-01 
 3.94750000e-01  1.63378769e-10  3.00000000e-01 
 3.94850000e-01  1.63378769e-10  3.00000000e-01 
 3.94950000e-01  1.63378769e-10  3.00000000e-01 
 3.95050000e-01  1.63378769e-10  3.00000000e-01 
 3.95150000e-01  1.63378769e-10  3.00000000e-01 
 3.95250000e-01  1.63378769e-10  3.00000000e-01 
 3.95350000e-01  1.63378769e-10  3.00000000e-01 
 3.95450000e-01  1.63378769e-10  3.00000000e-01 
 3.95550000e-01  1.63378769e-10  3.00000000e-01 
 3.95650000e-01  1.63378769e-10  3.00000000e-01 
 3.95750000e-01  1.63378769e-10  3.00000000e-01 
 3.95850000e-01  1.63378769e-10  3.00000000e-01 
 3.95950000e-01  1.63378769e-10  3.00000000e-01 
 3.96050000e-01  1.63378769e-10  3.00000000e-01 
 3.96150000e-01  1.63378769e-10  3.00000000e-01 
 3.96250000e-01  1.63378769e-10  3.00000000e-01 
 3.96350000e-01  1.63378769e-10  3.00000000e-01 
 3.96450000e-01  1.63378769e-10  3.00000000e-01 
 3.96550000e-01  1.63378769e-10  3.00000000e-01 
 3.96650000e-01  1.63378769e-10  3.00000000e-01 
 3.96750000e-01  1.63378769e-10  3.00000000e-01 
 3.96850000e-01  1.63378769e-10  3.00000000e-01 
 3.96950000e-01  1.63378769e-10  3.00000000e-01 
 3.97050000e-01  1.63378769e-10  3.00000000e-01 
 3.97150000e-01  1.63378769e-10  3.00000000e-01 
 3.97250000e-01  1.63378769e-10  3.00000000e-01 
 3.97350000e-01  1.63378769e-10  3.00000000e-01 
 3.97450000e-01  1.63378769e-10  3.00000000e-01 
 3.97550000e-01  1.63378769e-10  3.00000000e-01 
 3.97650000e-01  1.63378769e-10  3.00000000e-01 
 3.97750000e-01  1.63378769e-10  3.00000000e-01 
 3.97850000e-01  1.63378769e-10  3.00000000e-01 
 3.97950000e-01  1.63378769e-10  3.00000000e-01 
 3.98050000e-01  1.63378769e-10  3.00000000e-01 
 3.98150000e-01  1.63378769e-10  3.00000000e-01 
 3.98250000e-01  1.63378769e-10  3.00000000e-01 
 3.98350000e-01  1.63378769e-10  3.00000000e-01 
 3.98450000e-01  1.63378769e-10  3.00000000e-01 
 3.98550000e-01  1.63378769e-10  3.00000000e-01 
 3.98650000e-01  1.63378769e-10  3.00000000e-01 
 3.98750000e-01  1.63378769e-10  3.00000000e-01 
 3.98850000e-01  1.63378769e-10  3.00000000e-01 
 3.98950000e-01  1.63378769e-10  3.00000000e-01 
 3.99050000e-01  1.63378769e-10  3.00000000e-01 
 3.99150000e-01  1.63378769e-10  3.00000000e-01 
 3.99250000e-01  1.63378769e-10  3.00000000e-01 
 3.99350000e-01  1.63378769e-10  3.00000000e-01 
 3.99450000e-01  1.63378769e-10  3.00000000e-01 
 3.99550000e-01  1.63378769e-10  3.00000000e-01 
 3.99650000e-01  1.63378769e-10  3.00000000e-01 
 3.99750000e-01  1.63378769e-10  3.00000000e-01 
 3.99850000e-01  1.63378769e-10  3.00000000e-01 
 3.99950000e-01  1.63378769e-10  3.00000000e-01 
 4.00050000e-01  1.63378769e-10  3.00000000e-01 
 4.00150000e-01  1.63378769e-10  3.00000000e-01 
 4.00250000e-01  1.63378769e-10  3.00000000e-01 
 4.00350000e-01  1.63378769e-10  3.00000000e-01 
 4.00450000e-01  1.63378769e-10  3.00000000e-01 
 4.00550000e-01  1.63378769e-10  3.00000000e-01 
 4.00650000e-01  1.63378769e-10  3.00000000e-01 
 4.00750000e-01  1.63378769e-10  3.00000000e-01 
 4.00850000e-01  1.63378769e-10  3.00000000e-01 
 4.00950000e-01  1.63378769e-10  3.00000000e-01 
 4.01050000e-01  1.63378769e-10  3.00000000e-01 
 4.01150000e-01  1.63378769e-10  3.00000000e-01 
 4.01250000e-01  1.63378769e-10  3.00000000e-01 
 4.01350000e-01  1.63378769e-10  3.00000000e-01 
 4.01450000e-01  1.63378769e-10  3.00000000e-01 
 4.01550000e-01  1.63378769e-10  3.00000000e-01 
 4.01650000e-01  1.63378769e-10  3.00000000e-01 
 4.01750000e-01  1.63378769e-10  3.00000000e-01 
 4.01850000e-01  1.63378769e-10  3.00000000e-01 
 4.01950000e-01  1.63378769e-10  3.00000000e-01 
 4.02050000e-01  1.63378769e-10  3.00000000e-01 
 4.02150000e-01  1.63378769e-10  3.00000000e-01 
 4.02250000e-01  1.63378769e-10  3.00000000e-01 
 4.02350000e-01  1.63378769e-10  3.00000000e-01 
 4.02450000e-01  1.63378769e-10  3.00000000e-01 
 4.02550000e-01  1.63378769e-10  3.00000000e-01 
 4.02650000e-01  1.63378769e-10  3.00000000e-01 
 4.02750000e-01  1.63378769e-10  3.00000000e-01 
 4.02850000e-01  1.63378769e-10  3.00000000e-01 
 4.02950000e-01  1.63378769e-10  3.00000000e-01 
 4.03050000e-01  1.63378769e-10  3.00000000e-01 
 4.03150000e-01  1.63378769e-10  3.00000000e-01 
 4.03250000e-01  1.63378769e-10  3.00000000e-01 
 4.03350000e-01  1.63378769e-10  3.00000000e-01 
 4.03450000e-01  1.63378769e-10  3.00000000e-01 
 4.03550000e-01  1.63378769e-10  3.00000000e-01 
 4.03650000e-01  1.63378769e-10  3.00000000e-01 
 4.03750000e-01  1.63378769e-10  3.00000000e-01 
 4.03850000e-01  1.63378769e-10  3.00000000e-01 
 4.03950000e-01  1.63378769e-10  3.00000000e-01 
 4.04050000e-01  1.63378769e-10  3.00000000e-01 
 4.04150000e-01  1.63378769e-10  3.00000000e-01 
 4.04250000e-01  1.63378769e-10  3.00000000e-01 
 4.04350000e-01  1.63378769e-10  3.00000000e-01 
 4.04450000e-01  1.63378769e-10  3.00000000e-01 
 4.04550000e-01  1.63378769e-10  3.00000000e-01 
 4.04650000e-01  1.63378769e-10  3.00000000e-01 
 4.04750000e-01  1.63378769e-10  3.00000000e-01 
 4.04850000e-01  1.63378769e-10  3.00000000e-01 
 4.04950000e-01  1.63378769e-10  3.00000000e-01 
 4.05050000e-01  1.63378769e-10  3.00000000e-01 
 4.05150000e-01  1.63378769e-10  3.00000000e-01 
 4.05250000e-01  1.63378769e-10  3.00000000e-01 
 4.05350000e-01  1.63378769e-10  3.00000000e-01 
 4.05450000e-01  1.63378769e-10  3.00000000e-01 
 4.05550000e-01  1.63378769e-10  3.00000000e-01 
 4.05650000e-01  1.63378769e-10  3.00000000e-01 
 4.05750000e-01  1.63378769e-10  3.00000000e-01 
 4.05850000e-01  1.63378769e-10  3.00000000e-01 
 4.05950000e-01  1.63378769e-10  3.00000000e-01 
 4.06050000e-01  1.63378769e-10  3.00000000e-01 
 4.06150000e-01  1.63378769e-10  3.00000000e-01 
 4.06250000e-01  1.63378769e-10  3.00000000e-01 
 4.06350000e-01  1.63378769e-10  3.00000000e-01 
 4.06450000e-01  1.63378769e-10  3.00000000e-01 
 4.06550000e-01  1.63378769e-10  3.00000000e-01 
 4.06650000e-01  1.63378769e-10  3.00000000e-01 
 4.06750000e-01  1.63378769e-10  3.00000000e-01 
 4.06850000e-01  1.63378769e-10  3.00000000e-01 
 4.06950000e-01  1.63378769e-10  3.00000000e-01 
 4.07050000e-01  1.63378769e-10  3.00000000e-01 
 4.07150000e-01  1.63378769e-10  3.00000000e-01 
 4.07250000e-01  1.63378769e-10  3.00000000e-01 
 4.07350000e-01  1.63378769e-10  3.00000000e-01 
 4.07450000e-01  1.63378769e-10  3.00000000e-01 
 4.07550000e-01  1.63378769e-10  3.00000000e-01 
 4.07650000e-01  1.63378769e-10  3.00000000e-01 
 4.07750000e-01  1.63378769e-10  3.00000000e-01 
 4.07850000e-01  1.63378769e-10  3.00000000e-01 
 4.07950000e-01  1.63378769e-10  3.00000000e-01 
 4.08050000e-01  1.63378769e-10  3.00000000e-01 
 4.08150000e-01  1.63378769e-10  3.00000000e-01 
 4.08250000e-01  1.63378769e-10  3.00000000e-01 
 4.08350000e-01  1.63378769e-10  3.00000000e-01 
 4.08450000e-01  1.63378769e-10  3.00000000e-01 
 4.08550000e-01  1.63378769e-10  3.00000000e-01 
 4.08650000e-01  1.63378769e-10  3.00000000e-01 
 4.08750000e-01  1.63378769e-10  3.00000000e-01 
 4.08850000e-01  1.63378769e-10  3.00000000e-01 
 4.08950000e-01  1.63378769e-10  3.00000000e-01 
 4.09050000e-01  1.63378769e-10  3.00000000e-01 
 4.09150000e-01  1.63378769e-10  3.00000000e-01 
 4.09250000e-01  1.63378769e-10  3.00000000e-01 
 4.09350000e-01  1.63378769e-10  3.00000000e-01 
 4.09450000e-01  1.63378769e-10  3.00000000e-01 
 4.09550000e-01  1.63378769e-10  3.00000000e-01 
 4.09650000e-01  1.63378769e-10  3.00000000e-01 
 4.09750000e-01  1.63378769e-10  3.00000000e-01 
 4.09850000e-01  1.63378769e-10  3.00000000e-01 
 4.09950000e-01  1.63378769e-10  3.00000000e-01 
 4.10050000e-01  1.63378769e-10  3.00000000e-01 
 4.10150000e-01  1.63378769e-10  3.00000000e-01 
 4.10250000e-01  1.63378769e-10  3.00000000e-01 
 4.10350000e-01  1.63378769e-10  3.00000000e-01 
 4.10450000e-01  1.63378769e-10  3.00000000e-01 
 4.10550000e-01  1.63378769e-10  3.00000000e-01 
 4.10650000e-01  1.63378769e-10  3.00000000e-01 
 4.10750000e-01  1.63378769e-10  3.00000000e-01 
 4.10850000e-01  1.63378769e-10  3.00000000e-01 
 4.10950000e-01  1.63378769e-10  3.00000000e-01 
 4.11050000e-01  1.63378769e-10  3.00000000e-01 
 4.11150000e-01  1.63378769e-10  3.00000000e-01 
 4.11250000e-01  1.63378769e-10  3.00000000e-01 
 4.11350000e-01  1.63378769e-10  3.00000000e-01 
 4.11450000e-01  1.63378769e-10  3.00000000e-01 
 4.11550000e-01  1.63378769e-10  3.00000000e-01 
 4.11650000e-01  1.63378769e-10  3.00000000e-01 
 4.11750000e-01  1.63378769e-10  3.00000000e-01 
 4.11850000e-01  1.63378769e-10  3.00000000e-01 
 4.11950000e-01  1.63378769e-10  3.00000000e-01 
 4.12050000e-01  1.63378769e-10  3.00000000e-01 
 4.12150000e-01  1.63378769e-10  3.00000000e-01 
 4.12250000e-01  1.63378769e-10  3.00000000e-01 
 4.12350000e-01  1.63378769e-10  3.00000000e-01 
 4.12450000e-01  1.63378769e-10  3.00000000e-01 
 4.12550000e-01  1.63378769e-10  3.00000000e-01 
 4.12650000e-01  1.63378769e-10  3.00000000e-01 
 4.12750000e-01  1.63378769e-10  3.00000000e-01 
 4.12850000e-01  1.63378769e-10  3.00000000e-01 
 4.12950000e-01  1.63378769e-10  3.00000000e-01 
 4.13050000e-01  1.63378769e-10  3.00000000e-01 
 4.13150000e-01  1.63378769e-10  3.00000000e-01 
 4.13250000e-01  1.63378769e-10  3.00000000e-01 
 4.13350000e-01  1.63378769e-10  3.00000000e-01 
 4.13450000e-01  1.63378769e-10  3.00000000e-01 
 4.13550000e-01  1.63378769e-10  3.00000000e-01 
 4.13650000e-01  1.63378769e-10  3.00000000e-01 
 4.13750000e-01  1.63378769e-10  3.00000000e-01 
 4.13850000e-01  1.63378769e-10  3.00000000e-01 
 4.13950000e-01  1.63378769e-10  3.00000000e-01 
 4.14050000e-01  1.63378769e-10  3.00000000e-01 
 4.14150000e-01  1.63378769e-10  3.00000000e-01 
 4.14250000e-01  1.63378769e-10  3.00000000e-01 
 4.14350000e-01  1.63378769e-10  3.00000000e-01 
 4.14450000e-01  1.63378769e-10  3.00000000e-01 
 4.14550000e-01  1.63378769e-10  3.00000000e-01 
 4.14650000e-01  1.63378769e-10  3.00000000e-01 
 4.14750000e-01  1.63378769e-10  3.00000000e-01 
 4.14850000e-01  1.63378769e-10  3.00000000e-01 
 4.14950000e-01  1.63378769e-10  3.00000000e-01 
 4.15050000e-01  1.63378769e-10  3.00000000e-01 
 4.15150000e-01  1.63378769e-10  3.00000000e-01 
 4.15250000e-01  1.63378769e-10  3.00000000e-01 
 4.15350000e-01  1.63378769e-10  3.00000000e-01 
 4.15450000e-01  1.63378769e-10  3.00000000e-01 
 4.15550000e-01  1.63378769e-10  3.00000000e-01 
 4.15650000e-01  1.63378769e-10  3.00000000e-01 
 4.15750000e-01  1.63378769e-10  3.00000000e-01 
 4.15850000e-01  1.63378769e-10  3.00000000e-01 
 4.15950000e-01  1.63378769e-10  3.00000000e-01 
 4.16050000e-01  1.63378769e-10  3.00000000e-01 
 4.16150000e-01  1.63378769e-10  3.00000000e-01 
 4.16250000e-01  1.63378769e-10  3.00000000e-01 
 4.16350000e-01  1.63378769e-10  3.00000000e-01 
 4.16450000e-01  1.63378769e-10  3.00000000e-01 
 4.16550000e-01  1.63378769e-10  3.00000000e-01 
 4.16650000e-01  1.63378769e-10  3.00000000e-01 
 4.16750000e-01  1.63378769e-10  3.00000000e-01 
 4.16850000e-01  1.63378769e-10  3.00000000e-01 
 4.16950000e-01  1.63378769e-10  3.00000000e-01 
 4.17050000e-01  1.63378769e-10  3.00000000e-01 
 4.17150000e-01  1.63378769e-10  3.00000000e-01 
 4.17250000e-01  1.63378769e-10  3.00000000e-01 
 4.17350000e-01  1.63378769e-10  3.00000000e-01 
 4.17450000e-01  1.63378769e-10  3.00000000e-01 
 4.17550000e-01  1.63378769e-10  3.00000000e-01 
 4.17650000e-01  1.63378769e-10  3.00000000e-01 
 4.17750000e-01  1.63378769e-10  3.00000000e-01 
 4.17850000e-01  1.63378769e-10  3.00000000e-01 
 4.17950000e-01  1.63378769e-10  3.00000000e-01 
 4.18050000e-01  1.63378769e-10  3.00000000e-01 
 4.18150000e-01  1.63378769e-10  3.00000000e-01 
 4.18250000e-01  1.63378769e-10  3.00000000e-01 
 4.18350000e-01  1.63378769e-10  3.00000000e-01 
 4.18450000e-01  1.63378769e-10  3.00000000e-01 
 4.18550000e-01  1.63378769e-10  3.00000000e-01 
 4.18650000e-01  1.63378769e-10  3.00000000e-01 
 4.18750000e-01  1.63378769e-10  3.00000000e-01 
 4.18850000e-01  1.63378769e-10  3.00000000e-01 
 4.18950000e-01  1.63378769e-10  3.00000000e-01 
 4.19050000e-01  1.63378769e-10  3.00000000e-01 
 4.19150000e-01  1.63378769e-10  3.00000000e-01 
 4.19250000e-01  1.63378769e-10  3.00000000e-01 
 4.19350000e-01  1.63378769e-10  3.00000000e-01 
 4.19450000e-01  1.63378769e-10  3.00000000e-01 
 4.19550000e-01  1.63378769e-10  3.00000000e-01 
 4.19650000e-01  1.63378769e-10  3.00000000e-01 
 4.19750000e-01  1.63378769e-10  3.00000000e-01 
 4.19850000e-01  1.63378769e-10  3.00000000e-01 
 4.19950000e-01  1.63378769e-10  3.00000000e-01 
 4.20050000e-01  1.63378769e-10  3.00000000e-01 
 4.20150000e-01  1.63378769e-10  3.00000000e-01 
 4.20250000e-01  1.63378769e-10  3.00000000e-01 
 4.20350000e-01  1.63378769e-10  3.00000000e-01 
 4.20450000e-01  1.63378769e-10  3.00000000e-01 
 4.20550000e-01  1.63378769e-10  3.00000000e-01 
 4.20650000e-01  1.63378769e-10  3.00000000e-01 
 4.20750000e-01  1.63378769e-10  3.00000000e-01 
 4.20850000e-01  1.63378769e-10  3.00000000e-01 
 4.20950000e-01  1.63378769e-10  3.00000000e-01 
 4.21050000e-01  1.63378769e-10  3.00000000e-01 
 4.21150000e-01  1.63378769e-10  3.00000000e-01 
 4.21250000e-01  1.63378769e-10  3.00000000e-01 
 4.21350000e-01  1.63378769e-10  3.00000000e-01 
 4.21450000e-01  1.63378769e-10  3.00000000e-01 
 4.21550000e-01  1.63378769e-10  3.00000000e-01 
 4.21650000e-01  1.63378769e-10  3.00000000e-01 
 4.21750000e-01  1.63378769e-10  3.00000000e-01 
 4.21850000e-01  1.63378769e-10  3.00000000e-01 
 4.21950000e-01  1.63378769e-10  3.00000000e-01 
 4.22050000e-01  1.63378769e-10  3.00000000e-01 
 4.22150000e-01  1.63378769e-10  3.00000000e-01 
 4.22250000e-01  1.63378769e-10  3.00000000e-01 
 4.22350000e-01  1.63378769e-10  3.00000000e-01 
 4.22450000e-01  1.63378769e-10  3.00000000e-01 
 4.22550000e-01  1.63378769e-10  3.00000000e-01 
 4.22650000e-01  1.63378769e-10  3.00000000e-01 
 4.22750000e-01  1.63378769e-10  3.00000000e-01 
 4.22850000e-01  1.63378769e-10  3.00000000e-01 
 4.22950000e-01  1.63378769e-10  3.00000000e-01 
 4.23050000e-01  1.63378769e-10  3.00000000e-01 
 4.23150000e-01  1.63378769e-10  3.00000000e-01 
 4.23250000e-01  1.63378769e-10  3.00000000e-01 
 4.23350000e-01  1.63378769e-10  3.00000000e-01 
 4.23450000e-01  1.63378769e-10  3.00000000e-01 
 4.23550000e-01  1.63378769e-10  3.00000000e-01 
 4.23650000e-01  1.63378769e-10  3.00000000e-01 
 4.23750000e-01  1.63378769e-10  3.00000000e-01 
 4.23850000e-01  1.63378769e-10  3.00000000e-01 
 4.23950000e-01  1.63378769e-10  3.00000000e-01 
 4.24050000e-01  1.63378769e-10  3.00000000e-01 
 4.24150000e-01  1.63378769e-10  3.00000000e-01 
 4.24250000e-01  1.63378769e-10  3.00000000e-01 
 4.24350000e-01  1.63378769e-10  3.00000000e-01 
 4.24450000e-01  1.63378769e-10  3.00000000e-01 
 4.24550000e-01  1.63378769e-10  3.00000000e-01 
 4.24650000e-01  1.63378769e-10  3.00000000e-01 
 4.24750000e-01  1.63378769e-10  3.00000000e-01 
 4.24850000e-01  1.63378769e-10  3.00000000e-01 
 4.24950000e-01  1.63378769e-10  3.00000000e-01 
 4.25050000e-01  1.63378769e-10  3.00000000e-01 
 4.25150000e-01  1.63378769e-10  3.00000000e-01 
 4.25250000e-01  1.63378769e-10  3.00000000e-01 
 4.25350000e-01  1.63378769e-10  3.00000000e-01 
 4.25450000e-01  1.63378769e-10  3.00000000e-01 
 4.25550000e-01  1.63378769e-10  3.00000000e-01 
 4.25650000e-01  1.63378769e-10  3.00000000e-01 
 4.25750000e-01  1.63378769e-10  3.00000000e-01 
 4.25850000e-01  1.63378769e-10  3.00000000e-01 
 4.25950000e-01  1.63378769e-10  3.00000000e-01 
 4.26050000e-01  1.63378769e-10  3.00000000e-01 
 4.26150000e-01  1.63378769e-10  3.00000000e-01 
 4.26250000e-01  1.63378769e-10  3.00000000e-01 
 4.26350000e-01  1.63378769e-10  3.00000000e-01 
 4.26450000e-01  1.63378769e-10  3.00000000e-01 
 4.26550000e-01  1.63378769e-10  3.00000000e-01 
 4.26650000e-01  1.63378769e-10  3.00000000e-01 
 4.26750000e-01  1.63378769e-10  3.00000000e-01 
 4.26850000e-01  1.63378769e-10  3.00000000e-01 
 4.26950000e-01  1.63378769e-10  3.00000000e-01 
 4.27050000e-01  1.63378769e-10  3.00000000e-01 
 4.27150000e-01  1.63378769e-10  3.00000000e-01 
 4.27250000e-01  1.63378769e-10  3.00000000e-01 
 4.27350000e-01  1.63378769e-10  3.00000000e-01 
 4.27450000e-01  1.63378769e-10  3.00000000e-01 
 4.27550000e-01  1.63378769e-10  3.00000000e-01 
 4.27650000e-01  1.63378769e-10  3.00000000e-01 
 4.27750000e-01  1.63378769e-10  3.00000000e-01 
 4.27850000e-01  1.63378769e-10  3.00000000e-01 
 4.27950000e-01  1.63378769e-10  3.00000000e-01 
 4.28050000e-01  1.63378769e-10  3.00000000e-01 
 4.28150000e-01  1.63378769e-10  3.00000000e-01 
 4.28250000e-01  1.63378769e-10  3.00000000e-01 
 4.28350000e-01  1.63378769e-10  3.00000000e-01 
 4.28450000e-01  1.63378769e-10  3.00000000e-01 
 4.28550000e-01  1.63378769e-10  3.00000000e-01 
 4.28650000e-01  1.63378769e-10  3.00000000e-01 
 4.28750000e-01  1.63378769e-10  3.00000000e-01 
 4.28850000e-01  1.63378769e-10  3.00000000e-01 
 4.28950000e-01  1.63378769e-10  3.00000000e-01 
 4.29050000e-01  1.63378769e-10  3.00000000e-01 
 4.29150000e-01  1.63378769e-10  3.00000000e-01 
 4.29250000e-01  1.63378769e-10  3.00000000e-01 
 4.29350000e-01  1.63378769e-10  3.00000000e-01 
 4.29450000e-01  1.63378769e-10  3.00000000e-01 
 4.29550000e-01  1.63378769e-10  3.00000000e-01 
 4.29650000e-01  1.63378769e-10  3.00000000e-01 
 4.29750000e-01  1.63378769e-10  3.00000000e-01 
 4.29850000e-01  1.63378769e-10  3.00000000e-01 
 4.29950000e-01  1.63378769e-10  3.00000000e-01 
 4.30050000e-01  1.63378769e-10  3.00000000e-01 
 4.30150000e-01  1.63378769e-10  3.00000000e-01 
 4.30250000e-01  1.63378769e-10  3.00000000e-01 
 4.30350000e-01  1.63378769e-10  3.00000000e-01 
 4.30450000e-01  1.63378769e-10  3.00000000e-01 
 4.30550000e-01  1.63378769e-10  3.00000000e-01 
 4.30650000e-01  1.63378769e-10  3.00000000e-01 
 4.30750000e-01  1.63378769e-10  3.00000000e-01 
 4.30850000e-01  1.63378769e-10  3.00000000e-01 
 4.30950000e-01  1.63378769e-10  3.00000000e-01 
 4.31050000e-01  1.63378769e-10  3.00000000e-01 
 4.31150000e-01  1.63378769e-10  3.00000000e-01 
 4.31250000e-01  1.63378769e-10  3.00000000e-01 
 4.31350000e-01  1.63378769e-10  3.00000000e-01 
 4.31450000e-01  1.63378769e-10  3.00000000e-01 
 4.31550000e-01  1.63378769e-10  3.00000000e-01 
 4.31650000e-01  1.63378769e-10  3.00000000e-01 
 4.31750000e-01  1.63378769e-10  3.00000000e-01 
 4.31850000e-01  1.63378769e-10  3.00000000e-01 
 4.31950000e-01  1.63378769e-10  3.00000000e-01 
 4.32050000e-01  1.63378769e-10  3.00000000e-01 
 4.32150000e-01  1.63378769e-10  3.00000000e-01 
 4.32250000e-01  1.63378769e-10  3.00000000e-01 
 4.32350000e-01  1.63378769e-10  3.00000000e-01 
 4.32450000e-01  1.63378769e-10  3.00000000e-01 
 4.32550000e-01  1.63378769e-10  3.00000000e-01 
 4.32650000e-01  1.63378769e-10  3.00000000e-01 
 4.32750000e-01  1.63378769e-10  3.00000000e-01 
 4.32850000e-01  1.63378769e-10  3.00000000e-01 
 4.32950000e-01  1.63378769e-10  3.00000000e-01 
 4.33050000e-01  1.63378769e-10  3.00000000e-01 
 4.33150000e-01  1.63378769e-10  3.00000000e-01 
 4.33250000e-01  1.63378769e-10  3.00000000e-01 
 4.33350000e-01  1.63378769e-10  3.00000000e-01 
 4.33450000e-01  1.63378769e-10  3.00000000e-01 
 4.33550000e-01  1.63378769e-10  3.00000000e-01 
 4.33650000e-01  1.63378769e-10  3.00000000e-01 
 4.33750000e-01  1.63378769e-10  3.00000000e-01 
 4.33850000e-01  1.63378769e-10  3.00000000e-01 
 4.33950000e-01  1.63378769e-10  3.00000000e-01 
 4.34050000e-01  1.63378769e-10  3.00000000e-01 
 4.34150000e-01  1.63378769e-10  3.00000000e-01 
 4.34250000e-01  1.63378769e-10  3.00000000e-01 
 4.34350000e-01  1.63378769e-10  3.00000000e-01 
 4.34450000e-01  1.63378769e-10  3.00000000e-01 
 4.34550000e-01  1.63378769e-10  3.00000000e-01 
 4.34650000e-01  1.63378769e-10  3.00000000e-01 
 4.34750000e-01  1.63378769e-10  3.00000000e-01 
 4.34850000e-01  1.63378769e-10  3.00000000e-01 
 4.34950000e-01  1.63378769e-10  3.00000000e-01 
 4.35050000e-01  1.63378769e-10  3.00000000e-01 
 4.35150000e-01  1.63378769e-10  3.00000000e-01 
 4.35250000e-01  1.63378769e-10  3.00000000e-01 
 4.35350000e-01  1.63378769e-10  3.00000000e-01 
 4.35450000e-01  1.63378769e-10  3.00000000e-01 
 4.35550000e-01  1.63378769e-10  3.00000000e-01 
 4.35650000e-01  1.63378769e-10  3.00000000e-01 
 4.35750000e-01  1.63378769e-10  3.00000000e-01 
 4.35850000e-01  1.63378769e-10  3.00000000e-01 
 4.35950000e-01  1.63378769e-10  3.00000000e-01 
 4.36050000e-01  1.63378769e-10  3.00000000e-01 
 4.36150000e-01  1.63378769e-10  3.00000000e-01 
 4.36250000e-01  1.63378769e-10  3.00000000e-01 
 4.36350000e-01  1.63378769e-10  3.00000000e-01 
 4.36450000e-01  1.63378769e-10  3.00000000e-01 
 4.36550000e-01  1.63378769e-10  3.00000000e-01 
 4.36650000e-01  1.63378769e-10  3.00000000e-01 
 4.36750000e-01  1.63378769e-10  3.00000000e-01 
 4.36850000e-01  1.63378769e-10  3.00000000e-01 
 4.36950000e-01  1.63378769e-10  3.00000000e-01 
 4.37050000e-01  1.63378769e-10  3.00000000e-01 
 4.37150000e-01  1.63378769e-10  3.00000000e-01 
 4.37250000e-01  1.63378769e-10  3.00000000e-01 
 4.37350000e-01  1.63378769e-10  3.00000000e-01 
 4.37450000e-01  1.63378769e-10  3.00000000e-01 
 4.37550000e-01  1.63378769e-10  3.00000000e-01 
 4.37650000e-01  1.63378769e-10  3.00000000e-01 
 4.37750000e-01  1.63378769e-10  3.00000000e-01 
 4.37850000e-01  1.63378769e-10  3.00000000e-01 
 4.37950000e-01  1.63378769e-10  3.00000000e-01 
 4.38050000e-01  1.63378769e-10  3.00000000e-01 
 4.38150000e-01  1.63378769e-10  3.00000000e-01 
 4.38250000e-01  1.63378769e-10  3.00000000e-01 
 4.38350000e-01  1.63378769e-10  3.00000000e-01 
 4.38450000e-01  1.63378769e-10  3.00000000e-01 
 4.38550000e-01  1.63378769e-10  3.00000000e-01 
 4.38650000e-01  1.63378769e-10  3.00000000e-01 
 4.38750000e-01  1.63378769e-10  3.00000000e-01 
 4.38850000e-01  1.63378769e-10  3.00000000e-01 
 4.38950000e-01  1.63378769e-10  3.00000000e-01 
 4.39050000e-01  1.63378769e-10  3.00000000e-01 
 4.39150000e-01  1.63378769e-10  3.00000000e-01 
 4.39250000e-01  1.63378769e-10  3.00000000e-01 
 4.39350000e-01  1.63378769e-10  3.00000000e-01 
 4.39450000e-01  1.63378769e-10  3.00000000e-01 
 4.39550000e-01  1.63378769e-10  3.00000000e-01 
 4.39650000e-01  1.63378769e-10  3.00000000e-01 
 4.39750000e-01  1.63378769e-10  3.00000000e-01 
 4.39850000e-01  1.63378769e-10  3.00000000e-01 
 4.39950000e-01  1.63378769e-10  3.00000000e-01 
 4.40050000e-01  1.63378769e-10  3.00000000e-01 
 4.40150000e-01  1.63378769e-10  3.00000000e-01 
 4.40250000e-01  1.63378769e-10  3.00000000e-01 
 4.40350000e-01  1.63378769e-10  3.00000000e-01 
 4.40450000e-01  1.63378769e-10  3.00000000e-01 
 4.40550000e-01  1.63378769e-10  3.00000000e-01 
 4.40650000e-01  1.63378769e-10  3.00000000e-01 
 4.40750000e-01  1.63378769e-10  3.00000000e-01 
 4.40850000e-01  1.63378769e-10  3.00000000e-01 
 4.40950000e-01  1.63378769e-10  3.00000000e-01 
 4.41050000e-01  1.63378769e-10  3.00000000e-01 
 4.41150000e-01  1.63378769e-10  3.00000000e-01 
 4.41250000e-01  1.63378769e-10  3.00000000e-01 
 4.41350000e-01  1.63378769e-10  3.00000000e-01 
 4.41450000e-01  1.63378769e-10  3.00000000e-01 
 4.41550000e-01  1.63378769e-10  3.00000000e-01 
 4.41650000e-01  1.63378769e-10  3.00000000e-01 
 4.41750000e-01  1.63378769e-10  3.00000000e-01 
 4.41850000e-01  1.63378769e-10  3.00000000e-01 
 4.41950000e-01  1.63378769e-10  3.00000000e-01 
 4.42050000e-01  1.63378769e-10  3.00000000e-01 
 4.42150000e-01  1.63378769e-10  3.00000000e-01 
 4.42250000e-01  1.63378769e-10  3.00000000e-01 
 4.42350000e-01  1.63378769e-10  3.00000000e-01 
 4.42450000e-01  1.63378769e-10  3.00000000e-01 
 4.42550000e-01  1.63378769e-10  3.00000000e-01 
 4.42650000e-01  1.63378769e-10  3.00000000e-01 
 4.42750000e-01  1.63378769e-10  3.00000000e-01 
 4.42850000e-01  1.63378769e-10  3.00000000e-01 
 4.42950000e-01  1.63378769e-10  3.00000000e-01 
 4.43050000e-01  1.63378769e-10  3.00000000e-01 
 4.43150000e-01  1.63378769e-10  3.00000000e-01 
 4.43250000e-01  1.63378769e-10  3.00000000e-01 
 4.43350000e-01  1.63378769e-10  3.00000000e-01 
 4.43450000e-01  1.63378769e-10  3.00000000e-01 
 4.43550000e-01  1.63378769e-10  3.00000000e-01 
 4.43650000e-01  1.63378769e-10  3.00000000e-01 
 4.43750000e-01  1.63378769e-10  3.00000000e-01 
 4.43850000e-01  1.63378769e-10  3.00000000e-01 
 4.43950000e-01  1.63378769e-10  3.00000000e-01 
 4.44050000e-01  1.63378769e-10  3.00000000e-01 
 4.44150000e-01  1.63378769e-10  3.00000000e-01 
 4.44250000e-01  1.63378769e-10  3.00000000e-01 
 4.44350000e-01  1.63378769e-10  3.00000000e-01 
 4.44450000e-01  1.63378769e-10  3.00000000e-01 
 4.44550000e-01  1.63378769e-10  3.00000000e-01 
 4.44650000e-01  1.63378769e-10  3.00000000e-01 
 4.44750000e-01  1.63378769e-10  3.00000000e-01 
 4.44850000e-01  1.63378769e-10  3.00000000e-01 
 4.44950000e-01  1.63378769e-10  3.00000000e-01 
 4.45050000e-01  1.63378769e-10  3.00000000e-01 
 4.45150000e-01  1.63378769e-10  3.00000000e-01 
 4.45250000e-01  1.63378769e-10  3.00000000e-01 
 4.45350000e-01  1.63378769e-10  3.00000000e-01 
 4.45450000e-01  1.63378769e-10  3.00000000e-01 
 4.45550000e-01  1.63378769e-10  3.00000000e-01 
 4.45650000e-01  1.63378769e-10  3.00000000e-01 
 4.45750000e-01  1.63378769e-10  3.00000000e-01 
 4.45850000e-01  1.63378769e-10  3.00000000e-01 
 4.45950000e-01  1.63378769e-10  3.00000000e-01 
 4.46050000e-01  1.63378769e-10  3.00000000e-01 
 4.46150000e-01  1.63378769e-10  3.00000000e-01 
 4.46250000e-01  1.63378769e-10  3.00000000e-01 
 4.46350000e-01  1.63378769e-10  3.00000000e-01 
 4.46450000e-01  1.63378769e-10  3.00000000e-01 
 4.46550000e-01  1.63378769e-10  3.00000000e-01 
 4.46650000e-01  1.63378769e-10  3.00000000e-01 
 4.46750000e-01  1.63378769e-10  3.00000000e-01 
 4.46850000e-01  1.63378769e-10  3.00000000e-01 
 4.46950000e-01  1.63378769e-10  3.00000000e-01 
 4.47050000e-01  1.63378769e-10  3.00000000e-01 
 4.47150000e-01  1.63378769e-10  3.00000000e-01 
 4.47250000e-01  1.63378769e-10  3.00000000e-01 
 4.47350000e-01  1.63378769e-10  3.00000000e-01 
 4.47450000e-01  1.63378769e-10  3.00000000e-01 
 4.47550000e-01  1.63378769e-10  3.00000000e-01 
 4.47650000e-01  1.63378769e-10  3.00000000e-01 
 4.47750000e-01  1.63378769e-10  3.00000000e-01 
 4.47850000e-01  1.63378769e-10  3.00000000e-01 
 4.47950000e-01  1.63378769e-10  3.00000000e-01 
 4.48050000e-01  1.63378769e-10  3.00000000e-01 
 4.48150000e-01  1.63378769e-10  3.00000000e-01 
 4.48250000e-01  1.63378769e-10  3.00000000e-01 
 4.48350000e-01  1.63378769e-10  3.00000000e-01 
 4.48450000e-01  1.63378769e-10  3.00000000e-01 
 4.48550000e-01  1.63378769e-10  3.00000000e-01 
 4.48650000e-01  1.63378769e-10  3.00000000e-01 
 4.48750000e-01  1.63378769e-10  3.00000000e-01 
 4.48850000e-01  1.63378769e-10  3.00000000e-01 
 4.48950000e-01  1.63378769e-10  3.00000000e-01 
 4.49050000e-01  1.63378769e-10  3.00000000e-01 
 4.49150000e-01  1.63378769e-10  3.00000000e-01 
 4.49250000e-01  1.63378769e-10  3.00000000e-01 
 4.49350000e-01  1.63378769e-10  3.00000000e-01 
 4.49450000e-01  1.63378769e-10  3.00000000e-01 
 4.49550000e-01  1.63378769e-10  3.00000000e-01 
 4.49650000e-01  1.63378769e-10  3.00000000e-01 
 4.49750000e-01  1.63378769e-10  3.00000000e-01 
 4.49850000e-01  1.63378769e-10  3.00000000e-01 
 4.49950000e-01  1.63378769e-10  3.00000000e-01 
 4.50050000e-01  1.63378769e-10  3.00000000e-01 
 4.50150000e-01  1.63378769e-10  3.00000000e-01 
 4.50250000e-01  1.63378769e-10  3.00000000e-01 
 4.50350000e-01  1.63378769e-10  3.00000000e-01 
 4.50450000e-01  1.63378769e-10  3.00000000e-01 
 4.50550000e-01  1.63378769e-10  3.00000000e-01 
 4.50650000e-01  1.63378769e-10  3.00000000e-01 
 4.50750000e-01  1.63378769e-10  3.00000000e-01 
 4.50850000e-01  1.63378769e-10  3.00000000e-01 
 4.50950000e-01  1.63378769e-10  3.00000000e-01 
 4.51050000e-01  1.63378769e-10  3.00000000e-01 
 4.51150000e-01  1.63378769e-10  3.00000000e-01 
 4.51250000e-01  1.63378769e-10  3.00000000e-01 
 4.51350000e-01  1.63378769e-10  3.00000000e-01 
 4.51450000e-01  1.63378769e-10  3.00000000e-01 
 4.51550000e-01  1.63378769e-10  3.00000000e-01 
 4.51650000e-01  1.63378769e-10  3.00000000e-01 
 4.51750000e-01  1.63378769e-10  3.00000000e-01 
 4.51850000e-01  1.63378769e-10  3.00000000e-01 
 4.51950000e-01  1.63378769e-10  3.00000000e-01 
 4.52050000e-01  1.63378769e-10  3.00000000e-01 
 4.52150000e-01  1.63378769e-10  3.00000000e-01 
 4.52250000e-01  1.63378769e-10  3.00000000e-01 
 4.52350000e-01  1.63378769e-10  3.00000000e-01 
 4.52450000e-01  1.63378769e-10  3.00000000e-01 
 4.52550000e-01  1.63378769e-10  3.00000000e-01 
 4.52650000e-01  1.63378769e-10  3.00000000e-01 
 4.52750000e-01  1.63378769e-10  3.00000000e-01 
 4.52850000e-01  1.63378769e-10  3.00000000e-01 
 4.52950000e-01  1.63378769e-10  3.00000000e-01 
 4.53050000e-01  1.63378769e-10  3.00000000e-01 
 4.53150000e-01  1.63378769e-10  3.00000000e-01 
 4.53250000e-01  1.63378769e-10  3.00000000e-01 
 4.53350000e-01  1.63378769e-10  3.00000000e-01 
 4.53450000e-01  1.63378769e-10  3.00000000e-01 
 4.53550000e-01  1.63378769e-10  3.00000000e-01 
 4.53650000e-01  1.63378769e-10  3.00000000e-01 
 4.53750000e-01  1.63378769e-10  3.00000000e-01 
 4.53850000e-01  1.63378769e-10  3.00000000e-01 
 4.53950000e-01  1.63378769e-10  3.00000000e-01 
 4.54050000e-01  1.63378769e-10  3.00000000e-01 
 4.54150000e-01  1.63378769e-10  3.00000000e-01 
 4.54250000e-01  1.63378769e-10  3.00000000e-01 
 4.54350000e-01  1.63378769e-10  3.00000000e-01 
 4.54450000e-01  1.63378769e-10  3.00000000e-01 
 4.54550000e-01  1.63378769e-10  3.00000000e-01 
 4.54650000e-01  1.63378769e-10  3.00000000e-01 
 4.54750000e-01  1.63378769e-10  3.00000000e-01 
 4.54850000e-01  1.63378769e-10  3.00000000e-01 
 4.54950000e-01  1.63378769e-10  3.00000000e-01 
 4.55050000e-01  1.63378769e-10  3.00000000e-01 
 4.55150000e-01  1.63378769e-10  3.00000000e-01 
 4.55250000e-01  1.63378769e-10  3.00000000e-01 
 4.55350000e-01  1.63378769e-10  3.00000000e-01 
 4.55450000e-01  1.63378769e-10  3.00000000e-01 
 4.55550000e-01  1.63378769e-10  3.00000000e-01 
 4.55650000e-01  1.63378769e-10  3.00000000e-01 
 4.55750000e-01  1.63378769e-10  3.00000000e-01 
 4.55850000e-01  1.63378769e-10  3.00000000e-01 
 4.55950000e-01  1.63378769e-10  3.00000000e-01 
 4.56050000e-01  1.63378769e-10  3.00000000e-01 
 4.56150000e-01  1.63378769e-10  3.00000000e-01 
 4.56250000e-01  1.63378769e-10  3.00000000e-01 
 4.56350000e-01  1.63378769e-10  3.00000000e-01 
 4.56450000e-01  1.63378769e-10  3.00000000e-01 
 4.56550000e-01  1.63378769e-10  3.00000000e-01 
 4.56650000e-01  1.63378769e-10  3.00000000e-01 
 4.56750000e-01  1.63378769e-10  3.00000000e-01 
 4.56850000e-01  1.63378769e-10  3.00000000e-01 
 4.56950000e-01  1.63378769e-10  3.00000000e-01 
 4.57050000e-01  1.63378769e-10  3.00000000e-01 
 4.57150000e-01  1.63378769e-10  3.00000000e-01 
 4.57250000e-01  1.63378769e-10  3.00000000e-01 
 4.57350000e-01  1.63378769e-10  3.00000000e-01 
 4.57450000e-01  1.63378769e-10  3.00000000e-01 
 4.57550000e-01  1.63378769e-10  3.00000000e-01 
 4.57650000e-01  1.63378769e-10  3.00000000e-01 
 4.57750000e-01  1.63378769e-10  3.00000000e-01 
 4.57850000e-01  1.63378769e-10  3.00000000e-01 
 4.57950000e-01  1.63378769e-10  3.00000000e-01 
 4.58050000e-01  1.63378769e-10  3.00000000e-01 
 4.58150000e-01  1.63378769e-10  3.00000000e-01 
 4.58250000e-01  1.63378769e-10  3.00000000e-01 
 4.58350000e-01  1.63378769e-10  3.00000000e-01 
 4.58450000e-01  1.63378769e-10  3.00000000e-01 
 4.58550000e-01  1.63378769e-10  3.00000000e-01 
 4.58650000e-01  1.63378769e-10  3.00000000e-01 
 4.58750000e-01  1.63378769e-10  3.00000000e-01 
 4.58850000e-01  1.63378769e-10  3.00000000e-01 
 4.58950000e-01  1.63378769e-10  3.00000000e-01 
 4.59050000e-01  1.63378769e-10  3.00000000e-01 
 4.59150000e-01  1.63378769e-10  3.00000000e-01 
 4.59250000e-01  1.63378769e-10  3.00000000e-01 
 4.59350000e-01  1.63378769e-10  3.00000000e-01 
 4.59450000e-01  1.63378769e-10  3.00000000e-01 
 4.59550000e-01  1.63378769e-10  3.00000000e-01 
 4.59650000e-01  1.63378769e-10  3.00000000e-01 
 4.59750000e-01  1.63378769e-10  3.00000000e-01 
 4.59850000e-01  1.63378769e-10  3.00000000e-01 
 4.59950000e-01  1.63378769e-10  3.00000000e-01 
 4.60050000e-01  1.63378769e-10  3.00000000e-01 
 4.60150000e-01  1.63378769e-10  3.00000000e-01 
 4.60250000e-01  1.63378769e-10  3.00000000e-01 
 4.60350000e-01  1.63378769e-10  3.00000000e-01 
 4.60450000e-01  1.63378769e-10  3.00000000e-01 
 4.60550000e-01  1.63378769e-10  3.00000000e-01 
 4.60650000e-01  1.63378769e-10  3.00000000e-01 
 4.60750000e-01  1.63378769e-10  3.00000000e-01 
 4.60850000e-01  1.63378769e-10  3.00000000e-01 
 4.60950000e-01  1.63378769e-10  3.00000000e-01 
 4.61050000e-01  1.63378769e-10  3.00000000e-01 
 4.61150000e-01  1.63378769e-10  3.00000000e-01 
 4.61250000e-01  1.63378769e-10  3.00000000e-01 
 4.61350000e-01  1.63378769e-10  3.00000000e-01 
 4.61450000e-01  1.63378769e-10  3.00000000e-01 
 4.61550000e-01  1.63378769e-10  3.00000000e-01 
 4.61650000e-01  1.63378769e-10  3.00000000e-01 
 4.61750000e-01  1.63378769e-10  3.00000000e-01 
 4.61850000e-01  1.63378769e-10  3.00000000e-01 
 4.61950000e-01  1.63378769e-10  3.00000000e-01 
 4.62050000e-01  1.63378769e-10  3.00000000e-01 
 4.62150000e-01  1.63378769e-10  3.00000000e-01 
 4.62250000e-01  1.63378769e-10  3.00000000e-01 
 4.62350000e-01  1.63378769e-10  3.00000000e-01 
 4.62450000e-01  1.63378769e-10  3.00000000e-01 
 4.62550000e-01  1.63378769e-10  3.00000000e-01 
 4.62650000e-01  1.63378769e-10  3.00000000e-01 
 4.62750000e-01  1.63378769e-10  3.00000000e-01 
 4.62850000e-01  1.63378769e-10  3.00000000e-01 
 4.62950000e-01  1.63378769e-10  3.00000000e-01 
 4.63050000e-01  1.63378769e-10  3.00000000e-01 
 4.63150000e-01  1.63378769e-10  3.00000000e-01 
 4.63250000e-01  1.63378769e-10  3.00000000e-01 
 4.63350000e-01  1.63378769e-10  3.00000000e-01 
 4.63450000e-01  1.63378769e-10  3.00000000e-01 
 4.63550000e-01  1.63378769e-10  3.00000000e-01 
 4.63650000e-01  1.63378769e-10  3.00000000e-01 
 4.63750000e-01  1.63378769e-10  3.00000000e-01 
 4.63850000e-01  1.63378769e-10  3.00000000e-01 
 4.63950000e-01  1.63378769e-10  3.00000000e-01 
 4.64050000e-01  1.63378769e-10  3.00000000e-01 
 4.64150000e-01  1.63378769e-10  3.00000000e-01 
 4.64250000e-01  1.63378769e-10  3.00000000e-01 
 4.64350000e-01  1.63378769e-10  3.00000000e-01 
 4.64450000e-01  1.63378769e-10  3.00000000e-01 
 4.64550000e-01  1.63378769e-10  3.00000000e-01 
 4.64650000e-01  1.63378769e-10  3.00000000e-01 
 4.64750000e-01  1.63378769e-10  3.00000000e-01 
 4.64850000e-01  1.63378769e-10  3.00000000e-01 
 4.64950000e-01  1.63378769e-10  3.00000000e-01 
 4.65050000e-01  1.63378769e-10  3.00000000e-01 
 4.65150000e-01  1.63378769e-10  3.00000000e-01 
 4.65250000e-01  1.63378769e-10  3.00000000e-01 
 4.65350000e-01  1.63378769e-10  3.00000000e-01 
 4.65450000e-01  1.63378769e-10  3.00000000e-01 
 4.65550000e-01  1.63378769e-10  3.00000000e-01 
 4.65650000e-01  1.63378769e-10  3.00000000e-01 
 4.65750000e-01  1.63378769e-10  3.00000000e-01 
 4.65850000e-01  1.63378769e-10  3.00000000e-01 
 4.65950000e-01  1.63378769e-10  3.00000000e-01 
 4.66050000e-01  1.63378769e-10  3.00000000e-01 
 4.66150000e-01  1.63378769e-10  3.00000000e-01 
 4.66250000e-01  1.63378769e-10  3.00000000e-01 
 4.66350000e-01  1.63378769e-10  3.00000000e-01 
 4.66450000e-01  1.63378769e-10  3.00000000e-01 
 4.66550000e-01  1.63378769e-10  3.00000000e-01 
 4.66650000e-01  1.63378769e-10  3.00000000e-01 
 4.66750000e-01  1.63378769e-10  3.00000000e-01 
 4.66850000e-01  1.63378769e-10  3.00000000e-01 
 4.66950000e-01  1.63378769e-10  3.00000000e-01 
 4.67050000e-01  1.63378769e-10  3.00000000e-01 
 4.67150000e-01  1.63378769e-10  3.00000000e-01 
 4.67250000e-01  1.63378769e-10  3.00000000e-01 
 4.67350000e-01  1.63378769e-10  3.00000000e-01 
 4.67450000e-01  1.63378769e-10  3.00000000e-01 
 4.67550000e-01  1.63378769e-10  3.00000000e-01 
 4.67650000e-01  1.63378769e-10  3.00000000e-01 
 4.67750000e-01  1.63378769e-10  3.00000000e-01 
 4.67850000e-01  1.63378769e-10  3.00000000e-01 
 4.67950000e-01  1.63378769e-10  3.00000000e-01 
 4.68050000e-01  1.63378769e-10  3.00000000e-01 
 4.68150000e-01  1.63378769e-10  3.00000000e-01 
 4.68250000e-01  1.63378769e-10  3.00000000e-01 
 4.68350000e-01  1.63378769e-10  3.00000000e-01 
 4.68450000e-01  1.63378769e-10  3.00000000e-01 
 4.68550000e-01  1.63378769e-10  3.00000000e-01 
 4.68650000e-01  1.63378769e-10  3.00000000e-01 
 4.68750000e-01  1.63378769e-10  3.00000000e-01 
 4.68850000e-01  1.63378769e-10  3.00000000e-01 
 4.68950000e-01  1.63378769e-10  3.00000000e-01 
 4.69050000e-01  1.63378769e-10  3.00000000e-01 
 4.69150000e-01  1.63378769e-10  3.00000000e-01 
 4.69250000e-01  1.63378769e-10  3.00000000e-01 
 4.69350000e-01  1.63378769e-10  3.00000000e-01 
 4.69450000e-01  1.63378769e-10  3.00000000e-01 
 4.69550000e-01  1.63378769e-10  3.00000000e-01 
 4.69650000e-01  1.63378769e-10  3.00000000e-01 
 4.69750000e-01  1.63378769e-10  3.00000000e-01 
 4.69850000e-01  1.63378769e-10  3.00000000e-01 
 4.69950000e-01  1.63378769e-10  3.00000000e-01 
 4.70050000e-01  1.63378769e-10  3.00000000e-01 
 4.70150000e-01  1.63378769e-10  3.00000000e-01 
 4.70250000e-01  1.63378769e-10  3.00000000e-01 
 4.70350000e-01  1.63378769e-10  3.00000000e-01 
 4.70450000e-01  1.63378769e-10  3.00000000e-01 
 4.70550000e-01  1.63378769e-10  3.00000000e-01 
 4.70650000e-01  1.63378769e-10  3.00000000e-01 
 4.70750000e-01  1.63378769e-10  3.00000000e-01 
 4.70850000e-01  1.63378769e-10  3.00000000e-01 
 4.70950000e-01  1.63378769e-10  3.00000000e-01 
 4.71050000e-01  1.63378769e-10  3.00000000e-01 
 4.71150000e-01  1.63378769e-10  3.00000000e-01 
 4.71250000e-01  1.63378769e-10  3.00000000e-01 
 4.71350000e-01  1.63378769e-10  3.00000000e-01 
 4.71450000e-01  1.63378769e-10  3.00000000e-01 
 4.71550000e-01  1.63378769e-10  3.00000000e-01 
 4.71650000e-01  1.63378769e-10  3.00000000e-01 
 4.71750000e-01  1.63378769e-10  3.00000000e-01 
 4.71850000e-01  1.63378769e-10  3.00000000e-01 
 4.71950000e-01  1.63378769e-10  3.00000000e-01 
 4.72050000e-01  1.63378769e-10  3.00000000e-01 
 4.72150000e-01  1.63378769e-10  3.00000000e-01 
 4.72250000e-01  1.63378769e-10  3.00000000e-01 
 4.72350000e-01  1.63378769e-10  3.00000000e-01 
 4.72450000e-01  1.63378769e-10  3.00000000e-01 
 4.72550000e-01  1.63378769e-10  3.00000000e-01 
 4.72650000e-01  1.63378769e-10  3.00000000e-01 
 4.72750000e-01  1.63378769e-10  3.00000000e-01 
 4.72850000e-01  1.63378769e-10  3.00000000e-01 
 4.72950000e-01  1.63378769e-10  3.00000000e-01 
 4.73050000e-01  1.63378769e-10  3.00000000e-01 
 4.73150000e-01  1.63378769e-10  3.00000000e-01 
 4.73250000e-01  1.63378769e-10  3.00000000e-01 
 4.73350000e-01  1.63378769e-10  3.00000000e-01 
 4.73450000e-01  1.63378769e-10  3.00000000e-01 
 4.73550000e-01  1.63378769e-10  3.00000000e-01 
 4.73650000e-01  1.63378769e-10  3.00000000e-01 
 4.73750000e-01  1.63378769e-10  3.00000000e-01 
 4.73850000e-01  1.63378769e-10  3.00000000e-01 
 4.73950000e-01  1.63378769e-10  3.00000000e-01 
 4.74050000e-01  1.63378769e-10  3.00000000e-01 
 4.74150000e-01  1.63378769e-10  3.00000000e-01 
 4.74250000e-01  1.63378769e-10  3.00000000e-01 
 4.74350000e-01  1.63378769e-10  3.00000000e-01 
 4.74450000e-01  1.63378769e-10  3.00000000e-01 
 4.74550000e-01  1.63378769e-10  3.00000000e-01 
 4.74650000e-01  1.63378769e-10  3.00000000e-01 
 4.74750000e-01  1.63378769e-10  3.00000000e-01 
 4.74850000e-01  1.63378769e-10  3.00000000e-01 
 4.74950000e-01  1.63378769e-10  3.00000000e-01 
 4.75050000e-01  1.63378769e-10  3.00000000e-01 
 4.75150000e-01  1.63378769e-10  3.00000000e-01 
 4.75250000e-01  1.63378769e-10  3.00000000e-01 
 4.75350000e-01  1.63378769e-10  3.00000000e-01 
 4.75450000e-01  1.63378769e-10  3.00000000e-01 
 4.75550000e-01  1.63378769e-10  3.00000000e-01 
 4.75650000e-01  1.63378769e-10  3.00000000e-01 
 4.75750000e-01  1.63378769e-10  3.00000000e-01 
 4.75850000e-01  1.63378769e-10  3.00000000e-01 
 4.75950000e-01  1.63378769e-10  3.00000000e-01 
 4.76050000e-01  1.63378769e-10  3.00000000e-01 
 4.76150000e-01  1.63378769e-10  3.00000000e-01 
 4.76250000e-01  1.63378769e-10  3.00000000e-01 
 4.76350000e-01  1.63378769e-10  3.00000000e-01 
 4.76450000e-01  1.63378769e-10  3.00000000e-01 
 4.76550000e-01  1.63378769e-10  3.00000000e-01 
 4.76650000e-01  1.63378769e-10  3.00000000e-01 
 4.76750000e-01  1.63378769e-10  3.00000000e-01 
 4.76850000e-01  1.63378769e-10  3.00000000e-01 
 4.76950000e-01  1.63378769e-10  3.00000000e-01 
 4.77050000e-01  1.63378769e-10  3.00000000e-01 
 4.77150000e-01  1.63378769e-10  3.00000000e-01 
 4.77250000e-01  1.63378769e-10  3.00000000e-01 
 4.77350000e-01  1.63378769e-10  3.00000000e-01 
 4.77450000e-01  1.63378769e-10  3.00000000e-01 
 4.77550000e-01  1.63378769e-10  3.00000000e-01 
 4.77650000e-01  1.63378769e-10  3.00000000e-01 
 4.77750000e-01  1.63378769e-10  3.00000000e-01 
 4.77850000e-01  1.63378769e-10  3.00000000e-01 
 4.77950000e-01  1.63378769e-10  3.00000000e-01 
 4.78050000e-01  1.63378769e-10  3.00000000e-01 
 4.78150000e-01  1.63378769e-10  3.00000000e-01 
 4.78250000e-01  1.63378769e-10  3.00000000e-01 
 4.78350000e-01  1.63378769e-10  3.00000000e-01 
 4.78450000e-01  1.63378769e-10  3.00000000e-01 
 4.78550000e-01  1.63378769e-10  3.00000000e-01 
 4.78650000e-01  1.63378769e-10  3.00000000e-01 
 4.78750000e-01  1.63378769e-10  3.00000000e-01 
 4.78850000e-01  1.63378769e-10  3.00000000e-01 
 4.78950000e-01  1.63378769e-10  3.00000000e-01 
 4.79050000e-01  1.63378769e-10  3.00000000e-01 
 4.79150000e-01  1.63378769e-10  3.00000000e-01 
 4.79250000e-01  1.63378769e-10  3.00000000e-01 
 4.79350000e-01  1.63378769e-10  3.00000000e-01 
 4.79450000e-01  1.63378769e-10  3.00000000e-01 
 4.79550000e-01  1.63378769e-10  3.00000000e-01 
 4.79650000e-01  1.63378769e-10  3.00000000e-01 
 4.79750000e-01  1.63378769e-10  3.00000000e-01 
 4.79850000e-01  1.63378769e-10  3.00000000e-01 
 4.79950000e-01  1.63378769e-10  3.00000000e-01 
 4.80050000e-01  1.63378769e-10  3.00000000e-01 
 4.80150000e-01  1.63378769e-10  3.00000000e-01 
 4.80250000e-01  1.63378769e-10  3.00000000e-01 
 4.80350000e-01  1.63378769e-10  3.00000000e-01 
 4.80450000e-01  1.63378769e-10  3.00000000e-01 
 4.80550000e-01  1.63378769e-10  3.00000000e-01 
 4.80650000e-01  1.63378769e-10  3.00000000e-01 
 4.80750000e-01  1.63378769e-10  3.00000000e-01 
 4.80850000e-01  1.63378769e-10  3.00000000e-01 
 4.80950000e-01  1.63378769e-10  3.00000000e-01 
 4.81050000e-01  1.63378769e-10  3.00000000e-01 
 4.81150000e-01  1.63378769e-10  3.00000000e-01 
 4.81250000e-01  1.63378769e-10  3.00000000e-01 
 4.81350000e-01  1.63378769e-10  3.00000000e-01 
 4.81450000e-01  1.63378769e-10  3.00000000e-01 
 4.81550000e-01  1.63378769e-10  3.00000000e-01 
 4.81650000e-01  1.63378769e-10  3.00000000e-01 
 4.81750000e-01  1.63378769e-10  3.00000000e-01 
 4.81850000e-01  1.63378769e-10  3.00000000e-01 
 4.81950000e-01  1.63378769e-10  3.00000000e-01 
 4.82050000e-01  1.63378769e-10  3.00000000e-01 
 4.82150000e-01  1.63378769e-10  3.00000000e-01 
 4.82250000e-01  1.63378769e-10  3.00000000e-01 
 4.82350000e-01  1.63378769e-10  3.00000000e-01 
 4.82450000e-01  1.63378769e-10  3.00000000e-01 
 4.82550000e-01  1.63378769e-10  3.00000000e-01 
 4.82650000e-01  1.63378769e-10  3.00000000e-01 
 4.82750000e-01  1.63378769e-10  3.00000000e-01 
 4.82850000e-01  1.63378769e-10  3.00000000e-01 
 4.82950000e-01  1.63378769e-10  3.00000000e-01 
 4.83050000e-01  1.63378769e-10  3.00000000e-01 
 4.83150000e-01  1.63378769e-10  3.00000000e-01 
 4.83250000e-01  1.63378769e-10  3.00000000e-01 
 4.83350000e-01  1.63378769e-10  3.00000000e-01 
 4.83450000e-01  1.63378769e-10  3.00000000e-01 
 4.83550000e-01  1.63378769e-10  3.00000000e-01 
 4.83650000e-01  1.63378769e-10  3.00000000e-01 
 4.83750000e-01  1.63378769e-10  3.00000000e-01 
 4.83850000e-01  1.63378769e-10  3.00000000e-01 
 4.83950000e-01  1.63378769e-10  3.00000000e-01 
 4.84050000e-01  1.63378769e-10  3.00000000e-01 
 4.84150000e-01  1.63378769e-10  3.00000000e-01 
 4.84250000e-01  1.63378769e-10  3.00000000e-01 
 4.84350000e-01  1.63378769e-10  3.00000000e-01 
 4.84450000e-01  1.63378769e-10  3.00000000e-01 
 4.84550000e-01  1.63378769e-10  3.00000000e-01 
 4.84650000e-01  1.63378769e-10  3.00000000e-01 
 4.84750000e-01  1.63378769e-10  3.00000000e-01 
 4.84850000e-01  1.63378769e-10  3.00000000e-01 
 4.84950000e-01  1.63378769e-10  3.00000000e-01 
 4.85050000e-01  1.63378769e-10  3.00000000e-01 
 4.85150000e-01  1.63378769e-10  3.00000000e-01 
 4.85250000e-01  1.63378769e-10  3.00000000e-01 
 4.85350000e-01  1.63378769e-10  3.00000000e-01 
 4.85450000e-01  1.63378769e-10  3.00000000e-01 
 4.85550000e-01  1.63378769e-10  3.00000000e-01 
 4.85650000e-01  1.63378769e-10  3.00000000e-01 
 4.85750000e-01  1.63378769e-10  3.00000000e-01 
 4.85850000e-01  1.63378769e-10  3.00000000e-01 
 4.85950000e-01  1.63378769e-10  3.00000000e-01 
 4.86050000e-01  1.63378769e-10  3.00000000e-01 
 4.86150000e-01  1.63378769e-10  3.00000000e-01 
 4.86250000e-01  1.63378769e-10  3.00000000e-01 
 4.86350000e-01  1.63378769e-10  3.00000000e-01 
 4.86450000e-01  1.63378769e-10  3.00000000e-01 
 4.86550000e-01  1.63378769e-10  3.00000000e-01 
 4.86650000e-01  1.63378769e-10  3.00000000e-01 
 4.86750000e-01  1.63378769e-10  3.00000000e-01 
 4.86850000e-01  1.63378769e-10  3.00000000e-01 
 4.86950000e-01  1.63378769e-10  3.00000000e-01 
 4.87050000e-01  1.63378769e-10  3.00000000e-01 
 4.87150000e-01  1.63378769e-10  3.00000000e-01 
 4.87250000e-01  1.63378769e-10  3.00000000e-01 
 4.87350000e-01  1.63378769e-10  3.00000000e-01 
 4.87450000e-01  1.63378769e-10  3.00000000e-01 
 4.87550000e-01  1.63378769e-10  3.00000000e-01 
 4.87650000e-01  1.63378769e-10  3.00000000e-01 
 4.87750000e-01  1.63378769e-10  3.00000000e-01 
 4.87850000e-01  1.63378769e-10  3.00000000e-01 
 4.87950000e-01  1.63378769e-10  3.00000000e-01 
 4.88050000e-01  1.63378769e-10  3.00000000e-01 
 4.88150000e-01  1.63378769e-10  3.00000000e-01 
 4.88250000e-01  1.63378769e-10  3.00000000e-01 
 4.88350000e-01  1.63378769e-10  3.00000000e-01 
 4.88450000e-01  1.63378769e-10  3.00000000e-01 
 4.88550000e-01  1.63378769e-10  3.00000000e-01 
 4.88650000e-01  1.63378769e-10  3.00000000e-01 
 4.88750000e-01  1.63378769e-10  3.00000000e-01 
 4.88850000e-01  1.63378769e-10  3.00000000e-01 
 4.88950000e-01  1.63378769e-10  3.00000000e-01 
 4.89050000e-01  1.63378769e-10  3.00000000e-01 
 4.89150000e-01  1.63378769e-10  3.00000000e-01 
 4.89250000e-01  1.63378769e-10  3.00000000e-01 
 4.89350000e-01  1.63378769e-10  3.00000000e-01 
 4.89450000e-01  1.63378769e-10  3.00000000e-01 
 4.89550000e-01  1.63378769e-10  3.00000000e-01 
 4.89650000e-01  1.63378769e-10  3.00000000e-01 
 4.89750000e-01  1.63378769e-10  3.00000000e-01 
 4.89850000e-01  1.63378769e-10  3.00000000e-01 
 4.89950000e-01  1.63378769e-10  3.00000000e-01 
 4.90050000e-01  1.63378769e-10  3.00000000e-01 
 4.90150000e-01  1.63378769e-10  3.00000000e-01 
 4.90250000e-01  1.63378769e-10  3.00000000e-01 
 4.90350000e-01  1.63378769e-10  3.00000000e-01 
 4.90450000e-01  1.63378769e-10  3.00000000e-01 
 4.90550000e-01  1.63378769e-10  3.00000000e-01 
 4.90650000e-01  1.63378769e-10  3.00000000e-01 
 4.90750000e-01  1.63378769e-10  3.00000000e-01 
 4.90850000e-01  1.63378769e-10  3.00000000e-01 
 4.90950000e-01  1.63378769e-10  3.00000000e-01 
 4.91050000e-01  1.63378769e-10  3.00000000e-01 
 4.91150000e-01  1.63378769e-10  3.00000000e-01 
 4.91250000e-01  1.63378769e-10  3.00000000e-01 
 4.91350000e-01  1.63378769e-10  3.00000000e-01 
 4.91450000e-01  1.63378769e-10  3.00000000e-01 
 4.91550000e-01  1.63378769e-10  3.00000000e-01 
 4.91650000e-01  1.63378769e-10  3.00000000e-01 
 4.91750000e-01  1.63378769e-10  3.00000000e-01 
 4.91850000e-01  1.63378769e-10  3.00000000e-01 
 4.91950000e-01  1.63378769e-10  3.00000000e-01 
 4.92050000e-01  1.63378769e-10  3.00000000e-01 
 4.92150000e-01  1.63378769e-10  3.00000000e-01 
 4.92250000e-01  1.63378769e-10  3.00000000e-01 
 4.92350000e-01  1.63378769e-10  3.00000000e-01 
 4.92450000e-01  1.63378769e-10  3.00000000e-01 
 4.92550000e-01  1.63378769e-10  3.00000000e-01 
 4.92650000e-01  1.63378769e-10  3.00000000e-01 
 4.92750000e-01  1.63378769e-10  3.00000000e-01 
 4.92850000e-01  1.63378769e-10  3.00000000e-01 
 4.92950000e-01  1.63378769e-10  3.00000000e-01 
 4.93050000e-01  1.63378769e-10  3.00000000e-01 
 4.93150000e-01  1.63378769e-10  3.00000000e-01 
 4.93250000e-01  1.63378769e-10  3.00000000e-01 
 4.93350000e-01  1.63378769e-10  3.00000000e-01 
 4.93450000e-01  1.63378769e-10  3.00000000e-01 
 4.93550000e-01  1.63378769e-10  3.00000000e-01 
 4.93650000e-01  1.63378769e-10  3.00000000e-01 
 4.93750000e-01  1.63378769e-10  3.00000000e-01 
 4.93850000e-01  1.63378769e-10  3.00000000e-01 
 4.93950000e-01  1.63378769e-10  3.00000000e-01 
 4.94050000e-01  1.63378769e-10  3.00000000e-01 
 4.94150000e-01  1.63378769e-10  3.00000000e-01 
 4.94250000e-01  1.63378769e-10  3.00000000e-01 
 4.94350000e-01  1.63378769e-10  3.00000000e-01 
 4.94450000e-01  1.63378769e-10  3.00000000e-01 
 4.94550000e-01  1.63378769e-10  3.00000000e-01 
 4.94650000e-01  1.63378769e-10  3.00000000e-01 
 4.94750000e-01  1.63378769e-10  3.00000000e-01 
 4.94850000e-01  1.63378769e-10  3.00000000e-01 
 4.94950000e-01  1.63378769e-10  3.00000000e-01 
 4.95050000e-01  1.63378769e-10  3.00000000e-01 
 4.95150000e-01  1.63378769e-10  3.00000000e-01 
 4.95250000e-01  1.63378769e-10  3.00000000e-01 
 4.95350000e-01  1.63378769e-10  3.00000000e-01 
 4.95450000e-01  1.63378769e-10  3.00000000e-01 
 4.95550000e-01  1.63378769e-10  3.00000000e-01 
 4.95650000e-01  1.63378769e-10  3.00000000e-01 
 4.95750000e-01  1.63378769e-10  3.00000000e-01 
 4.95850000e-01  1.63378769e-10  3.00000000e-01 
 4.95950000e-01  1.63378769e-10  3.00000000e-01 
 4.96050000e-01  1.63378769e-10  3.00000000e-01 
 4.96150000e-01  1.63378769e-10  3.00000000e-01 
 4.96250000e-01  1.63378769e-10  3.00000000e-01 
 4.96350000e-01  1.63378769e-10  3.00000000e-01 
 4.96450000e-01  1.63378769e-10  3.00000000e-01 
 4.96550000e-01  1.63378769e-10  3.00000000e-01 
 4.96650000e-01  1.63378769e-10  3.00000000e-01 
 4.96750000e-01  1.63378769e-10  3.00000000e-01 
 4.96850000e-01  1.63378769e-10  3.00000000e-01 
 4.96950000e-01  1.63378769e-10  3.00000000e-01 
 4.97050000e-01  1.63378769e-10  3.00000000e-01 
 4.97150000e-01  1.63378769e-10  3.00000000e-01 
 4.97250000e-01  1.63378769e-10  3.00000000e-01 
 4.97350000e-01  1.63378769e-10  3.00000000e-01 
 4.97450000e-01  1.63378769e-10  3.00000000e-01 
 4.97550000e-01  1.63378769e-10  3.00000000e-01 
 4.97650000e-01  1.63378769e-10  3.00000000e-01 
 4.97750000e-01  1.63378769e-10  3.00000000e-01 
 4.97850000e-01  1.63378769e-10  3.00000000e-01 
 4.97950000e-01  1.63378769e-10  3.00000000e-01 
 4.98050000e-01  1.63378769e-10  3.00000000e-01 
 4.98150000e-01  1.63378769e-10  3.00000000e-01 
 4.98250000e-01  1.63378769e-10  3.00000000e-01 
 4.98350000e-01  1.63378769e-10  3.00000000e-01 
 4.98450000e-01  1.63378769e-10  3.00000000e-01 
 4.98550000e-01  1.63378769e-10  3.00000000e-01 
 4.98650000e-01  1.63378769e-10  3.00000000e-01 
 4.98750000e-01  1.63378769e-10  3.00000000e-01 
 4.98850000e-01  1.63378769e-10  3.00000000e-01 
 4.98950000e-01  1.63378769e-10  3.00000000e-01 
 4.99050000e-01  1.63378769e-10  3.00000000e-01 
 4.99150000e-01  1.63378769e-10  3.00000000e-01 
 4.99250000e-01  1.63378769e-10  3.00000000e-01 
 4.99350000e-01  1.63378769e-10  3.00000000e-01 
 4.99450000e-01  1.63378769e-10  3.00000000e-01 
 4.99550000e-01  1.63378769e-10  3.00000000e-01 
 4.99650000e-01  1.63378769e-10  3.00000000e-01 
 4.99750000e-01  1.63378769e-10  3.00000000e-01 
 4.99850000e-01  1.63378769e-10  3.00000000e-01 
 4.99950000e-01  1.63378769e-10  3.00000000e-01 
 5.00050000e-01  1.63378769e-10  3.00000000e-01 
 5.00150000e-01  1.63378769e-10  3.00000000e-01 
 5.00250000e-01  1.63378769e-10  3.00000000e-01 
 5.00350000e-01  1.63378769e-10  3.00000000e-01 
 5.00450000e-01  1.63378769e-10  3.00000000e-01 
 5.00550000e-01  1.63378769e-10  3.00000000e-01 
 5.00650000e-01  1.63378769e-10  3.00000000e-01 
 5.00750000e-01  1.63378769e-10  3.00000000e-01 
 5.00850000e-01  1.63378769e-10  3.00000000e-01 
 5.00950000e-01  1.63378769e-10  3.00000000e-01 
 5.01050000e-01  1.63378769e-10  3.00000000e-01 
 5.01150000e-01  1.63378769e-10  3.00000000e-01 
 5.01250000e-01  1.63378769e-10  3.00000000e-01 
 5.01350000e-01  1.63378769e-10  3.00000000e-01 
 5.01450000e-01  1.63378769e-10  3.00000000e-01 
 5.01550000e-01  1.63378769e-10  3.00000000e-01 
 5.01650000e-01  1.63378769e-10  3.00000000e-01 
 5.01750000e-01  1.63378769e-10  3.00000000e-01 
 5.01850000e-01  1.63378769e-10  3.00000000e-01 
 5.01950000e-01  1.63378769e-10  3.00000000e-01 
 5.02050000e-01  1.63378769e-10  3.00000000e-01 
 5.02150000e-01  1.63378769e-10  3.00000000e-01 
 5.02250000e-01  1.63378769e-10  3.00000000e-01 
 5.02350000e-01  1.63378769e-10  3.00000000e-01 
 5.02450000e-01  1.63378769e-10  3.00000000e-01 
 5.02550000e-01  1.63378769e-10  3.00000000e-01 
 5.02650000e-01  1.63378769e-10  3.00000000e-01 
 5.02750000e-01  1.63378769e-10  3.00000000e-01 
 5.02850000e-01  1.63378769e-10  3.00000000e-01 
 5.02950000e-01  1.63378769e-10  3.00000000e-01 
 5.03050000e-01  1.63378769e-10  3.00000000e-01 
 5.03150000e-01  1.63378769e-10  3.00000000e-01 
 5.03250000e-01  1.63378769e-10  3.00000000e-01 
 5.03350000e-01  1.63378769e-10  3.00000000e-01 
 5.03450000e-01  1.63378769e-10  3.00000000e-01 
 5.03550000e-01  1.63378769e-10  3.00000000e-01 
 5.03650000e-01  1.63378769e-10  3.00000000e-01 
 5.03750000e-01  1.63378769e-10  3.00000000e-01 
 5.03850000e-01  1.63378769e-10  3.00000000e-01 
 5.03950000e-01  1.63378769e-10  3.00000000e-01 
 5.04050000e-01  1.63378769e-10  3.00000000e-01 
 5.04150000e-01  1.63378769e-10  3.00000000e-01 
 5.04250000e-01  1.63378769e-10  3.00000000e-01 
 5.04350000e-01  1.63378769e-10  3.00000000e-01 
 5.04450000e-01  1.63378769e-10  3.00000000e-01 
 5.04550000e-01  1.63378769e-10  3.00000000e-01 
 5.04650000e-01  1.63378769e-10  3.00000000e-01 
 5.04750000e-01  1.63378769e-10  3.00000000e-01 
 5.04850000e-01  1.63378769e-10  3.00000000e-01 
 5.04950000e-01  1.63378769e-10  3.00000000e-01 
 5.05050000e-01  1.63378769e-10  3.00000000e-01 
 5.05150000e-01  1.63378769e-10  3.00000000e-01 
 5.05250000e-01  1.63378769e-10  3.00000000e-01 
 5.05350000e-01  1.63378769e-10  3.00000000e-01 
 5.05450000e-01  1.63378769e-10  3.00000000e-01 
 5.05550000e-01  1.63378769e-10  3.00000000e-01 
 5.05650000e-01  1.63378769e-10  3.00000000e-01 
 5.05750000e-01  1.63378769e-10  3.00000000e-01 
 5.05850000e-01  1.63378769e-10  3.00000000e-01 
 5.05950000e-01  1.63378769e-10  3.00000000e-01 
 5.06050000e-01  1.63378769e-10  3.00000000e-01 
 5.06150000e-01  1.63378769e-10  3.00000000e-01 
 5.06250000e-01  1.63378769e-10  3.00000000e-01 
 5.06350000e-01  1.63378769e-10  3.00000000e-01 
 5.06450000e-01  1.63378769e-10  3.00000000e-01 
 5.06550000e-01  1.63378769e-10  3.00000000e-01 
 5.06650000e-01  1.63378769e-10  3.00000000e-01 
 5.06750000e-01  1.63378769e-10  3.00000000e-01 
 5.06850000e-01  1.63378769e-10  3.00000000e-01 
 5.06950000e-01  1.63378769e-10  3.00000000e-01 
 5.07050000e-01  1.63378769e-10  3.00000000e-01 
 5.07150000e-01  1.63378769e-10  3.00000000e-01 
 5.07250000e-01  1.63378769e-10  3.00000000e-01 
 5.07350000e-01  1.63378769e-10  3.00000000e-01 
 5.07450000e-01  1.63378769e-10  3.00000000e-01 
 5.07550000e-01  1.63378769e-10  3.00000000e-01 
 5.07650000e-01  1.63378769e-10  3.00000000e-01 
 5.07750000e-01  1.63378769e-10  3.00000000e-01 
 5.07850000e-01  1.63378769e-10  3.00000000e-01 
 5.07950000e-01  1.63378769e-10  3.00000000e-01 
 5.08050000e-01  1.63378769e-10  3.00000000e-01 
 5.08150000e-01  1.63378769e-10  3.00000000e-01 
 5.08250000e-01  1.63378769e-10  3.00000000e-01 
 5.08350000e-01  1.63378769e-10  3.00000000e-01 
 5.08450000e-01  1.63378769e-10  3.00000000e-01 
 5.08550000e-01  1.63378769e-10  3.00000000e-01 
 5.08650000e-01  1.63378769e-10  3.00000000e-01 
 5.08750000e-01  1.63378769e-10  3.00000000e-01 
 5.08850000e-01  1.63378769e-10  3.00000000e-01 
 5.08950000e-01  1.63378769e-10  3.00000000e-01 
 5.09050000e-01  1.63378769e-10  3.00000000e-01 
 5.09150000e-01  1.63378769e-10  3.00000000e-01 
 5.09250000e-01  1.63378769e-10  3.00000000e-01 
 5.09350000e-01  1.63378769e-10  3.00000000e-01 
 5.09450000e-01  1.63378769e-10  3.00000000e-01 
 5.09550000e-01  1.63378769e-10  3.00000000e-01 
 5.09650000e-01  1.63378769e-10  3.00000000e-01 
 5.09750000e-01  1.63378769e-10  3.00000000e-01 
 5.09850000e-01  1.63378769e-10  3.00000000e-01 
 5.09950000e-01  1.63378769e-10  3.00000000e-01 
 5.10050000e-01  1.63378769e-10  3.00000000e-01 
 5.10150000e-01  1.63378769e-10  3.00000000e-01 
 5.10250000e-01  1.63378769e-10  3.00000000e-01 
 5.10350000e-01  1.63378769e-10  3.00000000e-01 
 5.10450000e-01  1.63378769e-10  3.00000000e-01 
 5.10550000e-01  1.63378769e-10  3.00000000e-01 
 5.10650000e-01  1.63378769e-10  3.00000000e-01 
 5.10750000e-01  1.63378769e-10  3.00000000e-01 
 5.10850000e-01  1.63378769e-10  3.00000000e-01 
 5.10950000e-01  1.63378769e-10  3.00000000e-01 
 5.11050000e-01  1.63378769e-10  3.00000000e-01 
 5.11150000e-01  1.63378769e-10  3.00000000e-01 
 5.11250000e-01  1.63378769e-10  3.00000000e-01 
 5.11350000e-01  1.63378769e-10  3.00000000e-01 
 5.11450000e-01  1.63378769e-10  3.00000000e-01 
 5.11550000e-01  1.63378769e-10  3.00000000e-01 
 5.11650000e-01  1.63378769e-10  3.00000000e-01 
 5.11750000e-01  1.63378769e-10  3.00000000e-01 
 5.11850000e-01  1.63378769e-10  3.00000000e-01 
 5.11950000e-01  1.63378769e-10  3.00000000e-01 
 5.12050000e-01  1.63378769e-10  3.00000000e-01 
 5.12150000e-01  1.63378769e-10  3.00000000e-01 
 5.12250000e-01  1.63378769e-10  3.00000000e-01 
 5.12350000e-01  1.63378769e-10  3.00000000e-01 
 5.12450000e-01  1.63378769e-10  3.00000000e-01 
 5.12550000e-01  1.63378769e-10  3.00000000e-01 
 5.12650000e-01  1.63378769e-10  3.00000000e-01 
 5.12750000e-01  1.63378769e-10  3.00000000e-01 
 5.12850000e-01  1.63378769e-10  3.00000000e-01 
 5.12950000e-01  1.63378769e-10  3.00000000e-01 
 5.13050000e-01  1.63378769e-10  3.00000000e-01 
 5.13150000e-01  1.63378769e-10  3.00000000e-01 
 5.13250000e-01  1.63378769e-10  3.00000000e-01 
 5.13350000e-01  1.63378769e-10  3.00000000e-01 
 5.13450000e-01  1.63378769e-10  3.00000000e-01 
 5.13550000e-01  1.63378769e-10  3.00000000e-01 
 5.13650000e-01  1.63378769e-10  3.00000000e-01 
 5.13750000e-01  1.63378769e-10  3.00000000e-01 
 5.13850000e-01  1.63378769e-10  3.00000000e-01 
 5.13950000e-01  1.63378769e-10  3.00000000e-01 
 5.14050000e-01  1.63378769e-10  3.00000000e-01 
 5.14150000e-01  1.63378769e-10  3.00000000e-01 
 5.14250000e-01  1.63378769e-10  3.00000000e-01 
 5.14350000e-01  1.63378769e-10  3.00000000e-01 
 5.14450000e-01  1.63378769e-10  3.00000000e-01 
 5.14550000e-01  1.63378769e-10  3.00000000e-01 
 5.14650000e-01  1.63378769e-10  3.00000000e-01 
 5.14750000e-01  1.63378769e-10  3.00000000e-01 
 5.14850000e-01  1.63378769e-10  3.00000000e-01 
 5.14950000e-01  1.63378769e-10  3.00000000e-01 
 5.15050000e-01  1.63378769e-10  3.00000000e-01 
 5.15150000e-01  1.63378769e-10  3.00000000e-01 
 5.15250000e-01  1.63378769e-10  3.00000000e-01 
 5.15350000e-01  1.63378769e-10  3.00000000e-01 
 5.15450000e-01  1.63378769e-10  3.00000000e-01 
 5.15550000e-01  1.63378769e-10  3.00000000e-01 
 5.15650000e-01  1.63378769e-10  3.00000000e-01 
 5.15750000e-01  1.63378769e-10  3.00000000e-01 
 5.15850000e-01  1.63378769e-10  3.00000000e-01 
 5.15950000e-01  1.63378769e-10  3.00000000e-01 
 5.16050000e-01  1.63378769e-10  3.00000000e-01 
 5.16150000e-01  1.63378769e-10  3.00000000e-01 
 5.16250000e-01  1.63378769e-10  3.00000000e-01 
 5.16350000e-01  1.63378769e-10  3.00000000e-01 
 5.16450000e-01  1.63378769e-10  3.00000000e-01 
 5.16550000e-01  1.63378769e-10  3.00000000e-01 
 5.16650000e-01  1.63378769e-10  3.00000000e-01 
 5.16750000e-01  1.63378769e-10  3.00000000e-01 
 5.16850000e-01  1.63378769e-10  3.00000000e-01 
 5.16950000e-01  1.63378769e-10  3.00000000e-01 
 5.17050000e-01  1.63378769e-10  3.00000000e-01 
 5.17150000e-01  1.63378769e-10  3.00000000e-01 
 5.17250000e-01  1.63378769e-10  3.00000000e-01 
 5.17350000e-01  1.63378769e-10  3.00000000e-01 
 5.17450000e-01  1.63378769e-10  3.00000000e-01 
 5.17550000e-01  1.63378769e-10  3.00000000e-01 
 5.17650000e-01  1.63378769e-10  3.00000000e-01 
 5.17750000e-01  1.63378769e-10  3.00000000e-01 
 5.17850000e-01  1.63378769e-10  3.00000000e-01 
 5.17950000e-01  1.63378769e-10  3.00000000e-01 
 5.18050000e-01  1.63378769e-10  3.00000000e-01 
 5.18150000e-01  1.63378769e-10  3.00000000e-01 
 5.18250000e-01  1.63378769e-10  3.00000000e-01 
 5.18350000e-01  1.63378769e-10  3.00000000e-01 
 5.18450000e-01  1.63378769e-10  3.00000000e-01 
 5.18550000e-01  1.63378769e-10  3.00000000e-01 
 5.18650000e-01  1.63378769e-10  3.00000000e-01 
 5.18750000e-01  1.63378769e-10  3.00000000e-01 
 5.18850000e-01  1.63378769e-10  3.00000000e-01 
 5.18950000e-01  1.63378769e-10  3.00000000e-01 
 5.19050000e-01  1.63378769e-10  3.00000000e-01 
 5.19150000e-01  1.63378769e-10  3.00000000e-01 
 5.19250000e-01  1.63378769e-10  3.00000000e-01 
 5.19350000e-01  1.63378769e-10  3.00000000e-01 
 5.19450000e-01  1.63378769e-10  3.00000000e-01 
 5.19550000e-01  1.63378769e-10  3.00000000e-01 
 5.19650000e-01  1.63378769e-10  3.00000000e-01 
 5.19750000e-01  1.63378769e-10  3.00000000e-01 
 5.19850000e-01  1.63378769e-10  3.00000000e-01 
 5.19950000e-01  1.63378769e-10  3.00000000e-01 
 5.20050000e-01  1.63378769e-10  3.00000000e-01 
 5.20150000e-01  1.63378769e-10  3.00000000e-01 
 5.20250000e-01  1.63378769e-10  3.00000000e-01 
 5.20350000e-01  1.63378769e-10  3.00000000e-01 
 5.20450000e-01  1.63378769e-10  3.00000000e-01 
 5.20550000e-01  1.63378769e-10  3.00000000e-01 
 5.20650000e-01  1.63378769e-10  3.00000000e-01 
 5.20750000e-01  1.63378769e-10  3.00000000e-01 
 5.20850000e-01  1.63378769e-10  3.00000000e-01 
 5.20950000e-01  1.63378769e-10  3.00000000e-01 
 5.21050000e-01  1.63378769e-10  3.00000000e-01 
 5.21150000e-01  1.63378769e-10  3.00000000e-01 
 5.21250000e-01  1.63378769e-10  3.00000000e-01 
 5.21350000e-01  1.63378769e-10  3.00000000e-01 
 5.21450000e-01  1.63378769e-10  3.00000000e-01 
 5.21550000e-01  1.63378769e-10  3.00000000e-01 
 5.21650000e-01  1.63378769e-10  3.00000000e-01 
 5.21750000e-01  1.63378769e-10  3.00000000e-01 
 5.21850000e-01  1.63378769e-10  3.00000000e-01 
 5.21950000e-01  1.63378769e-10  3.00000000e-01 
 5.22050000e-01  1.63378769e-10  3.00000000e-01 
 5.22150000e-01  1.63378769e-10  3.00000000e-01 
 5.22250000e-01  1.63378769e-10  3.00000000e-01 
 5.22350000e-01  1.63378769e-10  3.00000000e-01 
 5.22450000e-01  1.63378769e-10  3.00000000e-01 
 5.22550000e-01  1.63378769e-10  3.00000000e-01 
 5.22650000e-01  1.63378769e-10  3.00000000e-01 
 5.22750000e-01  1.63378769e-10  3.00000000e-01 
 5.22850000e-01  1.63378769e-10  3.00000000e-01 
 5.22950000e-01  1.63378769e-10  3.00000000e-01 
 5.23050000e-01  1.63378769e-10  3.00000000e-01 
 5.23150000e-01  1.63378769e-10  3.00000000e-01 
 5.23250000e-01  1.63378769e-10  3.00000000e-01 
 5.23350000e-01  1.63378769e-10  3.00000000e-01 
 5.23450000e-01  1.63378769e-10  3.00000000e-01 
 5.23550000e-01  1.63378769e-10  3.00000000e-01 
 5.23650000e-01  1.63378769e-10  3.00000000e-01 
 5.23750000e-01  1.63378769e-10  3.00000000e-01 
 5.23850000e-01  1.63378769e-10  3.00000000e-01 
 5.23950000e-01  1.63378769e-10  3.00000000e-01 
 5.24050000e-01  1.63378769e-10  3.00000000e-01 
 5.24150000e-01  1.63378769e-10  3.00000000e-01 
 5.24250000e-01  1.63378769e-10  3.00000000e-01 
 5.24350000e-01  1.63378769e-10  3.00000000e-01 
 5.24450000e-01  1.63378769e-10  3.00000000e-01 
 5.24550000e-01  1.63378769e-10  3.00000000e-01 
 5.24650000e-01  1.63378769e-10  3.00000000e-01 
 5.24750000e-01  1.63378769e-10  3.00000000e-01 
 5.24850000e-01  1.63378769e-10  3.00000000e-01 
 5.24950000e-01  1.63378769e-10  3.00000000e-01 
 5.25050000e-01  1.63378769e-10  3.00000000e-01 
 5.25150000e-01  1.63378769e-10  3.00000000e-01 
 5.25250000e-01  1.63378769e-10  3.00000000e-01 
 5.25350000e-01  1.63378769e-10  3.00000000e-01 
 5.25450000e-01  1.63378769e-10  3.00000000e-01 
 5.25550000e-01  1.63378769e-10  3.00000000e-01 
 5.25650000e-01  1.63378769e-10  3.00000000e-01 
 5.25750000e-01  1.63378769e-10  3.00000000e-01 
 5.25850000e-01  1.63378769e-10  3.00000000e-01 
 5.25950000e-01  1.63378769e-10  3.00000000e-01 
 5.26050000e-01  1.63378769e-10  3.00000000e-01 
 5.26150000e-01  1.63378769e-10  3.00000000e-01 
 5.26250000e-01  1.63378769e-10  3.00000000e-01 
 5.26350000e-01  1.63378769e-10  3.00000000e-01 
 5.26450000e-01  1.63378769e-10  3.00000000e-01 
 5.26550000e-01  1.63378769e-10  3.00000000e-01 
 5.26650000e-01  1.63378769e-10  3.00000000e-01 
 5.26750000e-01  1.63378769e-10  3.00000000e-01 
 5.26850000e-01  1.63378769e-10  3.00000000e-01 
 5.26950000e-01  1.63378769e-10  3.00000000e-01 
 5.27050000e-01  1.63378769e-10  3.00000000e-01 
 5.27150000e-01  1.63378769e-10  3.00000000e-01 
 5.27250000e-01  1.63378769e-10  3.00000000e-01 
 5.27350000e-01  1.63378769e-10  3.00000000e-01 
 5.27450000e-01  1.63378769e-10  3.00000000e-01 
 5.27550000e-01  1.63378769e-10  3.00000000e-01 
 5.27650000e-01  1.63378769e-10  3.00000000e-01 
 5.27750000e-01  1.63378769e-10  3.00000000e-01 
 5.27850000e-01  1.63378769e-10  3.00000000e-01 
 5.27950000e-01  1.63378769e-10  3.00000000e-01 
 5.28050000e-01  1.63378769e-10  3.00000000e-01 
 5.28150000e-01  1.63378769e-10  3.00000000e-01 
 5.28250000e-01  1.63378769e-10  3.00000000e-01 
 5.28350000e-01  1.63378769e-10  3.00000000e-01 
 5.28450000e-01  1.63378769e-10  3.00000000e-01 
 5.28550000e-01  1.63378769e-10  3.00000000e-01 
 5.28650000e-01  1.63378769e-10  3.00000000e-01 
 5.28750000e-01  1.63378769e-10  3.00000000e-01 
 5.28850000e-01  1.63378769e-10  3.00000000e-01 
 5.28950000e-01  1.63378769e-10  3.00000000e-01 
 5.29050000e-01  1.63378769e-10  3.00000000e-01 
 5.29150000e-01  1.63378769e-10  3.00000000e-01 
 5.29250000e-01  1.63378769e-10  3.00000000e-01 
 5.29350000e-01  1.63378769e-10  3.00000000e-01 
 5.29450000e-01  1.63378769e-10  3.00000000e-01 
 5.29550000e-01  1.63378769e-10  3.00000000e-01 
 5.29650000e-01  1.63378769e-10  3.00000000e-01 
 5.29750000e-01  1.63378769e-10  3.00000000e-01 
 5.29850000e-01  1.63378769e-10  3.00000000e-01 
 5.29950000e-01  1.63378769e-10  3.00000000e-01 
 5.30050000e-01  1.63378769e-10  3.00000000e-01 
 5.30150000e-01  1.63378769e-10  3.00000000e-01 
 5.30250000e-01  1.63378769e-10  3.00000000e-01 
 5.30350000e-01  1.63378769e-10  3.00000000e-01 
 5.30450000e-01  1.63378769e-10  3.00000000e-01 
 5.30550000e-01  1.63378769e-10  3.00000000e-01 
 5.30650000e-01  1.63378769e-10  3.00000000e-01 
 5.30750000e-01  1.63378769e-10  3.00000000e-01 
 5.30850000e-01  1.63378769e-10  3.00000000e-01 
 5.30950000e-01  1.63378769e-10  3.00000000e-01 
 5.31050000e-01  1.63378769e-10  3.00000000e-01 
 5.31150000e-01  1.63378769e-10  3.00000000e-01 
 5.31250000e-01  1.63378769e-10  3.00000000e-01 
 5.31350000e-01  1.63378769e-10  3.00000000e-01 
 5.31450000e-01  1.63378769e-10  3.00000000e-01 
 5.31550000e-01  1.63378769e-10  3.00000000e-01 
 5.31650000e-01  1.63378769e-10  3.00000000e-01 
 5.31750000e-01  1.63378769e-10  3.00000000e-01 
 5.31850000e-01  1.63378769e-10  3.00000000e-01 
 5.31950000e-01  1.63378769e-10  3.00000000e-01 
 5.32050000e-01  1.63378769e-10  3.00000000e-01 
 5.32150000e-01  1.63378769e-10  3.00000000e-01 
 5.32250000e-01  1.63378769e-10  3.00000000e-01 
 5.32350000e-01  1.63378769e-10  3.00000000e-01 
 5.32450000e-01  1.63378769e-10  3.00000000e-01 
 5.32550000e-01  1.63378769e-10  3.00000000e-01 
 5.32650000e-01  1.63378769e-10  3.00000000e-01 
 5.32750000e-01  1.63378769e-10  3.00000000e-01 
 5.32850000e-01  1.63378769e-10  3.00000000e-01 
 5.32950000e-01  1.63378769e-10  3.00000000e-01 
 5.33050000e-01  1.63378769e-10  3.00000000e-01 
 5.33150000e-01  1.63378769e-10  3.00000000e-01 
 5.33250000e-01  1.63378769e-10  3.00000000e-01 
 5.33350000e-01  1.63378769e-10  3.00000000e-01 
 5.33450000e-01  1.63378769e-10  3.00000000e-01 
 5.33550000e-01  1.63378769e-10  3.00000000e-01 
 5.33650000e-01  1.63378769e-10  3.00000000e-01 
 5.33750000e-01  1.63378769e-10  3.00000000e-01 
 5.33850000e-01  1.63378769e-10  3.00000000e-01 
 5.33950000e-01  1.63378769e-10  3.00000000e-01 
 5.34050000e-01  1.63378769e-10  3.00000000e-01 
 5.34150000e-01  1.63378769e-10  3.00000000e-01 
 5.34250000e-01  1.63378769e-10  3.00000000e-01 
 5.34350000e-01  1.63378769e-10  3.00000000e-01 
 5.34450000e-01  1.63378769e-10  3.00000000e-01 
 5.34550000e-01  1.63378769e-10  3.00000000e-01 
 5.34650000e-01  1.63378769e-10  3.00000000e-01 
 5.34750000e-01  1.63378769e-10  3.00000000e-01 
 5.34850000e-01  1.63378769e-10  3.00000000e-01 
 5.34950000e-01  1.63378769e-10  3.00000000e-01 
 5.35050000e-01  1.63378769e-10  3.00000000e-01 
 5.35150000e-01  1.63378769e-10  3.00000000e-01 
 5.35250000e-01  1.63378769e-10  3.00000000e-01 
 5.35350000e-01  1.63378769e-10  3.00000000e-01 
 5.35450000e-01  1.63378769e-10  3.00000000e-01 
 5.35550000e-01  1.63378769e-10  3.00000000e-01 
 5.35650000e-01  1.63378769e-10  3.00000000e-01 
 5.35750000e-01  1.63378769e-10  3.00000000e-01 
 5.35850000e-01  1.63378769e-10  3.00000000e-01 
 5.35950000e-01  1.63378769e-10  3.00000000e-01 
 5.36050000e-01  1.63378769e-10  3.00000000e-01 
 5.36150000e-01  1.63378769e-10  3.00000000e-01 
 5.36250000e-01  1.63378769e-10  3.00000000e-01 
 5.36350000e-01  1.63378769e-10  3.00000000e-01 
 5.36450000e-01  1.63378769e-10  3.00000000e-01 
 5.36550000e-01  1.63378769e-10  3.00000000e-01 
 5.36650000e-01  1.63378769e-10  3.00000000e-01 
 5.36750000e-01  1.63378769e-10  3.00000000e-01 
 5.36850000e-01  1.63378769e-10  3.00000000e-01 
 5.36950000e-01  1.63378769e-10  3.00000000e-01 
 5.37050000e-01  1.63378769e-10  3.00000000e-01 
 5.37150000e-01  1.63378769e-10  3.00000000e-01 
 5.37250000e-01  1.63378769e-10  3.00000000e-01 
 5.37350000e-01  1.63378769e-10  3.00000000e-01 
 5.37450000e-01  1.63378769e-10  3.00000000e-01 
 5.37550000e-01  1.63378769e-10  3.00000000e-01 
 5.37650000e-01  1.63378769e-10  3.00000000e-01 
 5.37750000e-01  1.63378769e-10  3.00000000e-01 
 5.37850000e-01  1.63378769e-10  3.00000000e-01 
 5.37950000e-01  1.63378769e-10  3.00000000e-01 
 5.38050000e-01  1.63378769e-10  3.00000000e-01 
 5.38150000e-01  1.63378769e-10  3.00000000e-01 
 5.38250000e-01  1.63378769e-10  3.00000000e-01 
 5.38350000e-01  1.63378769e-10  3.00000000e-01 
 5.38450000e-01  1.63378769e-10  3.00000000e-01 
 5.38550000e-01  1.63378769e-10  3.00000000e-01 
 5.38650000e-01  1.63378769e-10  3.00000000e-01 
 5.38750000e-01  1.63378769e-10  3.00000000e-01 
 5.38850000e-01  1.63378769e-10  3.00000000e-01 
 5.38950000e-01  1.63378769e-10  3.00000000e-01 
 5.39050000e-01  1.63378769e-10  3.00000000e-01 
 5.39150000e-01  1.63378769e-10  3.00000000e-01 
 5.39250000e-01  1.63378769e-10  3.00000000e-01 
 5.39350000e-01  1.63378769e-10  3.00000000e-01 
 5.39450000e-01  1.63378769e-10  3.00000000e-01 
 5.39550000e-01  1.63378769e-10  3.00000000e-01 
 5.39650000e-01  1.63378769e-10  3.00000000e-01 
 5.39750000e-01  1.63378769e-10  3.00000000e-01 
 5.39850000e-01  1.63378769e-10  3.00000000e-01 
 5.39950000e-01  1.63378769e-10  3.00000000e-01 
 5.40050000e-01  1.63378769e-10  3.00000000e-01 
 5.40150000e-01  1.63378769e-10  3.00000000e-01 
 5.40250000e-01  1.63378769e-10  3.00000000e-01 
 5.40350000e-01  1.63378769e-10  3.00000000e-01 
 5.40450000e-01  1.63378769e-10  3.00000000e-01 
 5.40550000e-01  1.63378769e-10  3.00000000e-01 
 5.40650000e-01  1.63378769e-10  3.00000000e-01 
 5.40750000e-01  1.63378769e-10  3.00000000e-01 
 5.40850000e-01  1.63378769e-10  3.00000000e-01 
 5.40950000e-01  1.63378769e-10  3.00000000e-01 
 5.41050000e-01  1.63378769e-10  3.00000000e-01 
 5.41150000e-01  1.63378769e-10  3.00000000e-01 
 5.41250000e-01  1.63378769e-10  3.00000000e-01 
 5.41350000e-01  1.63378769e-10  3.00000000e-01 
 5.41450000e-01  1.63378769e-10  3.00000000e-01 
 5.41550000e-01  1.63378769e-10  3.00000000e-01 
 5.41650000e-01  1.63378769e-10  3.00000000e-01 
 5.41750000e-01  1.63378769e-10  3.00000000e-01 
 5.41850000e-01  1.63378769e-10  3.00000000e-01 
 5.41950000e-01  1.63378769e-10  3.00000000e-01 
 5.42050000e-01  1.63378769e-10  3.00000000e-01 
 5.42150000e-01  1.63378769e-10  3.00000000e-01 
 5.42250000e-01  1.63378769e-10  3.00000000e-01 
 5.42350000e-01  1.63378769e-10  3.00000000e-01 
 5.42450000e-01  1.63378769e-10  3.00000000e-01 
 5.42550000e-01  1.63378769e-10  3.00000000e-01 
 5.42650000e-01  1.63378769e-10  3.00000000e-01 
 5.42750000e-01  1.63378769e-10  3.00000000e-01 
 5.42850000e-01  1.63378769e-10  3.00000000e-01 
 5.42950000e-01  1.63378769e-10  3.00000000e-01 
 5.43050000e-01  1.63378769e-10  3.00000000e-01 
 5.43150000e-01  1.63378769e-10  3.00000000e-01 
 5.43250000e-01  1.63378769e-10  3.00000000e-01 
 5.43350000e-01  1.63378769e-10  3.00000000e-01 
 5.43450000e-01  1.63378769e-10  3.00000000e-01 
 5.43550000e-01  1.63378769e-10  3.00000000e-01 
 5.43650000e-01  1.63378769e-10  3.00000000e-01 
 5.43750000e-01  1.63378769e-10  3.00000000e-01 
 5.43850000e-01  1.63378769e-10  3.00000000e-01 
 5.43950000e-01  1.63378769e-10  3.00000000e-01 
 5.44050000e-01  1.63378769e-10  3.00000000e-01 
 5.44150000e-01  1.63378769e-10  3.00000000e-01 
 5.44250000e-01  1.63378769e-10  3.00000000e-01 
 5.44350000e-01  1.63378769e-10  3.00000000e-01 
 5.44450000e-01  1.63378769e-10  3.00000000e-01 
 5.44550000e-01  1.63378769e-10  3.00000000e-01 
 5.44650000e-01  1.63378769e-10  3.00000000e-01 
 5.44750000e-01  1.63378769e-10  3.00000000e-01 
 5.44850000e-01  1.63378769e-10  3.00000000e-01 
 5.44950000e-01  1.63378769e-10  3.00000000e-01 
 5.45050000e-01  1.63378769e-10  3.00000000e-01 
 5.45150000e-01  1.63378769e-10  3.00000000e-01 
 5.45250000e-01  1.63378769e-10  3.00000000e-01 
 5.45350000e-01  1.63378769e-10  3.00000000e-01 
 5.45450000e-01  1.63378769e-10  3.00000000e-01 
 5.45550000e-01  1.63378769e-10  3.00000000e-01 
 5.45650000e-01  1.63378769e-10  3.00000000e-01 
 5.45750000e-01  1.63378769e-10  3.00000000e-01 
 5.45850000e-01  1.63378769e-10  3.00000000e-01 
 5.45950000e-01  1.63378769e-10  3.00000000e-01 
 5.46050000e-01  1.63378769e-10  3.00000000e-01 
 5.46150000e-01  1.63378769e-10  3.00000000e-01 
 5.46250000e-01  1.63378769e-10  3.00000000e-01 
 5.46350000e-01  1.63378769e-10  3.00000000e-01 
 5.46450000e-01  1.63378769e-10  3.00000000e-01 
 5.46550000e-01  1.63378769e-10  3.00000000e-01 
 5.46650000e-01  1.63378769e-10  3.00000000e-01 
 5.46750000e-01  1.63378769e-10  3.00000000e-01 
 5.46850000e-01  1.63378769e-10  3.00000000e-01 
 5.46950000e-01  1.63378769e-10  3.00000000e-01 
 5.47050000e-01  1.63378769e-10  3.00000000e-01 
 5.47150000e-01  1.63378769e-10  3.00000000e-01 
 5.47250000e-01  1.63378769e-10  3.00000000e-01 
 5.47350000e-01  1.63378769e-10  3.00000000e-01 
 5.47450000e-01  1.63378769e-10  3.00000000e-01 
 5.47550000e-01  1.63378769e-10  3.00000000e-01 
 5.47650000e-01  1.63378769e-10  3.00000000e-01 
 5.47750000e-01  1.63378769e-10  3.00000000e-01 
 5.47850000e-01  1.63378769e-10  3.00000000e-01 
 5.47950000e-01  1.63378769e-10  3.00000000e-01 
 5.48050000e-01  1.63378769e-10  3.00000000e-01 
 5.48150000e-01  1.63378769e-10  3.00000000e-01 
 5.48250000e-01  1.63378769e-10  3.00000000e-01 
 5.48350000e-01  1.63378769e-10  3.00000000e-01 
 5.48450000e-01  1.63378769e-10  3.00000000e-01 
 5.48550000e-01  1.63378769e-10  3.00000000e-01 
 5.48650000e-01  1.63378769e-10  3.00000000e-01 
 5.48750000e-01  1.63378769e-10  3.00000000e-01 
 5.48850000e-01  1.63378769e-10  3.00000000e-01 
 5.48950000e-01  1.63378769e-10  3.00000000e-01 
 5.49050000e-01  1.63378769e-10  3.00000000e-01 
 5.49150000e-01  1.63378769e-10  3.00000000e-01 
 5.49250000e-01  1.63378769e-10  3.00000000e-01 
 5.49350000e-01  1.63378769e-10  3.00000000e-01 
 5.49450000e-01  1.63378769e-10  3.00000000e-01 
 5.49550000e-01  1.63378769e-10  3.00000000e-01 
 5.49650000e-01  1.63378769e-10  3.00000000e-01 
 5.49750000e-01  1.63378769e-10  3.00000000e-01 
 5.49850000e-01  1.63378769e-10  3.00000000e-01 
 5.49950000e-01  1.63378769e-10  3.00000000e-01 
 5.50050000e-01  1.63378769e-10  3.00000000e-01 
 5.50150000e-01  1.63378769e-10  3.00000000e-01 
 5.50250000e-01  1.63378769e-10  3.00000000e-01 
 5.50350000e-01  1.63378769e-10  3.00000000e-01 
 5.50450000e-01  1.63378769e-10  3.00000000e-01 
 5.50550000e-01  1.63378769e-10  3.00000000e-01 
 5.50650000e-01  1.63378769e-10  3.00000000e-01 
 5.50750000e-01  1.63378769e-10  3.00000000e-01 
 5.50850000e-01  1.63378769e-10  3.00000000e-01 
 5.50950000e-01  1.63378769e-10  3.00000000e-01 
 5.51050000e-01  1.63378769e-10  3.00000000e-01 
 5.51150000e-01  1.63378769e-10  3.00000000e-01 
 5.51250000e-01  1.63378769e-10  3.00000000e-01 
 5.51350000e-01  1.63378769e-10  3.00000000e-01 
 5.51450000e-01  1.63378769e-10  3.00000000e-01 
 5.51550000e-01  1.63378769e-10  3.00000000e-01 
 5.51650000e-01  1.63378769e-10  3.00000000e-01 
 5.51750000e-01  1.63378769e-10  3.00000000e-01 
 5.51850000e-01  1.63378769e-10  3.00000000e-01 
 5.51950000e-01  1.63378769e-10  3.00000000e-01 
 5.52050000e-01  1.63378769e-10  3.00000000e-01 
 5.52150000e-01  1.63378769e-10  3.00000000e-01 
 5.52250000e-01  1.63378769e-10  3.00000000e-01 
 5.52350000e-01  1.63378769e-10  3.00000000e-01 
 5.52450000e-01  1.63378769e-10  3.00000000e-01 
 5.52550000e-01  1.63378769e-10  3.00000000e-01 
 5.52650000e-01  1.63378769e-10  3.00000000e-01 
 5.52750000e-01  1.63378769e-10  3.00000000e-01 
 5.52850000e-01  1.63378769e-10  3.00000000e-01 
 5.52950000e-01  1.63378769e-10  3.00000000e-01 
 5.53050000e-01  1.63378769e-10  3.00000000e-01 
 5.53150000e-01  1.63378769e-10  3.00000000e-01 
 5.53250000e-01  1.63378769e-10  3.00000000e-01 
 5.53350000e-01  1.63378769e-10  3.00000000e-01 
 5.53450000e-01  1.63378769e-10  3.00000000e-01 
 5.53550000e-01  1.63378769e-10  3.00000000e-01 
 5.53650000e-01  1.63378769e-10  3.00000000e-01 
 5.53750000e-01  1.63378769e-10  3.00000000e-01 
 5.53850000e-01  1.63378769e-10  3.00000000e-01 
 5.53950000e-01  1.63378769e-10  3.00000000e-01 
 5.54050000e-01  1.63378769e-10  3.00000000e-01 
 5.54150000e-01  1.63378769e-10  3.00000000e-01 
 5.54250000e-01  1.63378769e-10  3.00000000e-01 
 5.54350000e-01  1.63378769e-10  3.00000000e-01 
 5.54450000e-01  1.63378769e-10  3.00000000e-01 
 5.54550000e-01  1.63378769e-10  3.00000000e-01 
 5.54650000e-01  1.63378769e-10  3.00000000e-01 
 5.54750000e-01  1.63378769e-10  3.00000000e-01 
 5.54850000e-01  1.63378769e-10  3.00000000e-01 
 5.54950000e-01  1.63378769e-10  3.00000000e-01 
 5.55050000e-01  1.63378769e-10  3.00000000e-01 
 5.55150000e-01  1.63378769e-10  3.00000000e-01 
 5.55250000e-01  1.63378769e-10  3.00000000e-01 
 5.55350000e-01  1.63378769e-10  3.00000000e-01 
 5.55450000e-01  1.63378769e-10  3.00000000e-01 
 5.55550000e-01  1.63378769e-10  3.00000000e-01 
 5.55650000e-01  1.63378769e-10  3.00000000e-01 
 5.55750000e-01  1.63378769e-10  3.00000000e-01 
 5.55850000e-01  1.63378769e-10  3.00000000e-01 
 5.55950000e-01  1.63378769e-10  3.00000000e-01 
 5.56050000e-01  1.63378769e-10  3.00000000e-01 
 5.56150000e-01  1.63378769e-10  3.00000000e-01 
 5.56250000e-01  1.63378769e-10  3.00000000e-01 
 5.56350000e-01  1.63378769e-10  3.00000000e-01 
 5.56450000e-01  1.63378769e-10  3.00000000e-01 
 5.56550000e-01  1.63378769e-10  3.00000000e-01 
 5.56650000e-01  1.63378769e-10  3.00000000e-01 
 5.56750000e-01  1.63378769e-10  3.00000000e-01 
 5.56850000e-01  1.63378769e-10  3.00000000e-01 
 5.56950000e-01  1.63378769e-10  3.00000000e-01 
 5.57050000e-01  1.63378769e-10  3.00000000e-01 
 5.57150000e-01  1.63378769e-10  3.00000000e-01 
 5.57250000e-01  1.63378769e-10  3.00000000e-01 
 5.57350000e-01  1.63378769e-10  3.00000000e-01 
 5.57450000e-01  1.63378769e-10  3.00000000e-01 
 5.57550000e-01  1.63378769e-10  3.00000000e-01 
 5.57650000e-01  1.63378769e-10  3.00000000e-01 
 5.57750000e-01  1.63378769e-10  3.00000000e-01 
 5.57850000e-01  1.63378769e-10  3.00000000e-01 
 5.57950000e-01  1.63378769e-10  3.00000000e-01 
 5.58050000e-01  1.63378769e-10  3.00000000e-01 
 5.58150000e-01  1.63378769e-10  3.00000000e-01 
 5.58250000e-01  1.63378769e-10  3.00000000e-01 
 5.58350000e-01  1.63378769e-10  3.00000000e-01 
 5.58450000e-01  1.63378769e-10  3.00000000e-01 
 5.58550000e-01  1.63378769e-10  3.00000000e-01 
 5.58650000e-01  1.63378769e-10  3.00000000e-01 
 5.58750000e-01  1.63378769e-10  3.00000000e-01 
 5.58850000e-01  1.63378769e-10  3.00000000e-01 
 5.58950000e-01  1.63378769e-10  3.00000000e-01 
 5.59050000e-01  1.63378769e-10  3.00000000e-01 
 5.59150000e-01  1.63378769e-10  3.00000000e-01 
 5.59250000e-01  1.63378769e-10  3.00000000e-01 
 5.59350000e-01  1.63378769e-10  3.00000000e-01 
 5.59450000e-01  1.63378769e-10  3.00000000e-01 
 5.59550000e-01  1.63378769e-10  3.00000000e-01 
 5.59650000e-01  1.63378769e-10  3.00000000e-01 
 5.59750000e-01  1.63378769e-10  3.00000000e-01 
 5.59850000e-01  1.63378769e-10  3.00000000e-01 
 5.59950000e-01  1.63378769e-10  3.00000000e-01 
 5.60050000e-01  1.63378769e-10  3.00000000e-01 
 5.60150000e-01  1.63378769e-10  3.00000000e-01 
 5.60250000e-01  1.63378769e-10  3.00000000e-01 
 5.60350000e-01  1.63378769e-10  3.00000000e-01 
 5.60450000e-01  1.63378769e-10  3.00000000e-01 
 5.60550000e-01  1.63378769e-10  3.00000000e-01 
 5.60650000e-01  1.63378769e-10  3.00000000e-01 
 5.60750000e-01  1.63378769e-10  3.00000000e-01 
 5.60850000e-01  1.63378769e-10  3.00000000e-01 
 5.60950000e-01  1.63378769e-10  3.00000000e-01 
 5.61050000e-01  1.63378769e-10  3.00000000e-01 
 5.61150000e-01  1.63378769e-10  3.00000000e-01 
 5.61250000e-01  1.63378769e-10  3.00000000e-01 
 5.61350000e-01  1.63378769e-10  3.00000000e-01 
 5.61450000e-01  1.63378769e-10  3.00000000e-01 
 5.61550000e-01  1.63378769e-10  3.00000000e-01 
 5.61650000e-01  1.63378769e-10  3.00000000e-01 
 5.61750000e-01  1.63378769e-10  3.00000000e-01 
 5.61850000e-01  1.63378769e-10  3.00000000e-01 
 5.61950000e-01  1.63378769e-10  3.00000000e-01 
 5.62050000e-01  1.63378769e-10  3.00000000e-01 
 5.62150000e-01  1.63378769e-10  3.00000000e-01 
 5.62250000e-01  1.63378769e-10  3.00000000e-01 
 5.62350000e-01  1.63378769e-10  3.00000000e-01 
 5.62450000e-01  1.63378769e-10  3.00000000e-01 
 5.62550000e-01  1.63378769e-10  3.00000000e-01 
 5.62650000e-01  1.63378769e-10  3.00000000e-01 
 5.62750000e-01  1.63378769e-10  3.00000000e-01 
 5.62850000e-01  1.63378769e-10  3.00000000e-01 
 5.62950000e-01  1.63378769e-10  3.00000000e-01 
 5.63050000e-01  1.63378769e-10  3.00000000e-01 
 5.63150000e-01  1.63378769e-10  3.00000000e-01 
 5.63250000e-01  1.63378769e-10  3.00000000e-01 
 5.63350000e-01  1.63378769e-10  3.00000000e-01 
 5.63450000e-01  1.63378769e-10  3.00000000e-01 
 5.63550000e-01  1.63378769e-10  3.00000000e-01 
 5.63650000e-01  1.63378769e-10  3.00000000e-01 
 5.63750000e-01  1.63378769e-10  3.00000000e-01 
 5.63850000e-01  1.63378769e-10  3.00000000e-01 
 5.63950000e-01  1.63378769e-10  3.00000000e-01 
 5.64050000e-01  1.63378769e-10  3.00000000e-01 
 5.64150000e-01  1.63378769e-10  3.00000000e-01 
 5.64250000e-01  1.63378769e-10  3.00000000e-01 
 5.64350000e-01  1.63378769e-10  3.00000000e-01 
 5.64450000e-01  1.63378769e-10  3.00000000e-01 
 5.64550000e-01  1.63378769e-10  3.00000000e-01 
 5.64650000e-01  1.63378769e-10  3.00000000e-01 
 5.64750000e-01  1.63378769e-10  3.00000000e-01 
 5.64850000e-01  1.63378769e-10  3.00000000e-01 
 5.64950000e-01  1.63378769e-10  3.00000000e-01 
 5.65050000e-01  1.63378769e-10  3.00000000e-01 
 5.65150000e-01  1.63378769e-10  3.00000000e-01 
 5.65250000e-01  1.63378769e-10  3.00000000e-01 
 5.65350000e-01  1.63378769e-10  3.00000000e-01 
 5.65450000e-01  1.63378769e-10  3.00000000e-01 
 5.65550000e-01  1.63378769e-10  3.00000000e-01 
 5.65650000e-01  1.63378769e-10  3.00000000e-01 
 5.65750000e-01  1.63378769e-10  3.00000000e-01 
 5.65850000e-01  1.63378769e-10  3.00000000e-01 
 5.65950000e-01  1.63378769e-10  3.00000000e-01 
 5.66050000e-01  1.63378769e-10  3.00000000e-01 
 5.66150000e-01  1.63378769e-10  3.00000000e-01 
 5.66250000e-01  1.63378769e-10  3.00000000e-01 
 5.66350000e-01  1.63378769e-10  3.00000000e-01 
 5.66450000e-01  1.63378769e-10  3.00000000e-01 
 5.66550000e-01  1.63378769e-10  3.00000000e-01 
 5.66650000e-01  1.63378769e-10  3.00000000e-01 
 5.66750000e-01  1.63378769e-10  3.00000000e-01 
 5.66850000e-01  1.63378769e-10  3.00000000e-01 
 5.66950000e-01  1.63378769e-10  3.00000000e-01 
 5.67050000e-01  1.63378769e-10  3.00000000e-01 
 5.67150000e-01  1.63378769e-10  3.00000000e-01 
 5.67250000e-01  1.63378769e-10  3.00000000e-01 
 5.67350000e-01  1.63378769e-10  3.00000000e-01 
 5.67450000e-01  1.63378769e-10  3.00000000e-01 
 5.67550000e-01  1.63378769e-10  3.00000000e-01 
 5.67650000e-01  1.63378769e-10  3.00000000e-01 
 5.67750000e-01  1.63378769e-10  3.00000000e-01 
 5.67850000e-01  1.63378769e-10  3.00000000e-01 
 5.67950000e-01  1.63378769e-10  3.00000000e-01 
 5.68050000e-01  1.63378769e-10  3.00000000e-01 
 5.68150000e-01  1.63378769e-10  3.00000000e-01 
 5.68250000e-01  1.63378769e-10  3.00000000e-01 
 5.68350000e-01  1.63378769e-10  3.00000000e-01 
 5.68450000e-01  1.63378769e-10  3.00000000e-01 
 5.68550000e-01  1.63378769e-10  3.00000000e-01 
 5.68650000e-01  1.63378769e-10  3.00000000e-01 
 5.68750000e-01  1.63378769e-10  3.00000000e-01 
 5.68850000e-01  1.63378769e-10  3.00000000e-01 
 5.68950000e-01  1.63378769e-10  3.00000000e-01 
 5.69050000e-01  1.63378769e-10  3.00000000e-01 
 5.69150000e-01  1.63378769e-10  3.00000000e-01 
 5.69250000e-01  1.63378769e-10  3.00000000e-01 
 5.69350000e-01  1.63378769e-10  3.00000000e-01 
 5.69450000e-01  1.63378769e-10  3.00000000e-01 
 5.69550000e-01  1.63378769e-10  3.00000000e-01 
 5.69650000e-01  1.63378769e-10  3.00000000e-01 
 5.69750000e-01  1.63378769e-10  3.00000000e-01 
 5.69850000e-01  1.63378769e-10  3.00000000e-01 
 5.69950000e-01  1.63378769e-10  3.00000000e-01 
 5.70050000e-01  1.63378769e-10  3.00000000e-01 
 5.70150000e-01  1.63378769e-10  3.00000000e-01 
 5.70250000e-01  1.63378769e-10  3.00000000e-01 
 5.70350000e-01  1.63378769e-10  3.00000000e-01 
 5.70450000e-01  1.63378769e-10  3.00000000e-01 
 5.70550000e-01  1.63378769e-10  3.00000000e-01 
 5.70650000e-01  1.63378769e-10  3.00000000e-01 
 5.70750000e-01  1.63378769e-10  3.00000000e-01 
 5.70850000e-01  1.63378769e-10  3.00000000e-01 
 5.70950000e-01  1.63378769e-10  3.00000000e-01 
 5.71050000e-01  1.63378769e-10  3.00000000e-01 
 5.71150000e-01  1.63378769e-10  3.00000000e-01 
 5.71250000e-01  1.63378769e-10  3.00000000e-01 
 5.71350000e-01  1.63378769e-10  3.00000000e-01 
 5.71450000e-01  1.63378769e-10  3.00000000e-01 
 5.71550000e-01  1.63378769e-10  3.00000000e-01 
 5.71650000e-01  1.63378769e-10  3.00000000e-01 
 5.71750000e-01  1.63378769e-10  3.00000000e-01 
 5.71850000e-01  1.63378769e-10  3.00000000e-01 
 5.71950000e-01  1.63378769e-10  3.00000000e-01 
 5.72050000e-01  1.63378769e-10  3.00000000e-01 
 5.72150000e-01  1.63378769e-10  3.00000000e-01 
 5.72250000e-01  1.63378769e-10  3.00000000e-01 
 5.72350000e-01  1.63378769e-10  3.00000000e-01 
 5.72450000e-01  1.63378769e-10  3.00000000e-01 
 5.72550000e-01  1.63378769e-10  3.00000000e-01 
 5.72650000e-01  1.63378769e-10  3.00000000e-01 
 5.72750000e-01  1.63378769e-10  3.00000000e-01 
 5.72850000e-01  1.63378769e-10  3.00000000e-01 
 5.72950000e-01  1.63378769e-10  3.00000000e-01 
 5.73050000e-01  1.63378769e-10  3.00000000e-01 
 5.73150000e-01  1.63378769e-10  3.00000000e-01 
 5.73250000e-01  1.63378769e-10  3.00000000e-01 
 5.73350000e-01  1.63378769e-10  3.00000000e-01 
 5.73450000e-01  1.63378769e-10  3.00000000e-01 
 5.73550000e-01  1.63378769e-10  3.00000000e-01 
 5.73650000e-01  1.63378769e-10  3.00000000e-01 
 5.73750000e-01  1.63378769e-10  3.00000000e-01 
 5.73850000e-01  1.63378769e-10  3.00000000e-01 
 5.73950000e-01  1.63378769e-10  3.00000000e-01 
 5.74050000e-01  1.63378769e-10  3.00000000e-01 
 5.74150000e-01  1.63378769e-10  3.00000000e-01 
 5.74250000e-01  1.63378769e-10  3.00000000e-01 
 5.74350000e-01  1.63378769e-10  3.00000000e-01 
 5.74450000e-01  1.63378769e-10  3.00000000e-01 
 5.74550000e-01  1.63378769e-10  3.00000000e-01 
 5.74650000e-01  1.63378769e-10  3.00000000e-01 
 5.74750000e-01  1.63378769e-10  3.00000000e-01 
 5.74850000e-01  1.63378769e-10  3.00000000e-01 
 5.74950000e-01  1.63378769e-10  3.00000000e-01 
 5.75050000e-01  1.63378769e-10  3.00000000e-01 
 5.75150000e-01  1.63378769e-10  3.00000000e-01 
 5.75250000e-01  1.63378769e-10  3.00000000e-01 
 5.75350000e-01  1.63378769e-10  3.00000000e-01 
 5.75450000e-01  1.63378769e-10  3.00000000e-01 
 5.75550000e-01  1.63378769e-10  3.00000000e-01 
 5.75650000e-01  1.63378769e-10  3.00000000e-01 
 5.75750000e-01  1.63378769e-10  3.00000000e-01 
 5.75850000e-01  1.63378769e-10  3.00000000e-01 
 5.75950000e-01  1.63378769e-10  3.00000000e-01 
 5.76050000e-01  1.63378769e-10  3.00000000e-01 
 5.76150000e-01  1.63378769e-10  3.00000000e-01 
 5.76250000e-01  1.63378769e-10  3.00000000e-01 
 5.76350000e-01  1.63378769e-10  3.00000000e-01 
 5.76450000e-01  1.63378769e-10  3.00000000e-01 
 5.76550000e-01  1.63378769e-10  3.00000000e-01 
 5.76650000e-01  1.63378769e-10  3.00000000e-01 
 5.76750000e-01  1.63378769e-10  3.00000000e-01 
 5.76850000e-01  1.63378769e-10  3.00000000e-01 
 5.76950000e-01  1.63378769e-10  3.00000000e-01 
 5.77050000e-01  1.63378769e-10  3.00000000e-01 
 5.77150000e-01  1.63378769e-10  3.00000000e-01 
 5.77250000e-01  1.63378769e-10  3.00000000e-01 
 5.77350000e-01  1.63378769e-10  3.00000000e-01 
 5.77450000e-01  1.63378769e-10  3.00000000e-01 
 5.77550000e-01  1.63378769e-10  3.00000000e-01 
 5.77650000e-01  1.63378769e-10  3.00000000e-01 
 5.77750000e-01  1.63378769e-10  3.00000000e-01 
 5.77850000e-01  1.63378769e-10  3.00000000e-01 
 5.77950000e-01  1.63378769e-10  3.00000000e-01 
 5.78050000e-01  1.63378769e-10  3.00000000e-01 
 5.78150000e-01  1.63378769e-10  3.00000000e-01 
 5.78250000e-01  1.63378769e-10  3.00000000e-01 
 5.78350000e-01  1.63378769e-10  3.00000000e-01 
 5.78450000e-01  1.63378769e-10  3.00000000e-01 
 5.78550000e-01  1.63378769e-10  3.00000000e-01 
 5.78650000e-01  1.63378769e-10  3.00000000e-01 
 5.78750000e-01  1.63378769e-10  3.00000000e-01 
 5.78850000e-01  1.63378769e-10  3.00000000e-01 
 5.78950000e-01  1.63378769e-10  3.00000000e-01 
 5.79050000e-01  1.63378769e-10  3.00000000e-01 
 5.79150000e-01  1.63378769e-10  3.00000000e-01 
 5.79250000e-01  1.63378769e-10  3.00000000e-01 
 5.79350000e-01  1.63378769e-10  3.00000000e-01 
 5.79450000e-01  1.63378769e-10  3.00000000e-01 
 5.79550000e-01  1.63378769e-10  3.00000000e-01 
 5.79650000e-01  1.63378769e-10  3.00000000e-01 
 5.79750000e-01  1.63378769e-10  3.00000000e-01 
 5.79850000e-01  1.63378769e-10  3.00000000e-01 
 5.79950000e-01  1.63378769e-10  3.00000000e-01 
 5.80050000e-01  1.63378769e-10  3.00000000e-01 
 5.80150000e-01  1.63378769e-10  3.00000000e-01 
 5.80250000e-01  1.63378769e-10  3.00000000e-01 
 5.80350000e-01  1.63378769e-10  3.00000000e-01 
 5.80450000e-01  1.63378769e-10  3.00000000e-01 
 5.80550000e-01  1.63378769e-10  3.00000000e-01 
 5.80650000e-01  1.63378769e-10  3.00000000e-01 
 5.80750000e-01  1.63378769e-10  3.00000000e-01 
 5.80850000e-01  1.63378769e-10  3.00000000e-01 
 5.80950000e-01  1.63378769e-10  3.00000000e-01 
 5.81050000e-01  1.63378769e-10  3.00000000e-01 
 5.81150000e-01  1.63378769e-10  3.00000000e-01 
 5.81250000e-01  1.63378769e-10  3.00000000e-01 
 5.81350000e-01  1.63378769e-10  3.00000000e-01 
 5.81450000e-01  1.63378769e-10  3.00000000e-01 
 5.81550000e-01  1.63378769e-10  3.00000000e-01 
 5.81650000e-01  1.63378769e-10  3.00000000e-01 
 5.81750000e-01  1.63378769e-10  3.00000000e-01 
 5.81850000e-01  1.63378769e-10  3.00000000e-01 
 5.81950000e-01  1.63378769e-10  3.00000000e-01 
 5.82050000e-01  1.63378769e-10  3.00000000e-01 
 5.82150000e-01  1.63378769e-10  3.00000000e-01 
 5.82250000e-01  1.63378769e-10  3.00000000e-01 
 5.82350000e-01  1.63378769e-10  3.00000000e-01 
 5.82450000e-01  1.63378769e-10  3.00000000e-01 
 5.82550000e-01  1.63378769e-10  3.00000000e-01 
 5.82650000e-01  1.63378769e-10  3.00000000e-01 
 5.82750000e-01  1.63378769e-10  3.00000000e-01 
 5.82850000e-01  1.63378769e-10  3.00000000e-01 
 5.82950000e-01  1.63378769e-10  3.00000000e-01 
 5.83050000e-01  1.63378769e-10  3.00000000e-01 
 5.83150000e-01  1.63378769e-10  3.00000000e-01 
 5.83250000e-01  1.63378769e-10  3.00000000e-01 
 5.83350000e-01  1.63378769e-10  3.00000000e-01 
 5.83450000e-01  1.63378769e-10  3.00000000e-01 
 5.83550000e-01  1.63378769e-10  3.00000000e-01 
 5.83650000e-01  1.63378769e-10  3.00000000e-01 
 5.83750000e-01  1.63378769e-10  3.00000000e-01 
 5.83850000e-01  1.63378769e-10  3.00000000e-01 
 5.83950000e-01  1.63378769e-10  3.00000000e-01 
 5.84050000e-01  1.63378769e-10  3.00000000e-01 
 5.84150000e-01  1.63378769e-10  3.00000000e-01 
 5.84250000e-01  1.63378769e-10  3.00000000e-01 
 5.84350000e-01  1.63378769e-10  3.00000000e-01 
 5.84450000e-01  1.63378769e-10  3.00000000e-01 
 5.84550000e-01  1.63378769e-10  3.00000000e-01 
 5.84650000e-01  1.63378769e-10  3.00000000e-01 
 5.84750000e-01  1.63378769e-10  3.00000000e-01 
 5.84850000e-01  1.63378769e-10  3.00000000e-01 
 5.84950000e-01  1.63378769e-10  3.00000000e-01 
 5.85050000e-01  1.63378769e-10  3.00000000e-01 
 5.85150000e-01  1.63378769e-10  3.00000000e-01 
 5.85250000e-01  1.63378769e-10  3.00000000e-01 
 5.85350000e-01  1.63378769e-10  3.00000000e-01 
 5.85450000e-01  1.63378769e-10  3.00000000e-01 
 5.85550000e-01  1.63378769e-10  3.00000000e-01 
 5.85650000e-01  1.63378769e-10  3.00000000e-01 
 5.85750000e-01  1.63378769e-10  3.00000000e-01 
 5.85850000e-01  1.63378769e-10  3.00000000e-01 
 5.85950000e-01  1.63378769e-10  3.00000000e-01 
 5.86050000e-01  1.63378769e-10  3.00000000e-01 
 5.86150000e-01  1.63378769e-10  3.00000000e-01 
 5.86250000e-01  1.63378769e-10  3.00000000e-01 
 5.86350000e-01  1.63378769e-10  3.00000000e-01 
 5.86450000e-01  1.63378769e-10  3.00000000e-01 
 5.86550000e-01  1.63378769e-10  3.00000000e-01 
 5.86650000e-01  1.63378769e-10  3.00000000e-01 
 5.86750000e-01  1.63378769e-10  3.00000000e-01 
 5.86850000e-01  1.63378769e-10  3.00000000e-01 
 5.86950000e-01  1.63378769e-10  3.00000000e-01 
 5.87050000e-01  1.63378769e-10  3.00000000e-01 
 5.87150000e-01  1.63378769e-10  3.00000000e-01 
 5.87250000e-01  1.63378769e-10  3.00000000e-01 
 5.87350000e-01  1.63378769e-10  3.00000000e-01 
 5.87450000e-01  1.63378769e-10  3.00000000e-01 
 5.87550000e-01  1.63378769e-10  3.00000000e-01 
 5.87650000e-01  1.63378769e-10  3.00000000e-01 
 5.87750000e-01  1.63378769e-10  3.00000000e-01 
 5.87850000e-01  1.63378769e-10  3.00000000e-01 
 5.87950000e-01  1.63378769e-10  3.00000000e-01 
 5.88050000e-01  1.63378769e-10  3.00000000e-01 
 5.88150000e-01  1.63378769e-10  3.00000000e-01 
 5.88250000e-01  1.63378769e-10  3.00000000e-01 
 5.88350000e-01  1.63378769e-10  3.00000000e-01 
 5.88450000e-01  1.63378769e-10  3.00000000e-01 
 5.88550000e-01  1.63378769e-10  3.00000000e-01 
 5.88650000e-01  1.63378769e-10  3.00000000e-01 
 5.88750000e-01  1.63378769e-10  3.00000000e-01 
 5.88850000e-01  1.63378769e-10  3.00000000e-01 
 5.88950000e-01  1.63378769e-10  3.00000000e-01 
 5.89050000e-01  1.63378769e-10  3.00000000e-01 
 5.89150000e-01  1.63378769e-10  3.00000000e-01 
 5.89250000e-01  1.63378769e-10  3.00000000e-01 
 5.89350000e-01  1.63378769e-10  3.00000000e-01 
 5.89450000e-01  1.63378769e-10  3.00000000e-01 
 5.89550000e-01  1.63378769e-10  3.00000000e-01 
 5.89650000e-01  1.63378769e-10  3.00000000e-01 
 5.89750000e-01  1.63378769e-10  3.00000000e-01 
 5.89850000e-01  1.63378769e-10  3.00000000e-01 
 5.89950000e-01  1.63378769e-10  3.00000000e-01 
 5.90050000e-01  1.63378769e-10  3.00000000e-01 
 5.90150000e-01  1.63378769e-10  3.00000000e-01 
 5.90250000e-01  1.63378769e-10  3.00000000e-01 
 5.90350000e-01  1.63378769e-10  3.00000000e-01 
 5.90450000e-01  1.63378769e-10  3.00000000e-01 
 5.90550000e-01  1.63378769e-10  3.00000000e-01 
 5.90650000e-01  1.63378769e-10  3.00000000e-01 
 5.90750000e-01  1.63378769e-10  3.00000000e-01 
 5.90850000e-01  1.63378769e-10  3.00000000e-01 
 5.90950000e-01  1.63378769e-10  3.00000000e-01 
 5.91050000e-01  1.63378769e-10  3.00000000e-01 
 5.91150000e-01  1.63378769e-10  3.00000000e-01 
 5.91250000e-01  1.63378769e-10  3.00000000e-01 
 5.91350000e-01  1.63378769e-10  3.00000000e-01 
 5.91450000e-01  1.63378769e-10  3.00000000e-01 
 5.91550000e-01  1.63378769e-10  3.00000000e-01 
 5.91650000e-01  1.63378769e-10  3.00000000e-01 
 5.91750000e-01  1.63378769e-10  3.00000000e-01 
 5.91850000e-01  1.63378769e-10  3.00000000e-01 
 5.91950000e-01  1.63378769e-10  3.00000000e-01 
 5.92050000e-01  1.63378769e-10  3.00000000e-01 
 5.92150000e-01  1.63378769e-10  3.00000000e-01 
 5.92250000e-01  1.63378769e-10  3.00000000e-01 
 5.92350000e-01  1.63378769e-10  3.00000000e-01 
 5.92450000e-01  1.63378769e-10  3.00000000e-01 
 5.92550000e-01  1.63378769e-10  3.00000000e-01 
 5.92650000e-01  1.63378769e-10  3.00000000e-01 
 5.92750000e-01  1.63378769e-10  3.00000000e-01 
 5.92850000e-01  1.63378769e-10  3.00000000e-01 
 5.92950000e-01  1.63378769e-10  3.00000000e-01 
 5.93050000e-01  1.63378769e-10  3.00000000e-01 
 5.93150000e-01  1.63378769e-10  3.00000000e-01 
 5.93250000e-01  1.63378769e-10  3.00000000e-01 
 5.93350000e-01  1.63378769e-10  3.00000000e-01 
 5.93450000e-01  1.63378769e-10  3.00000000e-01 
 5.93550000e-01  1.63378769e-10  3.00000000e-01 
 5.93650000e-01  1.63378769e-10  3.00000000e-01 
 5.93750000e-01  1.63378769e-10  3.00000000e-01 
 5.93850000e-01  1.63378769e-10  3.00000000e-01 
 5.93950000e-01  1.63378769e-10  3.00000000e-01 
 5.94050000e-01  1.63378769e-10  3.00000000e-01 
 5.94150000e-01  1.63378769e-10  3.00000000e-01 
 5.94250000e-01  1.63378769e-10  3.00000000e-01 
 5.94350000e-01  1.63378769e-10  3.00000000e-01 
 5.94450000e-01  1.63378769e-10  3.00000000e-01 
 5.94550000e-01  1.63378769e-10  3.00000000e-01 
 5.94650000e-01  1.63378769e-10  3.00000000e-01 
 5.94750000e-01  1.63378769e-10  3.00000000e-01 
 5.94850000e-01  1.63378769e-10  3.00000000e-01 
 5.94950000e-01  1.63378769e-10  3.00000000e-01 
 5.95050000e-01  1.63378769e-10  3.00000000e-01 
 5.95150000e-01  1.63378769e-10  3.00000000e-01 
 5.95250000e-01  1.63378769e-10  3.00000000e-01 
 5.95350000e-01  1.63378769e-10  3.00000000e-01 
 5.95450000e-01  1.63378769e-10  3.00000000e-01 
 5.95550000e-01  1.63378769e-10  3.00000000e-01 
 5.95650000e-01  1.63378769e-10  3.00000000e-01 
 5.95750000e-01  1.63378769e-10  3.00000000e-01 
 5.95850000e-01  1.63378769e-10  3.00000000e-01 
 5.95950000e-01  1.63378769e-10  3.00000000e-01 
 5.96050000e-01  1.63378769e-10  3.00000000e-01 
 5.96150000e-01  1.63378769e-10  3.00000000e-01 
 5.96250000e-01  1.63378769e-10  3.00000000e-01 
 5.96350000e-01  1.63378769e-10  3.00000000e-01 
 5.96450000e-01  1.63378769e-10  3.00000000e-01 
 5.96550000e-01  1.63378769e-10  3.00000000e-01 
 5.96650000e-01  1.63378769e-10  3.00000000e-01 
 5.96750000e-01  1.63378769e-10  3.00000000e-01 
 5.96850000e-01  1.63378769e-10  3.00000000e-01 
 5.96950000e-01  1.63378769e-10  3.00000000e-01 
 5.97050000e-01  1.63378769e-10  3.00000000e-01 
 5.97150000e-01  1.63378769e-10  3.00000000e-01 
 5.97250000e-01  1.63378769e-10  3.00000000e-01 
 5.97350000e-01  1.63378769e-10  3.00000000e-01 
 5.97450000e-01  1.63378769e-10  3.00000000e-01 
 5.97550000e-01  1.63378769e-10  3.00000000e-01 
 5.97650000e-01  1.63378769e-10  3.00000000e-01 
 5.97750000e-01  1.63378769e-10  3.00000000e-01 
 5.97850000e-01  1.63378769e-10  3.00000000e-01 
 5.97950000e-01  1.63378769e-10  3.00000000e-01 
 5.98050000e-01  1.63378769e-10  3.00000000e-01 
 5.98150000e-01  1.63378769e-10  3.00000000e-01 
 5.98250000e-01  1.63378769e-10  3.00000000e-01 
 5.98350000e-01  1.63378769e-10  3.00000000e-01 
 5.98450000e-01  1.63378769e-10  3.00000000e-01 
 5.98550000e-01  1.63378769e-10  3.00000000e-01 
 5.98650000e-01  1.63378769e-10  3.00000000e-01 
 5.98750000e-01  1.63378769e-10  3.00000000e-01 
 5.98850000e-01  1.63378769e-10  3.00000000e-01 
 5.98950000e-01  1.63378769e-10  3.00000000e-01 
 5.99050000e-01  1.63378769e-10  3.00000000e-01 
 5.99150000e-01  1.63378769e-10  3.00000000e-01 
 5.99250000e-01  1.63378769e-10  3.00000000e-01 
 5.99350000e-01  1.63378769e-10  3.00000000e-01 
 5.99450000e-01  1.63378769e-10  3.00000000e-01 
 5.99550000e-01  1.63378769e-10  3.00000000e-01 
 5.99650000e-01  1.63378769e-10  3.00000000e-01 
 5.99750000e-01  1.63378769e-10  3.00000000e-01 
 5.99850000e-01  1.63378769e-10  3.00000000e-01 
 5.99950000e-01  1.63378769e-10  3.00000000e-01 
 6.00050000e-01  1.63378769e-10  3.00000000e-01 
 6.00150000e-01  1.63378769e-10  3.00000000e-01 
 6.00250000e-01  1.63378769e-10  3.00000000e-01 
 6.00350000e-01  1.63378769e-10  3.00000000e-01 
 6.00450000e-01  1.63378769e-10  3.00000000e-01 
 6.00550000e-01  1.63378769e-10  3.00000000e-01 
 6.00650000e-01  1.63378769e-10  3.00000000e-01 
 6.00750000e-01  1.63378769e-10  3.00000000e-01 
 6.00850000e-01  1.63378769e-10  3.00000000e-01 
 6.00950000e-01  1.63378769e-10  3.00000000e-01 
 6.01050000e-01  1.63378769e-10  3.00000000e-01 
 6.01150000e-01  1.63378769e-10  3.00000000e-01 
 6.01250000e-01  1.63378769e-10  3.00000000e-01 
 6.01350000e-01  1.63378769e-10  3.00000000e-01 
 6.01450000e-01  1.63378769e-10  3.00000000e-01 
 6.01550000e-01  1.63378769e-10  3.00000000e-01 
 6.01650000e-01  1.63378769e-10  3.00000000e-01 
 6.01750000e-01  1.63378769e-10  3.00000000e-01 
 6.01850000e-01  1.63378769e-10  3.00000000e-01 
 6.01950000e-01  1.63378769e-10  3.00000000e-01 
 6.02050000e-01  1.63378769e-10  3.00000000e-01 
 6.02150000e-01  1.63378769e-10  3.00000000e-01 
 6.02250000e-01  1.63378769e-10  3.00000000e-01 
 6.02350000e-01  1.63378769e-10  3.00000000e-01 
 6.02450000e-01  1.63378769e-10  3.00000000e-01 
 6.02550000e-01  1.63378769e-10  3.00000000e-01 
 6.02650000e-01  1.63378769e-10  3.00000000e-01 
 6.02750000e-01  1.63378769e-10  3.00000000e-01 
 6.02850000e-01  1.63378769e-10  3.00000000e-01 
 6.02950000e-01  1.63378769e-10  3.00000000e-01 
 6.03050000e-01  1.63378769e-10  3.00000000e-01 
 6.03150000e-01  1.63378769e-10  3.00000000e-01 
 6.03250000e-01  1.63378769e-10  3.00000000e-01 
 6.03350000e-01  1.63378769e-10  3.00000000e-01 
 6.03450000e-01  1.63378769e-10  3.00000000e-01 
 6.03550000e-01  1.63378769e-10  3.00000000e-01 
 6.03650000e-01  1.63378769e-10  3.00000000e-01 
 6.03750000e-01  1.63378769e-10  3.00000000e-01 
 6.03850000e-01  1.63378769e-10  3.00000000e-01 
 6.03950000e-01  1.63378769e-10  3.00000000e-01 
 6.04050000e-01  1.63378769e-10  3.00000000e-01 
 6.04150000e-01  1.63378769e-10  3.00000000e-01 
 6.04250000e-01  1.63378769e-10  3.00000000e-01 
 6.04350000e-01  1.63378769e-10  3.00000000e-01 
 6.04450000e-01  1.63378769e-10  3.00000000e-01 
 6.04550000e-01  1.63378769e-10  3.00000000e-01 
 6.04650000e-01  1.63378769e-10  3.00000000e-01 
 6.04750000e-01  1.63378769e-10  3.00000000e-01 
 6.04850000e-01  1.63378769e-10  3.00000000e-01 
 6.04950000e-01  1.63378769e-10  3.00000000e-01 
 6.05050000e-01  1.63378769e-10  3.00000000e-01 
 6.05150000e-01  1.63378769e-10  3.00000000e-01 
 6.05250000e-01  1.63378769e-10  3.00000000e-01 
 6.05350000e-01  1.63378769e-10  3.00000000e-01 
 6.05450000e-01  1.63378769e-10  3.00000000e-01 
 6.05550000e-01  1.63378769e-10  3.00000000e-01 
 6.05650000e-01  1.63378769e-10  3.00000000e-01 
 6.05750000e-01  1.63378769e-10  3.00000000e-01 
 6.05850000e-01  1.63378769e-10  3.00000000e-01 
 6.05950000e-01  1.63378769e-10  3.00000000e-01 
 6.06050000e-01  1.63378769e-10  3.00000000e-01 
 6.06150000e-01  1.63378769e-10  3.00000000e-01 
 6.06250000e-01  1.63378769e-10  3.00000000e-01 
 6.06350000e-01  1.63378769e-10  3.00000000e-01 
 6.06450000e-01  1.63378769e-10  3.00000000e-01 
 6.06550000e-01  1.63378769e-10  3.00000000e-01 
 6.06650000e-01  1.63378769e-10  3.00000000e-01 
 6.06750000e-01  1.63378769e-10  3.00000000e-01 
 6.06850000e-01  1.63378769e-10  3.00000000e-01 
 6.06950000e-01  1.63378769e-10  3.00000000e-01 
 6.07050000e-01  1.63378769e-10  3.00000000e-01 
 6.07150000e-01  1.63378769e-10  3.00000000e-01 
 6.07250000e-01  1.63378769e-10  3.00000000e-01 
 6.07350000e-01  1.63378769e-10  3.00000000e-01 
 6.07450000e-01  1.63378769e-10  3.00000000e-01 
 6.07550000e-01  1.63378769e-10  3.00000000e-01 
 6.07650000e-01  1.63378769e-10  3.00000000e-01 
 6.07750000e-01  1.63378769e-10  3.00000000e-01 
 6.07850000e-01  1.63378769e-10  3.00000000e-01 
 6.07950000e-01  1.63378769e-10  3.00000000e-01 
 6.08050000e-01  1.63378769e-10  3.00000000e-01 
 6.08150000e-01  1.63378769e-10  3.00000000e-01 
 6.08250000e-01  1.63378769e-10  3.00000000e-01 
 6.08350000e-01  1.63378769e-10  3.00000000e-01 
 6.08450000e-01  1.63378769e-10  3.00000000e-01 
 6.08550000e-01  1.63378769e-10  3.00000000e-01 
 6.08650000e-01  1.63378769e-10  3.00000000e-01 
 6.08750000e-01  1.63378769e-10  3.00000000e-01 
 6.08850000e-01  1.63378769e-10  3.00000000e-01 
 6.08950000e-01  1.63378769e-10  3.00000000e-01 
 6.09050000e-01  1.63378769e-10  3.00000000e-01 
 6.09150000e-01  1.63378769e-10  3.00000000e-01 
 6.09250000e-01  1.63378769e-10  3.00000000e-01 
 6.09350000e-01  1.63378769e-10  3.00000000e-01 
 6.09450000e-01  1.63378769e-10  3.00000000e-01 
 6.09550000e-01  1.63378769e-10  3.00000000e-01 
 6.09650000e-01  1.63378769e-10  3.00000000e-01 
 6.09750000e-01  1.63378769e-10  3.00000000e-01 
 6.09850000e-01  1.63378769e-10  3.00000000e-01 
 6.09950000e-01  1.63378769e-10  3.00000000e-01 
 6.10050000e-01  1.63378769e-10  3.00000000e-01 
 6.10150000e-01  1.63378769e-10  3.00000000e-01 
 6.10250000e-01  1.63378769e-10  3.00000000e-01 
 6.10350000e-01  1.63378769e-10  3.00000000e-01 
 6.10450000e-01  1.63378769e-10  3.00000000e-01 
 6.10550000e-01  1.63378769e-10  3.00000000e-01 
 6.10650000e-01  1.63378769e-10  3.00000000e-01 
 6.10750000e-01  1.63378769e-10  3.00000000e-01 
 6.10850000e-01  1.63378769e-10  3.00000000e-01 
 6.10950000e-01  1.63378769e-10  3.00000000e-01 
 6.11050000e-01  1.63378769e-10  3.00000000e-01 
 6.11150000e-01  1.63378769e-10  3.00000000e-01 
 6.11250000e-01  1.63378769e-10  3.00000000e-01 
 6.11350000e-01  1.63378769e-10  3.00000000e-01 
 6.11450000e-01  1.63378769e-10  3.00000000e-01 
 6.11550000e-01  1.63378769e-10  3.00000000e-01 
 6.11650000e-01  1.63378769e-10  3.00000000e-01 
 6.11750000e-01  1.63378769e-10  3.00000000e-01 
 6.11850000e-01  1.63378769e-10  3.00000000e-01 
 6.11950000e-01  1.63378769e-10  3.00000000e-01 
 6.12050000e-01  1.63378769e-10  3.00000000e-01 
 6.12150000e-01  1.63378769e-10  3.00000000e-01 
 6.12250000e-01  1.63378769e-10  3.00000000e-01 
 6.12350000e-01  1.63378769e-10  3.00000000e-01 
 6.12450000e-01  1.63378769e-10  3.00000000e-01 
 6.12550000e-01  1.63378769e-10  3.00000000e-01 
 6.12650000e-01  1.63378769e-10  3.00000000e-01 
 6.12750000e-01  1.63378769e-10  3.00000000e-01 
 6.12850000e-01  1.63378769e-10  3.00000000e-01 
 6.12950000e-01  1.63378769e-10  3.00000000e-01 
 6.13050000e-01  1.63378769e-10  3.00000000e-01 
 6.13150000e-01  1.63378769e-10  3.00000000e-01 
 6.13250000e-01  1.63378769e-10  3.00000000e-01 
 6.13350000e-01  1.63378769e-10  3.00000000e-01 
 6.13450000e-01  1.63378769e-10  3.00000000e-01 
 6.13550000e-01  1.63378769e-10  3.00000000e-01 
 6.13650000e-01  1.63378769e-10  3.00000000e-01 
 6.13750000e-01  1.63378769e-10  3.00000000e-01 
 6.13850000e-01  1.63378769e-10  3.00000000e-01 
 6.13950000e-01  1.63378769e-10  3.00000000e-01 
 6.14050000e-01  1.63378769e-10  3.00000000e-01 
 6.14150000e-01  1.63378769e-10  3.00000000e-01 
 6.14250000e-01  1.63378769e-10  3.00000000e-01 
 6.14350000e-01  1.63378769e-10  3.00000000e-01 
 6.14450000e-01  1.63378769e-10  3.00000000e-01 
 6.14550000e-01  1.63378769e-10  3.00000000e-01 
 6.14650000e-01  1.63378769e-10  3.00000000e-01 
 6.14750000e-01  1.63378769e-10  3.00000000e-01 
 6.14850000e-01  1.63378769e-10  3.00000000e-01 
 6.14950000e-01  1.63378769e-10  3.00000000e-01 
 6.15050000e-01  1.63378769e-10  3.00000000e-01 
 6.15150000e-01  1.63378769e-10  3.00000000e-01 
 6.15250000e-01  1.63378769e-10  3.00000000e-01 
 6.15350000e-01  1.63378769e-10  3.00000000e-01 
 6.15450000e-01  1.63378769e-10  3.00000000e-01 
 6.15550000e-01  1.63378769e-10  3.00000000e-01 
 6.15650000e-01  1.63378769e-10  3.00000000e-01 
 6.15750000e-01  1.63378769e-10  3.00000000e-01 
 6.15850000e-01  1.63378769e-10  3.00000000e-01 
 6.15950000e-01  1.63378769e-10  3.00000000e-01 
 6.16050000e-01  1.63378769e-10  3.00000000e-01 
 6.16150000e-01  1.63378769e-10  3.00000000e-01 
 6.16250000e-01  1.63378769e-10  3.00000000e-01 
 6.16350000e-01  1.63378769e-10  3.00000000e-01 
 6.16450000e-01  1.63378769e-10  3.00000000e-01 
 6.16550000e-01  1.63378769e-10  3.00000000e-01 
 6.16650000e-01  1.63378769e-10  3.00000000e-01 
 6.16750000e-01  1.63378769e-10  3.00000000e-01 
 6.16850000e-01  1.63378769e-10  3.00000000e-01 
 6.16950000e-01  1.63378769e-10  3.00000000e-01 
 6.17050000e-01  1.63378769e-10  3.00000000e-01 
 6.17150000e-01  1.63378769e-10  3.00000000e-01 
 6.17250000e-01  1.63378769e-10  3.00000000e-01 
 6.17350000e-01  1.63378769e-10  3.00000000e-01 
 6.17450000e-01  1.63378769e-10  3.00000000e-01 
 6.17550000e-01  1.63378769e-10  3.00000000e-01 
 6.17650000e-01  1.63378769e-10  3.00000000e-01 
 6.17750000e-01  1.63378769e-10  3.00000000e-01 
 6.17850000e-01  1.63378769e-10  3.00000000e-01 
 6.17950000e-01  1.63378769e-10  3.00000000e-01 
 6.18050000e-01  1.63378769e-10  3.00000000e-01 
 6.18150000e-01  1.63378769e-10  3.00000000e-01 
 6.18250000e-01  1.63378769e-10  3.00000000e-01 
 6.18350000e-01  1.63378769e-10  3.00000000e-01 
 6.18450000e-01  1.63378769e-10  3.00000000e-01 
 6.18550000e-01  1.63378769e-10  3.00000000e-01 
 6.18650000e-01  1.63378769e-10  3.00000000e-01 
 6.18750000e-01  1.63378769e-10  3.00000000e-01 
 6.18850000e-01  1.63378769e-10  3.00000000e-01 
 6.18950000e-01  1.63378769e-10  3.00000000e-01 
 6.19050000e-01  1.63378769e-10  3.00000000e-01 
 6.19150000e-01  1.63378769e-10  3.00000000e-01 
 6.19250000e-01  1.63378769e-10  3.00000000e-01 
 6.19350000e-01  1.63378769e-10  3.00000000e-01 
 6.19450000e-01  1.63378769e-10  3.00000000e-01 
 6.19550000e-01  1.63378769e-10  3.00000000e-01 
 6.19650000e-01  1.63378769e-10  3.00000000e-01 
 6.19750000e-01  1.63378769e-10  3.00000000e-01 
 6.19850000e-01  1.63378769e-10  3.00000000e-01 
 6.19950000e-01  1.63378769e-10  3.00000000e-01 
 6.20050000e-01  1.63378769e-10  3.00000000e-01 
 6.20150000e-01  1.63378769e-10  3.00000000e-01 
 6.20250000e-01  1.63378769e-10  3.00000000e-01 
 6.20350000e-01  1.63378769e-10  3.00000000e-01 
 6.20450000e-01  1.63378769e-10  3.00000000e-01 
 6.20550000e-01  1.63378769e-10  3.00000000e-01 
 6.20650000e-01  1.63378769e-10  3.00000000e-01 
 6.20750000e-01  1.63378769e-10  3.00000000e-01 
 6.20850000e-01  1.63378769e-10  3.00000000e-01 
 6.20950000e-01  1.63378769e-10  3.00000000e-01 
 6.21050000e-01  1.63378769e-10  3.00000000e-01 
 6.21150000e-01  1.63378769e-10  3.00000000e-01 
 6.21250000e-01  1.63378769e-10  3.00000000e-01 
 6.21350000e-01  1.63378769e-10  3.00000000e-01 
 6.21450000e-01  1.63378769e-10  3.00000000e-01 
 6.21550000e-01  1.63378769e-10  3.00000000e-01 
 6.21650000e-01  1.63378769e-10  3.00000000e-01 
 6.21750000e-01  1.63378769e-10  3.00000000e-01 
 6.21850000e-01  1.63378769e-10  3.00000000e-01 
 6.21950000e-01  1.63378769e-10  3.00000000e-01 
 6.22050000e-01  1.63378769e-10  3.00000000e-01 
 6.22150000e-01  1.63378769e-10  3.00000000e-01 
 6.22250000e-01  1.63378769e-10  3.00000000e-01 
 6.22350000e-01  1.63378769e-10  3.00000000e-01 
 6.22450000e-01  1.63378769e-10  3.00000000e-01 
 6.22550000e-01  1.63378769e-10  3.00000000e-01 
 6.22650000e-01  1.63378769e-10  3.00000000e-01 
 6.22750000e-01  1.63378769e-10  3.00000000e-01 
 6.22850000e-01  1.63378769e-10  3.00000000e-01 
 6.22950000e-01  1.63378769e-10  3.00000000e-01 
 6.23050000e-01  1.63378769e-10  3.00000000e-01 
 6.23150000e-01  1.63378769e-10  3.00000000e-01 
 6.23250000e-01  1.63378769e-10  3.00000000e-01 
 6.23350000e-01  1.63378769e-10  3.00000000e-01 
 6.23450000e-01  1.63378769e-10  3.00000000e-01 
 6.23550000e-01  1.63378769e-10  3.00000000e-01 
 6.23650000e-01  1.63378769e-10  3.00000000e-01 
 6.23750000e-01  1.63378769e-10  3.00000000e-01 
 6.23850000e-01  1.63378769e-10  3.00000000e-01 
 6.23950000e-01  1.63378769e-10  3.00000000e-01 
 6.24050000e-01  1.63378769e-10  3.00000000e-01 
 6.24150000e-01  1.63378769e-10  3.00000000e-01 
 6.24250000e-01  1.63378769e-10  3.00000000e-01 
 6.24350000e-01  1.63378769e-10  3.00000000e-01 
 6.24450000e-01  1.63378769e-10  3.00000000e-01 
 6.24550000e-01  1.63378769e-10  3.00000000e-01 
 6.24650000e-01  1.63378769e-10  3.00000000e-01 
 6.24750000e-01  1.63378769e-10  3.00000000e-01 
 6.24850000e-01  1.63378769e-10  3.00000000e-01 
 6.24950000e-01  1.63378769e-10  3.00000000e-01 
 6.25050000e-01  1.63378769e-10  3.00000000e-01 
 6.25150000e-01  1.63378769e-10  3.00000000e-01 
 6.25250000e-01  1.63378769e-10  3.00000000e-01 
 6.25350000e-01  1.63378769e-10  3.00000000e-01 
 6.25450000e-01  1.63378769e-10  3.00000000e-01 
 6.25550000e-01  1.63378769e-10  3.00000000e-01 
 6.25650000e-01  1.63378769e-10  3.00000000e-01 
 6.25750000e-01  1.63378769e-10  3.00000000e-01 
 6.25850000e-01  1.63378769e-10  3.00000000e-01 
 6.25950000e-01  1.63378769e-10  3.00000000e-01 
 6.26050000e-01  1.63378769e-10  3.00000000e-01 
 6.26150000e-01  1.63378769e-10  3.00000000e-01 
 6.26250000e-01  1.63378769e-10  3.00000000e-01 
 6.26350000e-01  1.63378769e-10  3.00000000e-01 
 6.26450000e-01  1.63378769e-10  3.00000000e-01 
 6.26550000e-01  1.63378769e-10  3.00000000e-01 
 6.26650000e-01  1.63378769e-10  3.00000000e-01 
 6.26750000e-01  1.63378769e-10  3.00000000e-01 
 6.26850000e-01  1.63378769e-10  3.00000000e-01 
 6.26950000e-01  1.63378769e-10  3.00000000e-01 
 6.27050000e-01  1.63378769e-10  3.00000000e-01 
 6.27150000e-01  1.63378769e-10  3.00000000e-01 
 6.27250000e-01  1.63378769e-10  3.00000000e-01 
 6.27350000e-01  1.63378769e-10  3.00000000e-01 
 6.27450000e-01  1.63378769e-10  3.00000000e-01 
 6.27550000e-01  1.63378769e-10  3.00000000e-01 
 6.27650000e-01  1.63378769e-10  3.00000000e-01 
 6.27750000e-01  1.63378769e-10  3.00000000e-01 
 6.27850000e-01  1.63378769e-10  3.00000000e-01 
 6.27950000e-01  1.63378769e-10  3.00000000e-01 
 6.28050000e-01  1.63378769e-10  3.00000000e-01 
 6.28150000e-01  1.63378769e-10  3.00000000e-01 
 6.28250000e-01  1.63378769e-10  3.00000000e-01 
 6.28350000e-01  1.63378769e-10  3.00000000e-01 
 6.28450000e-01  1.63378769e-10  3.00000000e-01 
 6.28550000e-01  1.63378769e-10  3.00000000e-01 
 6.28650000e-01  1.63378769e-10  3.00000000e-01 
 6.28750000e-01  1.63378769e-10  3.00000000e-01 
 6.28850000e-01  1.63378769e-10  3.00000000e-01 
 6.28950000e-01  1.63378769e-10  3.00000000e-01 
 6.29050000e-01  1.63378769e-10  3.00000000e-01 
 6.29150000e-01  1.63378769e-10  3.00000000e-01 
 6.29250000e-01  1.63378769e-10  3.00000000e-01 
 6.29350000e-01  1.63378769e-10  3.00000000e-01 
 6.29450000e-01  1.63378769e-10  3.00000000e-01 
 6.29550000e-01  1.63378769e-10  3.00000000e-01 
 6.29650000e-01  1.63378769e-10  3.00000000e-01 
 6.29750000e-01  1.63378769e-10  3.00000000e-01 
 6.29850000e-01  1.63378769e-10  3.00000000e-01 
 6.29950000e-01  1.63378769e-10  3.00000000e-01 
 6.30050000e-01  1.63378769e-10  3.00000000e-01 
 6.30150000e-01  1.63378769e-10  3.00000000e-01 
 6.30250000e-01  1.63378769e-10  3.00000000e-01 
 6.30350000e-01  1.63378769e-10  3.00000000e-01 
 6.30450000e-01  1.63378769e-10  3.00000000e-01 
 6.30550000e-01  1.63378769e-10  3.00000000e-01 
 6.30650000e-01  1.63378769e-10  3.00000000e-01 
 6.30750000e-01  1.63378769e-10  3.00000000e-01 
 6.30850000e-01  1.63378769e-10  3.00000000e-01 
 6.30950000e-01  1.63378769e-10  3.00000000e-01 
 6.31050000e-01  1.63378769e-10  3.00000000e-01 
 6.31150000e-01  1.63378769e-10  3.00000000e-01 
 6.31250000e-01  1.63378769e-10  3.00000000e-01 
 6.31350000e-01  1.63378769e-10  3.00000000e-01 
 6.31450000e-01  1.63378769e-10  3.00000000e-01 
 6.31550000e-01  1.63378769e-10  3.00000000e-01 
 6.31650000e-01  1.63378769e-10  3.00000000e-01 
 6.31750000e-01  1.63378769e-10  3.00000000e-01 
 6.31850000e-01  1.63378769e-10  3.00000000e-01 
 6.31950000e-01  1.63378769e-10  3.00000000e-01 
 6.32050000e-01  1.63378769e-10  3.00000000e-01 
 6.32150000e-01  1.63378769e-10  3.00000000e-01 
 6.32250000e-01  1.63378769e-10  3.00000000e-01 
 6.32350000e-01  1.63378769e-10  3.00000000e-01 
 6.32450000e-01  1.63378769e-10  3.00000000e-01 
 6.32550000e-01  1.63378769e-10  3.00000000e-01 
 6.32650000e-01  1.63378769e-10  3.00000000e-01 
 6.32750000e-01  1.63378769e-10  3.00000000e-01 
 6.32850000e-01  1.63378769e-10  3.00000000e-01 
 6.32950000e-01  1.63378769e-10  3.00000000e-01 
 6.33050000e-01  1.63378769e-10  3.00000000e-01 
 6.33150000e-01  1.63378769e-10  3.00000000e-01 
 6.33250000e-01  1.63378769e-10  3.00000000e-01 
 6.33350000e-01  1.63378769e-10  3.00000000e-01 
 6.33450000e-01  1.63378769e-10  3.00000000e-01 
 6.33550000e-01  1.63378769e-10  3.00000000e-01 
 6.33650000e-01  1.63378769e-10  3.00000000e-01 
 6.33750000e-01  1.63378769e-10  3.00000000e-01 
 6.33850000e-01  1.63378769e-10  3.00000000e-01 
 6.33950000e-01  1.63378769e-10  3.00000000e-01 
 6.34050000e-01  1.63378769e-10  3.00000000e-01 
 6.34150000e-01  1.63378769e-10  3.00000000e-01 
 6.34250000e-01  1.63378769e-10  3.00000000e-01 
 6.34350000e-01  1.63378769e-10  3.00000000e-01 
 6.34450000e-01  1.63378769e-10  3.00000000e-01 
 6.34550000e-01  1.63378769e-10  3.00000000e-01 
 6.34650000e-01  1.63378769e-10  3.00000000e-01 
 6.34750000e-01  1.63378769e-10  3.00000000e-01 
 6.34850000e-01  1.63378769e-10  3.00000000e-01 
 6.34950000e-01  1.63378769e-10  3.00000000e-01 
 6.35050000e-01  1.63378769e-10  3.00000000e-01 
 6.35150000e-01  1.63378769e-10  3.00000000e-01 
 6.35250000e-01  1.63378769e-10  3.00000000e-01 
 6.35350000e-01  1.63378769e-10  3.00000000e-01 
 6.35450000e-01  1.63378769e-10  3.00000000e-01 
 6.35550000e-01  1.63378769e-10  3.00000000e-01 
 6.35650000e-01  1.63378769e-10  3.00000000e-01 
 6.35750000e-01  1.63378769e-10  3.00000000e-01 
 6.35850000e-01  1.63378769e-10  3.00000000e-01 
 6.35950000e-01  1.63378769e-10  3.00000000e-01 
 6.36050000e-01  1.63378769e-10  3.00000000e-01 
 6.36150000e-01  1.63378769e-10  3.00000000e-01 
 6.36250000e-01  1.63378769e-10  3.00000000e-01 
 6.36350000e-01  1.63378769e-10  3.00000000e-01 
 6.36450000e-01  1.63378769e-10  3.00000000e-01 
 6.36550000e-01  1.63378769e-10  3.00000000e-01 
 6.36650000e-01  1.63378769e-10  3.00000000e-01 
 6.36750000e-01  1.63378769e-10  3.00000000e-01 
 6.36850000e-01  1.63378769e-10  3.00000000e-01 
 6.36950000e-01  1.63378769e-10  3.00000000e-01 
 6.37050000e-01  1.63378769e-10  3.00000000e-01 
 6.37150000e-01  1.63378769e-10  3.00000000e-01 
 6.37250000e-01  1.63378769e-10  3.00000000e-01 
 6.37350000e-01  1.63378769e-10  3.00000000e-01 
 6.37450000e-01  1.63378769e-10  3.00000000e-01 
 6.37550000e-01  1.63378769e-10  3.00000000e-01 
 6.37650000e-01  1.63378769e-10  3.00000000e-01 
 6.37750000e-01  1.63378769e-10  3.00000000e-01 
 6.37850000e-01  1.63378769e-10  3.00000000e-01 
 6.37950000e-01  1.63378769e-10  3.00000000e-01 
 6.38050000e-01  1.63378769e-10  3.00000000e-01 
 6.38150000e-01  1.63378769e-10  3.00000000e-01 
 6.38250000e-01  1.63378769e-10  3.00000000e-01 
 6.38350000e-01  1.63378769e-10  3.00000000e-01 
 6.38450000e-01  1.63378769e-10  3.00000000e-01 
 6.38550000e-01  1.63378769e-10  3.00000000e-01 
 6.38650000e-01  1.63378769e-10  3.00000000e-01 
 6.38750000e-01  1.63378769e-10  3.00000000e-01 
 6.38850000e-01  1.63378769e-10  3.00000000e-01 
 6.38950000e-01  1.63378769e-10  3.00000000e-01 
 6.39050000e-01  1.63378769e-10  3.00000000e-01 
 6.39150000e-01  1.63378769e-10  3.00000000e-01 
 6.39250000e-01  1.63378769e-10  3.00000000e-01 
 6.39350000e-01  1.63378769e-10  3.00000000e-01 
 6.39450000e-01  1.63378769e-10  3.00000000e-01 
 6.39550000e-01  1.63378769e-10  3.00000000e-01 
 6.39650000e-01  1.63378769e-10  3.00000000e-01 
 6.39750000e-01  1.63378769e-10  3.00000000e-01 
 6.39850000e-01  1.63378769e-10  3.00000000e-01 
 6.39950000e-01  1.63378769e-10  3.00000000e-01 
 6.40000000e-01  1.63378769e-10  3.00000000e-01 
 6.40010000e-01  1.73012547e-10  3.00120000e-01 
 6.40030000e-01  9.53097173e-11  3.00360000e-01 
 6.40070000e-01  2.91718980e-11  3.00840000e-01 
 6.40150000e-01  7.93434886e-12  3.01800000e-01 
 6.40250000e-01  1.16081507e-11  3.03000000e-01 
 6.40350000e-01  1.09422795e-11  3.04200000e-01 
 6.40450000e-01  5.90987172e-12  3.05400000e-01 
 6.40550000e-01 -6.20605462e-13  3.06600000e-01 
 6.40650000e-01 -7.64509810e-12  3.07800000e-01 
 6.40750000e-01 -1.50167666e-11  3.09000000e-01 
 6.40850000e-01 -2.27713912e-11  3.10200000e-01 
 6.40950000e-01 -3.09583740e-11  3.11400000e-01 
 6.41050000e-01 -3.96214532e-11  3.12600000e-01 
 6.41150000e-01 -4.88029462e-11  3.13800000e-01 
 6.41250000e-01 -5.85471883e-11  3.15000000e-01 
 6.41350000e-01 -6.89035305e-11  3.16200000e-01 
 6.41450000e-01 -7.99271731e-11  3.17400000e-01 
 6.41550000e-01 -9.16805047e-11  3.18600000e-01 
 6.41650000e-01 -1.04234146e-10  3.19800000e-01 
 6.41750000e-01 -1.17668108e-10  3.21000000e-01 
 6.41850000e-01 -1.32073892e-10  3.22200000e-01 
 6.41950000e-01 -1.47556206e-10  3.23400000e-01 
 6.42050000e-01 -1.64235632e-10  3.24600000e-01 
 6.42150000e-01 -1.82251720e-10  3.25800000e-01 
 6.42250000e-01 -2.01766933e-10  3.27000000e-01 
 6.42350000e-01 -2.22971418e-10  3.28200000e-01 
 6.42450000e-01 -2.46089040e-10  3.29400000e-01 
 6.42550000e-01 -2.71385697e-10  3.30600000e-01 
 6.42650000e-01 -2.99178775e-10  3.31800000e-01 
 6.42750000e-01 -3.29850481e-10  3.33000000e-01 
 6.42850000e-01 -3.63864972e-10  3.34200000e-01 
 6.42950000e-01 -4.01791165e-10  3.35400000e-01 
 6.43050000e-01 -4.44332678e-10  3.36600000e-01 
 6.43150000e-01 -4.92369405e-10  3.37800000e-01 
 6.43250000e-01 -5.47014048e-10  3.39000000e-01 
 6.43350000e-01 -6.09690594e-10  3.40200000e-01 
 6.43450000e-01 -6.82246019e-10  3.41400000e-01 
 6.43550000e-01 -7.67108767e-10  3.42600000e-01 
 6.43650000e-01 -8.67519744e-10  3.43800000e-01 
 6.43750000e-01 -9.87871701e-10  3.45000000e-01 
 6.43850000e-01 -1.13421309e-09  3.46200000e-01 
 6.43950000e-01 -1.31500399e-09  3.47400000e-01 
 6.44050000e-01 -1.54224976e-09  3.48600000e-01 
 6.44150000e-01 -1.83318646e-09  3.49800000e-01 
 6.44250000e-01 -2.21271325e-09  3.51000000e-01 
 6.44350000e-01 -2.71668538e-09  3.52200000e-01 
 6.44450000e-01 -3.39582061e-09  3.53400000e-01 
 6.44550000e-01 -4.31917349e-09  3.54600000e-01 
 6.44650000e-01 -5.57529127e-09  3.55800000e-01 
 6.44750000e-01 -7.27029946e-09  3.57000000e-01 
 6.44850000e-01 -9.52810424e-09  3.58200000e-01 
 6.44950000e-01 -1.25064781e-08  3.59400000e-01 
 6.45050000e-01 -1.64457309e-08  3.60600000e-01 
 6.45150000e-01 -2.17676034e-08  3.61800000e-01 
 6.45250000e-01 -2.92668405e-08  3.63000000e-01 
 6.45350000e-01 -4.05250561e-08  3.64200000e-01 
 6.45450000e-01 -5.89224864e-08  3.65400000e-01 
 6.45550000e-01 -9.23886406e-08  3.66600000e-01 
 6.45650000e-01 -1.61657884e-07  3.67800000e-01 
 6.45750000e-01 -3.26682828e-07  3.69000000e-01 
 6.45850000e-01 -7.49661104e-07  3.70200000e-01 
 6.45950000e-01 -8.09074276e-07  3.71400000e-01 
 6.46050000e-01  6.92736184e-05  3.72600000e-01 
 6.46150000e-01  4.58713713e-03  3.73800000e-01 
 6.46250000e-01  8.34054698e-01  3.75000000e-01 
 6.46350000e-01  8.99421175e-01  3.76200000e-01 
 6.46450000e-01  8.99951897e-01  3.77400000e-01 
 6.46550000e-01  8.99958326e-01  3.78600000e-01 
 6.46650000e-01  8.99960422e-01  3.79800000e-01 
 6.46750000e-01  8.99957922e-01  3.81000000e-01 
 6.46850000e-01  8.99957133e-01  3.82200000e-01 
 6.46950000e-01  8.99958813e-01  3.83400000e-01 
 6.47050000e-01  8.99960898e-01  3.84600000e-01 
 6.47150000e-01  8.99962627e-01  3.85800000e-01 
 6.47250000e-01  8.99963956e-01  3.87000000e-01 
 6.47350000e-01  8.99965095e-01  3.88200000e-01 
 6.47450000e-01  8.99966154e-01  3.89400000e-01 
 6.47550000e-01  8.99967149e-01  3.90600000e-01 
 6.47650000e-01  8.99968070e-01  3.91800000e-01 
 6.47750000e-01  8.99968917e-01  3.93000000e-01 
 6.47850000e-01  8.99969695e-01  3.94200000e-01 
 6.47950000e-01  8.99970416e-01  3.95400000e-01 
 6.48050000e-01  8.99971085e-01  3.96600000e-01 
 6.48150000e-01  8.99971708e-01  3.97800000e-01 
 6.48250000e-01  8.99972288e-01  3.99000000e-01 
 6.48350000e-01  8.99972830e-01  4.00200000e-01 
 6.48450000e-01  8.99973338e-01  4.01400000e-01 
 6.48550000e-01  8.99973813e-01  4.02600000e-01 
 6.48650000e-01  8.99974259e-01  4.03800000e-01 
 6.48750000e-01  8.99974679e-01  4.05000000e-01 
 6.48850000e-01  8.99975074e-01  4.06200000e-01 
 6.48950000e-01  8.99975446e-01  4.07400000e-01 
 6.49050000e-01  8.99975797e-01  4.08600000e-01 
 6.49150000e-01  8.99976128e-01  4.09800000e-01 
 6.49250000e-01  8.99976442e-01  4.11000000e-01 
 6.49350000e-01  8.99976739e-01  4.12200000e-01 
 6.49450000e-01  8.99977020e-01  4.13400000e-01 
 6.49550000e-01  8.99977287e-01  4.14600000e-01 
 6.49650000e-01  8.99977540e-01  4.15800000e-01 
 6.49750000e-01  8.99977781e-01  4.17000000e-01 
 6.49850000e-01  8.99978009e-01  4.18200000e-01 
 6.49950000e-01  8.99978227e-01  4.19400000e-01 
 6.50000000e-01  8.99978331e-01  4.20000000e-01 
 6.50010000e-01  8.99978331e-01  4.20000000e-01 
 6.50030000e-01  8.99978450e-01  4.20000000e-01 
 6.50070000e-01  8.99978581e-01  4.20000000e-01 
 6.50150000e-01  8.99978615e-01  4.20000000e-01 
 6.50250000e-01  8.99978558e-01  4.20000000e-01 
 6.50350000e-01  8.99978528e-01  4.20000000e-01 
 6.50450000e-01  8.99978530e-01  4.20000000e-01 
 6.50550000e-01  8.99978538e-01  4.20000000e-01 
 6.50650000e-01  8.99978541e-01  4.20000000e-01 
 6.50750000e-01  8.99978540e-01  4.20000000e-01 
 6.50850000e-01  8.99978539e-01  4.20000000e-01 
 6.50950000e-01  8.99978539e-01  4.20000000e-01 
 6.51050000e-01  8.99978539e-01  4.20000000e-01 
 6.51150000e-01  8.99978539e-01  4.20000000e-01 
 6.51250000e-01  8.99978539e-01  4.20000000e-01 
 6.51350000e-01  8.99978539e-01  4.20000000e-01 
 6.51450000e-01  8.99978539e-01  4.20000000e-01 
 6.51550000e-01  8.99978539e-01  4.20000000e-01 
 6.51650000e-01  8.99978539e-01  4.20000000e-01 
 6.51750000e-01  8.99978539e-01  4.20000000e-01 
 6.51850000e-01  8.99978539e-01  4.20000000e-01 
 6.51950000e-01  8.99978539e-01  4.20000000e-01 
 6.52050000e-01  8.99978539e-01  4.20000000e-01 
 6.52150000e-01  8.99978539e-01  4.20000000e-01 
 6.52250000e-01  8.99978539e-01  4.20000000e-01 
 6.52350000e-01  8.99978539e-01  4.20000000e-01 
 6.52450000e-01  8.99978539e-01  4.20000000e-01 
 6.52550000e-01  8.99978539e-01  4.20000000e-01 
 6.52650000e-01  8.99978539e-01  4.20000000e-01 
 6.52750000e-01  8.99978539e-01  4.20000000e-01 
 6.52850000e-01  8.99978539e-01  4.20000000e-01 
 6.52950000e-01  8.99978539e-01  4.20000000e-01 
 6.53050000e-01  8.99978539e-01  4.20000000e-01 
 6.53150000e-01  8.99978539e-01  4.20000000e-01 
 6.53250000e-01  8.99978539e-01  4.20000000e-01 
 6.53350000e-01  8.99978539e-01  4.20000000e-01 
 6.53450000e-01  8.99978539e-01  4.20000000e-01 
 6.53550000e-01  8.99978539e-01  4.20000000e-01 
 6.53650000e-01  8.99978539e-01  4.20000000e-01 
 6.53750000e-01  8.99978539e-01  4.20000000e-01 
 6.53850000e-01  8.99978539e-01  4.20000000e-01 
 6.53950000e-01  8.99978539e-01  4.20000000e-01 
 6.54050000e-01  8.99978539e-01  4.20000000e-01 
 6.54150000e-01  8.99978539e-01  4.20000000e-01 
 6.54250000e-01  8.99978539e-01  4.20000000e-01 
 6.54350000e-01  8.99978539e-01  4.20000000e-01 
 6.54450000e-01  8.99978539e-01  4.20000000e-01 
 6.54550000e-01  8.99978539e-01  4.20000000e-01 
 6.54650000e-01  8.99978539e-01  4.20000000e-01 
 6.54750000e-01  8.99978539e-01  4.20000000e-01 
 6.54850000e-01  8.99978539e-01  4.20000000e-01 
 6.54950000e-01  8.99978539e-01  4.20000000e-01 
 6.55050000e-01  8.99978539e-01  4.20000000e-01 
 6.55150000e-01  8.99978539e-01  4.20000000e-01 
 6.55250000e-01  8.99978539e-01  4.20000000e-01 
 6.55350000e-01  8.99978539e-01  4.20000000e-01 
 6.55450000e-01  8.99978539e-01  4.20000000e-01 
 6.55550000e-01  8.99978539e-01  4.20000000e-01 
 6.55650000e-01  8.99978539e-01  4.20000000e-01 
 6.55750000e-01  8.99978539e-01  4.20000000e-01 
 6.55850000e-01  8.99978539e-01  4.20000000e-01 
 6.55950000e-01  8.99978539e-01  4.20000000e-01 
 6.56050000e-01  8.99978539e-01  4.20000000e-01 
 6.56150000e-01  8.99978539e-01  4.20000000e-01 
 6.56250000e-01  8.99978539e-01  4.20000000e-01 
 6.56350000e-01  8.99978539e-01  4.20000000e-01 
 6.56450000e-01  8.99978539e-01  4.20000000e-01 
 6.56550000e-01  8.99978539e-01  4.20000000e-01 
 6.56650000e-01  8.99978539e-01  4.20000000e-01 
 6.56750000e-01  8.99978539e-01  4.20000000e-01 
 6.56850000e-01  8.99978539e-01  4.20000000e-01 
 6.56950000e-01  8.99978539e-01  4.20000000e-01 
 6.57050000e-01  8.99978539e-01  4.20000000e-01 
 6.57150000e-01  8.99978539e-01  4.20000000e-01 
 6.57250000e-01  8.99978539e-01  4.20000000e-01 
 6.57350000e-01  8.99978539e-01  4.20000000e-01 
 6.57450000e-01  8.99978539e-01  4.20000000e-01 
 6.57550000e-01  8.99978539e-01  4.20000000e-01 
 6.57650000e-01  8.99978539e-01  4.20000000e-01 
 6.57750000e-01  8.99978539e-01  4.20000000e-01 
 6.57850000e-01  8.99978539e-01  4.20000000e-01 
 6.57950000e-01  8.99978539e-01  4.20000000e-01 
 6.58050000e-01  8.99978539e-01  4.20000000e-01 
 6.58150000e-01  8.99978539e-01  4.20000000e-01 
 6.58250000e-01  8.99978539e-01  4.20000000e-01 
 6.58350000e-01  8.99978539e-01  4.20000000e-01 
 6.58450000e-01  8.99978539e-01  4.20000000e-01 
 6.58550000e-01  8.99978539e-01  4.20000000e-01 
 6.58650000e-01  8.99978539e-01  4.20000000e-01 
 6.58750000e-01  8.99978539e-01  4.20000000e-01 
 6.58850000e-01  8.99978539e-01  4.20000000e-01 
 6.58950000e-01  8.99978539e-01  4.20000000e-01 
 6.59050000e-01  8.99978539e-01  4.20000000e-01 
 6.59150000e-01  8.99978539e-01  4.20000000e-01 
 6.59250000e-01  8.99978539e-01  4.20000000e-01 
 6.59350000e-01  8.99978539e-01  4.20000000e-01 
 6.59450000e-01  8.99978539e-01  4.20000000e-01 
 6.59550000e-01  8.99978539e-01  4.20000000e-01 
 6.59650000e-01  8.99978539e-01  4.20000000e-01 
 6.59750000e-01  8.99978539e-01  4.20000000e-01 
 6.59850000e-01  8.99978539e-01  4.20000000e-01 
 6.59950000e-01  8.99978539e-01  4.20000000e-01 
 6.60050000e-01  8.99978539e-01  4.20000000e-01 
 6.60150000e-01  8.99978539e-01  4.20000000e-01 
 6.60250000e-01  8.99978539e-01  4.20000000e-01 
 6.60350000e-01  8.99978539e-01  4.20000000e-01 
 6.60450000e-01  8.99978539e-01  4.20000000e-01 
 6.60550000e-01  8.99978539e-01  4.20000000e-01 
 6.60650000e-01  8.99978539e-01  4.20000000e-01 
 6.60750000e-01  8.99978539e-01  4.20000000e-01 
 6.60850000e-01  8.99978539e-01  4.20000000e-01 
 6.60950000e-01  8.99978539e-01  4.20000000e-01 
 6.61050000e-01  8.99978539e-01  4.20000000e-01 
 6.61150000e-01  8.99978539e-01  4.20000000e-01 
 6.61250000e-01  8.99978539e-01  4.20000000e-01 
 6.61350000e-01  8.99978539e-01  4.20000000e-01 
 6.61450000e-01  8.99978539e-01  4.20000000e-01 
 6.61550000e-01  8.99978539e-01  4.20000000e-01 
 6.61650000e-01  8.99978539e-01  4.20000000e-01 
 6.61750000e-01  8.99978539e-01  4.20000000e-01 
 6.61850000e-01  8.99978539e-01  4.20000000e-01 
 6.61950000e-01  8.99978539e-01  4.20000000e-01 
 6.62050000e-01  8.99978539e-01  4.20000000e-01 
 6.62150000e-01  8.99978539e-01  4.20000000e-01 
 6.62250000e-01  8.99978539e-01  4.20000000e-01 
 6.62350000e-01  8.99978539e-01  4.20000000e-01 
 6.62450000e-01  8.99978539e-01  4.20000000e-01 
 6.62550000e-01  8.99978539e-01  4.20000000e-01 
 6.62650000e-01  8.99978539e-01  4.20000000e-01 
 6.62750000e-01  8.99978539e-01  4.20000000e-01 
 6.62850000e-01  8.99978539e-01  4.20000000e-01 
 6.62950000e-01  8.99978539e-01  4.20000000e-01 
 6.63050000e-01  8.99978539e-01  4.20000000e-01 
 6.63150000e-01  8.99978539e-01  4.20000000e-01 
 6.63250000e-01  8.99978539e-01  4.20000000e-01 
 6.63350000e-01  8.99978539e-01  4.20000000e-01 
 6.63450000e-01  8.99978539e-01  4.20000000e-01 
 6.63550000e-01  8.99978539e-01  4.20000000e-01 
 6.63650000e-01  8.99978539e-01  4.20000000e-01 
 6.63750000e-01  8.99978539e-01  4.20000000e-01 
 6.63850000e-01  8.99978539e-01  4.20000000e-01 
 6.63950000e-01  8.99978539e-01  4.20000000e-01 
 6.64050000e-01  8.99978539e-01  4.20000000e-01 
 6.64150000e-01  8.99978539e-01  4.20000000e-01 
 6.64250000e-01  8.99978539e-01  4.20000000e-01 
 6.64350000e-01  8.99978539e-01  4.20000000e-01 
 6.64450000e-01  8.99978539e-01  4.20000000e-01 
 6.64550000e-01  8.99978539e-01  4.20000000e-01 
 6.64650000e-01  8.99978539e-01  4.20000000e-01 
 6.64750000e-01  8.99978539e-01  4.20000000e-01 
 6.64850000e-01  8.99978539e-01  4.20000000e-01 
 6.64950000e-01  8.99978539e-01  4.20000000e-01 
 6.65050000e-01  8.99978539e-01  4.20000000e-01 
 6.65150000e-01  8.99978539e-01  4.20000000e-01 
 6.65250000e-01  8.99978539e-01  4.20000000e-01 
 6.65350000e-01  8.99978539e-01  4.20000000e-01 
 6.65450000e-01  8.99978539e-01  4.20000000e-01 
 6.65550000e-01  8.99978539e-01  4.20000000e-01 
 6.65650000e-01  8.99978539e-01  4.20000000e-01 
 6.65750000e-01  8.99978539e-01  4.20000000e-01 
 6.65850000e-01  8.99978539e-01  4.20000000e-01 
 6.65950000e-01  8.99978539e-01  4.20000000e-01 
 6.66050000e-01  8.99978539e-01  4.20000000e-01 
 6.66150000e-01  8.99978539e-01  4.20000000e-01 
 6.66250000e-01  8.99978539e-01  4.20000000e-01 
 6.66350000e-01  8.99978539e-01  4.20000000e-01 
 6.66450000e-01  8.99978539e-01  4.20000000e-01 
 6.66550000e-01  8.99978539e-01  4.20000000e-01 
 6.66650000e-01  8.99978539e-01  4.20000000e-01 
 6.66750000e-01  8.99978539e-01  4.20000000e-01 
 6.66850000e-01  8.99978539e-01  4.20000000e-01 
 6.66950000e-01  8.99978539e-01  4.20000000e-01 
 6.67050000e-01  8.99978539e-01  4.20000000e-01 
 6.67150000e-01  8.99978539e-01  4.20000000e-01 
 6.67250000e-01  8.99978539e-01  4.20000000e-01 
 6.67350000e-01  8.99978539e-01  4.20000000e-01 
 6.67450000e-01  8.99978539e-01  4.20000000e-01 
 6.67550000e-01  8.99978539e-01  4.20000000e-01 
 6.67650000e-01  8.99978539e-01  4.20000000e-01 
 6.67750000e-01  8.99978539e-01  4.20000000e-01 
 6.67850000e-01  8.99978539e-01  4.20000000e-01 
 6.67950000e-01  8.99978539e-01  4.20000000e-01 
 6.68050000e-01  8.99978539e-01  4.20000000e-01 
 6.68150000e-01  8.99978539e-01  4.20000000e-01 
 6.68250000e-01  8.99978539e-01  4.20000000e-01 
 6.68350000e-01  8.99978539e-01  4.20000000e-01 
 6.68450000e-01  8.99978539e-01  4.20000000e-01 
 6.68550000e-01  8.99978539e-01  4.20000000e-01 
 6.68650000e-01  8.99978539e-01  4.20000000e-01 
 6.68750000e-01  8.99978539e-01  4.20000000e-01 
 6.68850000e-01  8.99978539e-01  4.20000000e-01 
 6.68950000e-01  8.99978539e-01  4.20000000e-01 
 6.69050000e-01  8.99978539e-01  4.20000000e-01 
 6.69150000e-01  8.99978539e-01  4.20000000e-01 
 6.69250000e-01  8.99978539e-01  4.20000000e-01 
 6.69350000e-01  8.99978539e-01  4.20000000e-01 
 6.69450000e-01  8.99978539e-01  4.20000000e-01 
 6.69550000e-01  8.99978539e-01  4.20000000e-01 
 6.69650000e-01  8.99978539e-01  4.20000000e-01 
 6.69750000e-01  8.99978539e-01  4.20000000e-01 
 6.69850000e-01  8.99978539e-01  4.20000000e-01 
 6.69950000e-01  8.99978539e-01  4.20000000e-01 
 6.70000000e-01  8.99978539e-01  4.20000000e-01 
 6.70010000e-01  8.99978518e-01  4.19880000e-01 
 6.70030000e-01  8.99978596e-01  4.19640000e-01 
 6.70070000e-01  8.99978645e-01  4.19160000e-01 
 6.70150000e-01  8.99978513e-01  4.18200000e-01 
 6.70250000e-01  8.99978237e-01  4.17000000e-01 
 6.70350000e-01  8.99977978e-01  4.15800000e-01 
 6.70450000e-01  8.99977739e-01  4.14600000e-01 
 6.70550000e-01  8.99977494e-01  4.13400000e-01 
 6.70650000e-01  8.99977230e-01  4.12200000e-01 
 6.70750000e-01  8.99976948e-01  4.11000000e-01 
 6.70850000e-01  8.99976649e-01  4.09800000e-01 
 6.70950000e-01  8.99976335e-01  4.08600000e-01 
 6.71050000e-01  8.99976003e-01  4.07400000e-01 
 6.71150000e-01  8.99975652e-01  4.06200000e-01 
 6.71250000e-01  8.99975279e-01  4.05000000e-01 
 6.71350000e-01  8.99974884e-01  4.03800000e-01 
 6.71450000e-01  8.99974464e-01  4.02600000e-01 
 6.71550000e-01  8.99974017e-01  4.01400000e-01 
 6.71650000e-01  8.99973541e-01  4.00200000e-01 
 6.71750000e-01  8.99973034e-01  3.99000000e-01 
 6.71850000e-01  8.99972491e-01  3.97800000e-01 
 6.71950000e-01  8.99971910e-01  3.96600000e-01 
 6.72050000e-01  8.99971287e-01  3.95400000e-01 
 6.72150000e-01  8.99970618e-01  3.94200000e-01 
 6.72250000e-01  8.99969897e-01  3.93000000e-01 
 6.72350000e-01  8.99969118e-01  3.91800000e-01 
 6.72450000e-01  8.99968276e-01  3.90600000e-01 
 6.72550000e-01  8.99967361e-01  3.89400000e-01 
 6.72650000e-01  8.99966366e-01  3.88200000e-01 
 6.72750000e-01  8.99965279e-01  3.87000000e-01 
 6.72850000e-01  8.99964088e-01  3.85800000e-01 
 6.72950000e-01  8.99962778e-01  3.84600000e-01 
 6.73050000e-01  8.99961331e-01  3.83400000e-01 
 6.73150000e-01  8.99959723e-01  3.82200000e-01 
 6.73250000e-01  8.99957929e-01  3.81000000e-01 
 6.73350000e-01  8.99955915e-01  3.79800000e-01 
 6.73450000e-01  8.99953637e-01  3.78600000e-01 
 6.73550000e-01  8.99951043e-01  3.77400000e-01 
 6.73650000e-01  8.99948061e-01  3.76200000e-01 
 6.73750000e-01  8.99944601e-01  3.75000000e-01 
 6.73850000e-01  8.99940537e-01  3.73800000e-01 
 6.73950000e-01  8.99935699e-01  3.72600000e-01 
 6.74050000e-01  8.99929847e-01  3.71400000e-01 
 6.74150000e-01  8.99922628e-01  3.70200000e-01 
 6.74250000e-01  8.99913517e-01  3.69000000e-01 
 6.74350000e-01  8.99901685e-01  3.67800000e-01 
 6.74450000e-01  8.99885775e-01  3.66600000e-01 
 6.74550000e-01  8.99863430e-01  3.65400000e-01 
 6.74650000e-01  8.99830300e-01  3.64200000e-01 
 6.74750000e-01  8.99777733e-01  3.63000000e-01 
 6.74850000e-01  8.99686994e-01  3.61800000e-01 
 6.74950000e-01  8.99513260e-01  3.60600000e-01 
 6.75050000e-01  8.99135838e-01  3.59400000e-01 
 6.75150000e-01  8.98180143e-01  3.58200000e-01 
 6.75250000e-01  8.95262680e-01  3.57000000e-01 
 6.75350000e-01  8.81358830e-01  3.55800000e-01 
 6.75450000e-01  5.47948710e-01  3.54600000e-01 
 6.75550000e-01  2.55378114e-02  3.53400000e-01 
 6.75650000e-01  2.37794005e-03  3.52200000e-01 
 6.75750000e-01  2.48880835e-04  3.51000000e-01 
 6.75850000e-01  2.52506088e-05  3.49800000e-01 
 6.75950000e-01  3.66881661e-06  3.48600000e-01 
 6.76050000e-01  1.42374383e-06  3.47400000e-01 
 6.76150000e-01  4.22445243e-07  3.46200000e-01 
 6.76250000e-01  2.12711745e-07  3.45000000e-01 
 6.76350000e-01  1.19913557e-07  3.43800000e-01 
 6.76450000e-01  7.81682249e-08  3.42600000e-01 
 6.76550000e-01  5.57746441e-08  3.41400000e-01 
 6.76650000e-01  4.18611016e-08  3.40200000e-01 
 6.76750000e-01  2.93194418e-08  3.39000000e-01 
 6.76850000e-01  1.14935557e-08  3.37800000e-01 
 6.76950000e-01  7.11555327e-10  3.36600000e-01 
 6.77050000e-01 -4.59685569e-10  3.35400000e-01 
 6.77150000e-01 -4.16857128e-10  3.34200000e-01 
 6.77250000e-01  3.92623647e-10  3.33000000e-01 
 6.77350000e-01  6.96668634e-10  3.31800000e-01 
 6.77450000e-01  6.93698393e-10  3.30600000e-01 
 6.77550000e-01  6.40699031e-10  3.29400000e-01 
 6.77650000e-01  5.99048129e-10  3.28200000e-01 
 6.77750000e-01  5.69512878e-10  3.27000000e-01 
 6.77850000e-01  5.45631793e-10  3.25800000e-01 
 6.77950000e-01  5.24261469e-10  3.24600000e-01 
 6.78050000e-01  5.04545256e-10  3.23400000e-01 
 6.78150000e-01  4.86294385e-10  3.22200000e-01 
 6.78250000e-01  4.69397521e-10  3.21000000e-01 
 6.78350000e-01  4.53730008e-10  3.19800000e-01 
 6.78450000e-01  4.39168480e-10  3.18600000e-01 
 6.78550000e-01  4.25601879e-10  3.17400000e-01 
 6.78650000e-01  4.12933894e-10  3.16200000e-01 
 6.78750000e-01  4.01080509e-10  3.15000000e-01 
 6.78850000e-01  3.89968318e-10  3.13800000e-01 
 6.78950000e-01  3.79532891e-10  3.12600000e-01 
 6.79050000e-01  3.69716984e-10  3.11400000e-01 
 6.79150000e-01  3.60469986e-10  3.10200000e-01 
 6.79250000e-01  3.51746855e-10  3.09000000e-01 
 6.79350000e-01  3.43507081e-10  3.07800000e-01 
 6.79450000e-01  3.35714405e-10  3.06600000e-01 
 6.79550000e-01  3.28336181e-10  3.05400000e-01 
 6.79650000e-01  3.21342972e-10  3.04200000e-01 
 6.79750000e-01  3.14708032e-10  3.03000000e-01 
 6.79850000e-01  3.08407131e-10  3.01800000e-01 
 6.79950000e-01  3.02418206e-10  3.00600000e-01 
 6.80000000e-01  2.99573268e-10  3.00000000e-01 
 6.80010000e-01  3.08815770e-10  3.00000000e-01 
 6.80030000e-01  2.30444266e-10  3.00000000e-01 
 6.80070000e-01  1.64704325e-10  3.00000000e-01 
 6.80150000e-01  1.47140183e-10  3.00000000e-01 
 6.80250000e-01  1.56784424e-10  3.00000000e-01 
 6.80350000e-01  1.62256585e-10  3.00000000e-01 
 6.80450000e-01  1.63482512e-10  3.00000000e-01 
 6.80550000e-01  1.63515878e-10  3.00000000e-01 
 6.80650000e-01  1.63429602e-10  3.00000000e-01 
 6.80750000e-01  1.63389236e-10  3.00000000e-01 
 6.80850000e-01  1.63378522e-10  3.00000000e-01 
 6.80950000e-01  1.63377487e-10  3.00000000e-01 
 6.81050000e-01  1.63378171e-10  3.00000000e-01 
 6.81150000e-01  1.63378607e-10  3.00000000e-01 
 6.81250000e-01  1.63378754e-10  3.00000000e-01 
 6.81350000e-01  1.63378783e-10  3.00000000e-01 
 6.81450000e-01  1.63378778e-10  3.00000000e-01 
 6.81550000e-01  1.63378771e-10  3.00000000e-01 
 6.81650000e-01  1.63378768e-10  3.00000000e-01 
 6.81750000e-01  1.63378768e-10  3.00000000e-01 
 6.81850000e-01  1.63378768e-10  3.00000000e-01 
 6.81950000e-01  1.63378768e-10  3.00000000e-01 
 6.82050000e-01  1.63378711e-10  3.00000000e-01 
 6.82150000e-01  1.63378769e-10  3.00000000e-01 
 6.82250000e-01  1.63378769e-10  3.00000000e-01 
 6.82350000e-01  1.63378769e-10  3.00000000e-01 
 6.82450000e-01  1.63378769e-10  3.00000000e-01 
 6.82550000e-01  1.63378769e-10  3.00000000e-01 
 6.82650000e-01  1.63378769e-10  3.00000000e-01 
 6.82750000e-01  1.63378769e-10  3.00000000e-01 
 6.82850000e-01  1.63378769e-10  3.00000000e-01 
 6.82950000e-01  1.63378769e-10  3.00000000e-01 
 6.83050000e-01  1.63378769e-10  3.00000000e-01 
 6.83150000e-01  1.63378769e-10  3.00000000e-01 
 6.83250000e-01  1.63378769e-10  3.00000000e-01 
 6.83350000e-01  1.63378769e-10  3.00000000e-01 
 6.83450000e-01  1.63378769e-10  3.00000000e-01 
 6.83550000e-01  1.63378769e-10  3.00000000e-01 
 6.83650000e-01  1.63378769e-10  3.00000000e-01 
 6.83750000e-01  1.63378769e-10  3.00000000e-01 
 6.83850000e-01  1.63378769e-10  3.00000000e-01 
 6.83950000e-01  1.63378769e-10  3.00000000e-01 
 6.84050000e-01  1.63378769e-10  3.00000000e-01 
 6.84150000e-01  1.63378769e-10  3.00000000e-01 
 6.84250000e-01  1.63378769e-10  3.00000000e-01 
 6.84350000e-01  1.63378769e-10  3.00000000e-01 
 6.84450000e-01  1.63378769e-10  3.00000000e-01 
 6.84550000e-01  1.63378769e-10  3.00000000e-01 
 6.84650000e-01  1.63378769e-10  3.00000000e-01 
 6.84750000e-01  1.63378769e-10  3.00000000e-01 
 6.84850000e-01  1.63378769e-10  3.00000000e-01 
 6.84950000e-01  1.63378769e-10  3.00000000e-01 
 6.85050000e-01  1.63378769e-10  3.00000000e-01 
 6.85150000e-01  1.63378769e-10  3.00000000e-01 
 6.85250000e-01  1.63378769e-10  3.00000000e-01 
 6.85350000e-01  1.63378769e-10  3.00000000e-01 
 6.85450000e-01  1.63378769e-10  3.00000000e-01 
 6.85550000e-01  1.63378769e-10  3.00000000e-01 
 6.85650000e-01  1.63378769e-10  3.00000000e-01 
 6.85750000e-01  1.63378769e-10  3.00000000e-01 
 6.85850000e-01  1.63378769e-10  3.00000000e-01 
 6.85950000e-01  1.63378769e-10  3.00000000e-01 
 6.86050000e-01  1.63378769e-10  3.00000000e-01 
 6.86150000e-01  1.63378769e-10  3.00000000e-01 
 6.86250000e-01  1.63378769e-10  3.00000000e-01 
 6.86350000e-01  1.63378769e-10  3.00000000e-01 
 6.86450000e-01  1.63378769e-10  3.00000000e-01 
 6.86550000e-01  1.63378769e-10  3.00000000e-01 
 6.86650000e-01  1.63378769e-10  3.00000000e-01 
 6.86750000e-01  1.63378769e-10  3.00000000e-01 
 6.86850000e-01  1.63378769e-10  3.00000000e-01 
 6.86950000e-01  1.63378769e-10  3.00000000e-01 
 6.87050000e-01  1.63378769e-10  3.00000000e-01 
 6.87150000e-01  1.63378769e-10  3.00000000e-01 
 6.87250000e-01  1.63378769e-10  3.00000000e-01 
 6.87350000e-01  1.63378769e-10  3.00000000e-01 
 6.87450000e-01  1.63378769e-10  3.00000000e-01 
 6.87550000e-01  1.63378769e-10  3.00000000e-01 
 6.87650000e-01  1.63378769e-10  3.00000000e-01 
 6.87750000e-01  1.63378769e-10  3.00000000e-01 
 6.87850000e-01  1.63378769e-10  3.00000000e-01 
 6.87950000e-01  1.63378769e-10  3.00000000e-01 
 6.88050000e-01  1.63378769e-10  3.00000000e-01 
 6.88150000e-01  1.63378769e-10  3.00000000e-01 
 6.88250000e-01  1.63378769e-10  3.00000000e-01 
 6.88350000e-01  1.63378769e-10  3.00000000e-01 
 6.88450000e-01  1.63378769e-10  3.00000000e-01 
 6.88550000e-01  1.63378769e-10  3.00000000e-01 
 6.88650000e-01  1.63378769e-10  3.00000000e-01 
 6.88750000e-01  1.63378769e-10  3.00000000e-01 
 6.88850000e-01  1.63378769e-10  3.00000000e-01 
 6.88950000e-01  1.63378769e-10  3.00000000e-01 
 6.89050000e-01  1.63378769e-10  3.00000000e-01 
 6.89150000e-01  1.63378769e-10  3.00000000e-01 
 6.89250000e-01  1.63378769e-10  3.00000000e-01 
 6.89350000e-01  1.63378769e-10  3.00000000e-01 
 6.89450000e-01  1.63378769e-10  3.00000000e-01 
 6.89550000e-01  1.63378769e-10  3.00000000e-01 
 6.89650000e-01  1.63378769e-10  3.00000000e-01 
 6.89750000e-01  1.63378769e-10  3.00000000e-01 
 6.89850000e-01  1.63378769e-10  3.00000000e-01 
 6.89950000e-01  1.63378769e-10  3.00000000e-01 
 6.90050000e-01  1.63378769e-10  3.00000000e-01 
 6.90150000e-01  1.63378769e-10  3.00000000e-01 
 6.90250000e-01  1.63378769e-10  3.00000000e-01 
 6.90350000e-01  1.63378769e-10  3.00000000e-01 
 6.90450000e-01  1.63378769e-10  3.00000000e-01 
 6.90550000e-01  1.63378769e-10  3.00000000e-01 
 6.90650000e-01  1.63378769e-10  3.00000000e-01 
 6.90750000e-01  1.63378769e-10  3.00000000e-01 
 6.90850000e-01  1.63378769e-10  3.00000000e-01 
 6.90950000e-01  1.63378769e-10  3.00000000e-01 
 6.91050000e-01  1.63378769e-10  3.00000000e-01 
 6.91150000e-01  1.63378769e-10  3.00000000e-01 
 6.91250000e-01  1.63378769e-10  3.00000000e-01 
 6.91350000e-01  1.63378769e-10  3.00000000e-01 
 6.91450000e-01  1.63378769e-10  3.00000000e-01 
 6.91550000e-01  1.63378769e-10  3.00000000e-01 
 6.91650000e-01  1.63378769e-10  3.00000000e-01 
 6.91750000e-01  1.63378769e-10  3.00000000e-01 
 6.91850000e-01  1.63378769e-10  3.00000000e-01 
 6.91950000e-01  1.63378769e-10  3.00000000e-01 
 6.92050000e-01  1.63378769e-10  3.00000000e-01 
 6.92150000e-01  1.63378769e-10  3.00000000e-01 
 6.92250000e-01  1.63378769e-10  3.00000000e-01 
 6.92350000e-01  1.63378769e-10  3.00000000e-01 
 6.92450000e-01  1.63378769e-10  3.00000000e-01 
 6.92550000e-01  1.63378769e-10  3.00000000e-01 
 6.92650000e-01  1.63378769e-10  3.00000000e-01 
 6.92750000e-01  1.63378769e-10  3.00000000e-01 
 6.92850000e-01  1.63378769e-10  3.00000000e-01 
 6.92950000e-01  1.63378769e-10  3.00000000e-01 
 6.93050000e-01  1.63378769e-10  3.00000000e-01 
 6.93150000e-01  1.63378769e-10  3.00000000e-01 
 6.93250000e-01  1.63378769e-10  3.00000000e-01 
 6.93350000e-01  1.63378769e-10  3.00000000e-01 
 6.93450000e-01  1.63378769e-10  3.00000000e-01 
 6.93550000e-01  1.63378769e-10  3.00000000e-01 
 6.93650000e-01  1.63378769e-10  3.00000000e-01 
 6.93750000e-01  1.63378769e-10  3.00000000e-01 
 6.93850000e-01  1.63378769e-10  3.00000000e-01 
 6.93950000e-01  1.63378769e-10  3.00000000e-01 
 6.94050000e-01  1.63378769e-10  3.00000000e-01 
 6.94150000e-01  1.63378769e-10  3.00000000e-01 
 6.94250000e-01  1.63378769e-10  3.00000000e-01 
 6.94350000e-01  1.63378769e-10  3.00000000e-01 
 6.94450000e-01  1.63378769e-10  3.00000000e-01 
 6.94550000e-01  1.63378769e-10  3.00000000e-01 
 6.94650000e-01  1.63378769e-10  3.00000000e-01 
 6.94750000e-01  1.63378769e-10  3.00000000e-01 
 6.94850000e-01  1.63378769e-10  3.00000000e-01 
 6.94950000e-01  1.63378769e-10  3.00000000e-01 
 6.95050000e-01  1.63378769e-10  3.00000000e-01 
 6.95150000e-01  1.63378769e-10  3.00000000e-01 
 6.95250000e-01  1.63378769e-10  3.00000000e-01 
 6.95350000e-01  1.63378769e-10  3.00000000e-01 
 6.95450000e-01  1.63378769e-10  3.00000000e-01 
 6.95550000e-01  1.63378769e-10  3.00000000e-01 
 6.95650000e-01  1.63378769e-10  3.00000000e-01 
 6.95750000e-01  1.63378769e-10  3.00000000e-01 
 6.95850000e-01  1.63378769e-10  3.00000000e-01 
 6.95950000e-01  1.63378769e-10  3.00000000e-01 
 6.96050000e-01  1.63378769e-10  3.00000000e-01 
 6.96150000e-01  1.63378769e-10  3.00000000e-01 
 6.96250000e-01  1.63378769e-10  3.00000000e-01 
 6.96350000e-01  1.63378769e-10  3.00000000e-01 
 6.96450000e-01  1.63378769e-10  3.00000000e-01 
 6.96550000e-01  1.63378769e-10  3.00000000e-01 
 6.96650000e-01  1.63378769e-10  3.00000000e-01 
 6.96750000e-01  1.63378769e-10  3.00000000e-01 
 6.96850000e-01  1.63378769e-10  3.00000000e-01 
 6.96950000e-01  1.63378769e-10  3.00000000e-01 
 6.97050000e-01  1.63378769e-10  3.00000000e-01 
 6.97150000e-01  1.63378769e-10  3.00000000e-01 
 6.97250000e-01  1.63378769e-10  3.00000000e-01 
 6.97350000e-01  1.63378769e-10  3.00000000e-01 
 6.97450000e-01  1.63378769e-10  3.00000000e-01 
 6.97550000e-01  1.63378769e-10  3.00000000e-01 
 6.97650000e-01  1.63378769e-10  3.00000000e-01 
 6.97750000e-01  1.63378769e-10  3.00000000e-01 
 6.97850000e-01  1.63378769e-10  3.00000000e-01 
 6.97950000e-01  1.63378769e-10  3.00000000e-01 
 6.98050000e-01  1.63378769e-10  3.00000000e-01 
 6.98150000e-01  1.63378769e-10  3.00000000e-01 
 6.98250000e-01  1.63378769e-10  3.00000000e-01 
 6.98350000e-01  1.63378769e-10  3.00000000e-01 
 6.98450000e-01  1.63378769e-10  3.00000000e-01 
 6.98550000e-01  1.63378769e-10  3.00000000e-01 
 6.98650000e-01  1.63378769e-10  3.00000000e-01 
 6.98750000e-01  1.63378769e-10  3.00000000e-01 
 6.98850000e-01  1.63378769e-10  3.00000000e-01 
 6.98950000e-01  1.63378769e-10  3.00000000e-01 
 6.99050000e-01  1.63378769e-10  3.00000000e-01 
 6.99150000e-01  1.63378769e-10  3.00000000e-01 
 6.99250000e-01  1.63378769e-10  3.00000000e-01 
 6.99350000e-01  1.63378769e-10  3.00000000e-01 
 6.99450000e-01  1.63378769e-10  3.00000000e-01 
 6.99550000e-01  1.63378769e-10  3.00000000e-01 
 6.99650000e-01  1.63378769e-10  3.00000000e-01 
 6.99750000e-01  1.63378769e-10  3.00000000e-01 
 6.99850000e-01  1.63378769e-10  3.00000000e-01 
 6.99950000e-01  1.63378769e-10  3.00000000e-01 
 7.00050000e-01  1.63378769e-10  3.00000000e-01 
 7.00150000e-01  1.63378769e-10  3.00000000e-01 
 7.00250000e-01  1.63378769e-10  3.00000000e-01 
 7.00350000e-01  1.63378769e-10  3.00000000e-01 
 7.00450000e-01  1.63378769e-10  3.00000000e-01 
 7.00550000e-01  1.63378769e-10  3.00000000e-01 
 7.00650000e-01  1.63378769e-10  3.00000000e-01 
 7.00750000e-01  1.63378769e-10  3.00000000e-01 
 7.00850000e-01  1.63378769e-10  3.00000000e-01 
 7.00950000e-01  1.63378769e-10  3.00000000e-01 
 7.01050000e-01  1.63378769e-10  3.00000000e-01 
 7.01150000e-01  1.63378769e-10  3.00000000e-01 
 7.01250000e-01  1.63378769e-10  3.00000000e-01 
 7.01350000e-01  1.63378769e-10  3.00000000e-01 
 7.01450000e-01  1.63378769e-10  3.00000000e-01 
 7.01550000e-01  1.63378769e-10  3.00000000e-01 
 7.01650000e-01  1.63378769e-10  3.00000000e-01 
 7.01750000e-01  1.63378769e-10  3.00000000e-01 
 7.01850000e-01  1.63378769e-10  3.00000000e-01 
 7.01950000e-01  1.63378769e-10  3.00000000e-01 
 7.02050000e-01  1.63378769e-10  3.00000000e-01 
 7.02150000e-01  1.63378769e-10  3.00000000e-01 
 7.02250000e-01  1.63378769e-10  3.00000000e-01 
 7.02350000e-01  1.63378769e-10  3.00000000e-01 
 7.02450000e-01  1.63378769e-10  3.00000000e-01 
 7.02550000e-01  1.63378769e-10  3.00000000e-01 
 7.02650000e-01  1.63378769e-10  3.00000000e-01 
 7.02750000e-01  1.63378769e-10  3.00000000e-01 
 7.02850000e-01  1.63378769e-10  3.00000000e-01 
 7.02950000e-01  1.63378769e-10  3.00000000e-01 
 7.03050000e-01  1.63378769e-10  3.00000000e-01 
 7.03150000e-01  1.63378769e-10  3.00000000e-01 
 7.03250000e-01  1.63378769e-10  3.00000000e-01 
 7.03350000e-01  1.63378769e-10  3.00000000e-01 
 7.03450000e-01  1.63378769e-10  3.00000000e-01 
 7.03550000e-01  1.63378769e-10  3.00000000e-01 
 7.03650000e-01  1.63378769e-10  3.00000000e-01 
 7.03750000e-01  1.63378769e-10  3.00000000e-01 
 7.03850000e-01  1.63378769e-10  3.00000000e-01 
 7.03950000e-01  1.63378769e-10  3.00000000e-01 
 7.04050000e-01  1.63378769e-10  3.00000000e-01 
 7.04150000e-01  1.63378769e-10  3.00000000e-01 
 7.04250000e-01  1.63378769e-10  3.00000000e-01 
 7.04350000e-01  1.63378769e-10  3.00000000e-01 
 7.04450000e-01  1.63378769e-10  3.00000000e-01 
 7.04550000e-01  1.63378769e-10  3.00000000e-01 
 7.04650000e-01  1.63378769e-10  3.00000000e-01 
 7.04750000e-01  1.63378769e-10  3.00000000e-01 
 7.04850000e-01  1.63378769e-10  3.00000000e-01 
 7.04950000e-01  1.63378769e-10  3.00000000e-01 
 7.05050000e-01  1.63378769e-10  3.00000000e-01 
 7.05150000e-01  1.63378769e-10  3.00000000e-01 
 7.05250000e-01  1.63378769e-10  3.00000000e-01 
 7.05350000e-01  1.63378769e-10  3.00000000e-01 
 7.05450000e-01  1.63378769e-10  3.00000000e-01 
 7.05550000e-01  1.63378769e-10  3.00000000e-01 
 7.05650000e-01  1.63378769e-10  3.00000000e-01 
 7.05750000e-01  1.63378769e-10  3.00000000e-01 
 7.05850000e-01  1.63378769e-10  3.00000000e-01 
 7.05950000e-01  1.63378769e-10  3.00000000e-01 
 7.06050000e-01  1.63378769e-10  3.00000000e-01 
 7.06150000e-01  1.63378769e-10  3.00000000e-01 
 7.06250000e-01  1.63378769e-10  3.00000000e-01 
 7.06350000e-01  1.63378769e-10  3.00000000e-01 
 7.06450000e-01  1.63378769e-10  3.00000000e-01 
 7.06550000e-01  1.63378769e-10  3.00000000e-01 
 7.06650000e-01  1.63378769e-10  3.00000000e-01 
 7.06750000e-01  1.63378769e-10  3.00000000e-01 
 7.06850000e-01  1.63378769e-10  3.00000000e-01 
 7.06950000e-01  1.63378769e-10  3.00000000e-01 
 7.07050000e-01  1.63378769e-10  3.00000000e-01 
 7.07150000e-01  1.63378769e-10  3.00000000e-01 
 7.07250000e-01  1.63378769e-10  3.00000000e-01 
 7.07350000e-01  1.63378769e-10  3.00000000e-01 
 7.07450000e-01  1.63378769e-10  3.00000000e-01 
 7.07550000e-01  1.63378769e-10  3.00000000e-01 
 7.07650000e-01  1.63378769e-10  3.00000000e-01 
 7.07750000e-01  1.63378769e-10  3.00000000e-01 
 7.07850000e-01  1.63378769e-10  3.00000000e-01 
 7.07950000e-01  1.63378769e-10  3.00000000e-01 
 7.08050000e-01  1.63378769e-10  3.00000000e-01 
 7.08150000e-01  1.63378769e-10  3.00000000e-01 
 7.08250000e-01  1.63378769e-10  3.00000000e-01 
 7.08350000e-01  1.63378769e-10  3.00000000e-01 
 7.08450000e-01  1.63378769e-10  3.00000000e-01 
 7.08550000e-01  1.63378769e-10  3.00000000e-01 
 7.08650000e-01  1.63378769e-10  3.00000000e-01 
 7.08750000e-01  1.63378769e-10  3.00000000e-01 
 7.08850000e-01  1.63378769e-10  3.00000000e-01 
 7.08950000e-01  1.63378769e-10  3.00000000e-01 
 7.09050000e-01  1.63378769e-10  3.00000000e-01 
 7.09150000e-01  1.63378769e-10  3.00000000e-01 
 7.09250000e-01  1.63378769e-10  3.00000000e-01 
 7.09350000e-01  1.63378769e-10  3.00000000e-01 
 7.09450000e-01  1.63378769e-10  3.00000000e-01 
 7.09550000e-01  1.63378769e-10  3.00000000e-01 
 7.09650000e-01  1.63378769e-10  3.00000000e-01 
 7.09750000e-01  1.63378769e-10  3.00000000e-01 
 7.09850000e-01  1.63378769e-10  3.00000000e-01 
 7.09950000e-01  1.63378769e-10  3.00000000e-01 
 7.10050000e-01  1.63378769e-10  3.00000000e-01 
 7.10150000e-01  1.63378769e-10  3.00000000e-01 
 7.10250000e-01  1.63378769e-10  3.00000000e-01 
 7.10350000e-01  1.63378769e-10  3.00000000e-01 
 7.10450000e-01  1.63378769e-10  3.00000000e-01 
 7.10550000e-01  1.63378769e-10  3.00000000e-01 
 7.10650000e-01  1.63378769e-10  3.00000000e-01 
 7.10750000e-01  1.63378769e-10  3.00000000e-01 
 7.10850000e-01  1.63378769e-10  3.00000000e-01 
 7.10950000e-01  1.63378769e-10  3.00000000e-01 
 7.11050000e-01  1.63378769e-10  3.00000000e-01 
 7.11150000e-01  1.63378769e-10  3.00000000e-01 
 7.11250000e-01  1.63378769e-10  3.00000000e-01 
 7.11350000e-01  1.63378769e-10  3.00000000e-01 
 7.11450000e-01  1.63378769e-10  3.00000000e-01 
 7.11550000e-01  1.63378769e-10  3.00000000e-01 
 7.11650000e-01  1.63378769e-10  3.00000000e-01 
 7.11750000e-01  1.63378769e-10  3.00000000e-01 
 7.11850000e-01  1.63378769e-10  3.00000000e-01 
 7.11950000e-01  1.63378769e-10  3.00000000e-01 
 7.12050000e-01  1.63378769e-10  3.00000000e-01 
 7.12150000e-01  1.63378769e-10  3.00000000e-01 
 7.12250000e-01  1.63378769e-10  3.00000000e-01 
 7.12350000e-01  1.63378769e-10  3.00000000e-01 
 7.12450000e-01  1.63378769e-10  3.00000000e-01 
 7.12550000e-01  1.63378769e-10  3.00000000e-01 
 7.12650000e-01  1.63378769e-10  3.00000000e-01 
 7.12750000e-01  1.63378769e-10  3.00000000e-01 
 7.12850000e-01  1.63378769e-10  3.00000000e-01 
 7.12950000e-01  1.63378769e-10  3.00000000e-01 
 7.13050000e-01  1.63378769e-10  3.00000000e-01 
 7.13150000e-01  1.63378769e-10  3.00000000e-01 
 7.13250000e-01  1.63378769e-10  3.00000000e-01 
 7.13350000e-01  1.63378769e-10  3.00000000e-01 
 7.13450000e-01  1.63378769e-10  3.00000000e-01 
 7.13550000e-01  1.63378769e-10  3.00000000e-01 
 7.13650000e-01  1.63378769e-10  3.00000000e-01 
 7.13750000e-01  1.63378769e-10  3.00000000e-01 
 7.13850000e-01  1.63378769e-10  3.00000000e-01 
 7.13950000e-01  1.63378769e-10  3.00000000e-01 
 7.14050000e-01  1.63378769e-10  3.00000000e-01 
 7.14150000e-01  1.63378769e-10  3.00000000e-01 
 7.14250000e-01  1.63378769e-10  3.00000000e-01 
 7.14350000e-01  1.63378769e-10  3.00000000e-01 
 7.14450000e-01  1.63378769e-10  3.00000000e-01 
 7.14550000e-01  1.63378769e-10  3.00000000e-01 
 7.14650000e-01  1.63378769e-10  3.00000000e-01 
 7.14750000e-01  1.63378769e-10  3.00000000e-01 
 7.14850000e-01  1.63378769e-10  3.00000000e-01 
 7.14950000e-01  1.63378769e-10  3.00000000e-01 
 7.15050000e-01  1.63378769e-10  3.00000000e-01 
 7.15150000e-01  1.63378769e-10  3.00000000e-01 
 7.15250000e-01  1.63378769e-10  3.00000000e-01 
 7.15350000e-01  1.63378769e-10  3.00000000e-01 
 7.15450000e-01  1.63378769e-10  3.00000000e-01 
 7.15550000e-01  1.63378769e-10  3.00000000e-01 
 7.15650000e-01  1.63378769e-10  3.00000000e-01 
 7.15750000e-01  1.63378769e-10  3.00000000e-01 
 7.15850000e-01  1.63378769e-10  3.00000000e-01 
 7.15950000e-01  1.63378769e-10  3.00000000e-01 
 7.16050000e-01  1.63378769e-10  3.00000000e-01 
 7.16150000e-01  1.63378769e-10  3.00000000e-01 
 7.16250000e-01  1.63378769e-10  3.00000000e-01 
 7.16350000e-01  1.63378769e-10  3.00000000e-01 
 7.16450000e-01  1.63378769e-10  3.00000000e-01 
 7.16550000e-01  1.63378769e-10  3.00000000e-01 
 7.16650000e-01  1.63378769e-10  3.00000000e-01 
 7.16750000e-01  1.63378769e-10  3.00000000e-01 
 7.16850000e-01  1.63378769e-10  3.00000000e-01 
 7.16950000e-01  1.63378769e-10  3.00000000e-01 
 7.17050000e-01  1.63378769e-10  3.00000000e-01 
 7.17150000e-01  1.63378769e-10  3.00000000e-01 
 7.17250000e-01  1.63378769e-10  3.00000000e-01 
 7.17350000e-01  1.63378769e-10  3.00000000e-01 
 7.17450000e-01  1.63378769e-10  3.00000000e-01 
 7.17550000e-01  1.63378769e-10  3.00000000e-01 
 7.17650000e-01  1.63378769e-10  3.00000000e-01 
 7.17750000e-01  1.63378769e-10  3.00000000e-01 
 7.17850000e-01  1.63378769e-10  3.00000000e-01 
 7.17950000e-01  1.63378769e-10  3.00000000e-01 
 7.18050000e-01  1.63378769e-10  3.00000000e-01 
 7.18150000e-01  1.63378769e-10  3.00000000e-01 
 7.18250000e-01  1.63378769e-10  3.00000000e-01 
 7.18350000e-01  1.63378769e-10  3.00000000e-01 
 7.18450000e-01  1.63378769e-10  3.00000000e-01 
 7.18550000e-01  1.63378769e-10  3.00000000e-01 
 7.18650000e-01  1.63378769e-10  3.00000000e-01 
 7.18750000e-01  1.63378769e-10  3.00000000e-01 
 7.18850000e-01  1.63378769e-10  3.00000000e-01 
 7.18950000e-01  1.63378769e-10  3.00000000e-01 
 7.19050000e-01  1.63378769e-10  3.00000000e-01 
 7.19150000e-01  1.63378769e-10  3.00000000e-01 
 7.19250000e-01  1.63378769e-10  3.00000000e-01 
 7.19350000e-01  1.63378769e-10  3.00000000e-01 
 7.19450000e-01  1.63378769e-10  3.00000000e-01 
 7.19550000e-01  1.63378769e-10  3.00000000e-01 
 7.19650000e-01  1.63378769e-10  3.00000000e-01 
 7.19750000e-01  1.63378769e-10  3.00000000e-01 
 7.19850000e-01  1.63378769e-10  3.00000000e-01 
 7.19950000e-01  1.63378769e-10  3.00000000e-01 
 7.20050000e-01  1.63378769e-10  3.00000000e-01 
 7.20150000e-01  1.63378769e-10  3.00000000e-01 
 7.20250000e-01  1.63378769e-10  3.00000000e-01 
 7.20350000e-01  1.63378769e-10  3.00000000e-01 
 7.20450000e-01  1.63378769e-10  3.00000000e-01 
 7.20550000e-01  1.63378769e-10  3.00000000e-01 
 7.20650000e-01  1.63378769e-10  3.00000000e-01 
 7.20750000e-01  1.63378769e-10  3.00000000e-01 
 7.20850000e-01  1.63378769e-10  3.00000000e-01 
 7.20950000e-01  1.63378769e-10  3.00000000e-01 
 7.21050000e-01  1.63378769e-10  3.00000000e-01 
 7.21150000e-01  1.63378769e-10  3.00000000e-01 
 7.21250000e-01  1.63378769e-10  3.00000000e-01 
 7.21350000e-01  1.63378769e-10  3.00000000e-01 
 7.21450000e-01  1.63378769e-10  3.00000000e-01 
 7.21550000e-01  1.63378769e-10  3.00000000e-01 
 7.21650000e-01  1.63378769e-10  3.00000000e-01 
 7.21750000e-01  1.63378769e-10  3.00000000e-01 
 7.21850000e-01  1.63378769e-10  3.00000000e-01 
 7.21950000e-01  1.63378769e-10  3.00000000e-01 
 7.22050000e-01  1.63378769e-10  3.00000000e-01 
 7.22150000e-01  1.63378769e-10  3.00000000e-01 
 7.22250000e-01  1.63378769e-10  3.00000000e-01 
 7.22350000e-01  1.63378769e-10  3.00000000e-01 
 7.22450000e-01  1.63378769e-10  3.00000000e-01 
 7.22550000e-01  1.63378769e-10  3.00000000e-01 
 7.22650000e-01  1.63378769e-10  3.00000000e-01 
 7.22750000e-01  1.63378769e-10  3.00000000e-01 
 7.22850000e-01  1.63378769e-10  3.00000000e-01 
 7.22950000e-01  1.63378769e-10  3.00000000e-01 
 7.23050000e-01  1.63378769e-10  3.00000000e-01 
 7.23150000e-01  1.63378769e-10  3.00000000e-01 
 7.23250000e-01  1.63378769e-10  3.00000000e-01 
 7.23350000e-01  1.63378769e-10  3.00000000e-01 
 7.23450000e-01  1.63378769e-10  3.00000000e-01 
 7.23550000e-01  1.63378769e-10  3.00000000e-01 
 7.23650000e-01  1.63378769e-10  3.00000000e-01 
 7.23750000e-01  1.63378769e-10  3.00000000e-01 
 7.23850000e-01  1.63378769e-10  3.00000000e-01 
 7.23950000e-01  1.63378769e-10  3.00000000e-01 
 7.24050000e-01  1.63378769e-10  3.00000000e-01 
 7.24150000e-01  1.63378769e-10  3.00000000e-01 
 7.24250000e-01  1.63378769e-10  3.00000000e-01 
 7.24350000e-01  1.63378769e-10  3.00000000e-01 
 7.24450000e-01  1.63378769e-10  3.00000000e-01 
 7.24550000e-01  1.63378769e-10  3.00000000e-01 
 7.24650000e-01  1.63378769e-10  3.00000000e-01 
 7.24750000e-01  1.63378769e-10  3.00000000e-01 
 7.24850000e-01  1.63378769e-10  3.00000000e-01 
 7.24950000e-01  1.63378769e-10  3.00000000e-01 
 7.25050000e-01  1.63378769e-10  3.00000000e-01 
 7.25150000e-01  1.63378769e-10  3.00000000e-01 
 7.25250000e-01  1.63378769e-10  3.00000000e-01 
 7.25350000e-01  1.63378769e-10  3.00000000e-01 
 7.25450000e-01  1.63378769e-10  3.00000000e-01 
 7.25550000e-01  1.63378769e-10  3.00000000e-01 
 7.25650000e-01  1.63378769e-10  3.00000000e-01 
 7.25750000e-01  1.63378769e-10  3.00000000e-01 
 7.25850000e-01  1.63378769e-10  3.00000000e-01 
 7.25950000e-01  1.63378769e-10  3.00000000e-01 
 7.26050000e-01  1.63378769e-10  3.00000000e-01 
 7.26150000e-01  1.63378769e-10  3.00000000e-01 
 7.26250000e-01  1.63378769e-10  3.00000000e-01 
 7.26350000e-01  1.63378769e-10  3.00000000e-01 
 7.26450000e-01  1.63378769e-10  3.00000000e-01 
 7.26550000e-01  1.63378769e-10  3.00000000e-01 
 7.26650000e-01  1.63378769e-10  3.00000000e-01 
 7.26750000e-01  1.63378769e-10  3.00000000e-01 
 7.26850000e-01  1.63378769e-10  3.00000000e-01 
 7.26950000e-01  1.63378769e-10  3.00000000e-01 
 7.27050000e-01  1.63378769e-10  3.00000000e-01 
 7.27150000e-01  1.63378769e-10  3.00000000e-01 
 7.27250000e-01  1.63378769e-10  3.00000000e-01 
 7.27350000e-01  1.63378769e-10  3.00000000e-01 
 7.27450000e-01  1.63378769e-10  3.00000000e-01 
 7.27550000e-01  1.63378769e-10  3.00000000e-01 
 7.27650000e-01  1.63378769e-10  3.00000000e-01 
 7.27750000e-01  1.63378769e-10  3.00000000e-01 
 7.27850000e-01  1.63378769e-10  3.00000000e-01 
 7.27950000e-01  1.63378769e-10  3.00000000e-01 
 7.28050000e-01  1.63378769e-10  3.00000000e-01 
 7.28150000e-01  1.63378769e-10  3.00000000e-01 
 7.28250000e-01  1.63378769e-10  3.00000000e-01 
 7.28350000e-01  1.63378769e-10  3.00000000e-01 
 7.28450000e-01  1.63378769e-10  3.00000000e-01 
 7.28550000e-01  1.63378769e-10  3.00000000e-01 
 7.28650000e-01  1.63378769e-10  3.00000000e-01 
 7.28750000e-01  1.63378769e-10  3.00000000e-01 
 7.28850000e-01  1.63378769e-10  3.00000000e-01 
 7.28950000e-01  1.63378769e-10  3.00000000e-01 
 7.29050000e-01  1.63378769e-10  3.00000000e-01 
 7.29150000e-01  1.63378769e-10  3.00000000e-01 
 7.29250000e-01  1.63378769e-10  3.00000000e-01 
 7.29350000e-01  1.63378769e-10  3.00000000e-01 
 7.29450000e-01  1.63378769e-10  3.00000000e-01 
 7.29550000e-01  1.63378769e-10  3.00000000e-01 
 7.29650000e-01  1.63378769e-10  3.00000000e-01 
 7.29750000e-01  1.63378769e-10  3.00000000e-01 
 7.29850000e-01  1.63378769e-10  3.00000000e-01 
 7.29950000e-01  1.63378769e-10  3.00000000e-01 
 7.30050000e-01  1.63378769e-10  3.00000000e-01 
 7.30150000e-01  1.63378769e-10  3.00000000e-01 
 7.30250000e-01  1.63378769e-10  3.00000000e-01 
 7.30350000e-01  1.63378769e-10  3.00000000e-01 
 7.30450000e-01  1.63378769e-10  3.00000000e-01 
 7.30550000e-01  1.63378769e-10  3.00000000e-01 
 7.30650000e-01  1.63378769e-10  3.00000000e-01 
 7.30750000e-01  1.63378769e-10  3.00000000e-01 
 7.30850000e-01  1.63378769e-10  3.00000000e-01 
 7.30950000e-01  1.63378769e-10  3.00000000e-01 
 7.31050000e-01  1.63378769e-10  3.00000000e-01 
 7.31150000e-01  1.63378769e-10  3.00000000e-01 
 7.31250000e-01  1.63378769e-10  3.00000000e-01 
 7.31350000e-01  1.63378769e-10  3.00000000e-01 
 7.31450000e-01  1.63378769e-10  3.00000000e-01 
 7.31550000e-01  1.63378769e-10  3.00000000e-01 
 7.31650000e-01  1.63378769e-10  3.00000000e-01 
 7.31750000e-01  1.63378769e-10  3.00000000e-01 
 7.31850000e-01  1.63378769e-10  3.00000000e-01 
 7.31950000e-01  1.63378769e-10  3.00000000e-01 
 7.32050000e-01  1.63378769e-10  3.00000000e-01 
 7.32150000e-01  1.63378769e-10  3.00000000e-01 
 7.32250000e-01  1.63378769e-10  3.00000000e-01 
 7.32350000e-01  1.63378769e-10  3.00000000e-01 
 7.32450000e-01  1.63378769e-10  3.00000000e-01 
 7.32550000e-01  1.63378769e-10  3.00000000e-01 
 7.32650000e-01  1.63378769e-10  3.00000000e-01 
 7.32750000e-01  1.63378769e-10  3.00000000e-01 
 7.32850000e-01  1.63378769e-10  3.00000000e-01 
 7.32950000e-01  1.63378769e-10  3.00000000e-01 
 7.33050000e-01  1.63378769e-10  3.00000000e-01 
 7.33150000e-01  1.63378769e-10  3.00000000e-01 
 7.33250000e-01  1.63378769e-10  3.00000000e-01 
 7.33350000e-01  1.63378769e-10  3.00000000e-01 
 7.33450000e-01  1.63378769e-10  3.00000000e-01 
 7.33550000e-01  1.63378769e-10  3.00000000e-01 
 7.33650000e-01  1.63378769e-10  3.00000000e-01 
 7.33750000e-01  1.63378769e-10  3.00000000e-01 
 7.33850000e-01  1.63378769e-10  3.00000000e-01 
 7.33950000e-01  1.63378769e-10  3.00000000e-01 
 7.34050000e-01  1.63378769e-10  3.00000000e-01 
 7.34150000e-01  1.63378769e-10  3.00000000e-01 
 7.34250000e-01  1.63378769e-10  3.00000000e-01 
 7.34350000e-01  1.63378769e-10  3.00000000e-01 
 7.34450000e-01  1.63378769e-10  3.00000000e-01 
 7.34550000e-01  1.63378769e-10  3.00000000e-01 
 7.34650000e-01  1.63378769e-10  3.00000000e-01 
 7.34750000e-01  1.63378769e-10  3.00000000e-01 
 7.34850000e-01  1.63378769e-10  3.00000000e-01 
 7.34950000e-01  1.63378769e-10  3.00000000e-01 
 7.35050000e-01  1.63378769e-10  3.00000000e-01 
 7.35150000e-01  1.63378769e-10  3.00000000e-01 
 7.35250000e-01  1.63378769e-10  3.00000000e-01 
 7.35350000e-01  1.63378769e-10  3.00000000e-01 
 7.35450000e-01  1.63378769e-10  3.00000000e-01 
 7.35550000e-01  1.63378769e-10  3.00000000e-01 
 7.35650000e-01  1.63378769e-10  3.00000000e-01 
 7.35750000e-01  1.63378769e-10  3.00000000e-01 
 7.35850000e-01  1.63378769e-10  3.00000000e-01 
 7.35950000e-01  1.63378769e-10  3.00000000e-01 
 7.36050000e-01  1.63378769e-10  3.00000000e-01 
 7.36150000e-01  1.63378769e-10  3.00000000e-01 
 7.36250000e-01  1.63378769e-10  3.00000000e-01 
 7.36350000e-01  1.63378769e-10  3.00000000e-01 
 7.36450000e-01  1.63378769e-10  3.00000000e-01 
 7.36550000e-01  1.63378769e-10  3.00000000e-01 
 7.36650000e-01  1.63378769e-10  3.00000000e-01 
 7.36750000e-01  1.63378769e-10  3.00000000e-01 
 7.36850000e-01  1.63378769e-10  3.00000000e-01 
 7.36950000e-01  1.63378769e-10  3.00000000e-01 
 7.37050000e-01  1.63378769e-10  3.00000000e-01 
 7.37150000e-01  1.63378769e-10  3.00000000e-01 
 7.37250000e-01  1.63378769e-10  3.00000000e-01 
 7.37350000e-01  1.63378769e-10  3.00000000e-01 
 7.37450000e-01  1.63378769e-10  3.00000000e-01 
 7.37550000e-01  1.63378769e-10  3.00000000e-01 
 7.37650000e-01  1.63378769e-10  3.00000000e-01 
 7.37750000e-01  1.63378769e-10  3.00000000e-01 
 7.37850000e-01  1.63378769e-10  3.00000000e-01 
 7.37950000e-01  1.63378769e-10  3.00000000e-01 
 7.38050000e-01  1.63378769e-10  3.00000000e-01 
 7.38150000e-01  1.63378769e-10  3.00000000e-01 
 7.38250000e-01  1.63378769e-10  3.00000000e-01 
 7.38350000e-01  1.63378769e-10  3.00000000e-01 
 7.38450000e-01  1.63378769e-10  3.00000000e-01 
 7.38550000e-01  1.63378769e-10  3.00000000e-01 
 7.38650000e-01  1.63378769e-10  3.00000000e-01 
 7.38750000e-01  1.63378769e-10  3.00000000e-01 
 7.38850000e-01  1.63378769e-10  3.00000000e-01 
 7.38950000e-01  1.63378769e-10  3.00000000e-01 
 7.39050000e-01  1.63378769e-10  3.00000000e-01 
 7.39150000e-01  1.63378769e-10  3.00000000e-01 
 7.39250000e-01  1.63378769e-10  3.00000000e-01 
 7.39350000e-01  1.63378769e-10  3.00000000e-01 
 7.39450000e-01  1.63378769e-10  3.00000000e-01 
 7.39550000e-01  1.63378769e-10  3.00000000e-01 
 7.39650000e-01  1.63378769e-10  3.00000000e-01 
 7.39750000e-01  1.63378769e-10  3.00000000e-01 
 7.39850000e-01  1.63378769e-10  3.00000000e-01 
 7.39950000e-01  1.63378769e-10  3.00000000e-01 
 7.40050000e-01  1.63378769e-10  3.00000000e-01 
 7.40150000e-01  1.63378769e-10  3.00000000e-01 
 7.40250000e-01  1.63378769e-10  3.00000000e-01 
 7.40350000e-01  1.63378769e-10  3.00000000e-01 
 7.40450000e-01  1.63378769e-10  3.00000000e-01 
 7.40550000e-01  1.63378769e-10  3.00000000e-01 
 7.40650000e-01  1.63378769e-10  3.00000000e-01 
 7.40750000e-01  1.63378769e-10  3.00000000e-01 
 7.40850000e-01  1.63378769e-10  3.00000000e-01 
 7.40950000e-01  1.63378769e-10  3.00000000e-01 
 7.41050000e-01  1.63378769e-10  3.00000000e-01 
 7.41150000e-01  1.63378769e-10  3.00000000e-01 
 7.41250000e-01  1.63378769e-10  3.00000000e-01 
 7.41350000e-01  1.63378769e-10  3.00000000e-01 
 7.41450000e-01  1.63378769e-10  3.00000000e-01 
 7.41550000e-01  1.63378769e-10  3.00000000e-01 
 7.41650000e-01  1.63378769e-10  3.00000000e-01 
 7.41750000e-01  1.63378769e-10  3.00000000e-01 
 7.41850000e-01  1.63378769e-10  3.00000000e-01 
 7.41950000e-01  1.63378769e-10  3.00000000e-01 
 7.42050000e-01  1.63378769e-10  3.00000000e-01 
 7.42150000e-01  1.63378769e-10  3.00000000e-01 
 7.42250000e-01  1.63378769e-10  3.00000000e-01 
 7.42350000e-01  1.63378769e-10  3.00000000e-01 
 7.42450000e-01  1.63378769e-10  3.00000000e-01 
 7.42550000e-01  1.63378769e-10  3.00000000e-01 
 7.42650000e-01  1.63378769e-10  3.00000000e-01 
 7.42750000e-01  1.63378769e-10  3.00000000e-01 
 7.42850000e-01  1.63378769e-10  3.00000000e-01 
 7.42950000e-01  1.63378769e-10  3.00000000e-01 
 7.43050000e-01  1.63378769e-10  3.00000000e-01 
 7.43150000e-01  1.63378769e-10  3.00000000e-01 
 7.43250000e-01  1.63378769e-10  3.00000000e-01 
 7.43350000e-01  1.63378769e-10  3.00000000e-01 
 7.43450000e-01  1.63378769e-10  3.00000000e-01 
 7.43550000e-01  1.63378769e-10  3.00000000e-01 
 7.43650000e-01  1.63378769e-10  3.00000000e-01 
 7.43750000e-01  1.63378769e-10  3.00000000e-01 
 7.43850000e-01  1.63378769e-10  3.00000000e-01 
 7.43950000e-01  1.63378769e-10  3.00000000e-01 
 7.44050000e-01  1.63378769e-10  3.00000000e-01 
 7.44150000e-01  1.63378769e-10  3.00000000e-01 
 7.44250000e-01  1.63378769e-10  3.00000000e-01 
 7.44350000e-01  1.63378769e-10  3.00000000e-01 
 7.44450000e-01  1.63378769e-10  3.00000000e-01 
 7.44550000e-01  1.63378769e-10  3.00000000e-01 
 7.44650000e-01  1.63378769e-10  3.00000000e-01 
 7.44750000e-01  1.63378769e-10  3.00000000e-01 
 7.44850000e-01  1.63378769e-10  3.00000000e-01 
 7.44950000e-01  1.63378769e-10  3.00000000e-01 
 7.45050000e-01  1.63378769e-10  3.00000000e-01 
 7.45150000e-01  1.63378769e-10  3.00000000e-01 
 7.45250000e-01  1.63378769e-10  3.00000000e-01 
 7.45350000e-01  1.63378769e-10  3.00000000e-01 
 7.45450000e-01  1.63378769e-10  3.00000000e-01 
 7.45550000e-01  1.63378769e-10  3.00000000e-01 
 7.45650000e-01  1.63378769e-10  3.00000000e-01 
 7.45750000e-01  1.63378769e-10  3.00000000e-01 
 7.45850000e-01  1.63378769e-10  3.00000000e-01 
 7.45950000e-01  1.63378769e-10  3.00000000e-01 
 7.46050000e-01  1.63378769e-10  3.00000000e-01 
 7.46150000e-01  1.63378769e-10  3.00000000e-01 
 7.46250000e-01  1.63378769e-10  3.00000000e-01 
 7.46350000e-01  1.63378769e-10  3.00000000e-01 
 7.46450000e-01  1.63378769e-10  3.00000000e-01 
 7.46550000e-01  1.63378769e-10  3.00000000e-01 
 7.46650000e-01  1.63378769e-10  3.00000000e-01 
 7.46750000e-01  1.63378769e-10  3.00000000e-01 
 7.46850000e-01  1.63378769e-10  3.00000000e-01 
 7.46950000e-01  1.63378769e-10  3.00000000e-01 
 7.47050000e-01  1.63378769e-10  3.00000000e-01 
 7.47150000e-01  1.63378769e-10  3.00000000e-01 
 7.47250000e-01  1.63378769e-10  3.00000000e-01 
 7.47350000e-01  1.63378769e-10  3.00000000e-01 
 7.47450000e-01  1.63378769e-10  3.00000000e-01 
 7.47550000e-01  1.63378769e-10  3.00000000e-01 
 7.47650000e-01  1.63378769e-10  3.00000000e-01 
 7.47750000e-01  1.63378769e-10  3.00000000e-01 
 7.47850000e-01  1.63378769e-10  3.00000000e-01 
 7.47950000e-01  1.63378769e-10  3.00000000e-01 
 7.48050000e-01  1.63378769e-10  3.00000000e-01 
 7.48150000e-01  1.63378769e-10  3.00000000e-01 
 7.48250000e-01  1.63378769e-10  3.00000000e-01 
 7.48350000e-01  1.63378769e-10  3.00000000e-01 
 7.48450000e-01  1.63378769e-10  3.00000000e-01 
 7.48550000e-01  1.63378769e-10  3.00000000e-01 
 7.48650000e-01  1.63378769e-10  3.00000000e-01 
 7.48750000e-01  1.63378769e-10  3.00000000e-01 
 7.48850000e-01  1.63378769e-10  3.00000000e-01 
 7.48950000e-01  1.63378769e-10  3.00000000e-01 
 7.49050000e-01  1.63378769e-10  3.00000000e-01 
 7.49150000e-01  1.63378769e-10  3.00000000e-01 
 7.49250000e-01  1.63378769e-10  3.00000000e-01 
 7.49350000e-01  1.63378769e-10  3.00000000e-01 
 7.49450000e-01  1.63378769e-10  3.00000000e-01 
 7.49550000e-01  1.63378769e-10  3.00000000e-01 
 7.49650000e-01  1.63378769e-10  3.00000000e-01 
 7.49750000e-01  1.63378769e-10  3.00000000e-01 
 7.49850000e-01  1.63378769e-10  3.00000000e-01 
 7.49950000e-01  1.63378769e-10  3.00000000e-01 
 7.50050000e-01  1.63378769e-10  3.00000000e-01 
 7.50150000e-01  1.63378769e-10  3.00000000e-01 
 7.50250000e-01  1.63378769e-10  3.00000000e-01 
 7.50350000e-01  1.63378769e-10  3.00000000e-01 
 7.50450000e-01  1.63378769e-10  3.00000000e-01 
 7.50550000e-01  1.63378769e-10  3.00000000e-01 
 7.50650000e-01  1.63378769e-10  3.00000000e-01 
 7.50750000e-01  1.63378769e-10  3.00000000e-01 
 7.50850000e-01  1.63378769e-10  3.00000000e-01 
 7.50950000e-01  1.63378769e-10  3.00000000e-01 
 7.51050000e-01  1.63378769e-10  3.00000000e-01 
 7.51150000e-01  1.63378769e-10  3.00000000e-01 
 7.51250000e-01  1.63378769e-10  3.00000000e-01 
 7.51350000e-01  1.63378769e-10  3.00000000e-01 
 7.51450000e-01  1.63378769e-10  3.00000000e-01 
 7.51550000e-01  1.63378769e-10  3.00000000e-01 
 7.51650000e-01  1.63378769e-10  3.00000000e-01 
 7.51750000e-01  1.63378769e-10  3.00000000e-01 
 7.51850000e-01  1.63378769e-10  3.00000000e-01 
 7.51950000e-01  1.63378769e-10  3.00000000e-01 
 7.52050000e-01  1.63378769e-10  3.00000000e-01 
 7.52150000e-01  1.63378769e-10  3.00000000e-01 
 7.52250000e-01  1.63378769e-10  3.00000000e-01 
 7.52350000e-01  1.63378769e-10  3.00000000e-01 
 7.52450000e-01  1.63378769e-10  3.00000000e-01 
 7.52550000e-01  1.63378769e-10  3.00000000e-01 
 7.52650000e-01  1.63378769e-10  3.00000000e-01 
 7.52750000e-01  1.63378769e-10  3.00000000e-01 
 7.52850000e-01  1.63378769e-10  3.00000000e-01 
 7.52950000e-01  1.63378769e-10  3.00000000e-01 
 7.53050000e-01  1.63378769e-10  3.00000000e-01 
 7.53150000e-01  1.63378769e-10  3.00000000e-01 
 7.53250000e-01  1.63378769e-10  3.00000000e-01 
 7.53350000e-01  1.63378769e-10  3.00000000e-01 
 7.53450000e-01  1.63378769e-10  3.00000000e-01 
 7.53550000e-01  1.63378769e-10  3.00000000e-01 
 7.53650000e-01  1.63378769e-10  3.00000000e-01 
 7.53750000e-01  1.63378769e-10  3.00000000e-01 
 7.53850000e-01  1.63378769e-10  3.00000000e-01 
 7.53950000e-01  1.63378769e-10  3.00000000e-01 
 7.54050000e-01  1.63378769e-10  3.00000000e-01 
 7.54150000e-01  1.63378769e-10  3.00000000e-01 
 7.54250000e-01  1.63378769e-10  3.00000000e-01 
 7.54350000e-01  1.63378769e-10  3.00000000e-01 
 7.54450000e-01  1.63378769e-10  3.00000000e-01 
 7.54550000e-01  1.63378769e-10  3.00000000e-01 
 7.54650000e-01  1.63378769e-10  3.00000000e-01 
 7.54750000e-01  1.63378769e-10  3.00000000e-01 
 7.54850000e-01  1.63378769e-10  3.00000000e-01 
 7.54950000e-01  1.63378769e-10  3.00000000e-01 
 7.55050000e-01  1.63378769e-10  3.00000000e-01 
 7.55150000e-01  1.63378769e-10  3.00000000e-01 
 7.55250000e-01  1.63378769e-10  3.00000000e-01 
 7.55350000e-01  1.63378769e-10  3.00000000e-01 
 7.55450000e-01  1.63378769e-10  3.00000000e-01 
 7.55550000e-01  1.63378769e-10  3.00000000e-01 
 7.55650000e-01  1.63378769e-10  3.00000000e-01 
 7.55750000e-01  1.63378769e-10  3.00000000e-01 
 7.55850000e-01  1.63378769e-10  3.00000000e-01 
 7.55950000e-01  1.63378769e-10  3.00000000e-01 
 7.56050000e-01  1.63378769e-10  3.00000000e-01 
 7.56150000e-01  1.63378769e-10  3.00000000e-01 
 7.56250000e-01  1.63378769e-10  3.00000000e-01 
 7.56350000e-01  1.63378769e-10  3.00000000e-01 
 7.56450000e-01  1.63378769e-10  3.00000000e-01 
 7.56550000e-01  1.63378769e-10  3.00000000e-01 
 7.56650000e-01  1.63378769e-10  3.00000000e-01 
 7.56750000e-01  1.63378769e-10  3.00000000e-01 
 7.56850000e-01  1.63378769e-10  3.00000000e-01 
 7.56950000e-01  1.63378769e-10  3.00000000e-01 
 7.57050000e-01  1.63378769e-10  3.00000000e-01 
 7.57150000e-01  1.63378769e-10  3.00000000e-01 
 7.57250000e-01  1.63378769e-10  3.00000000e-01 
 7.57350000e-01  1.63378769e-10  3.00000000e-01 
 7.57450000e-01  1.63378769e-10  3.00000000e-01 
 7.57550000e-01  1.63378769e-10  3.00000000e-01 
 7.57650000e-01  1.63378769e-10  3.00000000e-01 
 7.57750000e-01  1.63378769e-10  3.00000000e-01 
 7.57850000e-01  1.63378769e-10  3.00000000e-01 
 7.57950000e-01  1.63378769e-10  3.00000000e-01 
 7.58050000e-01  1.63378769e-10  3.00000000e-01 
 7.58150000e-01  1.63378769e-10  3.00000000e-01 
 7.58250000e-01  1.63378769e-10  3.00000000e-01 
 7.58350000e-01  1.63378769e-10  3.00000000e-01 
 7.58450000e-01  1.63378769e-10  3.00000000e-01 
 7.58550000e-01  1.63378769e-10  3.00000000e-01 
 7.58650000e-01  1.63378769e-10  3.00000000e-01 
 7.58750000e-01  1.63378769e-10  3.00000000e-01 
 7.58850000e-01  1.63378769e-10  3.00000000e-01 
 7.58950000e-01  1.63378769e-10  3.00000000e-01 
 7.59050000e-01  1.63378769e-10  3.00000000e-01 
 7.59150000e-01  1.63378769e-10  3.00000000e-01 
 7.59250000e-01  1.63378769e-10  3.00000000e-01 
 7.59350000e-01  1.63378769e-10  3.00000000e-01 
 7.59450000e-01  1.63378769e-10  3.00000000e-01 
 7.59550000e-01  1.63378769e-10  3.00000000e-01 
 7.59650000e-01  1.63378769e-10  3.00000000e-01 
 7.59750000e-01  1.63378769e-10  3.00000000e-01 
 7.59850000e-01  1.63378769e-10  3.00000000e-01 
 7.59950000e-01  1.63378769e-10  3.00000000e-01 
 7.60050000e-01  1.63378769e-10  3.00000000e-01 
 7.60150000e-01  1.63378769e-10  3.00000000e-01 
 7.60250000e-01  1.63378769e-10  3.00000000e-01 
 7.60350000e-01  1.63378769e-10  3.00000000e-01 
 7.60450000e-01  1.63378769e-10  3.00000000e-01 
 7.60550000e-01  1.63378769e-10  3.00000000e-01 
 7.60650000e-01  1.63378769e-10  3.00000000e-01 
 7.60750000e-01  1.63378769e-10  3.00000000e-01 
 7.60850000e-01  1.63378769e-10  3.00000000e-01 
 7.60950000e-01  1.63378769e-10  3.00000000e-01 
 7.61050000e-01  1.63378769e-10  3.00000000e-01 
 7.61150000e-01  1.63378769e-10  3.00000000e-01 
 7.61250000e-01  1.63378769e-10  3.00000000e-01 
 7.61350000e-01  1.63378769e-10  3.00000000e-01 
 7.61450000e-01  1.63378769e-10  3.00000000e-01 
 7.61550000e-01  1.63378769e-10  3.00000000e-01 
 7.61650000e-01  1.63378769e-10  3.00000000e-01 
 7.61750000e-01  1.63378769e-10  3.00000000e-01 
 7.61850000e-01  1.63378769e-10  3.00000000e-01 
 7.61950000e-01  1.63378769e-10  3.00000000e-01 
 7.62050000e-01  1.63378769e-10  3.00000000e-01 
 7.62150000e-01  1.63378769e-10  3.00000000e-01 
 7.62250000e-01  1.63378769e-10  3.00000000e-01 
 7.62350000e-01  1.63378769e-10  3.00000000e-01 
 7.62450000e-01  1.63378769e-10  3.00000000e-01 
 7.62550000e-01  1.63378769e-10  3.00000000e-01 
 7.62650000e-01  1.63378769e-10  3.00000000e-01 
 7.62750000e-01  1.63378769e-10  3.00000000e-01 
 7.62850000e-01  1.63378769e-10  3.00000000e-01 
 7.62950000e-01  1.63378769e-10  3.00000000e-01 
 7.63050000e-01  1.63378769e-10  3.00000000e-01 
 7.63150000e-01  1.63378769e-10  3.00000000e-01 
 7.63250000e-01  1.63378769e-10  3.00000000e-01 
 7.63350000e-01  1.63378769e-10  3.00000000e-01 
 7.63450000e-01  1.63378769e-10  3.00000000e-01 
 7.63550000e-01  1.63378769e-10  3.00000000e-01 
 7.63650000e-01  1.63378769e-10  3.00000000e-01 
 7.63750000e-01  1.63378769e-10  3.00000000e-01 
 7.63850000e-01  1.63378769e-10  3.00000000e-01 
 7.63950000e-01  1.63378769e-10  3.00000000e-01 
 7.64050000e-01  1.63378769e-10  3.00000000e-01 
 7.64150000e-01  1.63378769e-10  3.00000000e-01 
 7.64250000e-01  1.63378769e-10  3.00000000e-01 
 7.64350000e-01  1.63378769e-10  3.00000000e-01 
 7.64450000e-01  1.63378769e-10  3.00000000e-01 
 7.64550000e-01  1.63378769e-10  3.00000000e-01 
 7.64650000e-01  1.63378769e-10  3.00000000e-01 
 7.64750000e-01  1.63378769e-10  3.00000000e-01 
 7.64850000e-01  1.63378769e-10  3.00000000e-01 
 7.64950000e-01  1.63378769e-10  3.00000000e-01 
 7.65050000e-01  1.63378769e-10  3.00000000e-01 
 7.65150000e-01  1.63378769e-10  3.00000000e-01 
 7.65250000e-01  1.63378769e-10  3.00000000e-01 
 7.65350000e-01  1.63378769e-10  3.00000000e-01 
 7.65450000e-01  1.63378769e-10  3.00000000e-01 
 7.65550000e-01  1.63378769e-10  3.00000000e-01 
 7.65650000e-01  1.63378769e-10  3.00000000e-01 
 7.65750000e-01  1.63378769e-10  3.00000000e-01 
 7.65850000e-01  1.63378769e-10  3.00000000e-01 
 7.65950000e-01  1.63378769e-10  3.00000000e-01 
 7.66050000e-01  1.63378769e-10  3.00000000e-01 
 7.66150000e-01  1.63378769e-10  3.00000000e-01 
 7.66250000e-01  1.63378769e-10  3.00000000e-01 
 7.66350000e-01  1.63378769e-10  3.00000000e-01 
 7.66450000e-01  1.63378769e-10  3.00000000e-01 
 7.66550000e-01  1.63378769e-10  3.00000000e-01 
 7.66650000e-01  1.63378769e-10  3.00000000e-01 
 7.66750000e-01  1.63378769e-10  3.00000000e-01 
 7.66850000e-01  1.63378769e-10  3.00000000e-01 
 7.66950000e-01  1.63378769e-10  3.00000000e-01 
 7.67050000e-01  1.63378769e-10  3.00000000e-01 
 7.67150000e-01  1.63378769e-10  3.00000000e-01 
 7.67250000e-01  1.63378769e-10  3.00000000e-01 
 7.67350000e-01  1.63378769e-10  3.00000000e-01 
 7.67450000e-01  1.63378769e-10  3.00000000e-01 
 7.67550000e-01  1.63378769e-10  3.00000000e-01 
 7.67650000e-01  1.63378769e-10  3.00000000e-01 
 7.67750000e-01  1.63378769e-10  3.00000000e-01 
 7.67850000e-01  1.63378769e-10  3.00000000e-01 
 7.67950000e-01  1.63378769e-10  3.00000000e-01 
 7.68050000e-01  1.63378769e-10  3.00000000e-01 
 7.68150000e-01  1.63378769e-10  3.00000000e-01 
 7.68250000e-01  1.63378769e-10  3.00000000e-01 
 7.68350000e-01  1.63378769e-10  3.00000000e-01 
 7.68450000e-01  1.63378769e-10  3.00000000e-01 
 7.68550000e-01  1.63378769e-10  3.00000000e-01 
 7.68650000e-01  1.63378769e-10  3.00000000e-01 
 7.68750000e-01  1.63378769e-10  3.00000000e-01 
 7.68850000e-01  1.63378769e-10  3.00000000e-01 
 7.68950000e-01  1.63378769e-10  3.00000000e-01 
 7.69050000e-01  1.63378769e-10  3.00000000e-01 
 7.69150000e-01  1.63378769e-10  3.00000000e-01 
 7.69250000e-01  1.63378769e-10  3.00000000e-01 
 7.69350000e-01  1.63378769e-10  3.00000000e-01 
 7.69450000e-01  1.63378769e-10  3.00000000e-01 
 7.69550000e-01  1.63378769e-10  3.00000000e-01 
 7.69650000e-01  1.63378769e-10  3.00000000e-01 
 7.69750000e-01  1.63378769e-10  3.00000000e-01 
 7.69850000e-01  1.63378769e-10  3.00000000e-01 
 7.69950000e-01  1.63378769e-10  3.00000000e-01 
 7.70050000e-01  1.63378769e-10  3.00000000e-01 
 7.70150000e-01  1.63378769e-10  3.00000000e-01 
 7.70250000e-01  1.63378769e-10  3.00000000e-01 
 7.70350000e-01  1.63378769e-10  3.00000000e-01 
 7.70450000e-01  1.63378769e-10  3.00000000e-01 
 7.70550000e-01  1.63378769e-10  3.00000000e-01 
 7.70650000e-01  1.63378769e-10  3.00000000e-01 
 7.70750000e-01  1.63378769e-10  3.00000000e-01 
 7.70850000e-01  1.63378769e-10  3.00000000e-01 
 7.70950000e-01  1.63378769e-10  3.00000000e-01 
 7.71050000e-01  1.63378769e-10  3.00000000e-01 
 7.71150000e-01  1.63378769e-10  3.00000000e-01 
 7.71250000e-01  1.63378769e-10  3.00000000e-01 
 7.71350000e-01  1.63378769e-10  3.00000000e-01 
 7.71450000e-01  1.63378769e-10  3.00000000e-01 
 7.71550000e-01  1.63378769e-10  3.00000000e-01 
 7.71650000e-01  1.63378769e-10  3.00000000e-01 
 7.71750000e-01  1.63378769e-10  3.00000000e-01 
 7.71850000e-01  1.63378769e-10  3.00000000e-01 
 7.71950000e-01  1.63378769e-10  3.00000000e-01 
 7.72050000e-01  1.63378769e-10  3.00000000e-01 
 7.72150000e-01  1.63378769e-10  3.00000000e-01 
 7.72250000e-01  1.63378769e-10  3.00000000e-01 
 7.72350000e-01  1.63378769e-10  3.00000000e-01 
 7.72450000e-01  1.63378769e-10  3.00000000e-01 
 7.72550000e-01  1.63378769e-10  3.00000000e-01 
 7.72650000e-01  1.63378769e-10  3.00000000e-01 
 7.72750000e-01  1.63378769e-10  3.00000000e-01 
 7.72850000e-01  1.63378769e-10  3.00000000e-01 
 7.72950000e-01  1.63378769e-10  3.00000000e-01 
 7.73050000e-01  1.63378769e-10  3.00000000e-01 
 7.73150000e-01  1.63378769e-10  3.00000000e-01 
 7.73250000e-01  1.63378769e-10  3.00000000e-01 
 7.73350000e-01  1.63378769e-10  3.00000000e-01 
 7.73450000e-01  1.63378769e-10  3.00000000e-01 
 7.73550000e-01  1.63378769e-10  3.00000000e-01 
 7.73650000e-01  1.63378769e-10  3.00000000e-01 
 7.73750000e-01  1.63378769e-10  3.00000000e-01 
 7.73850000e-01  1.63378769e-10  3.00000000e-01 
 7.73950000e-01  1.63378769e-10  3.00000000e-01 
 7.74050000e-01  1.63378769e-10  3.00000000e-01 
 7.74150000e-01  1.63378769e-10  3.00000000e-01 
 7.74250000e-01  1.63378769e-10  3.00000000e-01 
 7.74350000e-01  1.63378769e-10  3.00000000e-01 
 7.74450000e-01  1.63378769e-10  3.00000000e-01 
 7.74550000e-01  1.63378769e-10  3.00000000e-01 
 7.74650000e-01  1.63378769e-10  3.00000000e-01 
 7.74750000e-01  1.63378769e-10  3.00000000e-01 
 7.74850000e-01  1.63378769e-10  3.00000000e-01 
 7.74950000e-01  1.63378769e-10  3.00000000e-01 
 7.75050000e-01  1.63378769e-10  3.00000000e-01 
 7.75150000e-01  1.63378769e-10  3.00000000e-01 
 7.75250000e-01  1.63378769e-10  3.00000000e-01 
 7.75350000e-01  1.63378769e-10  3.00000000e-01 
 7.75450000e-01  1.63378769e-10  3.00000000e-01 
 7.75550000e-01  1.63378769e-10  3.00000000e-01 
 7.75650000e-01  1.63378769e-10  3.00000000e-01 
 7.75750000e-01  1.63378769e-10  3.00000000e-01 
 7.75850000e-01  1.63378769e-10  3.00000000e-01 
 7.75950000e-01  1.63378769e-10  3.00000000e-01 
 7.76050000e-01  1.63378769e-10  3.00000000e-01 
 7.76150000e-01  1.63378769e-10  3.00000000e-01 
 7.76250000e-01  1.63378769e-10  3.00000000e-01 
 7.76350000e-01  1.63378769e-10  3.00000000e-01 
 7.76450000e-01  1.63378769e-10  3.00000000e-01 
 7.76550000e-01  1.63378769e-10  3.00000000e-01 
 7.76650000e-01  1.63378769e-10  3.00000000e-01 
 7.76750000e-01  1.63378769e-10  3.00000000e-01 
 7.76850000e-01  1.63378769e-10  3.00000000e-01 
 7.76950000e-01  1.63378769e-10  3.00000000e-01 
 7.77050000e-01  1.63378769e-10  3.00000000e-01 
 7.77150000e-01  1.63378769e-10  3.00000000e-01 
 7.77250000e-01  1.63378769e-10  3.00000000e-01 
 7.77350000e-01  1.63378769e-10  3.00000000e-01 
 7.77450000e-01  1.63378769e-10  3.00000000e-01 
 7.77550000e-01  1.63378769e-10  3.00000000e-01 
 7.77650000e-01  1.63378769e-10  3.00000000e-01 
 7.77750000e-01  1.63378769e-10  3.00000000e-01 
 7.77850000e-01  1.63378769e-10  3.00000000e-01 
 7.77950000e-01  1.63378769e-10  3.00000000e-01 
 7.78050000e-01  1.63378769e-10  3.00000000e-01 
 7.78150000e-01  1.63378769e-10  3.00000000e-01 
 7.78250000e-01  1.63378769e-10  3.00000000e-01 
 7.78350000e-01  1.63378769e-10  3.00000000e-01 
 7.78450000e-01  1.63378769e-10  3.00000000e-01 
 7.78550000e-01  1.63378769e-10  3.00000000e-01 
 7.78650000e-01  1.63378769e-10  3.00000000e-01 
 7.78750000e-01  1.63378769e-10  3.00000000e-01 
 7.78850000e-01  1.63378769e-10  3.00000000e-01 
 7.78950000e-01  1.63378769e-10  3.00000000e-01 
 7.79050000e-01  1.63378769e-10  3.00000000e-01 
 7.79150000e-01  1.63378769e-10  3.00000000e-01 
 7.79250000e-01  1.63378769e-10  3.00000000e-01 
 7.79350000e-01  1.63378769e-10  3.00000000e-01 
 7.79450000e-01  1.63378769e-10  3.00000000e-01 
 7.79550000e-01  1.63378769e-10  3.00000000e-01 
 7.79650000e-01  1.63378769e-10  3.00000000e-01 
 7.79750000e-01  1.63378769e-10  3.00000000e-01 
 7.79850000e-01  1.63378769e-10  3.00000000e-01 
 7.79950000e-01  1.63378769e-10  3.00000000e-01 
 7.80050000e-01  1.63378769e-10  3.00000000e-01 
 7.80150000e-01  1.63378769e-10  3.00000000e-01 
 7.80250000e-01  1.63378769e-10  3.00000000e-01 
 7.80350000e-01  1.63378769e-10  3.00000000e-01 
 7.80450000e-01  1.63378769e-10  3.00000000e-01 
 7.80550000e-01  1.63378769e-10  3.00000000e-01 
 7.80650000e-01  1.63378769e-10  3.00000000e-01 
 7.80750000e-01  1.63378769e-10  3.00000000e-01 
 7.80850000e-01  1.63378769e-10  3.00000000e-01 
 7.80950000e-01  1.63378769e-10  3.00000000e-01 
 7.81050000e-01  1.63378769e-10  3.00000000e-01 
 7.81150000e-01  1.63378769e-10  3.00000000e-01 
 7.81250000e-01  1.63378769e-10  3.00000000e-01 
 7.81350000e-01  1.63378769e-10  3.00000000e-01 
 7.81450000e-01  1.63378769e-10  3.00000000e-01 
 7.81550000e-01  1.63378769e-10  3.00000000e-01 
 7.81650000e-01  1.63378769e-10  3.00000000e-01 
 7.81750000e-01  1.63378769e-10  3.00000000e-01 
 7.81850000e-01  1.63378769e-10  3.00000000e-01 
 7.81950000e-01  1.63378769e-10  3.00000000e-01 
 7.82050000e-01  1.63378769e-10  3.00000000e-01 
 7.82150000e-01  1.63378769e-10  3.00000000e-01 
 7.82250000e-01  1.63378769e-10  3.00000000e-01 
 7.82350000e-01  1.63378769e-10  3.00000000e-01 
 7.82450000e-01  1.63378769e-10  3.00000000e-01 
 7.82550000e-01  1.63378769e-10  3.00000000e-01 
 7.82650000e-01  1.63378769e-10  3.00000000e-01 
 7.82750000e-01  1.63378769e-10  3.00000000e-01 
 7.82850000e-01  1.63378769e-10  3.00000000e-01 
 7.82950000e-01  1.63378769e-10  3.00000000e-01 
 7.83050000e-01  1.63378769e-10  3.00000000e-01 
 7.83150000e-01  1.63378769e-10  3.00000000e-01 
 7.83250000e-01  1.63378769e-10  3.00000000e-01 
 7.83350000e-01  1.63378769e-10  3.00000000e-01 
 7.83450000e-01  1.63378769e-10  3.00000000e-01 
 7.83550000e-01  1.63378769e-10  3.00000000e-01 
 7.83650000e-01  1.63378769e-10  3.00000000e-01 
 7.83750000e-01  1.63378769e-10  3.00000000e-01 
 7.83850000e-01  1.63378769e-10  3.00000000e-01 
 7.83950000e-01  1.63378769e-10  3.00000000e-01 
 7.84050000e-01  1.63378769e-10  3.00000000e-01 
 7.84150000e-01  1.63378769e-10  3.00000000e-01 
 7.84250000e-01  1.63378769e-10  3.00000000e-01 
 7.84350000e-01  1.63378769e-10  3.00000000e-01 
 7.84450000e-01  1.63378769e-10  3.00000000e-01 
 7.84550000e-01  1.63378769e-10  3.00000000e-01 
 7.84650000e-01  1.63378769e-10  3.00000000e-01 
 7.84750000e-01  1.63378769e-10  3.00000000e-01 
 7.84850000e-01  1.63378769e-10  3.00000000e-01 
 7.84950000e-01  1.63378769e-10  3.00000000e-01 
 7.85050000e-01  1.63378769e-10  3.00000000e-01 
 7.85150000e-01  1.63378769e-10  3.00000000e-01 
 7.85250000e-01  1.63378769e-10  3.00000000e-01 
 7.85350000e-01  1.63378769e-10  3.00000000e-01 
 7.85450000e-01  1.63378769e-10  3.00000000e-01 
 7.85550000e-01  1.63378769e-10  3.00000000e-01 
 7.85650000e-01  1.63378769e-10  3.00000000e-01 
 7.85750000e-01  1.63378769e-10  3.00000000e-01 
 7.85850000e-01  1.63378769e-10  3.00000000e-01 
 7.85950000e-01  1.63378769e-10  3.00000000e-01 
 7.86050000e-01  1.63378769e-10  3.00000000e-01 
 7.86150000e-01  1.63378769e-10  3.00000000e-01 
 7.86250000e-01  1.63378769e-10  3.00000000e-01 
 7.86350000e-01  1.63378769e-10  3.00000000e-01 
 7.86450000e-01  1.63378769e-10  3.00000000e-01 
 7.86550000e-01  1.63378769e-10  3.00000000e-01 
 7.86650000e-01  1.63378769e-10  3.00000000e-01 
 7.86750000e-01  1.63378769e-10  3.00000000e-01 
 7.86850000e-01  1.63378769e-10  3.00000000e-01 
 7.86950000e-01  1.63378769e-10  3.00000000e-01 
 7.87050000e-01  1.63378769e-10  3.00000000e-01 
 7.87150000e-01  1.63378769e-10  3.00000000e-01 
 7.87250000e-01  1.63378769e-10  3.00000000e-01 
 7.87350000e-01  1.63378769e-10  3.00000000e-01 
 7.87450000e-01  1.63378769e-10  3.00000000e-01 
 7.87550000e-01  1.63378769e-10  3.00000000e-01 
 7.87650000e-01  1.63378769e-10  3.00000000e-01 
 7.87750000e-01  1.63378769e-10  3.00000000e-01 
 7.87850000e-01  1.63378769e-10  3.00000000e-01 
 7.87950000e-01  1.63378769e-10  3.00000000e-01 
 7.88050000e-01  1.63378769e-10  3.00000000e-01 
 7.88150000e-01  1.63378769e-10  3.00000000e-01 
 7.88250000e-01  1.63378769e-10  3.00000000e-01 
 7.88350000e-01  1.63378769e-10  3.00000000e-01 
 7.88450000e-01  1.63378769e-10  3.00000000e-01 
 7.88550000e-01  1.63378769e-10  3.00000000e-01 
 7.88650000e-01  1.63378769e-10  3.00000000e-01 
 7.88750000e-01  1.63378769e-10  3.00000000e-01 
 7.88850000e-01  1.63378769e-10  3.00000000e-01 
 7.88950000e-01  1.63378769e-10  3.00000000e-01 
 7.89050000e-01  1.63378769e-10  3.00000000e-01 
 7.89150000e-01  1.63378769e-10  3.00000000e-01 
 7.89250000e-01  1.63378769e-10  3.00000000e-01 
 7.89350000e-01  1.63378769e-10  3.00000000e-01 
 7.89450000e-01  1.63378769e-10  3.00000000e-01 
 7.89550000e-01  1.63378769e-10  3.00000000e-01 
 7.89650000e-01  1.63378769e-10  3.00000000e-01 
 7.89750000e-01  1.63378769e-10  3.00000000e-01 
 7.89850000e-01  1.63378769e-10  3.00000000e-01 
 7.89950000e-01  1.63378769e-10  3.00000000e-01 
 7.90050000e-01  1.63378769e-10  3.00000000e-01 
 7.90150000e-01  1.63378769e-10  3.00000000e-01 
 7.90250000e-01  1.63378769e-10  3.00000000e-01 
 7.90350000e-01  1.63378769e-10  3.00000000e-01 
 7.90450000e-01  1.63378769e-10  3.00000000e-01 
 7.90550000e-01  1.63378769e-10  3.00000000e-01 
 7.90650000e-01  1.63378769e-10  3.00000000e-01 
 7.90750000e-01  1.63378769e-10  3.00000000e-01 
 7.90850000e-01  1.63378769e-10  3.00000000e-01 
 7.90950000e-01  1.63378769e-10  3.00000000e-01 
 7.91050000e-01  1.63378769e-10  3.00000000e-01 
 7.91150000e-01  1.63378769e-10  3.00000000e-01 
 7.91250000e-01  1.63378769e-10  3.00000000e-01 
 7.91350000e-01  1.63378769e-10  3.00000000e-01 
 7.91450000e-01  1.63378769e-10  3.00000000e-01 
 7.91550000e-01  1.63378769e-10  3.00000000e-01 
 7.91650000e-01  1.63378769e-10  3.00000000e-01 
 7.91750000e-01  1.63378769e-10  3.00000000e-01 
 7.91850000e-01  1.63378769e-10  3.00000000e-01 
 7.91950000e-01  1.63378769e-10  3.00000000e-01 
 7.92050000e-01  1.63378769e-10  3.00000000e-01 
 7.92150000e-01  1.63378769e-10  3.00000000e-01 
 7.92250000e-01  1.63378769e-10  3.00000000e-01 
 7.92350000e-01  1.63378769e-10  3.00000000e-01 
 7.92450000e-01  1.63378769e-10  3.00000000e-01 
 7.92550000e-01  1.63378769e-10  3.00000000e-01 
 7.92650000e-01  1.63378769e-10  3.00000000e-01 
 7.92750000e-01  1.63378769e-10  3.00000000e-01 
 7.92850000e-01  1.63378769e-10  3.00000000e-01 
 7.92950000e-01  1.63378769e-10  3.00000000e-01 
 7.93050000e-01  1.63378769e-10  3.00000000e-01 
 7.93150000e-01  1.63378769e-10  3.00000000e-01 
 7.93250000e-01  1.63378769e-10  3.00000000e-01 
 7.93350000e-01  1.63378769e-10  3.00000000e-01 
 7.93450000e-01  1.63378769e-10  3.00000000e-01 
 7.93550000e-01  1.63378769e-10  3.00000000e-01 
 7.93650000e-01  1.63378769e-10  3.00000000e-01 
 7.93750000e-01  1.63378769e-10  3.00000000e-01 
 7.93850000e-01  1.63378769e-10  3.00000000e-01 
 7.93950000e-01  1.63378769e-10  3.00000000e-01 
 7.94050000e-01  1.63378769e-10  3.00000000e-01 
 7.94150000e-01  1.63378769e-10  3.00000000e-01 
 7.94250000e-01  1.63378769e-10  3.00000000e-01 
 7.94350000e-01  1.63378769e-10  3.00000000e-01 
 7.94450000e-01  1.63378769e-10  3.00000000e-01 
 7.94550000e-01  1.63378769e-10  3.00000000e-01 
 7.94650000e-01  1.63378769e-10  3.00000000e-01 
 7.94750000e-01  1.63378769e-10  3.00000000e-01 
 7.94850000e-01  1.63378769e-10  3.00000000e-01 
 7.94950000e-01  1.63378769e-10  3.00000000e-01 
 7.95050000e-01  1.63378769e-10  3.00000000e-01 
 7.95150000e-01  1.63378769e-10  3.00000000e-01 
 7.95250000e-01  1.63378769e-10  3.00000000e-01 
 7.95350000e-01  1.63378769e-10  3.00000000e-01 
 7.95450000e-01  1.63378769e-10  3.00000000e-01 
 7.95550000e-01  1.63378769e-10  3.00000000e-01 
 7.95650000e-01  1.63378769e-10  3.00000000e-01 
 7.95750000e-01  1.63378769e-10  3.00000000e-01 
 7.95850000e-01  1.63378769e-10  3.00000000e-01 
 7.95950000e-01  1.63378769e-10  3.00000000e-01 
 7.96050000e-01  1.63378769e-10  3.00000000e-01 
 7.96150000e-01  1.63378769e-10  3.00000000e-01 
 7.96250000e-01  1.63378769e-10  3.00000000e-01 
 7.96350000e-01  1.63378769e-10  3.00000000e-01 
 7.96450000e-01  1.63378769e-10  3.00000000e-01 
 7.96550000e-01  1.63378769e-10  3.00000000e-01 
 7.96650000e-01  1.63378769e-10  3.00000000e-01 
 7.96750000e-01  1.63378769e-10  3.00000000e-01 
 7.96850000e-01  1.63378769e-10  3.00000000e-01 
 7.96950000e-01  1.63378769e-10  3.00000000e-01 
 7.97050000e-01  1.63378769e-10  3.00000000e-01 
 7.97150000e-01  1.63378769e-10  3.00000000e-01 
 7.97250000e-01  1.63378769e-10  3.00000000e-01 
 7.97350000e-01  1.63378769e-10  3.00000000e-01 
 7.97450000e-01  1.63378769e-10  3.00000000e-01 
 7.97550000e-01  1.63378769e-10  3.00000000e-01 
 7.97650000e-01  1.63378769e-10  3.00000000e-01 
 7.97750000e-01  1.63378769e-10  3.00000000e-01 
 7.97850000e-01  1.63378769e-10  3.00000000e-01 
 7.97950000e-01  1.63378769e-10  3.00000000e-01 
 7.98050000e-01  1.63378769e-10  3.00000000e-01 
 7.98150000e-01  1.63378769e-10  3.00000000e-01 
 7.98250000e-01  1.63378769e-10  3.00000000e-01 
 7.98350000e-01  1.63378769e-10  3.00000000e-01 
 7.98450000e-01  1.63378769e-10  3.00000000e-01 
 7.98550000e-01  1.63378769e-10  3.00000000e-01 
 7.98650000e-01  1.63378769e-10  3.00000000e-01 
 7.98750000e-01  1.63378769e-10  3.00000000e-01 
 7.98850000e-01  1.63378769e-10  3.00000000e-01 
 7.98950000e-01  1.63378769e-10  3.00000000e-01 
 7.99050000e-01  1.63378769e-10  3.00000000e-01 
 7.99150000e-01  1.63378769e-10  3.00000000e-01 
 7.99250000e-01  1.63378769e-10  3.00000000e-01 
 7.99350000e-01  1.63378769e-10  3.00000000e-01 
 7.99450000e-01  1.63378769e-10  3.00000000e-01 
 7.99550000e-01  1.63378769e-10  3.00000000e-01 
 7.99650000e-01  1.63378769e-10  3.00000000e-01 
 7.99750000e-01  1.63378769e-10  3.00000000e-01 
 7.99850000e-01  1.63378769e-10  3.00000000e-01 
 7.99950000e-01  1.63378769e-10  3.00000000e-01 
 8.00050000e-01  1.63378769e-10  3.00000000e-01 
 8.00150000e-01  1.63378769e-10  3.00000000e-01 
 8.00250000e-01  1.63378769e-10  3.00000000e-01 
 8.00350000e-01  1.63378769e-10  3.00000000e-01 
 8.00450000e-01  1.63378769e-10  3.00000000e-01 
 8.00550000e-01  1.63378769e-10  3.00000000e-01 
 8.00650000e-01  1.63378769e-10  3.00000000e-01 
 8.00750000e-01  1.63378769e-10  3.00000000e-01 
 8.00850000e-01  1.63378769e-10  3.00000000e-01 
 8.00950000e-01  1.63378769e-10  3.00000000e-01 
 8.01050000e-01  1.63378769e-10  3.00000000e-01 
 8.01150000e-01  1.63378769e-10  3.00000000e-01 
 8.01250000e-01  1.63378769e-10  3.00000000e-01 
 8.01350000e-01  1.63378769e-10  3.00000000e-01 
 8.01450000e-01  1.63378769e-10  3.00000000e-01 
 8.01550000e-01  1.63378769e-10  3.00000000e-01 
 8.01650000e-01  1.63378769e-10  3.00000000e-01 
 8.01750000e-01  1.63378769e-10  3.00000000e-01 
 8.01850000e-01  1.63378769e-10  3.00000000e-01 
 8.01950000e-01  1.63378769e-10  3.00000000e-01 
 8.02050000e-01  1.63378769e-10  3.00000000e-01 
 8.02150000e-01  1.63378769e-10  3.00000000e-01 
 8.02250000e-01  1.63378769e-10  3.00000000e-01 
 8.02350000e-01  1.63378769e-10  3.00000000e-01 
 8.02450000e-01  1.63378769e-10  3.00000000e-01 
 8.02550000e-01  1.63378769e-10  3.00000000e-01 
 8.02650000e-01  1.63378769e-10  3.00000000e-01 
 8.02750000e-01  1.63378769e-10  3.00000000e-01 
 8.02850000e-01  1.63378769e-10  3.00000000e-01 
 8.02950000e-01  1.63378769e-10  3.00000000e-01 
 8.03050000e-01  1.63378769e-10  3.00000000e-01 
 8.03150000e-01  1.63378769e-10  3.00000000e-01 
 8.03250000e-01  1.63378769e-10  3.00000000e-01 
 8.03350000e-01  1.63378769e-10  3.00000000e-01 
 8.03450000e-01  1.63378769e-10  3.00000000e-01 
 8.03550000e-01  1.63378769e-10  3.00000000e-01 
 8.03650000e-01  1.63378769e-10  3.00000000e-01 
 8.03750000e-01  1.63378769e-10  3.00000000e-01 
 8.03850000e-01  1.63378769e-10  3.00000000e-01 
 8.03950000e-01  1.63378769e-10  3.00000000e-01 
 8.04050000e-01  1.63378769e-10  3.00000000e-01 
 8.04150000e-01  1.63378769e-10  3.00000000e-01 
 8.04250000e-01  1.63378769e-10  3.00000000e-01 
 8.04350000e-01  1.63378769e-10  3.00000000e-01 
 8.04450000e-01  1.63378769e-10  3.00000000e-01 
 8.04550000e-01  1.63378769e-10  3.00000000e-01 
 8.04650000e-01  1.63378769e-10  3.00000000e-01 
 8.04750000e-01  1.63378769e-10  3.00000000e-01 
 8.04850000e-01  1.63378769e-10  3.00000000e-01 
 8.04950000e-01  1.63378769e-10  3.00000000e-01 
 8.05050000e-01  1.63378769e-10  3.00000000e-01 
 8.05150000e-01  1.63378769e-10  3.00000000e-01 
 8.05250000e-01  1.63378769e-10  3.00000000e-01 
 8.05350000e-01  1.63378769e-10  3.00000000e-01 
 8.05450000e-01  1.63378769e-10  3.00000000e-01 
 8.05550000e-01  1.63378769e-10  3.00000000e-01 
 8.05650000e-01  1.63378769e-10  3.00000000e-01 
 8.05750000e-01  1.63378769e-10  3.00000000e-01 
 8.05850000e-01  1.63378769e-10  3.00000000e-01 
 8.05950000e-01  1.63378769e-10  3.00000000e-01 
 8.06050000e-01  1.63378769e-10  3.00000000e-01 
 8.06150000e-01  1.63378769e-10  3.00000000e-01 
 8.06250000e-01  1.63378769e-10  3.00000000e-01 
 8.06350000e-01  1.63378769e-10  3.00000000e-01 
 8.06450000e-01  1.63378769e-10  3.00000000e-01 
 8.06550000e-01  1.63378769e-10  3.00000000e-01 
 8.06650000e-01  1.63378769e-10  3.00000000e-01 
 8.06750000e-01  1.63378769e-10  3.00000000e-01 
 8.06850000e-01  1.63378769e-10  3.00000000e-01 
 8.06950000e-01  1.63378769e-10  3.00000000e-01 
 8.07050000e-01  1.63378769e-10  3.00000000e-01 
 8.07150000e-01  1.63378769e-10  3.00000000e-01 
 8.07250000e-01  1.63378769e-10  3.00000000e-01 
 8.07350000e-01  1.63378769e-10  3.00000000e-01 
 8.07450000e-01  1.63378769e-10  3.00000000e-01 
 8.07550000e-01  1.63378769e-10  3.00000000e-01 
 8.07650000e-01  1.63378769e-10  3.00000000e-01 
 8.07750000e-01  1.63378769e-10  3.00000000e-01 
 8.07850000e-01  1.63378769e-10  3.00000000e-01 
 8.07950000e-01  1.63378769e-10  3.00000000e-01 
 8.08050000e-01  1.63378769e-10  3.00000000e-01 
 8.08150000e-01  1.63378769e-10  3.00000000e-01 
 8.08250000e-01  1.63378769e-10  3.00000000e-01 
 8.08350000e-01  1.63378769e-10  3.00000000e-01 
 8.08450000e-01  1.63378769e-10  3.00000000e-01 
 8.08550000e-01  1.63378769e-10  3.00000000e-01 
 8.08650000e-01  1.63378769e-10  3.00000000e-01 
 8.08750000e-01  1.63378769e-10  3.00000000e-01 
 8.08850000e-01  1.63378769e-10  3.00000000e-01 
 8.08950000e-01  1.63378769e-10  3.00000000e-01 
 8.09050000e-01  1.63378769e-10  3.00000000e-01 
 8.09150000e-01  1.63378769e-10  3.00000000e-01 
 8.09250000e-01  1.63378769e-10  3.00000000e-01 
 8.09350000e-01  1.63378769e-10  3.00000000e-01 
 8.09450000e-01  1.63378769e-10  3.00000000e-01 
 8.09550000e-01  1.63378769e-10  3.00000000e-01 
 8.09650000e-01  1.63378769e-10  3.00000000e-01 
 8.09750000e-01  1.63378769e-10  3.00000000e-01 
 8.09850000e-01  1.63378769e-10  3.00000000e-01 
 8.09950000e-01  1.63378769e-10  3.00000000e-01 
 8.10050000e-01  1.63378769e-10  3.00000000e-01 
 8.10150000e-01  1.63378769e-10  3.00000000e-01 
 8.10250000e-01  1.63378769e-10  3.00000000e-01 
 8.10350000e-01  1.63378769e-10  3.00000000e-01 
 8.10450000e-01  1.63378769e-10  3.00000000e-01 
 8.10550000e-01  1.63378769e-10  3.00000000e-01 
 8.10650000e-01  1.63378769e-10  3.00000000e-01 
 8.10750000e-01  1.63378769e-10  3.00000000e-01 
 8.10850000e-01  1.63378769e-10  3.00000000e-01 
 8.10950000e-01  1.63378769e-10  3.00000000e-01 
 8.11050000e-01  1.63378769e-10  3.00000000e-01 
 8.11150000e-01  1.63378769e-10  3.00000000e-01 
 8.11250000e-01  1.63378769e-10  3.00000000e-01 
 8.11350000e-01  1.63378769e-10  3.00000000e-01 
 8.11450000e-01  1.63378769e-10  3.00000000e-01 
 8.11550000e-01  1.63378769e-10  3.00000000e-01 
 8.11650000e-01  1.63378769e-10  3.00000000e-01 
 8.11750000e-01  1.63378769e-10  3.00000000e-01 
 8.11850000e-01  1.63378769e-10  3.00000000e-01 
 8.11950000e-01  1.63378769e-10  3.00000000e-01 
 8.12050000e-01  1.63378769e-10  3.00000000e-01 
 8.12150000e-01  1.63378769e-10  3.00000000e-01 
 8.12250000e-01  1.63378769e-10  3.00000000e-01 
 8.12350000e-01  1.63378769e-10  3.00000000e-01 
 8.12450000e-01  1.63378769e-10  3.00000000e-01 
 8.12550000e-01  1.63378769e-10  3.00000000e-01 
 8.12650000e-01  1.63378769e-10  3.00000000e-01 
 8.12750000e-01  1.63378769e-10  3.00000000e-01 
 8.12850000e-01  1.63378769e-10  3.00000000e-01 
 8.12950000e-01  1.63378769e-10  3.00000000e-01 
 8.13050000e-01  1.63378769e-10  3.00000000e-01 
 8.13150000e-01  1.63378769e-10  3.00000000e-01 
 8.13250000e-01  1.63378769e-10  3.00000000e-01 
 8.13350000e-01  1.63378769e-10  3.00000000e-01 
 8.13450000e-01  1.63378769e-10  3.00000000e-01 
 8.13550000e-01  1.63378769e-10  3.00000000e-01 
 8.13650000e-01  1.63378769e-10  3.00000000e-01 
 8.13750000e-01  1.63378769e-10  3.00000000e-01 
 8.13850000e-01  1.63378769e-10  3.00000000e-01 
 8.13950000e-01  1.63378769e-10  3.00000000e-01 
 8.14050000e-01  1.63378769e-10  3.00000000e-01 
 8.14150000e-01  1.63378769e-10  3.00000000e-01 
 8.14250000e-01  1.63378769e-10  3.00000000e-01 
 8.14350000e-01  1.63378769e-10  3.00000000e-01 
 8.14450000e-01  1.63378769e-10  3.00000000e-01 
 8.14550000e-01  1.63378769e-10  3.00000000e-01 
 8.14650000e-01  1.63378769e-10  3.00000000e-01 
 8.14750000e-01  1.63378769e-10  3.00000000e-01 
 8.14850000e-01  1.63378769e-10  3.00000000e-01 
 8.14950000e-01  1.63378769e-10  3.00000000e-01 
 8.15050000e-01  1.63378769e-10  3.00000000e-01 
 8.15150000e-01  1.63378769e-10  3.00000000e-01 
 8.15250000e-01  1.63378769e-10  3.00000000e-01 
 8.15350000e-01  1.63378769e-10  3.00000000e-01 
 8.15450000e-01  1.63378769e-10  3.00000000e-01 
 8.15550000e-01  1.63378769e-10  3.00000000e-01 
 8.15650000e-01  1.63378769e-10  3.00000000e-01 
 8.15750000e-01  1.63378769e-10  3.00000000e-01 
 8.15850000e-01  1.63378769e-10  3.00000000e-01 
 8.15950000e-01  1.63378769e-10  3.00000000e-01 
 8.16050000e-01  1.63378769e-10  3.00000000e-01 
 8.16150000e-01  1.63378769e-10  3.00000000e-01 
 8.16250000e-01  1.63378769e-10  3.00000000e-01 
 8.16350000e-01  1.63378769e-10  3.00000000e-01 
 8.16450000e-01  1.63378769e-10  3.00000000e-01 
 8.16550000e-01  1.63378769e-10  3.00000000e-01 
 8.16650000e-01  1.63378769e-10  3.00000000e-01 
 8.16750000e-01  1.63378769e-10  3.00000000e-01 
 8.16850000e-01  1.63378769e-10  3.00000000e-01 
 8.16950000e-01  1.63378769e-10  3.00000000e-01 
 8.17050000e-01  1.63378769e-10  3.00000000e-01 
 8.17150000e-01  1.63378769e-10  3.00000000e-01 
 8.17250000e-01  1.63378769e-10  3.00000000e-01 
 8.17350000e-01  1.63378769e-10  3.00000000e-01 
 8.17450000e-01  1.63378769e-10  3.00000000e-01 
 8.17550000e-01  1.63378769e-10  3.00000000e-01 
 8.17650000e-01  1.63378769e-10  3.00000000e-01 
 8.17750000e-01  1.63378769e-10  3.00000000e-01 
 8.17850000e-01  1.63378769e-10  3.00000000e-01 
 8.17950000e-01  1.63378769e-10  3.00000000e-01 
 8.18050000e-01  1.63378769e-10  3.00000000e-01 
 8.18150000e-01  1.63378769e-10  3.00000000e-01 
 8.18250000e-01  1.63378769e-10  3.00000000e-01 
 8.18350000e-01  1.63378769e-10  3.00000000e-01 
 8.18450000e-01  1.63378769e-10  3.00000000e-01 
 8.18550000e-01  1.63378769e-10  3.00000000e-01 
 8.18650000e-01  1.63378769e-10  3.00000000e-01 
 8.18750000e-01  1.63378769e-10  3.00000000e-01 
 8.18850000e-01  1.63378769e-10  3.00000000e-01 
 8.18950000e-01  1.63378769e-10  3.00000000e-01 
 8.19050000e-01  1.63378769e-10  3.00000000e-01 
 8.19150000e-01  1.63378769e-10  3.00000000e-01 
 8.19250000e-01  1.63378769e-10  3.00000000e-01 
 8.19350000e-01  1.63378769e-10  3.00000000e-01 
 8.19450000e-01  1.63378769e-10  3.00000000e-01 
 8.19550000e-01  1.63378769e-10  3.00000000e-01 
 8.19650000e-01  1.63378769e-10  3.00000000e-01 
 8.19750000e-01  1.63378769e-10  3.00000000e-01 
 8.19850000e-01  1.63378769e-10  3.00000000e-01 
 8.19950000e-01  1.63378769e-10  3.00000000e-01 
 8.20050000e-01  1.63378769e-10  3.00000000e-01 
 8.20150000e-01  1.63378769e-10  3.00000000e-01 
 8.20250000e-01  1.63378769e-10  3.00000000e-01 
 8.20350000e-01  1.63378769e-10  3.00000000e-01 
 8.20450000e-01  1.63378769e-10  3.00000000e-01 
 8.20550000e-01  1.63378769e-10  3.00000000e-01 
 8.20650000e-01  1.63378769e-10  3.00000000e-01 
 8.20750000e-01  1.63378769e-10  3.00000000e-01 
 8.20850000e-01  1.63378769e-10  3.00000000e-01 
 8.20950000e-01  1.63378769e-10  3.00000000e-01 
 8.21050000e-01  1.63378769e-10  3.00000000e-01 
 8.21150000e-01  1.63378769e-10  3.00000000e-01 
 8.21250000e-01  1.63378769e-10  3.00000000e-01 
 8.21350000e-01  1.63378769e-10  3.00000000e-01 
 8.21450000e-01  1.63378769e-10  3.00000000e-01 
 8.21550000e-01  1.63378769e-10  3.00000000e-01 
 8.21650000e-01  1.63378769e-10  3.00000000e-01 
 8.21750000e-01  1.63378769e-10  3.00000000e-01 
 8.21850000e-01  1.63378769e-10  3.00000000e-01 
 8.21950000e-01  1.63378769e-10  3.00000000e-01 
 8.22050000e-01  1.63378769e-10  3.00000000e-01 
 8.22150000e-01  1.63378769e-10  3.00000000e-01 
 8.22250000e-01  1.63378769e-10  3.00000000e-01 
 8.22350000e-01  1.63378769e-10  3.00000000e-01 
 8.22450000e-01  1.63378769e-10  3.00000000e-01 
 8.22550000e-01  1.63378769e-10  3.00000000e-01 
 8.22650000e-01  1.63378769e-10  3.00000000e-01 
 8.22750000e-01  1.63378769e-10  3.00000000e-01 
 8.22850000e-01  1.63378769e-10  3.00000000e-01 
 8.22950000e-01  1.63378769e-10  3.00000000e-01 
 8.23050000e-01  1.63378769e-10  3.00000000e-01 
 8.23150000e-01  1.63378769e-10  3.00000000e-01 
 8.23250000e-01  1.63378769e-10  3.00000000e-01 
 8.23350000e-01  1.63378769e-10  3.00000000e-01 
 8.23450000e-01  1.63378769e-10  3.00000000e-01 
 8.23550000e-01  1.63378769e-10  3.00000000e-01 
 8.23650000e-01  1.63378769e-10  3.00000000e-01 
 8.23750000e-01  1.63378769e-10  3.00000000e-01 
 8.23850000e-01  1.63378769e-10  3.00000000e-01 
 8.23950000e-01  1.63378769e-10  3.00000000e-01 
 8.24050000e-01  1.63378769e-10  3.00000000e-01 
 8.24150000e-01  1.63378769e-10  3.00000000e-01 
 8.24250000e-01  1.63378769e-10  3.00000000e-01 
 8.24350000e-01  1.63378769e-10  3.00000000e-01 
 8.24450000e-01  1.63378769e-10  3.00000000e-01 
 8.24550000e-01  1.63378769e-10  3.00000000e-01 
 8.24650000e-01  1.63378769e-10  3.00000000e-01 
 8.24750000e-01  1.63378769e-10  3.00000000e-01 
 8.24850000e-01  1.63378769e-10  3.00000000e-01 
 8.24950000e-01  1.63378769e-10  3.00000000e-01 
 8.25050000e-01  1.63378769e-10  3.00000000e-01 
 8.25150000e-01  1.63378769e-10  3.00000000e-01 
 8.25250000e-01  1.63378769e-10  3.00000000e-01 
 8.25350000e-01  1.63378769e-10  3.00000000e-01 
 8.25450000e-01  1.63378769e-10  3.00000000e-01 
 8.25550000e-01  1.63378769e-10  3.00000000e-01 
 8.25650000e-01  1.63378769e-10  3.00000000e-01 
 8.25750000e-01  1.63378769e-10  3.00000000e-01 
 8.25850000e-01  1.63378769e-10  3.00000000e-01 
 8.25950000e-01  1.63378769e-10  3.00000000e-01 
 8.26050000e-01  1.63378769e-10  3.00000000e-01 
 8.26150000e-01  1.63378769e-10  3.00000000e-01 
 8.26250000e-01  1.63378769e-10  3.00000000e-01 
 8.26350000e-01  1.63378769e-10  3.00000000e-01 
 8.26450000e-01  1.63378769e-10  3.00000000e-01 
 8.26550000e-01  1.63378769e-10  3.00000000e-01 
 8.26650000e-01  1.63378769e-10  3.00000000e-01 
 8.26750000e-01  1.63378769e-10  3.00000000e-01 
 8.26850000e-01  1.63378769e-10  3.00000000e-01 
 8.26950000e-01  1.63378769e-10  3.00000000e-01 
 8.27050000e-01  1.63378769e-10  3.00000000e-01 
 8.27150000e-01  1.63378769e-10  3.00000000e-01 
 8.27250000e-01  1.63378769e-10  3.00000000e-01 
 8.27350000e-01  1.63378769e-10  3.00000000e-01 
 8.27450000e-01  1.63378769e-10  3.00000000e-01 
 8.27550000e-01  1.63378769e-10  3.00000000e-01 
 8.27650000e-01  1.63378769e-10  3.00000000e-01 
 8.27750000e-01  1.63378769e-10  3.00000000e-01 
 8.27850000e-01  1.63378769e-10  3.00000000e-01 
 8.27950000e-01  1.63378769e-10  3.00000000e-01 
 8.28050000e-01  1.63378769e-10  3.00000000e-01 
 8.28150000e-01  1.63378769e-10  3.00000000e-01 
 8.28250000e-01  1.63378769e-10  3.00000000e-01 
 8.28350000e-01  1.63378769e-10  3.00000000e-01 
 8.28450000e-01  1.63378769e-10  3.00000000e-01 
 8.28550000e-01  1.63378769e-10  3.00000000e-01 
 8.28650000e-01  1.63378769e-10  3.00000000e-01 
 8.28750000e-01  1.63378769e-10  3.00000000e-01 
 8.28850000e-01  1.63378769e-10  3.00000000e-01 
 8.28950000e-01  1.63378769e-10  3.00000000e-01 
 8.29050000e-01  1.63378769e-10  3.00000000e-01 
 8.29150000e-01  1.63378769e-10  3.00000000e-01 
 8.29250000e-01  1.63378769e-10  3.00000000e-01 
 8.29350000e-01  1.63378769e-10  3.00000000e-01 
 8.29450000e-01  1.63378769e-10  3.00000000e-01 
 8.29550000e-01  1.63378769e-10  3.00000000e-01 
 8.29650000e-01  1.63378769e-10  3.00000000e-01 
 8.29750000e-01  1.63378769e-10  3.00000000e-01 
 8.29850000e-01  1.63378769e-10  3.00000000e-01 
 8.29950000e-01  1.63378769e-10  3.00000000e-01 
 8.30050000e-01  1.63378769e-10  3.00000000e-01 
 8.30150000e-01  1.63378769e-10  3.00000000e-01 
 8.30250000e-01  1.63378769e-10  3.00000000e-01 
 8.30350000e-01  1.63378769e-10  3.00000000e-01 
 8.30450000e-01  1.63378769e-10  3.00000000e-01 
 8.30550000e-01  1.63378769e-10  3.00000000e-01 
 8.30650000e-01  1.63378769e-10  3.00000000e-01 
 8.30750000e-01  1.63378769e-10  3.00000000e-01 
 8.30850000e-01  1.63378769e-10  3.00000000e-01 
 8.30950000e-01  1.63378769e-10  3.00000000e-01 
 8.31050000e-01  1.63378769e-10  3.00000000e-01 
 8.31150000e-01  1.63378769e-10  3.00000000e-01 
 8.31250000e-01  1.63378769e-10  3.00000000e-01 
 8.31350000e-01  1.63378769e-10  3.00000000e-01 
 8.31450000e-01  1.63378769e-10  3.00000000e-01 
 8.31550000e-01  1.63378769e-10  3.00000000e-01 
 8.31650000e-01  1.63378769e-10  3.00000000e-01 
 8.31750000e-01  1.63378769e-10  3.00000000e-01 
 8.31850000e-01  1.63378769e-10  3.00000000e-01 
 8.31950000e-01  1.63378769e-10  3.00000000e-01 
 8.32050000e-01  1.63378769e-10  3.00000000e-01 
 8.32150000e-01  1.63378769e-10  3.00000000e-01 
 8.32250000e-01  1.63378769e-10  3.00000000e-01 
 8.32350000e-01  1.63378769e-10  3.00000000e-01 
 8.32450000e-01  1.63378769e-10  3.00000000e-01 
 8.32550000e-01  1.63378769e-10  3.00000000e-01 
 8.32650000e-01  1.63378769e-10  3.00000000e-01 
 8.32750000e-01  1.63378769e-10  3.00000000e-01 
 8.32850000e-01  1.63378769e-10  3.00000000e-01 
 8.32950000e-01  1.63378769e-10  3.00000000e-01 
 8.33050000e-01  1.63378769e-10  3.00000000e-01 
 8.33150000e-01  1.63378769e-10  3.00000000e-01 
 8.33250000e-01  1.63378769e-10  3.00000000e-01 
 8.33350000e-01  1.63378769e-10  3.00000000e-01 
 8.33450000e-01  1.63378769e-10  3.00000000e-01 
 8.33550000e-01  1.63378769e-10  3.00000000e-01 
 8.33650000e-01  1.63378769e-10  3.00000000e-01 
 8.33750000e-01  1.63378769e-10  3.00000000e-01 
 8.33850000e-01  1.63378769e-10  3.00000000e-01 
 8.33950000e-01  1.63378769e-10  3.00000000e-01 
 8.34050000e-01  1.63378769e-10  3.00000000e-01 
 8.34150000e-01  1.63378769e-10  3.00000000e-01 
 8.34250000e-01  1.63378769e-10  3.00000000e-01 
 8.34350000e-01  1.63378769e-10  3.00000000e-01 
 8.34450000e-01  1.63378769e-10  3.00000000e-01 
 8.34550000e-01  1.63378769e-10  3.00000000e-01 
 8.34650000e-01  1.63378769e-10  3.00000000e-01 
 8.34750000e-01  1.63378769e-10  3.00000000e-01 
 8.34850000e-01  1.63378769e-10  3.00000000e-01 
 8.34950000e-01  1.63378769e-10  3.00000000e-01 
 8.35050000e-01  1.63378769e-10  3.00000000e-01 
 8.35150000e-01  1.63378769e-10  3.00000000e-01 
 8.35250000e-01  1.63378769e-10  3.00000000e-01 
 8.35350000e-01  1.63378769e-10  3.00000000e-01 
 8.35450000e-01  1.63378769e-10  3.00000000e-01 
 8.35550000e-01  1.63378769e-10  3.00000000e-01 
 8.35650000e-01  1.63378769e-10  3.00000000e-01 
 8.35750000e-01  1.63378769e-10  3.00000000e-01 
 8.35850000e-01  1.63378769e-10  3.00000000e-01 
 8.35950000e-01  1.63378769e-10  3.00000000e-01 
 8.36050000e-01  1.63378769e-10  3.00000000e-01 
 8.36150000e-01  1.63378769e-10  3.00000000e-01 
 8.36250000e-01  1.63378769e-10  3.00000000e-01 
 8.36350000e-01  1.63378769e-10  3.00000000e-01 
 8.36450000e-01  1.63378769e-10  3.00000000e-01 
 8.36550000e-01  1.63378769e-10  3.00000000e-01 
 8.36650000e-01  1.63378769e-10  3.00000000e-01 
 8.36750000e-01  1.63378769e-10  3.00000000e-01 
 8.36850000e-01  1.63378769e-10  3.00000000e-01 
 8.36950000e-01  1.63378769e-10  3.00000000e-01 
 8.37050000e-01  1.63378769e-10  3.00000000e-01 
 8.37150000e-01  1.63378769e-10  3.00000000e-01 
 8.37250000e-01  1.63378769e-10  3.00000000e-01 
 8.37350000e-01  1.63378769e-10  3.00000000e-01 
 8.37450000e-01  1.63378769e-10  3.00000000e-01 
 8.37550000e-01  1.63378769e-10  3.00000000e-01 
 8.37650000e-01  1.63378769e-10  3.00000000e-01 
 8.37750000e-01  1.63378769e-10  3.00000000e-01 
 8.37850000e-01  1.63378769e-10  3.00000000e-01 
 8.37950000e-01  1.63378769e-10  3.00000000e-01 
 8.38050000e-01  1.63378769e-10  3.00000000e-01 
 8.38150000e-01  1.63378769e-10  3.00000000e-01 
 8.38250000e-01  1.63378769e-10  3.00000000e-01 
 8.38350000e-01  1.63378769e-10  3.00000000e-01 
 8.38450000e-01  1.63378769e-10  3.00000000e-01 
 8.38550000e-01  1.63378769e-10  3.00000000e-01 
 8.38650000e-01  1.63378769e-10  3.00000000e-01 
 8.38750000e-01  1.63378769e-10  3.00000000e-01 
 8.38850000e-01  1.63378769e-10  3.00000000e-01 
 8.38950000e-01  1.63378769e-10  3.00000000e-01 
 8.39050000e-01  1.63378769e-10  3.00000000e-01 
 8.39150000e-01  1.63378769e-10  3.00000000e-01 
 8.39250000e-01  1.63378769e-10  3.00000000e-01 
 8.39350000e-01  1.63378769e-10  3.00000000e-01 
 8.39450000e-01  1.63378769e-10  3.00000000e-01 
 8.39550000e-01  1.63378769e-10  3.00000000e-01 
 8.39650000e-01  1.63378769e-10  3.00000000e-01 
 8.39750000e-01  1.63378769e-10  3.00000000e-01 
 8.39850000e-01  1.63378769e-10  3.00000000e-01 
 8.39950000e-01  1.63378769e-10  3.00000000e-01 
 8.40050000e-01  1.63378769e-10  3.00000000e-01 
 8.40150000e-01  1.63378769e-10  3.00000000e-01 
 8.40250000e-01  1.63378769e-10  3.00000000e-01 
 8.40350000e-01  1.63378769e-10  3.00000000e-01 
 8.40450000e-01  1.63378769e-10  3.00000000e-01 
 8.40550000e-01  1.63378769e-10  3.00000000e-01 
 8.40650000e-01  1.63378769e-10  3.00000000e-01 
 8.40750000e-01  1.63378769e-10  3.00000000e-01 
 8.40850000e-01  1.63378769e-10  3.00000000e-01 
 8.40950000e-01  1.63378769e-10  3.00000000e-01 
 8.41050000e-01  1.63378769e-10  3.00000000e-01 
 8.41150000e-01  1.63378769e-10  3.00000000e-01 
 8.41250000e-01  1.63378769e-10  3.00000000e-01 
 8.41350000e-01  1.63378769e-10  3.00000000e-01 
 8.41450000e-01  1.63378769e-10  3.00000000e-01 
 8.41550000e-01  1.63378769e-10  3.00000000e-01 
 8.41650000e-01  1.63378769e-10  3.00000000e-01 
 8.41750000e-01  1.63378769e-10  3.00000000e-01 
 8.41850000e-01  1.63378769e-10  3.00000000e-01 
 8.41950000e-01  1.63378769e-10  3.00000000e-01 
 8.42050000e-01  1.63378769e-10  3.00000000e-01 
 8.42150000e-01  1.63378769e-10  3.00000000e-01 
 8.42250000e-01  1.63378769e-10  3.00000000e-01 
 8.42350000e-01  1.63378769e-10  3.00000000e-01 
 8.42450000e-01  1.63378769e-10  3.00000000e-01 
 8.42550000e-01  1.63378769e-10  3.00000000e-01 
 8.42650000e-01  1.63378769e-10  3.00000000e-01 
 8.42750000e-01  1.63378769e-10  3.00000000e-01 
 8.42850000e-01  1.63378769e-10  3.00000000e-01 
 8.42950000e-01  1.63378769e-10  3.00000000e-01 
 8.43050000e-01  1.63378769e-10  3.00000000e-01 
 8.43150000e-01  1.63378769e-10  3.00000000e-01 
 8.43250000e-01  1.63378769e-10  3.00000000e-01 
 8.43350000e-01  1.63378769e-10  3.00000000e-01 
 8.43450000e-01  1.63378769e-10  3.00000000e-01 
 8.43550000e-01  1.63378769e-10  3.00000000e-01 
 8.43650000e-01  1.63378769e-10  3.00000000e-01 
 8.43750000e-01  1.63378769e-10  3.00000000e-01 
 8.43850000e-01  1.63378769e-10  3.00000000e-01 
 8.43950000e-01  1.63378769e-10  3.00000000e-01 
 8.44050000e-01  1.63378769e-10  3.00000000e-01 
 8.44150000e-01  1.63378769e-10  3.00000000e-01 
 8.44250000e-01  1.63378769e-10  3.00000000e-01 
 8.44350000e-01  1.63378769e-10  3.00000000e-01 
 8.44450000e-01  1.63378769e-10  3.00000000e-01 
 8.44550000e-01  1.63378769e-10  3.00000000e-01 
 8.44650000e-01  1.63378769e-10  3.00000000e-01 
 8.44750000e-01  1.63378769e-10  3.00000000e-01 
 8.44850000e-01  1.63378769e-10  3.00000000e-01 
 8.44950000e-01  1.63378769e-10  3.00000000e-01 
 8.45050000e-01  1.63378769e-10  3.00000000e-01 
 8.45150000e-01  1.63378769e-10  3.00000000e-01 
 8.45250000e-01  1.63378769e-10  3.00000000e-01 
 8.45350000e-01  1.63378769e-10  3.00000000e-01 
 8.45450000e-01  1.63378769e-10  3.00000000e-01 
 8.45550000e-01  1.63378769e-10  3.00000000e-01 
 8.45650000e-01  1.63378769e-10  3.00000000e-01 
 8.45750000e-01  1.63378769e-10  3.00000000e-01 
 8.45850000e-01  1.63378769e-10  3.00000000e-01 
 8.45950000e-01  1.63378769e-10  3.00000000e-01 
 8.46050000e-01  1.63378769e-10  3.00000000e-01 
 8.46150000e-01  1.63378769e-10  3.00000000e-01 
 8.46250000e-01  1.63378769e-10  3.00000000e-01 
 8.46350000e-01  1.63378769e-10  3.00000000e-01 
 8.46450000e-01  1.63378769e-10  3.00000000e-01 
 8.46550000e-01  1.63378769e-10  3.00000000e-01 
 8.46650000e-01  1.63378769e-10  3.00000000e-01 
 8.46750000e-01  1.63378769e-10  3.00000000e-01 
 8.46850000e-01  1.63378769e-10  3.00000000e-01 
 8.46950000e-01  1.63378769e-10  3.00000000e-01 
 8.47050000e-01  1.63378769e-10  3.00000000e-01 
 8.47150000e-01  1.63378769e-10  3.00000000e-01 
 8.47250000e-01  1.63378769e-10  3.00000000e-01 
 8.47350000e-01  1.63378769e-10  3.00000000e-01 
 8.47450000e-01  1.63378769e-10  3.00000000e-01 
 8.47550000e-01  1.63378769e-10  3.00000000e-01 
 8.47650000e-01  1.63378769e-10  3.00000000e-01 
 8.47750000e-01  1.63378769e-10  3.00000000e-01 
 8.47850000e-01  1.63378769e-10  3.00000000e-01 
 8.47950000e-01  1.63378769e-10  3.00000000e-01 
 8.48050000e-01  1.63378769e-10  3.00000000e-01 
 8.48150000e-01  1.63378769e-10  3.00000000e-01 
 8.48250000e-01  1.63378769e-10  3.00000000e-01 
 8.48350000e-01  1.63378769e-10  3.00000000e-01 
 8.48450000e-01  1.63378769e-10  3.00000000e-01 
 8.48550000e-01  1.63378769e-10  3.00000000e-01 
 8.48650000e-01  1.63378769e-10  3.00000000e-01 
 8.48750000e-01  1.63378769e-10  3.00000000e-01 
 8.48850000e-01  1.63378769e-10  3.00000000e-01 
 8.48950000e-01  1.63378769e-10  3.00000000e-01 
 8.49050000e-01  1.63378769e-10  3.00000000e-01 
 8.49150000e-01  1.63378769e-10  3.00000000e-01 
 8.49250000e-01  1.63378769e-10  3.00000000e-01 
 8.49350000e-01  1.63378769e-10  3.00000000e-01 
 8.49450000e-01  1.63378769e-10  3.00000000e-01 
 8.49550000e-01  1.63378769e-10  3.00000000e-01 
 8.49650000e-01  1.63378769e-10  3.00000000e-01 
 8.49750000e-01  1.63378769e-10  3.00000000e-01 
 8.49850000e-01  1.63378769e-10  3.00000000e-01 
 8.49950000e-01  1.63378769e-10  3.00000000e-01 
 8.50050000e-01  1.63378769e-10  3.00000000e-01 
 8.50150000e-01  1.63378769e-10  3.00000000e-01 
 8.50250000e-01  1.63378769e-10  3.00000000e-01 
 8.50350000e-01  1.63378769e-10  3.00000000e-01 
 8.50450000e-01  1.63378769e-10  3.00000000e-01 
 8.50550000e-01  1.63378769e-10  3.00000000e-01 
 8.50650000e-01  1.63378769e-10  3.00000000e-01 
 8.50750000e-01  1.63378769e-10  3.00000000e-01 
 8.50850000e-01  1.63378769e-10  3.00000000e-01 
 8.50950000e-01  1.63378769e-10  3.00000000e-01 
 8.51050000e-01  1.63378769e-10  3.00000000e-01 
 8.51150000e-01  1.63378769e-10  3.00000000e-01 
 8.51250000e-01  1.63378769e-10  3.00000000e-01 
 8.51350000e-01  1.63378769e-10  3.00000000e-01 
 8.51450000e-01  1.63378769e-10  3.00000000e-01 
 8.51550000e-01  1.63378769e-10  3.00000000e-01 
 8.51650000e-01  1.63378769e-10  3.00000000e-01 
 8.51750000e-01  1.63378769e-10  3.00000000e-01 
 8.51850000e-01  1.63378769e-10  3.00000000e-01 
 8.51950000e-01  1.63378769e-10  3.00000000e-01 
 8.52050000e-01  1.63378769e-10  3.00000000e-01 
 8.52150000e-01  1.63378769e-10  3.00000000e-01 
 8.52250000e-01  1.63378769e-10  3.00000000e-01 
 8.52350000e-01  1.63378769e-10  3.00000000e-01 
 8.52450000e-01  1.63378769e-10  3.00000000e-01 
 8.52550000e-01  1.63378769e-10  3.00000000e-01 
 8.52650000e-01  1.63378769e-10  3.00000000e-01 
 8.52750000e-01  1.63378769e-10  3.00000000e-01 
 8.52850000e-01  1.63378769e-10  3.00000000e-01 
 8.52950000e-01  1.63378769e-10  3.00000000e-01 
 8.53050000e-01  1.63378769e-10  3.00000000e-01 
 8.53150000e-01  1.63378769e-10  3.00000000e-01 
 8.53250000e-01  1.63378769e-10  3.00000000e-01 
 8.53350000e-01  1.63378769e-10  3.00000000e-01 
 8.53450000e-01  1.63378769e-10  3.00000000e-01 
 8.53550000e-01  1.63378769e-10  3.00000000e-01 
 8.53650000e-01  1.63378769e-10  3.00000000e-01 
 8.53750000e-01  1.63378769e-10  3.00000000e-01 
 8.53850000e-01  1.63378769e-10  3.00000000e-01 
 8.53950000e-01  1.63378769e-10  3.00000000e-01 
 8.54050000e-01  1.63378769e-10  3.00000000e-01 
 8.54150000e-01  1.63378769e-10  3.00000000e-01 
 8.54250000e-01  1.63378769e-10  3.00000000e-01 
 8.54350000e-01  1.63378769e-10  3.00000000e-01 
 8.54450000e-01  1.63378769e-10  3.00000000e-01 
 8.54550000e-01  1.63378769e-10  3.00000000e-01 
 8.54650000e-01  1.63378769e-10  3.00000000e-01 
 8.54750000e-01  1.63378769e-10  3.00000000e-01 
 8.54850000e-01  1.63378769e-10  3.00000000e-01 
 8.54950000e-01  1.63378769e-10  3.00000000e-01 
 8.55050000e-01  1.63378769e-10  3.00000000e-01 
 8.55150000e-01  1.63378769e-10  3.00000000e-01 
 8.55250000e-01  1.63378769e-10  3.00000000e-01 
 8.55350000e-01  1.63378769e-10  3.00000000e-01 
 8.55450000e-01  1.63378769e-10  3.00000000e-01 
 8.55550000e-01  1.63378769e-10  3.00000000e-01 
 8.55650000e-01  1.63378769e-10  3.00000000e-01 
 8.55750000e-01  1.63378769e-10  3.00000000e-01 
 8.55850000e-01  1.63378769e-10  3.00000000e-01 
 8.55950000e-01  1.63378769e-10  3.00000000e-01 
 8.56050000e-01  1.63378769e-10  3.00000000e-01 
 8.56150000e-01  1.63378769e-10  3.00000000e-01 
 8.56250000e-01  1.63378769e-10  3.00000000e-01 
 8.56350000e-01  1.63378769e-10  3.00000000e-01 
 8.56450000e-01  1.63378769e-10  3.00000000e-01 
 8.56550000e-01  1.63378769e-10  3.00000000e-01 
 8.56650000e-01  1.63378769e-10  3.00000000e-01 
 8.56750000e-01  1.63378769e-10  3.00000000e-01 
 8.56850000e-01  1.63378769e-10  3.00000000e-01 
 8.56950000e-01  1.63378769e-10  3.00000000e-01 
 8.57050000e-01  1.63378769e-10  3.00000000e-01 
 8.57150000e-01  1.63378769e-10  3.00000000e-01 
 8.57250000e-01  1.63378769e-10  3.00000000e-01 
 8.57350000e-01  1.63378769e-10  3.00000000e-01 
 8.57450000e-01  1.63378769e-10  3.00000000e-01 
 8.57550000e-01  1.63378769e-10  3.00000000e-01 
 8.57650000e-01  1.63378769e-10  3.00000000e-01 
 8.57750000e-01  1.63378769e-10  3.00000000e-01 
 8.57850000e-01  1.63378769e-10  3.00000000e-01 
 8.57950000e-01  1.63378769e-10  3.00000000e-01 
 8.58050000e-01  1.63378769e-10  3.00000000e-01 
 8.58150000e-01  1.63378769e-10  3.00000000e-01 
 8.58250000e-01  1.63378769e-10  3.00000000e-01 
 8.58350000e-01  1.63378769e-10  3.00000000e-01 
 8.58450000e-01  1.63378769e-10  3.00000000e-01 
 8.58550000e-01  1.63378769e-10  3.00000000e-01 
 8.58650000e-01  1.63378769e-10  3.00000000e-01 
 8.58750000e-01  1.63378769e-10  3.00000000e-01 
 8.58850000e-01  1.63378769e-10  3.00000000e-01 
 8.58950000e-01  1.63378769e-10  3.00000000e-01 
 8.59050000e-01  1.63378769e-10  3.00000000e-01 
 8.59150000e-01  1.63378769e-10  3.00000000e-01 
 8.59250000e-01  1.63378769e-10  3.00000000e-01 
 8.59350000e-01  1.63378769e-10  3.00000000e-01 
 8.59450000e-01  1.63378769e-10  3.00000000e-01 
 8.59550000e-01  1.63378769e-10  3.00000000e-01 
 8.59650000e-01  1.63378769e-10  3.00000000e-01 
 8.59750000e-01  1.63378769e-10  3.00000000e-01 
 8.59850000e-01  1.63378769e-10  3.00000000e-01 
 8.59950000e-01  1.63378769e-10  3.00000000e-01 
 8.60050000e-01  1.63378769e-10  3.00000000e-01 
 8.60150000e-01  1.63378769e-10  3.00000000e-01 
 8.60250000e-01  1.63378769e-10  3.00000000e-01 
 8.60350000e-01  1.63378769e-10  3.00000000e-01 
 8.60450000e-01  1.63378769e-10  3.00000000e-01 
 8.60550000e-01  1.63378769e-10  3.00000000e-01 
 8.60650000e-01  1.63378769e-10  3.00000000e-01 
 8.60750000e-01  1.63378769e-10  3.00000000e-01 
 8.60850000e-01  1.63378769e-10  3.00000000e-01 
 8.60950000e-01  1.63378769e-10  3.00000000e-01 
 8.61050000e-01  1.63378769e-10  3.00000000e-01 
 8.61150000e-01  1.63378769e-10  3.00000000e-01 
 8.61250000e-01  1.63378769e-10  3.00000000e-01 
 8.61350000e-01  1.63378769e-10  3.00000000e-01 
 8.61450000e-01  1.63378769e-10  3.00000000e-01 
 8.61550000e-01  1.63378769e-10  3.00000000e-01 
 8.61650000e-01  1.63378769e-10  3.00000000e-01 
 8.61750000e-01  1.63378769e-10  3.00000000e-01 
 8.61850000e-01  1.63378769e-10  3.00000000e-01 
 8.61950000e-01  1.63378769e-10  3.00000000e-01 
 8.62050000e-01  1.63378769e-10  3.00000000e-01 
 8.62150000e-01  1.63378769e-10  3.00000000e-01 
 8.62250000e-01  1.63378769e-10  3.00000000e-01 
 8.62350000e-01  1.63378769e-10  3.00000000e-01 
 8.62450000e-01  1.63378769e-10  3.00000000e-01 
 8.62550000e-01  1.63378769e-10  3.00000000e-01 
 8.62650000e-01  1.63378769e-10  3.00000000e-01 
 8.62750000e-01  1.63378769e-10  3.00000000e-01 
 8.62850000e-01  1.63378769e-10  3.00000000e-01 
 8.62950000e-01  1.63378769e-10  3.00000000e-01 
 8.63050000e-01  1.63378769e-10  3.00000000e-01 
 8.63150000e-01  1.63378769e-10  3.00000000e-01 
 8.63250000e-01  1.63378769e-10  3.00000000e-01 
 8.63350000e-01  1.63378769e-10  3.00000000e-01 
 8.63450000e-01  1.63378769e-10  3.00000000e-01 
 8.63550000e-01  1.63378769e-10  3.00000000e-01 
 8.63650000e-01  1.63378769e-10  3.00000000e-01 
 8.63750000e-01  1.63378769e-10  3.00000000e-01 
 8.63850000e-01  1.63378769e-10  3.00000000e-01 
 8.63950000e-01  1.63378769e-10  3.00000000e-01 
 8.64050000e-01  1.63378769e-10  3.00000000e-01 
 8.64150000e-01  1.63378769e-10  3.00000000e-01 
 8.64250000e-01  1.63378769e-10  3.00000000e-01 
 8.64350000e-01  1.63378769e-10  3.00000000e-01 
 8.64450000e-01  1.63378769e-10  3.00000000e-01 
 8.64550000e-01  1.63378769e-10  3.00000000e-01 
 8.64650000e-01  1.63378769e-10  3.00000000e-01 
 8.64750000e-01  1.63378769e-10  3.00000000e-01 
 8.64850000e-01  1.63378769e-10  3.00000000e-01 
 8.64950000e-01  1.63378769e-10  3.00000000e-01 
 8.65050000e-01  1.63378769e-10  3.00000000e-01 
 8.65150000e-01  1.63378769e-10  3.00000000e-01 
 8.65250000e-01  1.63378769e-10  3.00000000e-01 
 8.65350000e-01  1.63378769e-10  3.00000000e-01 
 8.65450000e-01  1.63378769e-10  3.00000000e-01 
 8.65550000e-01  1.63378769e-10  3.00000000e-01 
 8.65650000e-01  1.63378769e-10  3.00000000e-01 
 8.65750000e-01  1.63378769e-10  3.00000000e-01 
 8.65850000e-01  1.63378769e-10  3.00000000e-01 
 8.65950000e-01  1.63378769e-10  3.00000000e-01 
 8.66050000e-01  1.63378769e-10  3.00000000e-01 
 8.66150000e-01  1.63378769e-10  3.00000000e-01 
 8.66250000e-01  1.63378769e-10  3.00000000e-01 
 8.66350000e-01  1.63378769e-10  3.00000000e-01 
 8.66450000e-01  1.63378769e-10  3.00000000e-01 
 8.66550000e-01  1.63378769e-10  3.00000000e-01 
 8.66650000e-01  1.63378769e-10  3.00000000e-01 
 8.66750000e-01  1.63378769e-10  3.00000000e-01 
 8.66850000e-01  1.63378769e-10  3.00000000e-01 
 8.66950000e-01  1.63378769e-10  3.00000000e-01 
 8.67050000e-01  1.63378769e-10  3.00000000e-01 
 8.67150000e-01  1.63378769e-10  3.00000000e-01 
 8.67250000e-01  1.63378769e-10  3.00000000e-01 
 8.67350000e-01  1.63378769e-10  3.00000000e-01 
 8.67450000e-01  1.63378769e-10  3.00000000e-01 
 8.67550000e-01  1.63378769e-10  3.00000000e-01 
 8.67650000e-01  1.63378769e-10  3.00000000e-01 
 8.67750000e-01  1.63378769e-10  3.00000000e-01 
 8.67850000e-01  1.63378769e-10  3.00000000e-01 
 8.67950000e-01  1.63378769e-10  3.00000000e-01 
 8.68050000e-01  1.63378769e-10  3.00000000e-01 
 8.68150000e-01  1.63378769e-10  3.00000000e-01 
 8.68250000e-01  1.63378769e-10  3.00000000e-01 
 8.68350000e-01  1.63378769e-10  3.00000000e-01 
 8.68450000e-01  1.63378769e-10  3.00000000e-01 
 8.68550000e-01  1.63378769e-10  3.00000000e-01 
 8.68650000e-01  1.63378769e-10  3.00000000e-01 
 8.68750000e-01  1.63378769e-10  3.00000000e-01 
 8.68850000e-01  1.63378769e-10  3.00000000e-01 
 8.68950000e-01  1.63378769e-10  3.00000000e-01 
 8.69050000e-01  1.63378769e-10  3.00000000e-01 
 8.69150000e-01  1.63378769e-10  3.00000000e-01 
 8.69250000e-01  1.63378769e-10  3.00000000e-01 
 8.69350000e-01  1.63378769e-10  3.00000000e-01 
 8.69450000e-01  1.63378769e-10  3.00000000e-01 
 8.69550000e-01  1.63378769e-10  3.00000000e-01 
 8.69650000e-01  1.63378769e-10  3.00000000e-01 
 8.69750000e-01  1.63378769e-10  3.00000000e-01 
 8.69850000e-01  1.63378769e-10  3.00000000e-01 
 8.69950000e-01  1.63378769e-10  3.00000000e-01 
 8.70050000e-01  1.63378769e-10  3.00000000e-01 
 8.70150000e-01  1.63378769e-10  3.00000000e-01 
 8.70250000e-01  1.63378769e-10  3.00000000e-01 
 8.70350000e-01  1.63378769e-10  3.00000000e-01 
 8.70450000e-01  1.63378769e-10  3.00000000e-01 
 8.70550000e-01  1.63378769e-10  3.00000000e-01 
 8.70650000e-01  1.63378769e-10  3.00000000e-01 
 8.70750000e-01  1.63378769e-10  3.00000000e-01 
 8.70850000e-01  1.63378769e-10  3.00000000e-01 
 8.70950000e-01  1.63378769e-10  3.00000000e-01 
 8.71050000e-01  1.63378769e-10  3.00000000e-01 
 8.71150000e-01  1.63378769e-10  3.00000000e-01 
 8.71250000e-01  1.63378769e-10  3.00000000e-01 
 8.71350000e-01  1.63378769e-10  3.00000000e-01 
 8.71450000e-01  1.63378769e-10  3.00000000e-01 
 8.71550000e-01  1.63378769e-10  3.00000000e-01 
 8.71650000e-01  1.63378769e-10  3.00000000e-01 
 8.71750000e-01  1.63378769e-10  3.00000000e-01 
 8.71850000e-01  1.63378769e-10  3.00000000e-01 
 8.71950000e-01  1.63378769e-10  3.00000000e-01 
 8.72050000e-01  1.63378769e-10  3.00000000e-01 
 8.72150000e-01  1.63378769e-10  3.00000000e-01 
 8.72250000e-01  1.63378769e-10  3.00000000e-01 
 8.72350000e-01  1.63378769e-10  3.00000000e-01 
 8.72450000e-01  1.63378769e-10  3.00000000e-01 
 8.72550000e-01  1.63378769e-10  3.00000000e-01 
 8.72650000e-01  1.63378769e-10  3.00000000e-01 
 8.72750000e-01  1.63378769e-10  3.00000000e-01 
 8.72850000e-01  1.63378769e-10  3.00000000e-01 
 8.72950000e-01  1.63378769e-10  3.00000000e-01 
 8.73050000e-01  1.63378769e-10  3.00000000e-01 
 8.73150000e-01  1.63378769e-10  3.00000000e-01 
 8.73250000e-01  1.63378769e-10  3.00000000e-01 
 8.73350000e-01  1.63378769e-10  3.00000000e-01 
 8.73450000e-01  1.63378769e-10  3.00000000e-01 
 8.73550000e-01  1.63378769e-10  3.00000000e-01 
 8.73650000e-01  1.63378769e-10  3.00000000e-01 
 8.73750000e-01  1.63378769e-10  3.00000000e-01 
 8.73850000e-01  1.63378769e-10  3.00000000e-01 
 8.73950000e-01  1.63378769e-10  3.00000000e-01 
 8.74050000e-01  1.63378769e-10  3.00000000e-01 
 8.74150000e-01  1.63378769e-10  3.00000000e-01 
 8.74250000e-01  1.63378769e-10  3.00000000e-01 
 8.74350000e-01  1.63378769e-10  3.00000000e-01 
 8.74450000e-01  1.63378769e-10  3.00000000e-01 
 8.74550000e-01  1.63378769e-10  3.00000000e-01 
 8.74650000e-01  1.63378769e-10  3.00000000e-01 
 8.74750000e-01  1.63378769e-10  3.00000000e-01 
 8.74850000e-01  1.63378769e-10  3.00000000e-01 
 8.74950000e-01  1.63378769e-10  3.00000000e-01 
 8.75050000e-01  1.63378769e-10  3.00000000e-01 
 8.75150000e-01  1.63378769e-10  3.00000000e-01 
 8.75250000e-01  1.63378769e-10  3.00000000e-01 
 8.75350000e-01  1.63378769e-10  3.00000000e-01 
 8.75450000e-01  1.63378769e-10  3.00000000e-01 
 8.75550000e-01  1.63378769e-10  3.00000000e-01 
 8.75650000e-01  1.63378769e-10  3.00000000e-01 
 8.75750000e-01  1.63378769e-10  3.00000000e-01 
 8.75850000e-01  1.63378769e-10  3.00000000e-01 
 8.75950000e-01  1.63378769e-10  3.00000000e-01 
 8.76050000e-01  1.63378769e-10  3.00000000e-01 
 8.76150000e-01  1.63378769e-10  3.00000000e-01 
 8.76250000e-01  1.63378769e-10  3.00000000e-01 
 8.76350000e-01  1.63378769e-10  3.00000000e-01 
 8.76450000e-01  1.63378769e-10  3.00000000e-01 
 8.76550000e-01  1.63378769e-10  3.00000000e-01 
 8.76650000e-01  1.63378769e-10  3.00000000e-01 
 8.76750000e-01  1.63378769e-10  3.00000000e-01 
 8.76850000e-01  1.63378769e-10  3.00000000e-01 
 8.76950000e-01  1.63378769e-10  3.00000000e-01 
 8.77050000e-01  1.63378769e-10  3.00000000e-01 
 8.77150000e-01  1.63378769e-10  3.00000000e-01 
 8.77250000e-01  1.63378769e-10  3.00000000e-01 
 8.77350000e-01  1.63378769e-10  3.00000000e-01 
 8.77450000e-01  1.63378769e-10  3.00000000e-01 
 8.77550000e-01  1.63378769e-10  3.00000000e-01 
 8.77650000e-01  1.63378769e-10  3.00000000e-01 
 8.77750000e-01  1.63378769e-10  3.00000000e-01 
 8.77850000e-01  1.63378769e-10  3.00000000e-01 
 8.77950000e-01  1.63378769e-10  3.00000000e-01 
 8.78050000e-01  1.63378769e-10  3.00000000e-01 
 8.78150000e-01  1.63378769e-10  3.00000000e-01 
 8.78250000e-01  1.63378769e-10  3.00000000e-01 
 8.78350000e-01  1.63378769e-10  3.00000000e-01 
 8.78450000e-01  1.63378769e-10  3.00000000e-01 
 8.78550000e-01  1.63378769e-10  3.00000000e-01 
 8.78650000e-01  1.63378769e-10  3.00000000e-01 
 8.78750000e-01  1.63378769e-10  3.00000000e-01 
 8.78850000e-01  1.63378769e-10  3.00000000e-01 
 8.78950000e-01  1.63378769e-10  3.00000000e-01 
 8.79050000e-01  1.63378769e-10  3.00000000e-01 
 8.79150000e-01  1.63378769e-10  3.00000000e-01 
 8.79250000e-01  1.63378769e-10  3.00000000e-01 
 8.79350000e-01  1.63378769e-10  3.00000000e-01 
 8.79450000e-01  1.63378769e-10  3.00000000e-01 
 8.79550000e-01  1.63378769e-10  3.00000000e-01 
 8.79650000e-01  1.63378769e-10  3.00000000e-01 
 8.79750000e-01  1.63378769e-10  3.00000000e-01 
 8.79850000e-01  1.63378769e-10  3.00000000e-01 
 8.79950000e-01  1.63378769e-10  3.00000000e-01 
 8.80050000e-01  1.63378769e-10  3.00000000e-01 
 8.80150000e-01  1.63378769e-10  3.00000000e-01 
 8.80250000e-01  1.63378769e-10  3.00000000e-01 
 8.80350000e-01  1.63378769e-10  3.00000000e-01 
 8.80450000e-01  1.63378769e-10  3.00000000e-01 
 8.80550000e-01  1.63378769e-10  3.00000000e-01 
 8.80650000e-01  1.63378769e-10  3.00000000e-01 
 8.80750000e-01  1.63378769e-10  3.00000000e-01 
 8.80850000e-01  1.63378769e-10  3.00000000e-01 
 8.80950000e-01  1.63378769e-10  3.00000000e-01 
 8.81050000e-01  1.63378769e-10  3.00000000e-01 
 8.81150000e-01  1.63378769e-10  3.00000000e-01 
 8.81250000e-01  1.63378769e-10  3.00000000e-01 
 8.81350000e-01  1.63378769e-10  3.00000000e-01 
 8.81450000e-01  1.63378769e-10  3.00000000e-01 
 8.81550000e-01  1.63378769e-10  3.00000000e-01 
 8.81650000e-01  1.63378769e-10  3.00000000e-01 
 8.81750000e-01  1.63378769e-10  3.00000000e-01 
 8.81850000e-01  1.63378769e-10  3.00000000e-01 
 8.81950000e-01  1.63378769e-10  3.00000000e-01 
 8.82050000e-01  1.63378769e-10  3.00000000e-01 
 8.82150000e-01  1.63378769e-10  3.00000000e-01 
 8.82250000e-01  1.63378769e-10  3.00000000e-01 
 8.82350000e-01  1.63378769e-10  3.00000000e-01 
 8.82450000e-01  1.63378769e-10  3.00000000e-01 
 8.82550000e-01  1.63378769e-10  3.00000000e-01 
 8.82650000e-01  1.63378769e-10  3.00000000e-01 
 8.82750000e-01  1.63378769e-10  3.00000000e-01 
 8.82850000e-01  1.63378769e-10  3.00000000e-01 
 8.82950000e-01  1.63378769e-10  3.00000000e-01 
 8.83050000e-01  1.63378769e-10  3.00000000e-01 
 8.83150000e-01  1.63378769e-10  3.00000000e-01 
 8.83250000e-01  1.63378769e-10  3.00000000e-01 
 8.83350000e-01  1.63378769e-10  3.00000000e-01 
 8.83450000e-01  1.63378769e-10  3.00000000e-01 
 8.83550000e-01  1.63378769e-10  3.00000000e-01 
 8.83650000e-01  1.63378769e-10  3.00000000e-01 
 8.83750000e-01  1.63378769e-10  3.00000000e-01 
 8.83850000e-01  1.63378769e-10  3.00000000e-01 
 8.83950000e-01  1.63378769e-10  3.00000000e-01 
 8.84050000e-01  1.63378769e-10  3.00000000e-01 
 8.84150000e-01  1.63378769e-10  3.00000000e-01 
 8.84250000e-01  1.63378769e-10  3.00000000e-01 
 8.84350000e-01  1.63378769e-10  3.00000000e-01 
 8.84450000e-01  1.63378769e-10  3.00000000e-01 
 8.84550000e-01  1.63378769e-10  3.00000000e-01 
 8.84650000e-01  1.63378769e-10  3.00000000e-01 
 8.84750000e-01  1.63378769e-10  3.00000000e-01 
 8.84850000e-01  1.63378769e-10  3.00000000e-01 
 8.84950000e-01  1.63378769e-10  3.00000000e-01 
 8.85050000e-01  1.63378769e-10  3.00000000e-01 
 8.85150000e-01  1.63378769e-10  3.00000000e-01 
 8.85250000e-01  1.63378769e-10  3.00000000e-01 
 8.85350000e-01  1.63378769e-10  3.00000000e-01 
 8.85450000e-01  1.63378769e-10  3.00000000e-01 
 8.85550000e-01  1.63378769e-10  3.00000000e-01 
 8.85650000e-01  1.63378769e-10  3.00000000e-01 
 8.85750000e-01  1.63378769e-10  3.00000000e-01 
 8.85850000e-01  1.63378769e-10  3.00000000e-01 
 8.85950000e-01  1.63378769e-10  3.00000000e-01 
 8.86050000e-01  1.63378769e-10  3.00000000e-01 
 8.86150000e-01  1.63378769e-10  3.00000000e-01 
 8.86250000e-01  1.63378769e-10  3.00000000e-01 
 8.86350000e-01  1.63378769e-10  3.00000000e-01 
 8.86450000e-01  1.63378769e-10  3.00000000e-01 
 8.86550000e-01  1.63378769e-10  3.00000000e-01 
 8.86650000e-01  1.63378769e-10  3.00000000e-01 
 8.86750000e-01  1.63378769e-10  3.00000000e-01 
 8.86850000e-01  1.63378769e-10  3.00000000e-01 
 8.86950000e-01  1.63378769e-10  3.00000000e-01 
 8.87050000e-01  1.63378769e-10  3.00000000e-01 
 8.87150000e-01  1.63378769e-10  3.00000000e-01 
 8.87250000e-01  1.63378769e-10  3.00000000e-01 
 8.87350000e-01  1.63378769e-10  3.00000000e-01 
 8.87450000e-01  1.63378769e-10  3.00000000e-01 
 8.87550000e-01  1.63378769e-10  3.00000000e-01 
 8.87650000e-01  1.63378769e-10  3.00000000e-01 
 8.87750000e-01  1.63378769e-10  3.00000000e-01 
 8.87850000e-01  1.63378769e-10  3.00000000e-01 
 8.87950000e-01  1.63378769e-10  3.00000000e-01 
 8.88050000e-01  1.63378769e-10  3.00000000e-01 
 8.88150000e-01  1.63378769e-10  3.00000000e-01 
 8.88250000e-01  1.63378769e-10  3.00000000e-01 
 8.88350000e-01  1.63378769e-10  3.00000000e-01 
 8.88450000e-01  1.63378769e-10  3.00000000e-01 
 8.88550000e-01  1.63378769e-10  3.00000000e-01 
 8.88650000e-01  1.63378769e-10  3.00000000e-01 
 8.88750000e-01  1.63378769e-10  3.00000000e-01 
 8.88850000e-01  1.63378769e-10  3.00000000e-01 
 8.88950000e-01  1.63378769e-10  3.00000000e-01 
 8.89050000e-01  1.63378769e-10  3.00000000e-01 
 8.89150000e-01  1.63378769e-10  3.00000000e-01 
 8.89250000e-01  1.63378769e-10  3.00000000e-01 
 8.89350000e-01  1.63378769e-10  3.00000000e-01 
 8.89450000e-01  1.63378769e-10  3.00000000e-01 
 8.89550000e-01  1.63378769e-10  3.00000000e-01 
 8.89650000e-01  1.63378769e-10  3.00000000e-01 
 8.89750000e-01  1.63378769e-10  3.00000000e-01 
 8.89850000e-01  1.63378769e-10  3.00000000e-01 
 8.89950000e-01  1.63378769e-10  3.00000000e-01 
 8.90050000e-01  1.63378769e-10  3.00000000e-01 
 8.90150000e-01  1.63378769e-10  3.00000000e-01 
 8.90250000e-01  1.63378769e-10  3.00000000e-01 
 8.90350000e-01  1.63378769e-10  3.00000000e-01 
 8.90450000e-01  1.63378769e-10  3.00000000e-01 
 8.90550000e-01  1.63378769e-10  3.00000000e-01 
 8.90650000e-01  1.63378769e-10  3.00000000e-01 
 8.90750000e-01  1.63378769e-10  3.00000000e-01 
 8.90850000e-01  1.63378769e-10  3.00000000e-01 
 8.90950000e-01  1.63378769e-10  3.00000000e-01 
 8.91050000e-01  1.63378769e-10  3.00000000e-01 
 8.91150000e-01  1.63378769e-10  3.00000000e-01 
 8.91250000e-01  1.63378769e-10  3.00000000e-01 
 8.91350000e-01  1.63378769e-10  3.00000000e-01 
 8.91450000e-01  1.63378769e-10  3.00000000e-01 
 8.91550000e-01  1.63378769e-10  3.00000000e-01 
 8.91650000e-01  1.63378769e-10  3.00000000e-01 
 8.91750000e-01  1.63378769e-10  3.00000000e-01 
 8.91850000e-01  1.63378769e-10  3.00000000e-01 
 8.91950000e-01  1.63378769e-10  3.00000000e-01 
 8.92050000e-01  1.63378769e-10  3.00000000e-01 
 8.92150000e-01  1.63378769e-10  3.00000000e-01 
 8.92250000e-01  1.63378769e-10  3.00000000e-01 
 8.92350000e-01  1.63378769e-10  3.00000000e-01 
 8.92450000e-01  1.63378769e-10  3.00000000e-01 
 8.92550000e-01  1.63378769e-10  3.00000000e-01 
 8.92650000e-01  1.63378769e-10  3.00000000e-01 
 8.92750000e-01  1.63378769e-10  3.00000000e-01 
 8.92850000e-01  1.63378769e-10  3.00000000e-01 
 8.92950000e-01  1.63378769e-10  3.00000000e-01 
 8.93050000e-01  1.63378769e-10  3.00000000e-01 
 8.93150000e-01  1.63378769e-10  3.00000000e-01 
 8.93250000e-01  1.63378769e-10  3.00000000e-01 
 8.93350000e-01  1.63378769e-10  3.00000000e-01 
 8.93450000e-01  1.63378769e-10  3.00000000e-01 
 8.93550000e-01  1.63378769e-10  3.00000000e-01 
 8.93650000e-01  1.63378769e-10  3.00000000e-01 
 8.93750000e-01  1.63378769e-10  3.00000000e-01 
 8.93850000e-01  1.63378769e-10  3.00000000e-01 
 8.93950000e-01  1.63378769e-10  3.00000000e-01 
 8.94050000e-01  1.63378769e-10  3.00000000e-01 
 8.94150000e-01  1.63378769e-10  3.00000000e-01 
 8.94250000e-01  1.63378769e-10  3.00000000e-01 
 8.94350000e-01  1.63378769e-10  3.00000000e-01 
 8.94450000e-01  1.63378769e-10  3.00000000e-01 
 8.94550000e-01  1.63378769e-10  3.00000000e-01 
 8.94650000e-01  1.63378769e-10  3.00000000e-01 
 8.94750000e-01  1.63378769e-10  3.00000000e-01 
 8.94850000e-01  1.63378769e-10  3.00000000e-01 
 8.94950000e-01  1.63378769e-10  3.00000000e-01 
 8.95050000e-01  1.63378769e-10  3.00000000e-01 
 8.95150000e-01  1.63378769e-10  3.00000000e-01 
 8.95250000e-01  1.63378769e-10  3.00000000e-01 
 8.95350000e-01  1.63378769e-10  3.00000000e-01 
 8.95450000e-01  1.63378769e-10  3.00000000e-01 
 8.95550000e-01  1.63378769e-10  3.00000000e-01 
 8.95650000e-01  1.63378769e-10  3.00000000e-01 
 8.95750000e-01  1.63378769e-10  3.00000000e-01 
 8.95850000e-01  1.63378769e-10  3.00000000e-01 
 8.95950000e-01  1.63378769e-10  3.00000000e-01 
 8.96050000e-01  1.63378769e-10  3.00000000e-01 
 8.96150000e-01  1.63378769e-10  3.00000000e-01 
 8.96250000e-01  1.63378769e-10  3.00000000e-01 
 8.96350000e-01  1.63378769e-10  3.00000000e-01 
 8.96450000e-01  1.63378769e-10  3.00000000e-01 
 8.96550000e-01  1.63378769e-10  3.00000000e-01 
 8.96650000e-01  1.63378769e-10  3.00000000e-01 
 8.96750000e-01  1.63378769e-10  3.00000000e-01 
 8.96850000e-01  1.63378769e-10  3.00000000e-01 
 8.96950000e-01  1.63378769e-10  3.00000000e-01 
 8.97050000e-01  1.63378769e-10  3.00000000e-01 
 8.97150000e-01  1.63378769e-10  3.00000000e-01 
 8.97250000e-01  1.63378769e-10  3.00000000e-01 
 8.97350000e-01  1.63378769e-10  3.00000000e-01 
 8.97450000e-01  1.63378769e-10  3.00000000e-01 
 8.97550000e-01  1.63378769e-10  3.00000000e-01 
 8.97650000e-01  1.63378769e-10  3.00000000e-01 
 8.97750000e-01  1.63378769e-10  3.00000000e-01 
 8.97850000e-01  1.63378769e-10  3.00000000e-01 
 8.97950000e-01  1.63378769e-10  3.00000000e-01 
 8.98050000e-01  1.63378769e-10  3.00000000e-01 
 8.98150000e-01  1.63378769e-10  3.00000000e-01 
 8.98250000e-01  1.63378769e-10  3.00000000e-01 
 8.98350000e-01  1.63378769e-10  3.00000000e-01 
 8.98450000e-01  1.63378769e-10  3.00000000e-01 
 8.98550000e-01  1.63378769e-10  3.00000000e-01 
 8.98650000e-01  1.63378769e-10  3.00000000e-01 
 8.98750000e-01  1.63378769e-10  3.00000000e-01 
 8.98850000e-01  1.63378769e-10  3.00000000e-01 
 8.98950000e-01  1.63378769e-10  3.00000000e-01 
 8.99050000e-01  1.63378769e-10  3.00000000e-01 
 8.99150000e-01  1.63378769e-10  3.00000000e-01 
 8.99250000e-01  1.63378769e-10  3.00000000e-01 
 8.99350000e-01  1.63378769e-10  3.00000000e-01 
 8.99450000e-01  1.63378769e-10  3.00000000e-01 
 8.99550000e-01  1.63378769e-10  3.00000000e-01 
 8.99650000e-01  1.63378769e-10  3.00000000e-01 
 8.99750000e-01  1.63378769e-10  3.00000000e-01 
 8.99850000e-01  1.63378769e-10  3.00000000e-01 
 8.99950000e-01  1.63378769e-10  3.00000000e-01 
 9.00050000e-01  1.63378769e-10  3.00000000e-01 
 9.00150000e-01  1.63378769e-10  3.00000000e-01 
 9.00250000e-01  1.63378769e-10  3.00000000e-01 
 9.00350000e-01  1.63378769e-10  3.00000000e-01 
 9.00450000e-01  1.63378769e-10  3.00000000e-01 
 9.00550000e-01  1.63378769e-10  3.00000000e-01 
 9.00650000e-01  1.63378769e-10  3.00000000e-01 
 9.00750000e-01  1.63378769e-10  3.00000000e-01 
 9.00850000e-01  1.63378769e-10  3.00000000e-01 
 9.00950000e-01  1.63378769e-10  3.00000000e-01 
 9.01050000e-01  1.63378769e-10  3.00000000e-01 
 9.01150000e-01  1.63378769e-10  3.00000000e-01 
 9.01250000e-01  1.63378769e-10  3.00000000e-01 
 9.01350000e-01  1.63378769e-10  3.00000000e-01 
 9.01450000e-01  1.63378769e-10  3.00000000e-01 
 9.01550000e-01  1.63378769e-10  3.00000000e-01 
 9.01650000e-01  1.63378769e-10  3.00000000e-01 
 9.01750000e-01  1.63378769e-10  3.00000000e-01 
 9.01850000e-01  1.63378769e-10  3.00000000e-01 
 9.01950000e-01  1.63378769e-10  3.00000000e-01 
 9.02050000e-01  1.63378769e-10  3.00000000e-01 
 9.02150000e-01  1.63378769e-10  3.00000000e-01 
 9.02250000e-01  1.63378769e-10  3.00000000e-01 
 9.02350000e-01  1.63378769e-10  3.00000000e-01 
 9.02450000e-01  1.63378769e-10  3.00000000e-01 
 9.02550000e-01  1.63378769e-10  3.00000000e-01 
 9.02650000e-01  1.63378769e-10  3.00000000e-01 
 9.02750000e-01  1.63378769e-10  3.00000000e-01 
 9.02850000e-01  1.63378769e-10  3.00000000e-01 
 9.02950000e-01  1.63378769e-10  3.00000000e-01 
 9.03050000e-01  1.63378769e-10  3.00000000e-01 
 9.03150000e-01  1.63378769e-10  3.00000000e-01 
 9.03250000e-01  1.63378769e-10  3.00000000e-01 
 9.03350000e-01  1.63378769e-10  3.00000000e-01 
 9.03450000e-01  1.63378769e-10  3.00000000e-01 
 9.03550000e-01  1.63378769e-10  3.00000000e-01 
 9.03650000e-01  1.63378769e-10  3.00000000e-01 
 9.03750000e-01  1.63378769e-10  3.00000000e-01 
 9.03850000e-01  1.63378769e-10  3.00000000e-01 
 9.03950000e-01  1.63378769e-10  3.00000000e-01 
 9.04050000e-01  1.63378769e-10  3.00000000e-01 
 9.04150000e-01  1.63378769e-10  3.00000000e-01 
 9.04250000e-01  1.63378769e-10  3.00000000e-01 
 9.04350000e-01  1.63378769e-10  3.00000000e-01 
 9.04450000e-01  1.63378769e-10  3.00000000e-01 
 9.04550000e-01  1.63378769e-10  3.00000000e-01 
 9.04650000e-01  1.63378769e-10  3.00000000e-01 
 9.04750000e-01  1.63378769e-10  3.00000000e-01 
 9.04850000e-01  1.63378769e-10  3.00000000e-01 
 9.04950000e-01  1.63378769e-10  3.00000000e-01 
 9.05050000e-01  1.63378769e-10  3.00000000e-01 
 9.05150000e-01  1.63378769e-10  3.00000000e-01 
 9.05250000e-01  1.63378769e-10  3.00000000e-01 
 9.05350000e-01  1.63378769e-10  3.00000000e-01 
 9.05450000e-01  1.63378769e-10  3.00000000e-01 
 9.05550000e-01  1.63378769e-10  3.00000000e-01 
 9.05650000e-01  1.63378769e-10  3.00000000e-01 
 9.05750000e-01  1.63378769e-10  3.00000000e-01 
 9.05850000e-01  1.63378769e-10  3.00000000e-01 
 9.05950000e-01  1.63378769e-10  3.00000000e-01 
 9.06050000e-01  1.63378769e-10  3.00000000e-01 
 9.06150000e-01  1.63378769e-10  3.00000000e-01 
 9.06250000e-01  1.63378769e-10  3.00000000e-01 
 9.06350000e-01  1.63378769e-10  3.00000000e-01 
 9.06450000e-01  1.63378769e-10  3.00000000e-01 
 9.06550000e-01  1.63378769e-10  3.00000000e-01 
 9.06650000e-01  1.63378769e-10  3.00000000e-01 
 9.06750000e-01  1.63378769e-10  3.00000000e-01 
 9.06850000e-01  1.63378769e-10  3.00000000e-01 
 9.06950000e-01  1.63378769e-10  3.00000000e-01 
 9.07050000e-01  1.63378769e-10  3.00000000e-01 
 9.07150000e-01  1.63378769e-10  3.00000000e-01 
 9.07250000e-01  1.63378769e-10  3.00000000e-01 
 9.07350000e-01  1.63378769e-10  3.00000000e-01 
 9.07450000e-01  1.63378769e-10  3.00000000e-01 
 9.07550000e-01  1.63378769e-10  3.00000000e-01 
 9.07650000e-01  1.63378769e-10  3.00000000e-01 
 9.07750000e-01  1.63378769e-10  3.00000000e-01 
 9.07850000e-01  1.63378769e-10  3.00000000e-01 
 9.07950000e-01  1.63378769e-10  3.00000000e-01 
 9.08050000e-01  1.63378769e-10  3.00000000e-01 
 9.08150000e-01  1.63378769e-10  3.00000000e-01 
 9.08250000e-01  1.63378769e-10  3.00000000e-01 
 9.08350000e-01  1.63378769e-10  3.00000000e-01 
 9.08450000e-01  1.63378769e-10  3.00000000e-01 
 9.08550000e-01  1.63378769e-10  3.00000000e-01 
 9.08650000e-01  1.63378769e-10  3.00000000e-01 
 9.08750000e-01  1.63378769e-10  3.00000000e-01 
 9.08850000e-01  1.63378769e-10  3.00000000e-01 
 9.08950000e-01  1.63378769e-10  3.00000000e-01 
 9.09050000e-01  1.63378769e-10  3.00000000e-01 
 9.09150000e-01  1.63378769e-10  3.00000000e-01 
 9.09250000e-01  1.63378769e-10  3.00000000e-01 
 9.09350000e-01  1.63378769e-10  3.00000000e-01 
 9.09450000e-01  1.63378769e-10  3.00000000e-01 
 9.09550000e-01  1.63378769e-10  3.00000000e-01 
 9.09650000e-01  1.63378769e-10  3.00000000e-01 
 9.09750000e-01  1.63378769e-10  3.00000000e-01 
 9.09850000e-01  1.63378769e-10  3.00000000e-01 
 9.09950000e-01  1.63378769e-10  3.00000000e-01 
 9.10050000e-01  1.63378769e-10  3.00000000e-01 
 9.10150000e-01  1.63378769e-10  3.00000000e-01 
 9.10250000e-01  1.63378769e-10  3.00000000e-01 
 9.10350000e-01  1.63378769e-10  3.00000000e-01 
 9.10450000e-01  1.63378769e-10  3.00000000e-01 
 9.10550000e-01  1.63378769e-10  3.00000000e-01 
 9.10650000e-01  1.63378769e-10  3.00000000e-01 
 9.10750000e-01  1.63378769e-10  3.00000000e-01 
 9.10850000e-01  1.63378769e-10  3.00000000e-01 
 9.10950000e-01  1.63378769e-10  3.00000000e-01 
 9.11050000e-01  1.63378769e-10  3.00000000e-01 
 9.11150000e-01  1.63378769e-10  3.00000000e-01 
 9.11250000e-01  1.63378769e-10  3.00000000e-01 
 9.11350000e-01  1.63378769e-10  3.00000000e-01 
 9.11450000e-01  1.63378769e-10  3.00000000e-01 
 9.11550000e-01  1.63378769e-10  3.00000000e-01 
 9.11650000e-01  1.63378769e-10  3.00000000e-01 
 9.11750000e-01  1.63378769e-10  3.00000000e-01 
 9.11850000e-01  1.63378769e-10  3.00000000e-01 
 9.11950000e-01  1.63378769e-10  3.00000000e-01 
 9.12050000e-01  1.63378769e-10  3.00000000e-01 
 9.12150000e-01  1.63378769e-10  3.00000000e-01 
 9.12250000e-01  1.63378769e-10  3.00000000e-01 
 9.12350000e-01  1.63378769e-10  3.00000000e-01 
 9.12450000e-01  1.63378769e-10  3.00000000e-01 
 9.12550000e-01  1.63378769e-10  3.00000000e-01 
 9.12650000e-01  1.63378769e-10  3.00000000e-01 
 9.12750000e-01  1.63378769e-10  3.00000000e-01 
 9.12850000e-01  1.63378769e-10  3.00000000e-01 
 9.12950000e-01  1.63378769e-10  3.00000000e-01 
 9.13050000e-01  1.63378769e-10  3.00000000e-01 
 9.13150000e-01  1.63378769e-10  3.00000000e-01 
 9.13250000e-01  1.63378769e-10  3.00000000e-01 
 9.13350000e-01  1.63378769e-10  3.00000000e-01 
 9.13450000e-01  1.63378769e-10  3.00000000e-01 
 9.13550000e-01  1.63378769e-10  3.00000000e-01 
 9.13650000e-01  1.63378769e-10  3.00000000e-01 
 9.13750000e-01  1.63378769e-10  3.00000000e-01 
 9.13850000e-01  1.63378769e-10  3.00000000e-01 
 9.13950000e-01  1.63378769e-10  3.00000000e-01 
 9.14050000e-01  1.63378769e-10  3.00000000e-01 
 9.14150000e-01  1.63378769e-10  3.00000000e-01 
 9.14250000e-01  1.63378769e-10  3.00000000e-01 
 9.14350000e-01  1.63378769e-10  3.00000000e-01 
 9.14450000e-01  1.63378769e-10  3.00000000e-01 
 9.14550000e-01  1.63378769e-10  3.00000000e-01 
 9.14650000e-01  1.63378769e-10  3.00000000e-01 
 9.14750000e-01  1.63378769e-10  3.00000000e-01 
 9.14850000e-01  1.63378769e-10  3.00000000e-01 
 9.14950000e-01  1.63378769e-10  3.00000000e-01 
 9.15050000e-01  1.63378769e-10  3.00000000e-01 
 9.15150000e-01  1.63378769e-10  3.00000000e-01 
 9.15250000e-01  1.63378769e-10  3.00000000e-01 
 9.15350000e-01  1.63378769e-10  3.00000000e-01 
 9.15450000e-01  1.63378769e-10  3.00000000e-01 
 9.15550000e-01  1.63378769e-10  3.00000000e-01 
 9.15650000e-01  1.63378769e-10  3.00000000e-01 
 9.15750000e-01  1.63378769e-10  3.00000000e-01 
 9.15850000e-01  1.63378769e-10  3.00000000e-01 
 9.15950000e-01  1.63378769e-10  3.00000000e-01 
 9.16050000e-01  1.63378769e-10  3.00000000e-01 
 9.16150000e-01  1.63378769e-10  3.00000000e-01 
 9.16250000e-01  1.63378769e-10  3.00000000e-01 
 9.16350000e-01  1.63378769e-10  3.00000000e-01 
 9.16450000e-01  1.63378769e-10  3.00000000e-01 
 9.16550000e-01  1.63378769e-10  3.00000000e-01 
 9.16650000e-01  1.63378769e-10  3.00000000e-01 
 9.16750000e-01  1.63378769e-10  3.00000000e-01 
 9.16850000e-01  1.63378769e-10  3.00000000e-01 
 9.16950000e-01  1.63378769e-10  3.00000000e-01 
 9.17050000e-01  1.63378769e-10  3.00000000e-01 
 9.17150000e-01  1.63378769e-10  3.00000000e-01 
 9.17250000e-01  1.63378769e-10  3.00000000e-01 
 9.17350000e-01  1.63378769e-10  3.00000000e-01 
 9.17450000e-01  1.63378769e-10  3.00000000e-01 
 9.17550000e-01  1.63378769e-10  3.00000000e-01 
 9.17650000e-01  1.63378769e-10  3.00000000e-01 
 9.17750000e-01  1.63378769e-10  3.00000000e-01 
 9.17850000e-01  1.63378769e-10  3.00000000e-01 
 9.17950000e-01  1.63378769e-10  3.00000000e-01 
 9.18050000e-01  1.63378769e-10  3.00000000e-01 
 9.18150000e-01  1.63378769e-10  3.00000000e-01 
 9.18250000e-01  1.63378769e-10  3.00000000e-01 
 9.18350000e-01  1.63378769e-10  3.00000000e-01 
 9.18450000e-01  1.63378769e-10  3.00000000e-01 
 9.18550000e-01  1.63378769e-10  3.00000000e-01 
 9.18650000e-01  1.63378769e-10  3.00000000e-01 
 9.18750000e-01  1.63378769e-10  3.00000000e-01 
 9.18850000e-01  1.63378769e-10  3.00000000e-01 
 9.18950000e-01  1.63378769e-10  3.00000000e-01 
 9.19050000e-01  1.63378769e-10  3.00000000e-01 
 9.19150000e-01  1.63378769e-10  3.00000000e-01 
 9.19250000e-01  1.63378769e-10  3.00000000e-01 
 9.19350000e-01  1.63378769e-10  3.00000000e-01 
 9.19450000e-01  1.63378769e-10  3.00000000e-01 
 9.19550000e-01  1.63378769e-10  3.00000000e-01 
 9.19650000e-01  1.63378769e-10  3.00000000e-01 
 9.19750000e-01  1.63378769e-10  3.00000000e-01 
 9.19850000e-01  1.63378769e-10  3.00000000e-01 
 9.19950000e-01  1.63378769e-10  3.00000000e-01 
 9.20050000e-01  1.63378769e-10  3.00000000e-01 
 9.20150000e-01  1.63378769e-10  3.00000000e-01 
 9.20250000e-01  1.63378769e-10  3.00000000e-01 
 9.20350000e-01  1.63378769e-10  3.00000000e-01 
 9.20450000e-01  1.63378769e-10  3.00000000e-01 
 9.20550000e-01  1.63378769e-10  3.00000000e-01 
 9.20650000e-01  1.63378769e-10  3.00000000e-01 
 9.20750000e-01  1.63378769e-10  3.00000000e-01 
 9.20850000e-01  1.63378769e-10  3.00000000e-01 
 9.20950000e-01  1.63378769e-10  3.00000000e-01 
 9.21050000e-01  1.63378769e-10  3.00000000e-01 
 9.21150000e-01  1.63378769e-10  3.00000000e-01 
 9.21250000e-01  1.63378769e-10  3.00000000e-01 
 9.21350000e-01  1.63378769e-10  3.00000000e-01 
 9.21450000e-01  1.63378769e-10  3.00000000e-01 
 9.21550000e-01  1.63378769e-10  3.00000000e-01 
 9.21650000e-01  1.63378769e-10  3.00000000e-01 
 9.21750000e-01  1.63378769e-10  3.00000000e-01 
 9.21850000e-01  1.63378769e-10  3.00000000e-01 
 9.21950000e-01  1.63378769e-10  3.00000000e-01 
 9.22050000e-01  1.63378769e-10  3.00000000e-01 
 9.22150000e-01  1.63378769e-10  3.00000000e-01 
 9.22250000e-01  1.63378769e-10  3.00000000e-01 
 9.22350000e-01  1.63378769e-10  3.00000000e-01 
 9.22450000e-01  1.63378769e-10  3.00000000e-01 
 9.22550000e-01  1.63378769e-10  3.00000000e-01 
 9.22650000e-01  1.63378769e-10  3.00000000e-01 
 9.22750000e-01  1.63378769e-10  3.00000000e-01 
 9.22850000e-01  1.63378769e-10  3.00000000e-01 
 9.22950000e-01  1.63378769e-10  3.00000000e-01 
 9.23050000e-01  1.63378769e-10  3.00000000e-01 
 9.23150000e-01  1.63378769e-10  3.00000000e-01 
 9.23250000e-01  1.63378769e-10  3.00000000e-01 
 9.23350000e-01  1.63378769e-10  3.00000000e-01 
 9.23450000e-01  1.63378769e-10  3.00000000e-01 
 9.23550000e-01  1.63378769e-10  3.00000000e-01 
 9.23650000e-01  1.63378769e-10  3.00000000e-01 
 9.23750000e-01  1.63378769e-10  3.00000000e-01 
 9.23850000e-01  1.63378769e-10  3.00000000e-01 
 9.23950000e-01  1.63378769e-10  3.00000000e-01 
 9.24050000e-01  1.63378769e-10  3.00000000e-01 
 9.24150000e-01  1.63378769e-10  3.00000000e-01 
 9.24250000e-01  1.63378769e-10  3.00000000e-01 
 9.24350000e-01  1.63378769e-10  3.00000000e-01 
 9.24450000e-01  1.63378769e-10  3.00000000e-01 
 9.24550000e-01  1.63378769e-10  3.00000000e-01 
 9.24650000e-01  1.63378769e-10  3.00000000e-01 
 9.24750000e-01  1.63378769e-10  3.00000000e-01 
 9.24850000e-01  1.63378769e-10  3.00000000e-01 
 9.24950000e-01  1.63378769e-10  3.00000000e-01 
 9.25050000e-01  1.63378769e-10  3.00000000e-01 
 9.25150000e-01  1.63378769e-10  3.00000000e-01 
 9.25250000e-01  1.63378769e-10  3.00000000e-01 
 9.25350000e-01  1.63378769e-10  3.00000000e-01 
 9.25450000e-01  1.63378769e-10  3.00000000e-01 
 9.25550000e-01  1.63378769e-10  3.00000000e-01 
 9.25650000e-01  1.63378769e-10  3.00000000e-01 
 9.25750000e-01  1.63378769e-10  3.00000000e-01 
 9.25850000e-01  1.63378769e-10  3.00000000e-01 
 9.25950000e-01  1.63378769e-10  3.00000000e-01 
 9.26050000e-01  1.63378769e-10  3.00000000e-01 
 9.26150000e-01  1.63378769e-10  3.00000000e-01 
 9.26250000e-01  1.63378769e-10  3.00000000e-01 
 9.26350000e-01  1.63378769e-10  3.00000000e-01 
 9.26450000e-01  1.63378769e-10  3.00000000e-01 
 9.26550000e-01  1.63378769e-10  3.00000000e-01 
 9.26650000e-01  1.63378769e-10  3.00000000e-01 
 9.26750000e-01  1.63378769e-10  3.00000000e-01 
 9.26850000e-01  1.63378769e-10  3.00000000e-01 
 9.26950000e-01  1.63378769e-10  3.00000000e-01 
 9.27050000e-01  1.63378769e-10  3.00000000e-01 
 9.27150000e-01  1.63378769e-10  3.00000000e-01 
 9.27250000e-01  1.63378769e-10  3.00000000e-01 
 9.27350000e-01  1.63378769e-10  3.00000000e-01 
 9.27450000e-01  1.63378769e-10  3.00000000e-01 
 9.27550000e-01  1.63378769e-10  3.00000000e-01 
 9.27650000e-01  1.63378769e-10  3.00000000e-01 
 9.27750000e-01  1.63378769e-10  3.00000000e-01 
 9.27850000e-01  1.63378769e-10  3.00000000e-01 
 9.27950000e-01  1.63378769e-10  3.00000000e-01 
 9.28050000e-01  1.63378769e-10  3.00000000e-01 
 9.28150000e-01  1.63378769e-10  3.00000000e-01 
 9.28250000e-01  1.63378769e-10  3.00000000e-01 
 9.28350000e-01  1.63378769e-10  3.00000000e-01 
 9.28450000e-01  1.63378769e-10  3.00000000e-01 
 9.28550000e-01  1.63378769e-10  3.00000000e-01 
 9.28650000e-01  1.63378769e-10  3.00000000e-01 
 9.28750000e-01  1.63378769e-10  3.00000000e-01 
 9.28850000e-01  1.63378769e-10  3.00000000e-01 
 9.28950000e-01  1.63378769e-10  3.00000000e-01 
 9.29050000e-01  1.63378769e-10  3.00000000e-01 
 9.29150000e-01  1.63378769e-10  3.00000000e-01 
 9.29250000e-01  1.63378769e-10  3.00000000e-01 
 9.29350000e-01  1.63378769e-10  3.00000000e-01 
 9.29450000e-01  1.63378769e-10  3.00000000e-01 
 9.29550000e-01  1.63378769e-10  3.00000000e-01 
 9.29650000e-01  1.63378769e-10  3.00000000e-01 
 9.29750000e-01  1.63378769e-10  3.00000000e-01 
 9.29850000e-01  1.63378769e-10  3.00000000e-01 
 9.29950000e-01  1.63378769e-10  3.00000000e-01 
 9.30050000e-01  1.63378769e-10  3.00000000e-01 
 9.30150000e-01  1.63378769e-10  3.00000000e-01 
 9.30250000e-01  1.63378769e-10  3.00000000e-01 
 9.30350000e-01  1.63378769e-10  3.00000000e-01 
 9.30450000e-01  1.63378769e-10  3.00000000e-01 
 9.30550000e-01  1.63378769e-10  3.00000000e-01 
 9.30650000e-01  1.63378769e-10  3.00000000e-01 
 9.30750000e-01  1.63378769e-10  3.00000000e-01 
 9.30850000e-01  1.63378769e-10  3.00000000e-01 
 9.30950000e-01  1.63378769e-10  3.00000000e-01 
 9.31050000e-01  1.63378769e-10  3.00000000e-01 
 9.31150000e-01  1.63378769e-10  3.00000000e-01 
 9.31250000e-01  1.63378769e-10  3.00000000e-01 
 9.31350000e-01  1.63378769e-10  3.00000000e-01 
 9.31450000e-01  1.63378769e-10  3.00000000e-01 
 9.31550000e-01  1.63378769e-10  3.00000000e-01 
 9.31650000e-01  1.63378769e-10  3.00000000e-01 
 9.31750000e-01  1.63378769e-10  3.00000000e-01 
 9.31850000e-01  1.63378769e-10  3.00000000e-01 
 9.31950000e-01  1.63378769e-10  3.00000000e-01 
 9.32050000e-01  1.63378769e-10  3.00000000e-01 
 9.32150000e-01  1.63378769e-10  3.00000000e-01 
 9.32250000e-01  1.63378769e-10  3.00000000e-01 
 9.32350000e-01  1.63378769e-10  3.00000000e-01 
 9.32450000e-01  1.63378769e-10  3.00000000e-01 
 9.32550000e-01  1.63378769e-10  3.00000000e-01 
 9.32650000e-01  1.63378769e-10  3.00000000e-01 
 9.32750000e-01  1.63378769e-10  3.00000000e-01 
 9.32850000e-01  1.63378769e-10  3.00000000e-01 
 9.32950000e-01  1.63378769e-10  3.00000000e-01 
 9.33050000e-01  1.63378769e-10  3.00000000e-01 
 9.33150000e-01  1.63378769e-10  3.00000000e-01 
 9.33250000e-01  1.63378769e-10  3.00000000e-01 
 9.33350000e-01  1.63378769e-10  3.00000000e-01 
 9.33450000e-01  1.63378769e-10  3.00000000e-01 
 9.33550000e-01  1.63378769e-10  3.00000000e-01 
 9.33650000e-01  1.63378769e-10  3.00000000e-01 
 9.33750000e-01  1.63378769e-10  3.00000000e-01 
 9.33850000e-01  1.63378769e-10  3.00000000e-01 
 9.33950000e-01  1.63378769e-10  3.00000000e-01 
 9.34050000e-01  1.63378769e-10  3.00000000e-01 
 9.34150000e-01  1.63378769e-10  3.00000000e-01 
 9.34250000e-01  1.63378769e-10  3.00000000e-01 
 9.34350000e-01  1.63378769e-10  3.00000000e-01 
 9.34450000e-01  1.63378769e-10  3.00000000e-01 
 9.34550000e-01  1.63378769e-10  3.00000000e-01 
 9.34650000e-01  1.63378769e-10  3.00000000e-01 
 9.34750000e-01  1.63378769e-10  3.00000000e-01 
 9.34850000e-01  1.63378769e-10  3.00000000e-01 
 9.34950000e-01  1.63378769e-10  3.00000000e-01 
 9.35050000e-01  1.63378769e-10  3.00000000e-01 
 9.35150000e-01  1.63378769e-10  3.00000000e-01 
 9.35250000e-01  1.63378769e-10  3.00000000e-01 
 9.35350000e-01  1.63378769e-10  3.00000000e-01 
 9.35450000e-01  1.63378769e-10  3.00000000e-01 
 9.35550000e-01  1.63378769e-10  3.00000000e-01 
 9.35650000e-01  1.63378769e-10  3.00000000e-01 
 9.35750000e-01  1.63378769e-10  3.00000000e-01 
 9.35850000e-01  1.63378769e-10  3.00000000e-01 
 9.35950000e-01  1.63378769e-10  3.00000000e-01 
 9.36050000e-01  1.63378769e-10  3.00000000e-01 
 9.36150000e-01  1.63378769e-10  3.00000000e-01 
 9.36250000e-01  1.63378769e-10  3.00000000e-01 
 9.36350000e-01  1.63378769e-10  3.00000000e-01 
 9.36450000e-01  1.63378769e-10  3.00000000e-01 
 9.36550000e-01  1.63378769e-10  3.00000000e-01 
 9.36650000e-01  1.63378769e-10  3.00000000e-01 
 9.36750000e-01  1.63378769e-10  3.00000000e-01 
 9.36850000e-01  1.63378769e-10  3.00000000e-01 
 9.36950000e-01  1.63378769e-10  3.00000000e-01 
 9.37050000e-01  1.63378769e-10  3.00000000e-01 
 9.37150000e-01  1.63378769e-10  3.00000000e-01 
 9.37250000e-01  1.63378769e-10  3.00000000e-01 
 9.37350000e-01  1.63378769e-10  3.00000000e-01 
 9.37450000e-01  1.63378769e-10  3.00000000e-01 
 9.37550000e-01  1.63378769e-10  3.00000000e-01 
 9.37650000e-01  1.63378769e-10  3.00000000e-01 
 9.37750000e-01  1.63378769e-10  3.00000000e-01 
 9.37850000e-01  1.63378769e-10  3.00000000e-01 
 9.37950000e-01  1.63378769e-10  3.00000000e-01 
 9.38050000e-01  1.63378769e-10  3.00000000e-01 
 9.38150000e-01  1.63378769e-10  3.00000000e-01 
 9.38250000e-01  1.63378769e-10  3.00000000e-01 
 9.38350000e-01  1.63378769e-10  3.00000000e-01 
 9.38450000e-01  1.63378769e-10  3.00000000e-01 
 9.38550000e-01  1.63378769e-10  3.00000000e-01 
 9.38650000e-01  1.63378769e-10  3.00000000e-01 
 9.38750000e-01  1.63378769e-10  3.00000000e-01 
 9.38850000e-01  1.63378769e-10  3.00000000e-01 
 9.38950000e-01  1.63378769e-10  3.00000000e-01 
 9.39050000e-01  1.63378769e-10  3.00000000e-01 
 9.39150000e-01  1.63378769e-10  3.00000000e-01 
 9.39250000e-01  1.63378769e-10  3.00000000e-01 
 9.39350000e-01  1.63378769e-10  3.00000000e-01 
 9.39450000e-01  1.63378769e-10  3.00000000e-01 
 9.39550000e-01  1.63378769e-10  3.00000000e-01 
 9.39650000e-01  1.63378769e-10  3.00000000e-01 
 9.39750000e-01  1.63378769e-10  3.00000000e-01 
 9.39850000e-01  1.63378769e-10  3.00000000e-01 
 9.39950000e-01  1.63378769e-10  3.00000000e-01 
 9.40050000e-01  1.63378769e-10  3.00000000e-01 
 9.40150000e-01  1.63378769e-10  3.00000000e-01 
 9.40250000e-01  1.63378769e-10  3.00000000e-01 
 9.40350000e-01  1.63378769e-10  3.00000000e-01 
 9.40450000e-01  1.63378769e-10  3.00000000e-01 
 9.40550000e-01  1.63378769e-10  3.00000000e-01 
 9.40650000e-01  1.63378769e-10  3.00000000e-01 
 9.40750000e-01  1.63378769e-10  3.00000000e-01 
 9.40850000e-01  1.63378769e-10  3.00000000e-01 
 9.40950000e-01  1.63378769e-10  3.00000000e-01 
 9.41050000e-01  1.63378769e-10  3.00000000e-01 
 9.41150000e-01  1.63378769e-10  3.00000000e-01 
 9.41250000e-01  1.63378769e-10  3.00000000e-01 
 9.41350000e-01  1.63378769e-10  3.00000000e-01 
 9.41450000e-01  1.63378769e-10  3.00000000e-01 
 9.41550000e-01  1.63378769e-10  3.00000000e-01 
 9.41650000e-01  1.63378769e-10  3.00000000e-01 
 9.41750000e-01  1.63378769e-10  3.00000000e-01 
 9.41850000e-01  1.63378769e-10  3.00000000e-01 
 9.41950000e-01  1.63378769e-10  3.00000000e-01 
 9.42050000e-01  1.63378769e-10  3.00000000e-01 
 9.42150000e-01  1.63378769e-10  3.00000000e-01 
 9.42250000e-01  1.63378769e-10  3.00000000e-01 
 9.42350000e-01  1.63378769e-10  3.00000000e-01 
 9.42450000e-01  1.63378769e-10  3.00000000e-01 
 9.42550000e-01  1.63378769e-10  3.00000000e-01 
 9.42650000e-01  1.63378769e-10  3.00000000e-01 
 9.42750000e-01  1.63378769e-10  3.00000000e-01 
 9.42850000e-01  1.63378769e-10  3.00000000e-01 
 9.42950000e-01  1.63378769e-10  3.00000000e-01 
 9.43050000e-01  1.63378769e-10  3.00000000e-01 
 9.43150000e-01  1.63378769e-10  3.00000000e-01 
 9.43250000e-01  1.63378769e-10  3.00000000e-01 
 9.43350000e-01  1.63378769e-10  3.00000000e-01 
 9.43450000e-01  1.63378769e-10  3.00000000e-01 
 9.43550000e-01  1.63378769e-10  3.00000000e-01 
 9.43650000e-01  1.63378769e-10  3.00000000e-01 
 9.43750000e-01  1.63378769e-10  3.00000000e-01 
 9.43850000e-01  1.63378769e-10  3.00000000e-01 
 9.43950000e-01  1.63378769e-10  3.00000000e-01 
 9.44050000e-01  1.63378769e-10  3.00000000e-01 
 9.44150000e-01  1.63378769e-10  3.00000000e-01 
 9.44250000e-01  1.63378769e-10  3.00000000e-01 
 9.44350000e-01  1.63378769e-10  3.00000000e-01 
 9.44450000e-01  1.63378769e-10  3.00000000e-01 
 9.44550000e-01  1.63378769e-10  3.00000000e-01 
 9.44650000e-01  1.63378769e-10  3.00000000e-01 
 9.44750000e-01  1.63378769e-10  3.00000000e-01 
 9.44850000e-01  1.63378769e-10  3.00000000e-01 
 9.44950000e-01  1.63378769e-10  3.00000000e-01 
 9.45050000e-01  1.63378769e-10  3.00000000e-01 
 9.45150000e-01  1.63378769e-10  3.00000000e-01 
 9.45250000e-01  1.63378769e-10  3.00000000e-01 
 9.45350000e-01  1.63378769e-10  3.00000000e-01 
 9.45450000e-01  1.63378769e-10  3.00000000e-01 
 9.45550000e-01  1.63378769e-10  3.00000000e-01 
 9.45650000e-01  1.63378769e-10  3.00000000e-01 
 9.45750000e-01  1.63378769e-10  3.00000000e-01 
 9.45850000e-01  1.63378769e-10  3.00000000e-01 
 9.45950000e-01  1.63378769e-10  3.00000000e-01 
 9.46050000e-01  1.63378769e-10  3.00000000e-01 
 9.46150000e-01  1.63378769e-10  3.00000000e-01 
 9.46250000e-01  1.63378769e-10  3.00000000e-01 
 9.46350000e-01  1.63378769e-10  3.00000000e-01 
 9.46450000e-01  1.63378769e-10  3.00000000e-01 
 9.46550000e-01  1.63378769e-10  3.00000000e-01 
 9.46650000e-01  1.63378769e-10  3.00000000e-01 
 9.46750000e-01  1.63378769e-10  3.00000000e-01 
 9.46850000e-01  1.63378769e-10  3.00000000e-01 
 9.46950000e-01  1.63378769e-10  3.00000000e-01 
 9.47050000e-01  1.63378769e-10  3.00000000e-01 
 9.47150000e-01  1.63378769e-10  3.00000000e-01 
 9.47250000e-01  1.63378769e-10  3.00000000e-01 
 9.47350000e-01  1.63378769e-10  3.00000000e-01 
 9.47450000e-01  1.63378769e-10  3.00000000e-01 
 9.47550000e-01  1.63378769e-10  3.00000000e-01 
 9.47650000e-01  1.63378769e-10  3.00000000e-01 
 9.47750000e-01  1.63378769e-10  3.00000000e-01 
 9.47850000e-01  1.63378769e-10  3.00000000e-01 
 9.47950000e-01  1.63378769e-10  3.00000000e-01 
 9.48050000e-01  1.63378769e-10  3.00000000e-01 
 9.48150000e-01  1.63378769e-10  3.00000000e-01 
 9.48250000e-01  1.63378769e-10  3.00000000e-01 
 9.48350000e-01  1.63378769e-10  3.00000000e-01 
 9.48450000e-01  1.63378769e-10  3.00000000e-01 
 9.48550000e-01  1.63378769e-10  3.00000000e-01 
 9.48650000e-01  1.63378769e-10  3.00000000e-01 
 9.48750000e-01  1.63378769e-10  3.00000000e-01 
 9.48850000e-01  1.63378769e-10  3.00000000e-01 
 9.48950000e-01  1.63378769e-10  3.00000000e-01 
 9.49050000e-01  1.63378769e-10  3.00000000e-01 
 9.49150000e-01  1.63378769e-10  3.00000000e-01 
 9.49250000e-01  1.63378769e-10  3.00000000e-01 
 9.49350000e-01  1.63378769e-10  3.00000000e-01 
 9.49450000e-01  1.63378769e-10  3.00000000e-01 
 9.49550000e-01  1.63378769e-10  3.00000000e-01 
 9.49650000e-01  1.63378769e-10  3.00000000e-01 
 9.49750000e-01  1.63378769e-10  3.00000000e-01 
 9.49850000e-01  1.63378769e-10  3.00000000e-01 
 9.49950000e-01  1.63378769e-10  3.00000000e-01 
 9.50050000e-01  1.63378769e-10  3.00000000e-01 
 9.50150000e-01  1.63378769e-10  3.00000000e-01 
 9.50250000e-01  1.63378769e-10  3.00000000e-01 
 9.50350000e-01  1.63378769e-10  3.00000000e-01 
 9.50450000e-01  1.63378769e-10  3.00000000e-01 
 9.50550000e-01  1.63378769e-10  3.00000000e-01 
 9.50650000e-01  1.63378769e-10  3.00000000e-01 
 9.50750000e-01  1.63378769e-10  3.00000000e-01 
 9.50850000e-01  1.63378769e-10  3.00000000e-01 
 9.50950000e-01  1.63378769e-10  3.00000000e-01 
 9.51050000e-01  1.63378769e-10  3.00000000e-01 
 9.51150000e-01  1.63378769e-10  3.00000000e-01 
 9.51250000e-01  1.63378769e-10  3.00000000e-01 
 9.51350000e-01  1.63378769e-10  3.00000000e-01 
 9.51450000e-01  1.63378769e-10  3.00000000e-01 
 9.51550000e-01  1.63378769e-10  3.00000000e-01 
 9.51650000e-01  1.63378769e-10  3.00000000e-01 
 9.51750000e-01  1.63378769e-10  3.00000000e-01 
 9.51850000e-01  1.63378769e-10  3.00000000e-01 
 9.51950000e-01  1.63378769e-10  3.00000000e-01 
 9.52050000e-01  1.63378769e-10  3.00000000e-01 
 9.52150000e-01  1.63378769e-10  3.00000000e-01 
 9.52250000e-01  1.63378769e-10  3.00000000e-01 
 9.52350000e-01  1.63378769e-10  3.00000000e-01 
 9.52450000e-01  1.63378769e-10  3.00000000e-01 
 9.52550000e-01  1.63378769e-10  3.00000000e-01 
 9.52650000e-01  1.63378769e-10  3.00000000e-01 
 9.52750000e-01  1.63378769e-10  3.00000000e-01 
 9.52850000e-01  1.63378769e-10  3.00000000e-01 
 9.52950000e-01  1.63378769e-10  3.00000000e-01 
 9.53050000e-01  1.63378769e-10  3.00000000e-01 
 9.53150000e-01  1.63378769e-10  3.00000000e-01 
 9.53250000e-01  1.63378769e-10  3.00000000e-01 
 9.53350000e-01  1.63378769e-10  3.00000000e-01 
 9.53450000e-01  1.63378769e-10  3.00000000e-01 
 9.53550000e-01  1.63378769e-10  3.00000000e-01 
 9.53650000e-01  1.63378769e-10  3.00000000e-01 
 9.53750000e-01  1.63378769e-10  3.00000000e-01 
 9.53850000e-01  1.63378769e-10  3.00000000e-01 
 9.53950000e-01  1.63378769e-10  3.00000000e-01 
 9.54050000e-01  1.63378769e-10  3.00000000e-01 
 9.54150000e-01  1.63378769e-10  3.00000000e-01 
 9.54250000e-01  1.63378769e-10  3.00000000e-01 
 9.54350000e-01  1.63378769e-10  3.00000000e-01 
 9.54450000e-01  1.63378769e-10  3.00000000e-01 
 9.54550000e-01  1.63378769e-10  3.00000000e-01 
 9.54650000e-01  1.63378769e-10  3.00000000e-01 
 9.54750000e-01  1.63378769e-10  3.00000000e-01 
 9.54850000e-01  1.63378769e-10  3.00000000e-01 
 9.54950000e-01  1.63378769e-10  3.00000000e-01 
 9.55050000e-01  1.63378769e-10  3.00000000e-01 
 9.55150000e-01  1.63378769e-10  3.00000000e-01 
 9.55250000e-01  1.63378769e-10  3.00000000e-01 
 9.55350000e-01  1.63378769e-10  3.00000000e-01 
 9.55450000e-01  1.63378769e-10  3.00000000e-01 
 9.55550000e-01  1.63378769e-10  3.00000000e-01 
 9.55650000e-01  1.63378769e-10  3.00000000e-01 
 9.55750000e-01  1.63378769e-10  3.00000000e-01 
 9.55850000e-01  1.63378769e-10  3.00000000e-01 
 9.55950000e-01  1.63378769e-10  3.00000000e-01 
 9.56050000e-01  1.63378769e-10  3.00000000e-01 
 9.56150000e-01  1.63378769e-10  3.00000000e-01 
 9.56250000e-01  1.63378769e-10  3.00000000e-01 
 9.56350000e-01  1.63378769e-10  3.00000000e-01 
 9.56450000e-01  1.63378769e-10  3.00000000e-01 
 9.56550000e-01  1.63378769e-10  3.00000000e-01 
 9.56650000e-01  1.63378769e-10  3.00000000e-01 
 9.56750000e-01  1.63378769e-10  3.00000000e-01 
 9.56850000e-01  1.63378769e-10  3.00000000e-01 
 9.56950000e-01  1.63378769e-10  3.00000000e-01 
 9.57050000e-01  1.63378769e-10  3.00000000e-01 
 9.57150000e-01  1.63378769e-10  3.00000000e-01 
 9.57250000e-01  1.63378769e-10  3.00000000e-01 
 9.57350000e-01  1.63378769e-10  3.00000000e-01 
 9.57450000e-01  1.63378769e-10  3.00000000e-01 
 9.57550000e-01  1.63378769e-10  3.00000000e-01 
 9.57650000e-01  1.63378769e-10  3.00000000e-01 
 9.57750000e-01  1.63378769e-10  3.00000000e-01 
 9.57850000e-01  1.63378769e-10  3.00000000e-01 
 9.57950000e-01  1.63378769e-10  3.00000000e-01 
 9.58050000e-01  1.63378769e-10  3.00000000e-01 
 9.58150000e-01  1.63378769e-10  3.00000000e-01 
 9.58250000e-01  1.63378769e-10  3.00000000e-01 
 9.58350000e-01  1.63378769e-10  3.00000000e-01 
 9.58450000e-01  1.63378769e-10  3.00000000e-01 
 9.58550000e-01  1.63378769e-10  3.00000000e-01 
 9.58650000e-01  1.63378769e-10  3.00000000e-01 
 9.58750000e-01  1.63378769e-10  3.00000000e-01 
 9.58850000e-01  1.63378769e-10  3.00000000e-01 
 9.58950000e-01  1.63378769e-10  3.00000000e-01 
 9.59050000e-01  1.63378769e-10  3.00000000e-01 
 9.59150000e-01  1.63378769e-10  3.00000000e-01 
 9.59250000e-01  1.63378769e-10  3.00000000e-01 
 9.59350000e-01  1.63378769e-10  3.00000000e-01 
 9.59450000e-01  1.63378769e-10  3.00000000e-01 
 9.59550000e-01  1.63378769e-10  3.00000000e-01 
 9.59650000e-01  1.63378769e-10  3.00000000e-01 
 9.59750000e-01  1.63378769e-10  3.00000000e-01 
 9.59850000e-01  1.63378769e-10  3.00000000e-01 
 9.59950000e-01  1.63378769e-10  3.00000000e-01 
 9.60050000e-01  1.63378769e-10  3.00000000e-01 
 9.60150000e-01  1.63378769e-10  3.00000000e-01 
 9.60250000e-01  1.63378769e-10  3.00000000e-01 
 9.60350000e-01  1.63378769e-10  3.00000000e-01 
 9.60450000e-01  1.63378769e-10  3.00000000e-01 
 9.60550000e-01  1.63378769e-10  3.00000000e-01 
 9.60650000e-01  1.63378769e-10  3.00000000e-01 
 9.60750000e-01  1.63378769e-10  3.00000000e-01 
 9.60850000e-01  1.63378769e-10  3.00000000e-01 
 9.60950000e-01  1.63378769e-10  3.00000000e-01 
 9.61050000e-01  1.63378769e-10  3.00000000e-01 
 9.61150000e-01  1.63378769e-10  3.00000000e-01 
 9.61250000e-01  1.63378769e-10  3.00000000e-01 
 9.61350000e-01  1.63378769e-10  3.00000000e-01 
 9.61450000e-01  1.63378769e-10  3.00000000e-01 
 9.61550000e-01  1.63378769e-10  3.00000000e-01 
 9.61650000e-01  1.63378769e-10  3.00000000e-01 
 9.61750000e-01  1.63378769e-10  3.00000000e-01 
 9.61850000e-01  1.63378769e-10  3.00000000e-01 
 9.61950000e-01  1.63378769e-10  3.00000000e-01 
 9.62050000e-01  1.63378769e-10  3.00000000e-01 
 9.62150000e-01  1.63378769e-10  3.00000000e-01 
 9.62250000e-01  1.63378769e-10  3.00000000e-01 
 9.62350000e-01  1.63378769e-10  3.00000000e-01 
 9.62450000e-01  1.63378769e-10  3.00000000e-01 
 9.62550000e-01  1.63378769e-10  3.00000000e-01 
 9.62650000e-01  1.63378769e-10  3.00000000e-01 
 9.62750000e-01  1.63378769e-10  3.00000000e-01 
 9.62850000e-01  1.63378769e-10  3.00000000e-01 
 9.62950000e-01  1.63378769e-10  3.00000000e-01 
 9.63050000e-01  1.63378769e-10  3.00000000e-01 
 9.63150000e-01  1.63378769e-10  3.00000000e-01 
 9.63250000e-01  1.63378769e-10  3.00000000e-01 
 9.63350000e-01  1.63378769e-10  3.00000000e-01 
 9.63450000e-01  1.63378769e-10  3.00000000e-01 
 9.63550000e-01  1.63378769e-10  3.00000000e-01 
 9.63650000e-01  1.63378769e-10  3.00000000e-01 
 9.63750000e-01  1.63378769e-10  3.00000000e-01 
 9.63850000e-01  1.63378769e-10  3.00000000e-01 
 9.63950000e-01  1.63378769e-10  3.00000000e-01 
 9.64050000e-01  1.63378769e-10  3.00000000e-01 
 9.64150000e-01  1.63378769e-10  3.00000000e-01 
 9.64250000e-01  1.63378769e-10  3.00000000e-01 
 9.64350000e-01  1.63378769e-10  3.00000000e-01 
 9.64450000e-01  1.63378769e-10  3.00000000e-01 
 9.64550000e-01  1.63378769e-10  3.00000000e-01 
 9.64650000e-01  1.63378769e-10  3.00000000e-01 
 9.64750000e-01  1.63378769e-10  3.00000000e-01 
 9.64850000e-01  1.63378769e-10  3.00000000e-01 
 9.64950000e-01  1.63378769e-10  3.00000000e-01 
 9.65050000e-01  1.63378769e-10  3.00000000e-01 
 9.65150000e-01  1.63378769e-10  3.00000000e-01 
 9.65250000e-01  1.63378769e-10  3.00000000e-01 
 9.65350000e-01  1.63378769e-10  3.00000000e-01 
 9.65450000e-01  1.63378769e-10  3.00000000e-01 
 9.65550000e-01  1.63378769e-10  3.00000000e-01 
 9.65650000e-01  1.63378769e-10  3.00000000e-01 
 9.65750000e-01  1.63378769e-10  3.00000000e-01 
 9.65850000e-01  1.63378769e-10  3.00000000e-01 
 9.65950000e-01  1.63378769e-10  3.00000000e-01 
 9.66050000e-01  1.63378769e-10  3.00000000e-01 
 9.66150000e-01  1.63378769e-10  3.00000000e-01 
 9.66250000e-01  1.63378769e-10  3.00000000e-01 
 9.66350000e-01  1.63378769e-10  3.00000000e-01 
 9.66450000e-01  1.63378769e-10  3.00000000e-01 
 9.66550000e-01  1.63378769e-10  3.00000000e-01 
 9.66650000e-01  1.63378769e-10  3.00000000e-01 
 9.66750000e-01  1.63378769e-10  3.00000000e-01 
 9.66850000e-01  1.63378769e-10  3.00000000e-01 
 9.66950000e-01  1.63378769e-10  3.00000000e-01 
 9.67050000e-01  1.63378769e-10  3.00000000e-01 
 9.67150000e-01  1.63378769e-10  3.00000000e-01 
 9.67250000e-01  1.63378769e-10  3.00000000e-01 
 9.67350000e-01  1.63378769e-10  3.00000000e-01 
 9.67450000e-01  1.63378769e-10  3.00000000e-01 
 9.67550000e-01  1.63378769e-10  3.00000000e-01 
 9.67650000e-01  1.63378769e-10  3.00000000e-01 
 9.67750000e-01  1.63378769e-10  3.00000000e-01 
 9.67850000e-01  1.63378769e-10  3.00000000e-01 
 9.67950000e-01  1.63378769e-10  3.00000000e-01 
 9.68050000e-01  1.63378769e-10  3.00000000e-01 
 9.68150000e-01  1.63378769e-10  3.00000000e-01 
 9.68250000e-01  1.63378769e-10  3.00000000e-01 
 9.68350000e-01  1.63378769e-10  3.00000000e-01 
 9.68450000e-01  1.63378769e-10  3.00000000e-01 
 9.68550000e-01  1.63378769e-10  3.00000000e-01 
 9.68650000e-01  1.63378769e-10  3.00000000e-01 
 9.68750000e-01  1.63378769e-10  3.00000000e-01 
 9.68850000e-01  1.63378769e-10  3.00000000e-01 
 9.68950000e-01  1.63378769e-10  3.00000000e-01 
 9.69050000e-01  1.63378769e-10  3.00000000e-01 
 9.69150000e-01  1.63378769e-10  3.00000000e-01 
 9.69250000e-01  1.63378769e-10  3.00000000e-01 
 9.69350000e-01  1.63378769e-10  3.00000000e-01 
 9.69450000e-01  1.63378769e-10  3.00000000e-01 
 9.69550000e-01  1.63378769e-10  3.00000000e-01 
 9.69650000e-01  1.63378769e-10  3.00000000e-01 
 9.69750000e-01  1.63378769e-10  3.00000000e-01 
 9.69850000e-01  1.63378769e-10  3.00000000e-01 
 9.69950000e-01  1.63378769e-10  3.00000000e-01 
 9.70050000e-01  1.63378769e-10  3.00000000e-01 
 9.70150000e-01  1.63378769e-10  3.00000000e-01 
 9.70250000e-01  1.63378769e-10  3.00000000e-01 
 9.70350000e-01  1.63378769e-10  3.00000000e-01 
 9.70450000e-01  1.63378769e-10  3.00000000e-01 
 9.70550000e-01  1.63378769e-10  3.00000000e-01 
 9.70650000e-01  1.63378769e-10  3.00000000e-01 
 9.70750000e-01  1.63378769e-10  3.00000000e-01 
 9.70850000e-01  1.63378769e-10  3.00000000e-01 
 9.70950000e-01  1.63378769e-10  3.00000000e-01 
 9.71050000e-01  1.63378769e-10  3.00000000e-01 
 9.71150000e-01  1.63378769e-10  3.00000000e-01 
 9.71250000e-01  1.63378769e-10  3.00000000e-01 
 9.71350000e-01  1.63378769e-10  3.00000000e-01 
 9.71450000e-01  1.63378769e-10  3.00000000e-01 
 9.71550000e-01  1.63378769e-10  3.00000000e-01 
 9.71650000e-01  1.63378769e-10  3.00000000e-01 
 9.71750000e-01  1.63378769e-10  3.00000000e-01 
 9.71850000e-01  1.63378769e-10  3.00000000e-01 
 9.71950000e-01  1.63378769e-10  3.00000000e-01 
 9.72050000e-01  1.63378769e-10  3.00000000e-01 
 9.72150000e-01  1.63378769e-10  3.00000000e-01 
 9.72250000e-01  1.63378769e-10  3.00000000e-01 
 9.72350000e-01  1.63378769e-10  3.00000000e-01 
 9.72450000e-01  1.63378769e-10  3.00000000e-01 
 9.72550000e-01  1.63378769e-10  3.00000000e-01 
 9.72650000e-01  1.63378769e-10  3.00000000e-01 
 9.72750000e-01  1.63378769e-10  3.00000000e-01 
 9.72850000e-01  1.63378769e-10  3.00000000e-01 
 9.72950000e-01  1.63378769e-10  3.00000000e-01 
 9.73050000e-01  1.63378769e-10  3.00000000e-01 
 9.73150000e-01  1.63378769e-10  3.00000000e-01 
 9.73250000e-01  1.63378769e-10  3.00000000e-01 
 9.73350000e-01  1.63378769e-10  3.00000000e-01 
 9.73450000e-01  1.63378769e-10  3.00000000e-01 
 9.73550000e-01  1.63378769e-10  3.00000000e-01 
 9.73650000e-01  1.63378769e-10  3.00000000e-01 
 9.73750000e-01  1.63378769e-10  3.00000000e-01 
 9.73850000e-01  1.63378769e-10  3.00000000e-01 
 9.73950000e-01  1.63378769e-10  3.00000000e-01 
 9.74050000e-01  1.63378769e-10  3.00000000e-01 
 9.74150000e-01  1.63378769e-10  3.00000000e-01 
 9.74250000e-01  1.63378769e-10  3.00000000e-01 
 9.74350000e-01  1.63378769e-10  3.00000000e-01 
 9.74450000e-01  1.63378769e-10  3.00000000e-01 
 9.74550000e-01  1.63378769e-10  3.00000000e-01 
 9.74650000e-01  1.63378769e-10  3.00000000e-01 
 9.74750000e-01  1.63378769e-10  3.00000000e-01 
 9.74850000e-01  1.63378769e-10  3.00000000e-01 
 9.74950000e-01  1.63378769e-10  3.00000000e-01 
 9.75050000e-01  1.63378769e-10  3.00000000e-01 
 9.75150000e-01  1.63378769e-10  3.00000000e-01 
 9.75250000e-01  1.63378769e-10  3.00000000e-01 
 9.75350000e-01  1.63378769e-10  3.00000000e-01 
 9.75450000e-01  1.63378769e-10  3.00000000e-01 
 9.75550000e-01  1.63378769e-10  3.00000000e-01 
 9.75650000e-01  1.63378769e-10  3.00000000e-01 
 9.75750000e-01  1.63378769e-10  3.00000000e-01 
 9.75850000e-01  1.63378769e-10  3.00000000e-01 
 9.75950000e-01  1.63378769e-10  3.00000000e-01 
 9.76050000e-01  1.63378769e-10  3.00000000e-01 
 9.76150000e-01  1.63378769e-10  3.00000000e-01 
 9.76250000e-01  1.63378769e-10  3.00000000e-01 
 9.76350000e-01  1.63378769e-10  3.00000000e-01 
 9.76450000e-01  1.63378769e-10  3.00000000e-01 
 9.76550000e-01  1.63378769e-10  3.00000000e-01 
 9.76650000e-01  1.63378769e-10  3.00000000e-01 
 9.76750000e-01  1.63378769e-10  3.00000000e-01 
 9.76850000e-01  1.63378769e-10  3.00000000e-01 
 9.76950000e-01  1.63378769e-10  3.00000000e-01 
 9.77050000e-01  1.63378769e-10  3.00000000e-01 
 9.77150000e-01  1.63378769e-10  3.00000000e-01 
 9.77250000e-01  1.63378769e-10  3.00000000e-01 
 9.77350000e-01  1.63378769e-10  3.00000000e-01 
 9.77450000e-01  1.63378769e-10  3.00000000e-01 
 9.77550000e-01  1.63378769e-10  3.00000000e-01 
 9.77650000e-01  1.63378769e-10  3.00000000e-01 
 9.77750000e-01  1.63378769e-10  3.00000000e-01 
 9.77850000e-01  1.63378769e-10  3.00000000e-01 
 9.77950000e-01  1.63378769e-10  3.00000000e-01 
 9.78050000e-01  1.63378769e-10  3.00000000e-01 
 9.78150000e-01  1.63378769e-10  3.00000000e-01 
 9.78250000e-01  1.63378769e-10  3.00000000e-01 
 9.78350000e-01  1.63378769e-10  3.00000000e-01 
 9.78450000e-01  1.63378769e-10  3.00000000e-01 
 9.78550000e-01  1.63378769e-10  3.00000000e-01 
 9.78650000e-01  1.63378769e-10  3.00000000e-01 
 9.78750000e-01  1.63378769e-10  3.00000000e-01 
 9.78850000e-01  1.63378769e-10  3.00000000e-01 
 9.78950000e-01  1.63378769e-10  3.00000000e-01 
 9.79050000e-01  1.63378769e-10  3.00000000e-01 
 9.79150000e-01  1.63378769e-10  3.00000000e-01 
 9.79250000e-01  1.63378769e-10  3.00000000e-01 
 9.79350000e-01  1.63378769e-10  3.00000000e-01 
 9.79450000e-01  1.63378769e-10  3.00000000e-01 
 9.79550000e-01  1.63378769e-10  3.00000000e-01 
 9.79650000e-01  1.63378769e-10  3.00000000e-01 
 9.79750000e-01  1.63378769e-10  3.00000000e-01 
 9.79850000e-01  1.63378769e-10  3.00000000e-01 
 9.79950000e-01  1.63378769e-10  3.00000000e-01 
 9.80000000e-01  1.63378769e-10  3.00000000e-01 
 9.80010000e-01  1.73012547e-10  3.00120000e-01 
 9.80030000e-01  9.53096597e-11  3.00360000e-01 
 9.80070000e-01  2.91718531e-11  3.00840000e-01 
 9.80150000e-01  7.93434041e-12  3.01800000e-01 
 9.80250000e-01  1.16081507e-11  3.03000000e-01 
 9.80350000e-01  1.09422795e-11  3.04200000e-01 
 9.80450000e-01  5.90987172e-12  3.05400000e-01 
 9.80550000e-01 -6.20663103e-13  3.06600000e-01 
 9.80650000e-01 -7.64509810e-12  3.07800000e-01 
 9.80750000e-01 -1.50167090e-11  3.09000000e-01 
 9.80850000e-01 -2.27713997e-11  3.10200000e-01 
 9.80950000e-01 -3.09583036e-11  3.11400000e-01 
 9.81050000e-01 -3.96215151e-11  3.12600000e-01 
 9.81150000e-01 -4.88029377e-11  3.13800000e-01 
 9.81250000e-01 -5.85471926e-11  3.15000000e-01 
 9.81350000e-01 -6.89035881e-11  3.16200000e-01 
 9.81450000e-01 -7.99271731e-11  3.17400000e-01 
 9.81550000e-01 -9.16805623e-11  3.18600000e-01 
 9.81650000e-01 -1.04234088e-10  3.19800000e-01 
 9.81750000e-01 -1.17668117e-10  3.21000000e-01 
 9.81850000e-01 -1.32073888e-10  3.22200000e-01 
 9.81950000e-01 -1.47556149e-10  3.23400000e-01 
 9.82050000e-01 -1.64235575e-10  3.24600000e-01 
 9.82150000e-01 -1.82251720e-10  3.25800000e-01 
 9.82250000e-01 -2.01766933e-10  3.27000000e-01 
 9.82350000e-01 -2.22971418e-10  3.28200000e-01 
 9.82450000e-01 -2.46089040e-10  3.29400000e-01 
 9.82550000e-01 -2.71385697e-10  3.30600000e-01 
 9.82650000e-01 -2.99178717e-10  3.31800000e-01 
 9.82750000e-01 -3.29850432e-10  3.33000000e-01 
 9.82850000e-01 -3.63864968e-10  3.34200000e-01 
 9.82950000e-01 -4.01791223e-10  3.35400000e-01 
 9.83050000e-01 -4.44332669e-10  3.36600000e-01 
 9.83150000e-01 -4.92369468e-10  3.37800000e-01 
 9.83250000e-01 -5.47014011e-10  3.39000000e-01 
 9.83350000e-01 -6.09690608e-10  3.40200000e-01 
 9.83450000e-01 -6.82246014e-10  3.41400000e-01 
 9.83550000e-01 -7.67108738e-10  3.42600000e-01 
 9.83650000e-01 -8.67519753e-10  3.43800000e-01 
 9.83750000e-01 -9.87871696e-10  3.45000000e-01 
 9.83850000e-01 -1.13421309e-09  3.46200000e-01 
 9.83950000e-01 -1.31500399e-09  3.47400000e-01 
 9.84050000e-01 -1.54224976e-09  3.48600000e-01 
 9.84150000e-01 -1.83318646e-09  3.49800000e-01 
 9.84250000e-01 -2.21271325e-09  3.51000000e-01 
 9.84350000e-01 -2.71668536e-09  3.52200000e-01 
 9.84450000e-01 -3.39582062e-09  3.53400000e-01 
 9.84550000e-01 -4.31917349e-09  3.54600000e-01 
 9.84650000e-01 -5.57529127e-09  3.55800000e-01 
 9.84750000e-01 -7.27029943e-09  3.57000000e-01 
 9.84850000e-01 -9.52810424e-09  3.58200000e-01 
 9.84950000e-01 -1.25064781e-08  3.59400000e-01 
 9.85050000e-01 -1.64457309e-08  3.60600000e-01 
 9.85150000e-01 -2.17676034e-08  3.61800000e-01 
 9.85250000e-01 -2.92668405e-08  3.63000000e-01 
 9.85350000e-01 -4.05250561e-08  3.64200000e-01 
 9.85450000e-01 -5.89224864e-08  3.65400000e-01 
 9.85550000e-01 -9.23886406e-08  3.66600000e-01 
 9.85650000e-01 -1.61657884e-07  3.67800000e-01 
 9.85750000e-01 -3.26682828e-07  3.69000000e-01 
 9.85850000e-01 -7.49661104e-07  3.70200000e-01 
 9.85950000e-01 -8.09074276e-07  3.71400000e-01 
 9.86050000e-01  6.92736184e-05  3.72600000e-01 
 9.86150000e-01  4.58713713e-03  3.73800000e-01 
 9.86250000e-01  8.34054698e-01  3.75000000e-01 
 9.86350000e-01  8.99421175e-01  3.76200000e-01 
 9.86450000e-01  8.99951897e-01  3.77400000e-01 
 9.86550000e-01  8.99958326e-01  3.78600000e-01 
 9.86650000e-01  8.99960422e-01  3.79800000e-01 
 9.86750000e-01  8.99957922e-01  3.81000000e-01 
 9.86850000e-01  8.99957133e-01  3.82200000e-01 
 9.86950000e-01  8.99958813e-01  3.83400000e-01 
 9.87050000e-01  8.99960898e-01  3.84600000e-01 
 9.87150000e-01  8.99962627e-01  3.85800000e-01 
 9.87250000e-01  8.99963956e-01  3.87000000e-01 
 9.87350000e-01  8.99965095e-01  3.88200000e-01 
 9.87450000e-01  8.99966154e-01  3.89400000e-01 
 9.87550000e-01  8.99967149e-01  3.90600000e-01 
 9.87650000e-01  8.99968070e-01  3.91800000e-01 
 9.87750000e-01  8.99968917e-01  3.93000000e-01 
 9.87850000e-01  8.99969695e-01  3.94200000e-01 
 9.87950000e-01  8.99970416e-01  3.95400000e-01 
 9.88050000e-01  8.99971085e-01  3.96600000e-01 
 9.88150000e-01  8.99971708e-01  3.97800000e-01 
 9.88250000e-01  8.99972288e-01  3.99000000e-01 
 9.88350000e-01  8.99972830e-01  4.00200000e-01 
 9.88450000e-01  8.99973338e-01  4.01400000e-01 
 9.88550000e-01  8.99973813e-01  4.02600000e-01 
 9.88650000e-01  8.99974259e-01  4.03800000e-01 
 9.88750000e-01  8.99974679e-01  4.05000000e-01 
 9.88850000e-01  8.99975074e-01  4.06200000e-01 
 9.88950000e-01  8.99975446e-01  4.07400000e-01 
 9.89050000e-01  8.99975797e-01  4.08600000e-01 
 9.89150000e-01  8.99976128e-01  4.09800000e-01 
 9.89250000e-01  8.99976442e-01  4.11000000e-01 
 9.89350000e-01  8.99976739e-01  4.12200000e-01 
 9.89450000e-01  8.99977020e-01  4.13400000e-01 
 9.89550000e-01  8.99977287e-01  4.14600000e-01 
 9.89650000e-01  8.99977540e-01  4.15800000e-01 
 9.89750000e-01  8.99977781e-01  4.17000000e-01 
 9.89850000e-01  8.99978009e-01  4.18200000e-01 
 9.89950000e-01  8.99978227e-01  4.19400000e-01 
 9.90000000e-01  8.99978331e-01  4.20000000e-01 
 9.90010000e-01  8.99978331e-01  4.20000000e-01 
 9.90030000e-01  8.99978450e-01  4.20000000e-01 
 9.90070000e-01  8.99978581e-01  4.20000000e-01 
 9.90150000e-01  8.99978615e-01  4.20000000e-01 
 9.90250000e-01  8.99978558e-01  4.20000000e-01 
 9.90350000e-01  8.99978528e-01  4.20000000e-01 
 9.90450000e-01  8.99978530e-01  4.20000000e-01 
 9.90550000e-01  8.99978538e-01  4.20000000e-01 
 9.90650000e-01  8.99978541e-01  4.20000000e-01 
 9.90750000e-01  8.99978540e-01  4.20000000e-01 
 9.90850000e-01  8.99978539e-01  4.20000000e-01 
 9.90950000e-01  8.99978539e-01  4.20000000e-01 
 9.91050000e-01  8.99978539e-01  4.20000000e-01 
 9.91150000e-01  8.99978539e-01  4.20000000e-01 
 9.91250000e-01  8.99978539e-01  4.20000000e-01 
 9.91350000e-01  8.99978539e-01  4.20000000e-01 
 9.91450000e-01  8.99978539e-01  4.20000000e-01 
 9.91550000e-01  8.99978539e-01  4.20000000e-01 
 9.91650000e-01  8.99978539e-01  4.20000000e-01 
 9.91750000e-01  8.99978539e-01  4.20000000e-01 
 9.91850000e-01  8.99978539e-01  4.20000000e-01 
 9.91950000e-01  8.99978539e-01  4.20000000e-01 
 9.92050000e-01  8.99978539e-01  4.20000000e-01 
 9.92150000e-01  8.99978539e-01  4.20000000e-01 
 9.92250000e-01  8.99978539e-01  4.20000000e-01 
 9.92350000e-01  8.99978539e-01  4.20000000e-01 
 9.92450000e-01  8.99978539e-01  4.20000000e-01 
 9.92550000e-01  8.99978539e-01  4.20000000e-01 
 9.92650000e-01  8.99978539e-01  4.20000000e-01 
 9.92750000e-01  8.99978539e-01  4.20000000e-01 
 9.92850000e-01  8.99978539e-01  4.20000000e-01 
 9.92950000e-01  8.99978539e-01  4.20000000e-01 
 9.93050000e-01  8.99978539e-01  4.20000000e-01 
 9.93150000e-01  8.99978539e-01  4.20000000e-01 
 9.93250000e-01  8.99978539e-01  4.20000000e-01 
 9.93350000e-01  8.99978539e-01  4.20000000e-01 
 9.93450000e-01  8.99978539e-01  4.20000000e-01 
 9.93550000e-01  8.99978539e-01  4.20000000e-01 
 9.93650000e-01  8.99978539e-01  4.20000000e-01 
 9.93750000e-01  8.99978539e-01  4.20000000e-01 
 9.93850000e-01  8.99978539e-01  4.20000000e-01 
 9.93950000e-01  8.99978539e-01  4.20000000e-01 
 9.94050000e-01  8.99978539e-01  4.20000000e-01 
 9.94150000e-01  8.99978539e-01  4.20000000e-01 
 9.94250000e-01  8.99978539e-01  4.20000000e-01 
 9.94350000e-01  8.99978539e-01  4.20000000e-01 
 9.94450000e-01  8.99978539e-01  4.20000000e-01 
 9.94550000e-01  8.99978539e-01  4.20000000e-01 
 9.94650000e-01  8.99978539e-01  4.20000000e-01 
 9.94750000e-01  8.99978539e-01  4.20000000e-01 
 9.94850000e-01  8.99978539e-01  4.20000000e-01 
 9.94950000e-01  8.99978539e-01  4.20000000e-01 
 9.95050000e-01  8.99978539e-01  4.20000000e-01 
 9.95150000e-01  8.99978539e-01  4.20000000e-01 
 9.95250000e-01  8.99978539e-01  4.20000000e-01 
 9.95350000e-01  8.99978539e-01  4.20000000e-01 
 9.95450000e-01  8.99978539e-01  4.20000000e-01 
 9.95550000e-01  8.99978539e-01  4.20000000e-01 
 9.95650000e-01  8.99978539e-01  4.20000000e-01 
 9.95750000e-01  8.99978539e-01  4.20000000e-01 
 9.95850000e-01  8.99978539e-01  4.20000000e-01 
 9.95950000e-01  8.99978539e-01  4.20000000e-01 
 9.96050000e-01  8.99978539e-01  4.20000000e-01 
 9.96150000e-01  8.99978539e-01  4.20000000e-01 
 9.96250000e-01  8.99978539e-01  4.20000000e-01 
 9.96350000e-01  8.99978539e-01  4.20000000e-01 
 9.96450000e-01  8.99978539e-01  4.20000000e-01 
 9.96550000e-01  8.99978539e-01  4.20000000e-01 
 9.96650000e-01  8.99978539e-01  4.20000000e-01 
 9.96750000e-01  8.99978539e-01  4.20000000e-01 
 9.96850000e-01  8.99978539e-01  4.20000000e-01 
 9.96950000e-01  8.99978539e-01  4.20000000e-01 
 9.97050000e-01  8.99978539e-01  4.20000000e-01 
 9.97150000e-01  8.99978539e-01  4.20000000e-01 
 9.97250000e-01  8.99978539e-01  4.20000000e-01 
 9.97350000e-01  8.99978539e-01  4.20000000e-01 
 9.97450000e-01  8.99978539e-01  4.20000000e-01 
 9.97550000e-01  8.99978539e-01  4.20000000e-01 
 9.97650000e-01  8.99978539e-01  4.20000000e-01 
 9.97750000e-01  8.99978539e-01  4.20000000e-01 
 9.97850000e-01  8.99978539e-01  4.20000000e-01 
 9.97950000e-01  8.99978539e-01  4.20000000e-01 
 9.98050000e-01  8.99978539e-01  4.20000000e-01 
 9.98150000e-01  8.99978539e-01  4.20000000e-01 
 9.98250000e-01  8.99978539e-01  4.20000000e-01 
 9.98350000e-01  8.99978539e-01  4.20000000e-01 
 9.98450000e-01  8.99978539e-01  4.20000000e-01 
 9.98550000e-01  8.99978539e-01  4.20000000e-01 
 9.98650000e-01  8.99978539e-01  4.20000000e-01 
 9.98750000e-01  8.99978539e-01  4.20000000e-01 
 9.98850000e-01  8.99978539e-01  4.20000000e-01 
 9.98950000e-01  8.99978539e-01  4.20000000e-01 
 9.99050000e-01  8.99978539e-01  4.20000000e-01 
 9.99150000e-01  8.99978539e-01  4.20000000e-01 
 9.99250000e-01  8.99978539e-01  4.20000000e-01 
 9.99350000e-01  8.99978539e-01  4.20000000e-01 
 9.99450000e-01  8.99978539e-01  4.20000000e-01 
 9.99550000e-01  8.99978539e-01  4.20000000e-01 
 9.99650000e-01  8.99978539e-01  4.20000000e-01 
 9.99750000e-01  8.99978539e-01  4.20000000e-01 
 9.99850000e-01  8.99978539e-01  4.20000000e-01 
 9.99950000e-01  8.99978539e-01  4.20000000e-01 
 1.00005000e+00  8.99978539e-01  4.20000000e-01 
 1.00015000e+00  8.99978539e-01  4.20000000e-01 
 1.00025000e+00  8.99978539e-01  4.20000000e-01 
 1.00035000e+00  8.99978539e-01  4.20000000e-01 
 1.00045000e+00  8.99978539e-01  4.20000000e-01 
 1.00055000e+00  8.99978539e-01  4.20000000e-01 
 1.00065000e+00  8.99978539e-01  4.20000000e-01 
 1.00075000e+00  8.99978539e-01  4.20000000e-01 
 1.00085000e+00  8.99978539e-01  4.20000000e-01 
 1.00095000e+00  8.99978539e-01  4.20000000e-01 
 1.00105000e+00  8.99978539e-01  4.20000000e-01 
 1.00115000e+00  8.99978539e-01  4.20000000e-01 
 1.00125000e+00  8.99978539e-01  4.20000000e-01 
 1.00135000e+00  8.99978539e-01  4.20000000e-01 
 1.00145000e+00  8.99978539e-01  4.20000000e-01 
 1.00155000e+00  8.99978539e-01  4.20000000e-01 
 1.00165000e+00  8.99978539e-01  4.20000000e-01 
 1.00175000e+00  8.99978539e-01  4.20000000e-01 
 1.00185000e+00  8.99978539e-01  4.20000000e-01 
 1.00195000e+00  8.99978539e-01  4.20000000e-01 
 1.00205000e+00  8.99978539e-01  4.20000000e-01 
 1.00215000e+00  8.99978539e-01  4.20000000e-01 
 1.00225000e+00  8.99978539e-01  4.20000000e-01 
 1.00235000e+00  8.99978539e-01  4.20000000e-01 
 1.00245000e+00  8.99978539e-01  4.20000000e-01 
 1.00255000e+00  8.99978539e-01  4.20000000e-01 
 1.00265000e+00  8.99978539e-01  4.20000000e-01 
 1.00275000e+00  8.99978539e-01  4.20000000e-01 
 1.00285000e+00  8.99978539e-01  4.20000000e-01 
 1.00295000e+00  8.99978539e-01  4.20000000e-01 
 1.00305000e+00  8.99978539e-01  4.20000000e-01 
 1.00315000e+00  8.99978539e-01  4.20000000e-01 
 1.00325000e+00  8.99978539e-01  4.20000000e-01 
 1.00335000e+00  8.99978539e-01  4.20000000e-01 
 1.00345000e+00  8.99978539e-01  4.20000000e-01 
 1.00355000e+00  8.99978539e-01  4.20000000e-01 
 1.00365000e+00  8.99978539e-01  4.20000000e-01 
 1.00375000e+00  8.99978539e-01  4.20000000e-01 
 1.00385000e+00  8.99978539e-01  4.20000000e-01 
 1.00395000e+00  8.99978539e-01  4.20000000e-01 
 1.00405000e+00  8.99978539e-01  4.20000000e-01 
 1.00415000e+00  8.99978539e-01  4.20000000e-01 
 1.00425000e+00  8.99978539e-01  4.20000000e-01 
 1.00435000e+00  8.99978539e-01  4.20000000e-01 
 1.00445000e+00  8.99978539e-01  4.20000000e-01 
 1.00455000e+00  8.99978539e-01  4.20000000e-01 
 1.00465000e+00  8.99978539e-01  4.20000000e-01 
 1.00475000e+00  8.99978539e-01  4.20000000e-01 
 1.00485000e+00  8.99978539e-01  4.20000000e-01 
 1.00495000e+00  8.99978539e-01  4.20000000e-01 
 1.00505000e+00  8.99978539e-01  4.20000000e-01 
 1.00515000e+00  8.99978539e-01  4.20000000e-01 
 1.00525000e+00  8.99978539e-01  4.20000000e-01 
 1.00535000e+00  8.99978539e-01  4.20000000e-01 
 1.00545000e+00  8.99978539e-01  4.20000000e-01 
 1.00555000e+00  8.99978539e-01  4.20000000e-01 
 1.00565000e+00  8.99978539e-01  4.20000000e-01 
 1.00575000e+00  8.99978539e-01  4.20000000e-01 
 1.00585000e+00  8.99978539e-01  4.20000000e-01 
 1.00595000e+00  8.99978539e-01  4.20000000e-01 
 1.00605000e+00  8.99978539e-01  4.20000000e-01 
 1.00615000e+00  8.99978539e-01  4.20000000e-01 
 1.00625000e+00  8.99978539e-01  4.20000000e-01 
 1.00635000e+00  8.99978539e-01  4.20000000e-01 
 1.00645000e+00  8.99978539e-01  4.20000000e-01 
 1.00655000e+00  8.99978539e-01  4.20000000e-01 
 1.00665000e+00  8.99978539e-01  4.20000000e-01 
 1.00675000e+00  8.99978539e-01  4.20000000e-01 
 1.00685000e+00  8.99978539e-01  4.20000000e-01 
 1.00695000e+00  8.99978539e-01  4.20000000e-01 
 1.00705000e+00  8.99978539e-01  4.20000000e-01 
 1.00715000e+00  8.99978539e-01  4.20000000e-01 
 1.00725000e+00  8.99978539e-01  4.20000000e-01 
 1.00735000e+00  8.99978539e-01  4.20000000e-01 
 1.00745000e+00  8.99978539e-01  4.20000000e-01 
 1.00755000e+00  8.99978539e-01  4.20000000e-01 
 1.00765000e+00  8.99978539e-01  4.20000000e-01 
 1.00775000e+00  8.99978539e-01  4.20000000e-01 
 1.00785000e+00  8.99978539e-01  4.20000000e-01 
 1.00795000e+00  8.99978539e-01  4.20000000e-01 
 1.00805000e+00  8.99978539e-01  4.20000000e-01 
 1.00815000e+00  8.99978539e-01  4.20000000e-01 
 1.00825000e+00  8.99978539e-01  4.20000000e-01 
 1.00835000e+00  8.99978539e-01  4.20000000e-01 
 1.00845000e+00  8.99978539e-01  4.20000000e-01 
 1.00855000e+00  8.99978539e-01  4.20000000e-01 
 1.00865000e+00  8.99978539e-01  4.20000000e-01 
 1.00875000e+00  8.99978539e-01  4.20000000e-01 
 1.00885000e+00  8.99978539e-01  4.20000000e-01 
 1.00895000e+00  8.99978539e-01  4.20000000e-01 
 1.00905000e+00  8.99978539e-01  4.20000000e-01 
 1.00915000e+00  8.99978539e-01  4.20000000e-01 
 1.00925000e+00  8.99978539e-01  4.20000000e-01 
 1.00935000e+00  8.99978539e-01  4.20000000e-01 
 1.00945000e+00  8.99978539e-01  4.20000000e-01 
 1.00955000e+00  8.99978539e-01  4.20000000e-01 
 1.00965000e+00  8.99978539e-01  4.20000000e-01 
 1.00975000e+00  8.99978539e-01  4.20000000e-01 
 1.00985000e+00  8.99978539e-01  4.20000000e-01 
 1.00995000e+00  8.99978539e-01  4.20000000e-01 
 1.01000000e+00  8.99978539e-01  4.20000000e-01 
 1.01001000e+00  8.99978518e-01  4.19880000e-01 
 1.01003000e+00  8.99978596e-01  4.19640000e-01 
 1.01007000e+00  8.99978645e-01  4.19160000e-01 
 1.01015000e+00  8.99978513e-01  4.18200000e-01 
 1.01025000e+00  8.99978237e-01  4.17000000e-01 
 1.01035000e+00  8.99977978e-01  4.15800000e-01 
 1.01045000e+00  8.99977739e-01  4.14600000e-01 
 1.01055000e+00  8.99977494e-01  4.13400000e-01 
 1.01065000e+00  8.99977230e-01  4.12200000e-01 
 1.01075000e+00  8.99976948e-01  4.11000000e-01 
 1.01085000e+00  8.99976649e-01  4.09800000e-01 
 1.01095000e+00  8.99976335e-01  4.08600000e-01 
 1.01105000e+00  8.99976003e-01  4.07400000e-01 
 1.01115000e+00  8.99975652e-01  4.06200000e-01 
 1.01125000e+00  8.99975279e-01  4.05000000e-01 
 1.01135000e+00  8.99974884e-01  4.03800000e-01 
 1.01145000e+00  8.99974464e-01  4.02600000e-01 
 1.01155000e+00  8.99974017e-01  4.01400000e-01 
 1.01165000e+00  8.99973541e-01  4.00200000e-01 
 1.01175000e+00  8.99973034e-01  3.99000000e-01 
 1.01185000e+00  8.99972491e-01  3.97800000e-01 
 1.01195000e+00  8.99971910e-01  3.96600000e-01 
 1.01205000e+00  8.99971287e-01  3.95400000e-01 
 1.01215000e+00  8.99970618e-01  3.94200000e-01 
 1.01225000e+00  8.99969897e-01  3.93000000e-01 
 1.01235000e+00  8.99969118e-01  3.91800000e-01 
 1.01245000e+00  8.99968276e-01  3.90600000e-01 
 1.01255000e+00  8.99967361e-01  3.89400000e-01 
 1.01265000e+00  8.99966366e-01  3.88200000e-01 
 1.01275000e+00  8.99965279e-01  3.87000000e-01 
 1.01285000e+00  8.99964088e-01  3.85800000e-01 
 1.01295000e+00  8.99962778e-01  3.84600000e-01 
 1.01305000e+00  8.99961331e-01  3.83400000e-01 
 1.01315000e+00  8.99959723e-01  3.82200000e-01 
 1.01325000e+00  8.99957929e-01  3.81000000e-01 
 1.01335000e+00  8.99955915e-01  3.79800000e-01 
 1.01345000e+00  8.99953637e-01  3.78600000e-01 
 1.01355000e+00  8.99951043e-01  3.77400000e-01 
 1.01365000e+00  8.99948061e-01  3.76200000e-01 
 1.01375000e+00  8.99944601e-01  3.75000000e-01 
 1.01385000e+00  8.99940537e-01  3.73800000e-01 
 1.01395000e+00  8.99935699e-01  3.72600000e-01 
 1.01405000e+00  8.99929847e-01  3.71400000e-01 
 1.01415000e+00  8.99922628e-01  3.70200000e-01 
 1.01425000e+00  8.99913517e-01  3.69000000e-01 
 1.01435000e+00  8.99901685e-01  3.67800000e-01 
 1.01445000e+00  8.99885775e-01  3.66600000e-01 
 1.01455000e+00  8.99863430e-01  3.65400000e-01 
 1.01465000e+00  8.99830300e-01  3.64200000e-01 
 1.01475000e+00  8.99777733e-01  3.63000000e-01 
 1.01485000e+00  8.99686994e-01  3.61800000e-01 
 1.01495000e+00  8.99513260e-01  3.60600000e-01 
 1.01505000e+00  8.99135838e-01  3.59400000e-01 
 1.01515000e+00  8.98180143e-01  3.58200000e-01 
 1.01525000e+00  8.95262680e-01  3.57000000e-01 
 1.01535000e+00  8.81358830e-01  3.55800000e-01 
 1.01545000e+00  5.47948710e-01  3.54600000e-01 
 1.01555000e+00  2.55378114e-02  3.53400000e-01 
 1.01565000e+00  2.37794005e-03  3.52200000e-01 
 1.01575000e+00  2.48880835e-04  3.51000000e-01 
 1.01585000e+00  2.52506088e-05  3.49800000e-01 
 1.01595000e+00  3.66881661e-06  3.48600000e-01 
 1.01605000e+00  1.42374383e-06  3.47400000e-01 
 1.01615000e+00  4.22445243e-07  3.46200000e-01 
 1.01625000e+00  2.12711745e-07  3.45000000e-01 
 1.01635000e+00  1.19913557e-07  3.43800000e-01 
 1.01645000e+00  7.81682249e-08  3.42600000e-01 
 1.01655000e+00  5.57746442e-08  3.41400000e-01 
 1.01665000e+00  4.18611016e-08  3.40200000e-01 
 1.01675000e+00  2.93194418e-08  3.39000000e-01 
 1.01685000e+00  1.14935557e-08  3.37800000e-01 
 1.01695000e+00  7.11555385e-10  3.36600000e-01 
 1.01705000e+00 -4.59685569e-10  3.35400000e-01 
 1.01715000e+00 -4.16857128e-10  3.34200000e-01 
 1.01725000e+00  3.92623647e-10  3.33000000e-01 
 1.01735000e+00  6.96668692e-10  3.31800000e-01 
 1.01745000e+00  6.93698384e-10  3.30600000e-01 
 1.01755000e+00  6.40699035e-10  3.29400000e-01 
 1.01765000e+00  5.99048071e-10  3.28200000e-01 
 1.01775000e+00  5.69512886e-10  3.27000000e-01 
 1.01785000e+00  5.45631847e-10  3.25800000e-01 
 1.01795000e+00  5.24261460e-10  3.24600000e-01 
 1.01805000e+00  5.04545269e-10  3.23400000e-01 
 1.01815000e+00  4.86294381e-10  3.22200000e-01 
 1.01825000e+00  4.69397464e-10  3.21000000e-01 
 1.01835000e+00  4.53730074e-10  3.19800000e-01 
 1.01845000e+00  4.39168476e-10  3.18600000e-01 
 1.01855000e+00  4.25601879e-10  3.17400000e-01 
 1.01865000e+00  4.12933894e-10  3.16200000e-01 
 1.01875000e+00  4.01080509e-10  3.15000000e-01 
 1.01885000e+00  3.89968375e-10  3.13800000e-01 
 1.01895000e+00  3.79532883e-10  3.12600000e-01 
 1.01905000e+00  3.69716989e-10  3.11400000e-01 
 1.01915000e+00  3.60470044e-10  3.10200000e-01 
 1.01925000e+00  3.51746847e-10  3.09000000e-01 
 1.01935000e+00  3.43507086e-10  3.07800000e-01 
 1.01945000e+00  3.35714348e-10  3.06600000e-01 
 1.01955000e+00  3.28336189e-10  3.05400000e-01 
 1.01965000e+00  3.21342967e-10  3.04200000e-01 
 1.01975000e+00  3.14708090e-10  3.03000000e-01 
 1.01985000e+00  3.08407189e-10  3.01800000e-01 
 1.01995000e+00  3.02418255e-10  3.00600000e-01 
 1.02000000e+00  2.99573268e-10  3.00000000e-01 
 1.02001000e+00  3.08815770e-10  3.00000000e-01 
 1.02003000e+00  2.30444323e-10  3.00000000e-01 
 1.02007000e+00  1.64704370e-10  3.00000000e-01 
 1.02015000e+00  1.47140191e-10  3.00000000e-01 
 1.02025000e+00  1.56784424e-10  3.00000000e-01 
 1.02035000e+00  1.62256585e-10  3.00000000e-01 
 1.02045000e+00  1.63482512e-10  3.00000000e-01 
 1.02055000e+00  1.63515878e-10  3.00000000e-01 
 1.02065000e+00  1.63429602e-10  3.00000000e-01 
 1.02075000e+00  1.63389236e-10  3.00000000e-01 
 1.02085000e+00  1.63378522e-10  3.00000000e-01 
 1.02095000e+00  1.63377487e-10  3.00000000e-01 
 1.02105000e+00  1.63378113e-10  3.00000000e-01 
 1.02115000e+00  1.63378558e-10  3.00000000e-01 
 1.02125000e+00  1.63378758e-10  3.00000000e-01 
 1.02135000e+00  1.63378778e-10  3.00000000e-01 
 1.02145000e+00  1.63378720e-10  3.00000000e-01 
 1.02155000e+00  1.63378771e-10  3.00000000e-01 
 1.02165000e+00  1.63378768e-10  3.00000000e-01 
 1.02175000e+00  1.63378768e-10  3.00000000e-01 
 1.02185000e+00  1.63378768e-10  3.00000000e-01 
 1.02195000e+00  1.63378768e-10  3.00000000e-01 
 1.02205000e+00  1.63378711e-10  3.00000000e-01 
 1.02215000e+00  1.63378769e-10  3.00000000e-01 
 1.02225000e+00  1.63378769e-10  3.00000000e-01 
 1.02235000e+00  1.63378769e-10  3.00000000e-01 
 1.02245000e+00  1.63378769e-10  3.00000000e-01 
 1.02255000e+00  1.63378769e-10  3.00000000e-01 
 1.02265000e+00  1.63378769e-10  3.00000000e-01 
 1.02275000e+00  1.63378769e-10  3.00000000e-01 
 1.02285000e+00  1.63378769e-10  3.00000000e-01 
 1.02295000e+00  1.63378769e-10  3.00000000e-01 
 1.02305000e+00  1.63378769e-10  3.00000000e-01 
 1.02315000e+00  1.63378769e-10  3.00000000e-01 
 1.02325000e+00  1.63378769e-10  3.00000000e-01 
 1.02335000e+00  1.63378769e-10  3.00000000e-01 
 1.02345000e+00  1.63378769e-10  3.00000000e-01 
 1.02355000e+00  1.63378769e-10  3.00000000e-01 
 1.02365000e+00  1.63378769e-10  3.00000000e-01 
 1.02375000e+00  1.63378769e-10  3.00000000e-01 
 1.02385000e+00  1.63378769e-10  3.00000000e-01 
 1.02395000e+00  1.63378769e-10  3.00000000e-01 
 1.02405000e+00  1.63378769e-10  3.00000000e-01 
 1.02415000e+00  1.63378769e-10  3.00000000e-01 
 1.02425000e+00  1.63378769e-10  3.00000000e-01 
 1.02435000e+00  1.63378769e-10  3.00000000e-01 
 1.02445000e+00  1.63378769e-10  3.00000000e-01 
 1.02455000e+00  1.63378769e-10  3.00000000e-01 
 1.02465000e+00  1.63378769e-10  3.00000000e-01 
 1.02475000e+00  1.63378769e-10  3.00000000e-01 
 1.02485000e+00  1.63378769e-10  3.00000000e-01 
 1.02495000e+00  1.63378769e-10  3.00000000e-01 
 1.02505000e+00  1.63378769e-10  3.00000000e-01 
 1.02515000e+00  1.63378769e-10  3.00000000e-01 
 1.02525000e+00  1.63378769e-10  3.00000000e-01 
 1.02535000e+00  1.63378769e-10  3.00000000e-01 
 1.02545000e+00  1.63378769e-10  3.00000000e-01 
 1.02555000e+00  1.63378769e-10  3.00000000e-01 
 1.02565000e+00  1.63378769e-10  3.00000000e-01 
 1.02575000e+00  1.63378769e-10  3.00000000e-01 
 1.02585000e+00  1.63378769e-10  3.00000000e-01 
 1.02595000e+00  1.63378769e-10  3.00000000e-01 
 1.02605000e+00  1.63378769e-10  3.00000000e-01 
 1.02615000e+00  1.63378769e-10  3.00000000e-01 
 1.02625000e+00  1.63378769e-10  3.00000000e-01 
 1.02635000e+00  1.63378769e-10  3.00000000e-01 
 1.02645000e+00  1.63378769e-10  3.00000000e-01 
 1.02655000e+00  1.63378769e-10  3.00000000e-01 
 1.02665000e+00  1.63378769e-10  3.00000000e-01 
 1.02675000e+00  1.63378769e-10  3.00000000e-01 
 1.02685000e+00  1.63378769e-10  3.00000000e-01 
 1.02695000e+00  1.63378769e-10  3.00000000e-01 
 1.02705000e+00  1.63378769e-10  3.00000000e-01 
 1.02715000e+00  1.63378769e-10  3.00000000e-01 
 1.02725000e+00  1.63378769e-10  3.00000000e-01 
 1.02735000e+00  1.63378769e-10  3.00000000e-01 
 1.02745000e+00  1.63378769e-10  3.00000000e-01 
 1.02755000e+00  1.63378769e-10  3.00000000e-01 
 1.02765000e+00  1.63378769e-10  3.00000000e-01 
 1.02775000e+00  1.63378769e-10  3.00000000e-01 
 1.02785000e+00  1.63378769e-10  3.00000000e-01 
 1.02795000e+00  1.63378769e-10  3.00000000e-01 
 1.02805000e+00  1.63378769e-10  3.00000000e-01 
 1.02815000e+00  1.63378769e-10  3.00000000e-01 
 1.02825000e+00  1.63378769e-10  3.00000000e-01 
 1.02835000e+00  1.63378769e-10  3.00000000e-01 
 1.02845000e+00  1.63378769e-10  3.00000000e-01 
 1.02855000e+00  1.63378769e-10  3.00000000e-01 
 1.02865000e+00  1.63378769e-10  3.00000000e-01 
 1.02875000e+00  1.63378769e-10  3.00000000e-01 
 1.02885000e+00  1.63378769e-10  3.00000000e-01 
 1.02895000e+00  1.63378769e-10  3.00000000e-01 
 1.02905000e+00  1.63378769e-10  3.00000000e-01 
 1.02915000e+00  1.63378769e-10  3.00000000e-01 
 1.02925000e+00  1.63378769e-10  3.00000000e-01 
 1.02935000e+00  1.63378769e-10  3.00000000e-01 
 1.02945000e+00  1.63378769e-10  3.00000000e-01 
 1.02955000e+00  1.63378769e-10  3.00000000e-01 
 1.02965000e+00  1.63378769e-10  3.00000000e-01 
 1.02975000e+00  1.63378769e-10  3.00000000e-01 
 1.02985000e+00  1.63378769e-10  3.00000000e-01 
 1.02995000e+00  1.63378769e-10  3.00000000e-01 
 1.03005000e+00  1.63378769e-10  3.00000000e-01 
 1.03015000e+00  1.63378769e-10  3.00000000e-01 
 1.03025000e+00  1.63378769e-10  3.00000000e-01 
 1.03035000e+00  1.63378769e-10  3.00000000e-01 
 1.03045000e+00  1.63378769e-10  3.00000000e-01 
 1.03055000e+00  1.63378769e-10  3.00000000e-01 
 1.03065000e+00  1.63378769e-10  3.00000000e-01 
 1.03075000e+00  1.63378769e-10  3.00000000e-01 
 1.03085000e+00  1.63378769e-10  3.00000000e-01 
 1.03095000e+00  1.63378769e-10  3.00000000e-01 
 1.03105000e+00  1.63378769e-10  3.00000000e-01 
 1.03115000e+00  1.63378769e-10  3.00000000e-01 
 1.03125000e+00  1.63378769e-10  3.00000000e-01 
 1.03135000e+00  1.63378769e-10  3.00000000e-01 
 1.03145000e+00  1.63378769e-10  3.00000000e-01 
 1.03155000e+00  1.63378769e-10  3.00000000e-01 
 1.03165000e+00  1.63378769e-10  3.00000000e-01 
 1.03175000e+00  1.63378769e-10  3.00000000e-01 
 1.03185000e+00  1.63378769e-10  3.00000000e-01 
 1.03195000e+00  1.63378769e-10  3.00000000e-01 
 1.03205000e+00  1.63378769e-10  3.00000000e-01 
 1.03215000e+00  1.63378769e-10  3.00000000e-01 
 1.03225000e+00  1.63378769e-10  3.00000000e-01 
 1.03235000e+00  1.63378769e-10  3.00000000e-01 
 1.03245000e+00  1.63378769e-10  3.00000000e-01 
 1.03255000e+00  1.63378769e-10  3.00000000e-01 
 1.03265000e+00  1.63378769e-10  3.00000000e-01 
 1.03275000e+00  1.63378769e-10  3.00000000e-01 
 1.03285000e+00  1.63378769e-10  3.00000000e-01 
 1.03295000e+00  1.63378769e-10  3.00000000e-01 
 1.03305000e+00  1.63378769e-10  3.00000000e-01 
 1.03315000e+00  1.63378769e-10  3.00000000e-01 
 1.03325000e+00  1.63378769e-10  3.00000000e-01 
 1.03335000e+00  1.63378769e-10  3.00000000e-01 
 1.03345000e+00  1.63378769e-10  3.00000000e-01 
 1.03355000e+00  1.63378769e-10  3.00000000e-01 
 1.03365000e+00  1.63378769e-10  3.00000000e-01 
 1.03375000e+00  1.63378769e-10  3.00000000e-01 
 1.03385000e+00  1.63378769e-10  3.00000000e-01 
 1.03395000e+00  1.63378769e-10  3.00000000e-01 
 1.03405000e+00  1.63378769e-10  3.00000000e-01 
 1.03415000e+00  1.63378769e-10  3.00000000e-01 
 1.03425000e+00  1.63378769e-10  3.00000000e-01 
 1.03435000e+00  1.63378769e-10  3.00000000e-01 
 1.03445000e+00  1.63378769e-10  3.00000000e-01 
 1.03455000e+00  1.63378769e-10  3.00000000e-01 
 1.03465000e+00  1.63378769e-10  3.00000000e-01 
 1.03475000e+00  1.63378769e-10  3.00000000e-01 
 1.03485000e+00  1.63378769e-10  3.00000000e-01 
 1.03495000e+00  1.63378769e-10  3.00000000e-01 
 1.03505000e+00  1.63378769e-10  3.00000000e-01 
 1.03515000e+00  1.63378769e-10  3.00000000e-01 
 1.03525000e+00  1.63378769e-10  3.00000000e-01 
 1.03535000e+00  1.63378769e-10  3.00000000e-01 
 1.03545000e+00  1.63378769e-10  3.00000000e-01 
 1.03555000e+00  1.63378769e-10  3.00000000e-01 
 1.03565000e+00  1.63378769e-10  3.00000000e-01 
 1.03575000e+00  1.63378769e-10  3.00000000e-01 
 1.03585000e+00  1.63378769e-10  3.00000000e-01 
 1.03595000e+00  1.63378769e-10  3.00000000e-01 
 1.03605000e+00  1.63378769e-10  3.00000000e-01 
 1.03615000e+00  1.63378769e-10  3.00000000e-01 
 1.03625000e+00  1.63378769e-10  3.00000000e-01 
 1.03635000e+00  1.63378769e-10  3.00000000e-01 
 1.03645000e+00  1.63378769e-10  3.00000000e-01 
 1.03655000e+00  1.63378769e-10  3.00000000e-01 
 1.03665000e+00  1.63378769e-10  3.00000000e-01 
 1.03675000e+00  1.63378769e-10  3.00000000e-01 
 1.03685000e+00  1.63378769e-10  3.00000000e-01 
 1.03695000e+00  1.63378769e-10  3.00000000e-01 
 1.03705000e+00  1.63378769e-10  3.00000000e-01 
 1.03715000e+00  1.63378769e-10  3.00000000e-01 
 1.03725000e+00  1.63378769e-10  3.00000000e-01 
 1.03735000e+00  1.63378769e-10  3.00000000e-01 
 1.03745000e+00  1.63378769e-10  3.00000000e-01 
 1.03755000e+00  1.63378769e-10  3.00000000e-01 
 1.03765000e+00  1.63378769e-10  3.00000000e-01 
 1.03775000e+00  1.63378769e-10  3.00000000e-01 
 1.03785000e+00  1.63378769e-10  3.00000000e-01 
 1.03795000e+00  1.63378769e-10  3.00000000e-01 
 1.03805000e+00  1.63378769e-10  3.00000000e-01 
 1.03815000e+00  1.63378769e-10  3.00000000e-01 
 1.03825000e+00  1.63378769e-10  3.00000000e-01 
 1.03835000e+00  1.63378769e-10  3.00000000e-01 
 1.03845000e+00  1.63378769e-10  3.00000000e-01 
 1.03855000e+00  1.63378769e-10  3.00000000e-01 
 1.03865000e+00  1.63378769e-10  3.00000000e-01 
 1.03875000e+00  1.63378769e-10  3.00000000e-01 
 1.03885000e+00  1.63378769e-10  3.00000000e-01 
 1.03895000e+00  1.63378769e-10  3.00000000e-01 
 1.03905000e+00  1.63378769e-10  3.00000000e-01 
 1.03915000e+00  1.63378769e-10  3.00000000e-01 
 1.03925000e+00  1.63378769e-10  3.00000000e-01 
 1.03935000e+00  1.63378769e-10  3.00000000e-01 
 1.03945000e+00  1.63378769e-10  3.00000000e-01 
 1.03955000e+00  1.63378769e-10  3.00000000e-01 
 1.03965000e+00  1.63378769e-10  3.00000000e-01 
 1.03975000e+00  1.63378769e-10  3.00000000e-01 
 1.03985000e+00  1.63378769e-10  3.00000000e-01 
 1.03995000e+00  1.63378769e-10  3.00000000e-01 
 1.04005000e+00  1.63378769e-10  3.00000000e-01 
 1.04015000e+00  1.63378769e-10  3.00000000e-01 
 1.04025000e+00  1.63378769e-10  3.00000000e-01 
 1.04035000e+00  1.63378769e-10  3.00000000e-01 
 1.04045000e+00  1.63378769e-10  3.00000000e-01 
 1.04055000e+00  1.63378769e-10  3.00000000e-01 
 1.04065000e+00  1.63378769e-10  3.00000000e-01 
 1.04075000e+00  1.63378769e-10  3.00000000e-01 
 1.04085000e+00  1.63378769e-10  3.00000000e-01 
 1.04095000e+00  1.63378769e-10  3.00000000e-01 
 1.04105000e+00  1.63378769e-10  3.00000000e-01 
 1.04115000e+00  1.63378769e-10  3.00000000e-01 
 1.04125000e+00  1.63378769e-10  3.00000000e-01 
 1.04135000e+00  1.63378769e-10  3.00000000e-01 
 1.04145000e+00  1.63378769e-10  3.00000000e-01 
 1.04155000e+00  1.63378769e-10  3.00000000e-01 
 1.04165000e+00  1.63378769e-10  3.00000000e-01 
 1.04175000e+00  1.63378769e-10  3.00000000e-01 
 1.04185000e+00  1.63378769e-10  3.00000000e-01 
 1.04195000e+00  1.63378769e-10  3.00000000e-01 
 1.04205000e+00  1.63378769e-10  3.00000000e-01 
 1.04215000e+00  1.63378769e-10  3.00000000e-01 
 1.04225000e+00  1.63378769e-10  3.00000000e-01 
 1.04235000e+00  1.63378769e-10  3.00000000e-01 
 1.04245000e+00  1.63378769e-10  3.00000000e-01 
 1.04255000e+00  1.63378769e-10  3.00000000e-01 
 1.04265000e+00  1.63378769e-10  3.00000000e-01 
 1.04275000e+00  1.63378769e-10  3.00000000e-01 
 1.04285000e+00  1.63378769e-10  3.00000000e-01 
 1.04295000e+00  1.63378769e-10  3.00000000e-01 
 1.04305000e+00  1.63378769e-10  3.00000000e-01 
 1.04315000e+00  1.63378769e-10  3.00000000e-01 
 1.04325000e+00  1.63378769e-10  3.00000000e-01 
 1.04335000e+00  1.63378769e-10  3.00000000e-01 
 1.04345000e+00  1.63378769e-10  3.00000000e-01 
 1.04355000e+00  1.63378769e-10  3.00000000e-01 
 1.04365000e+00  1.63378769e-10  3.00000000e-01 
 1.04375000e+00  1.63378769e-10  3.00000000e-01 
 1.04385000e+00  1.63378769e-10  3.00000000e-01 
 1.04395000e+00  1.63378769e-10  3.00000000e-01 
 1.04405000e+00  1.63378769e-10  3.00000000e-01 
 1.04415000e+00  1.63378769e-10  3.00000000e-01 
 1.04425000e+00  1.63378769e-10  3.00000000e-01 
 1.04435000e+00  1.63378769e-10  3.00000000e-01 
 1.04445000e+00  1.63378769e-10  3.00000000e-01 
 1.04455000e+00  1.63378769e-10  3.00000000e-01 
 1.04465000e+00  1.63378769e-10  3.00000000e-01 
 1.04475000e+00  1.63378769e-10  3.00000000e-01 
 1.04485000e+00  1.63378769e-10  3.00000000e-01 
 1.04495000e+00  1.63378769e-10  3.00000000e-01 
 1.04505000e+00  1.63378769e-10  3.00000000e-01 
 1.04515000e+00  1.63378769e-10  3.00000000e-01 
 1.04525000e+00  1.63378769e-10  3.00000000e-01 
 1.04535000e+00  1.63378769e-10  3.00000000e-01 
 1.04545000e+00  1.63378769e-10  3.00000000e-01 
 1.04555000e+00  1.63378769e-10  3.00000000e-01 
 1.04565000e+00  1.63378769e-10  3.00000000e-01 
 1.04575000e+00  1.63378769e-10  3.00000000e-01 
 1.04585000e+00  1.63378769e-10  3.00000000e-01 
 1.04595000e+00  1.63378769e-10  3.00000000e-01 
 1.04605000e+00  1.63378769e-10  3.00000000e-01 
 1.04615000e+00  1.63378769e-10  3.00000000e-01 
 1.04625000e+00  1.63378769e-10  3.00000000e-01 
 1.04635000e+00  1.63378769e-10  3.00000000e-01 
 1.04645000e+00  1.63378769e-10  3.00000000e-01 
 1.04655000e+00  1.63378769e-10  3.00000000e-01 
 1.04665000e+00  1.63378769e-10  3.00000000e-01 
 1.04675000e+00  1.63378769e-10  3.00000000e-01 
 1.04685000e+00  1.63378769e-10  3.00000000e-01 
 1.04695000e+00  1.63378769e-10  3.00000000e-01 
 1.04705000e+00  1.63378769e-10  3.00000000e-01 
 1.04715000e+00  1.63378769e-10  3.00000000e-01 
 1.04725000e+00  1.63378769e-10  3.00000000e-01 
 1.04735000e+00  1.63378769e-10  3.00000000e-01 
 1.04745000e+00  1.63378769e-10  3.00000000e-01 
 1.04755000e+00  1.63378769e-10  3.00000000e-01 
 1.04765000e+00  1.63378769e-10  3.00000000e-01 
 1.04775000e+00  1.63378769e-10  3.00000000e-01 
 1.04785000e+00  1.63378769e-10  3.00000000e-01 
 1.04795000e+00  1.63378769e-10  3.00000000e-01 
 1.04805000e+00  1.63378769e-10  3.00000000e-01 
 1.04815000e+00  1.63378769e-10  3.00000000e-01 
 1.04825000e+00  1.63378769e-10  3.00000000e-01 
 1.04835000e+00  1.63378769e-10  3.00000000e-01 
 1.04845000e+00  1.63378769e-10  3.00000000e-01 
 1.04855000e+00  1.63378769e-10  3.00000000e-01 
 1.04865000e+00  1.63378769e-10  3.00000000e-01 
 1.04875000e+00  1.63378769e-10  3.00000000e-01 
 1.04885000e+00  1.63378769e-10  3.00000000e-01 
 1.04895000e+00  1.63378769e-10  3.00000000e-01 
 1.04905000e+00  1.63378769e-10  3.00000000e-01 
 1.04915000e+00  1.63378769e-10  3.00000000e-01 
 1.04925000e+00  1.63378769e-10  3.00000000e-01 
 1.04935000e+00  1.63378769e-10  3.00000000e-01 
 1.04945000e+00  1.63378769e-10  3.00000000e-01 
 1.04955000e+00  1.63378769e-10  3.00000000e-01 
 1.04965000e+00  1.63378769e-10  3.00000000e-01 
 1.04975000e+00  1.63378769e-10  3.00000000e-01 
 1.04985000e+00  1.63378769e-10  3.00000000e-01 
 1.04995000e+00  1.63378769e-10  3.00000000e-01 
 1.05005000e+00  1.63378769e-10  3.00000000e-01 
 1.05015000e+00  1.63378769e-10  3.00000000e-01 
 1.05025000e+00  1.63378769e-10  3.00000000e-01 
 1.05035000e+00  1.63378769e-10  3.00000000e-01 
 1.05045000e+00  1.63378769e-10  3.00000000e-01 
 1.05055000e+00  1.63378769e-10  3.00000000e-01 
 1.05065000e+00  1.63378769e-10  3.00000000e-01 
 1.05075000e+00  1.63378769e-10  3.00000000e-01 
 1.05085000e+00  1.63378769e-10  3.00000000e-01 
 1.05095000e+00  1.63378769e-10  3.00000000e-01 
 1.05105000e+00  1.63378769e-10  3.00000000e-01 
 1.05115000e+00  1.63378769e-10  3.00000000e-01 
 1.05125000e+00  1.63378769e-10  3.00000000e-01 
 1.05135000e+00  1.63378769e-10  3.00000000e-01 
 1.05145000e+00  1.63378769e-10  3.00000000e-01 
 1.05155000e+00  1.63378769e-10  3.00000000e-01 
 1.05165000e+00  1.63378769e-10  3.00000000e-01 
 1.05175000e+00  1.63378769e-10  3.00000000e-01 
 1.05185000e+00  1.63378769e-10  3.00000000e-01 
 1.05195000e+00  1.63378769e-10  3.00000000e-01 
 1.05205000e+00  1.63378769e-10  3.00000000e-01 
 1.05215000e+00  1.63378769e-10  3.00000000e-01 
 1.05225000e+00  1.63378769e-10  3.00000000e-01 
 1.05235000e+00  1.63378769e-10  3.00000000e-01 
 1.05245000e+00  1.63378769e-10  3.00000000e-01 
 1.05255000e+00  1.63378769e-10  3.00000000e-01 
 1.05265000e+00  1.63378769e-10  3.00000000e-01 
 1.05275000e+00  1.63378769e-10  3.00000000e-01 
 1.05285000e+00  1.63378769e-10  3.00000000e-01 
 1.05295000e+00  1.63378769e-10  3.00000000e-01 
 1.05305000e+00  1.63378769e-10  3.00000000e-01 
 1.05315000e+00  1.63378769e-10  3.00000000e-01 
 1.05325000e+00  1.63378769e-10  3.00000000e-01 
 1.05335000e+00  1.63378769e-10  3.00000000e-01 
 1.05345000e+00  1.63378769e-10  3.00000000e-01 
 1.05355000e+00  1.63378769e-10  3.00000000e-01 
 1.05365000e+00  1.63378769e-10  3.00000000e-01 
 1.05375000e+00  1.63378769e-10  3.00000000e-01 
 1.05385000e+00  1.63378769e-10  3.00000000e-01 
 1.05395000e+00  1.63378769e-10  3.00000000e-01 
 1.05405000e+00  1.63378769e-10  3.00000000e-01 
 1.05415000e+00  1.63378769e-10  3.00000000e-01 
 1.05425000e+00  1.63378769e-10  3.00000000e-01 
 1.05435000e+00  1.63378769e-10  3.00000000e-01 
 1.05445000e+00  1.63378769e-10  3.00000000e-01 
 1.05455000e+00  1.63378769e-10  3.00000000e-01 
 1.05465000e+00  1.63378769e-10  3.00000000e-01 
 1.05475000e+00  1.63378769e-10  3.00000000e-01 
 1.05485000e+00  1.63378769e-10  3.00000000e-01 
 1.05495000e+00  1.63378769e-10  3.00000000e-01 
 1.05505000e+00  1.63378769e-10  3.00000000e-01 
 1.05515000e+00  1.63378769e-10  3.00000000e-01 
 1.05525000e+00  1.63378769e-10  3.00000000e-01 
 1.05535000e+00  1.63378769e-10  3.00000000e-01 
 1.05545000e+00  1.63378769e-10  3.00000000e-01 
 1.05555000e+00  1.63378769e-10  3.00000000e-01 
 1.05565000e+00  1.63378769e-10  3.00000000e-01 
 1.05575000e+00  1.63378769e-10  3.00000000e-01 
 1.05585000e+00  1.63378769e-10  3.00000000e-01 
 1.05595000e+00  1.63378769e-10  3.00000000e-01 
 1.05605000e+00  1.63378769e-10  3.00000000e-01 
 1.05615000e+00  1.63378769e-10  3.00000000e-01 
 1.05625000e+00  1.63378769e-10  3.00000000e-01 
 1.05635000e+00  1.63378769e-10  3.00000000e-01 
 1.05645000e+00  1.63378769e-10  3.00000000e-01 
 1.05655000e+00  1.63378769e-10  3.00000000e-01 
 1.05665000e+00  1.63378769e-10  3.00000000e-01 
 1.05675000e+00  1.63378769e-10  3.00000000e-01 
 1.05685000e+00  1.63378769e-10  3.00000000e-01 
 1.05695000e+00  1.63378769e-10  3.00000000e-01 
 1.05705000e+00  1.63378769e-10  3.00000000e-01 
 1.05715000e+00  1.63378769e-10  3.00000000e-01 
 1.05725000e+00  1.63378769e-10  3.00000000e-01 
 1.05735000e+00  1.63378769e-10  3.00000000e-01 
 1.05745000e+00  1.63378769e-10  3.00000000e-01 
 1.05755000e+00  1.63378769e-10  3.00000000e-01 
 1.05765000e+00  1.63378769e-10  3.00000000e-01 
 1.05775000e+00  1.63378769e-10  3.00000000e-01 
 1.05785000e+00  1.63378769e-10  3.00000000e-01 
 1.05795000e+00  1.63378769e-10  3.00000000e-01 
 1.05805000e+00  1.63378769e-10  3.00000000e-01 
 1.05815000e+00  1.63378769e-10  3.00000000e-01 
 1.05825000e+00  1.63378769e-10  3.00000000e-01 
 1.05835000e+00  1.63378769e-10  3.00000000e-01 
 1.05845000e+00  1.63378769e-10  3.00000000e-01 
 1.05855000e+00  1.63378769e-10  3.00000000e-01 
 1.05865000e+00  1.63378769e-10  3.00000000e-01 
 1.05875000e+00  1.63378769e-10  3.00000000e-01 
 1.05885000e+00  1.63378769e-10  3.00000000e-01 
 1.05895000e+00  1.63378769e-10  3.00000000e-01 
 1.05905000e+00  1.63378769e-10  3.00000000e-01 
 1.05915000e+00  1.63378769e-10  3.00000000e-01 
 1.05925000e+00  1.63378769e-10  3.00000000e-01 
 1.05935000e+00  1.63378769e-10  3.00000000e-01 
 1.05945000e+00  1.63378769e-10  3.00000000e-01 
 1.05955000e+00  1.63378769e-10  3.00000000e-01 
 1.05965000e+00  1.63378769e-10  3.00000000e-01 
 1.05975000e+00  1.63378769e-10  3.00000000e-01 
 1.05985000e+00  1.63378769e-10  3.00000000e-01 
 1.05995000e+00  1.63378769e-10  3.00000000e-01 
 1.06005000e+00  1.63378769e-10  3.00000000e-01 
 1.06015000e+00  1.63378769e-10  3.00000000e-01 
 1.06025000e+00  1.63378769e-10  3.00000000e-01 
 1.06035000e+00  1.63378769e-10  3.00000000e-01 
 1.06045000e+00  1.63378769e-10  3.00000000e-01 
 1.06055000e+00  1.63378769e-10  3.00000000e-01 
 1.06065000e+00  1.63378769e-10  3.00000000e-01 
 1.06075000e+00  1.63378769e-10  3.00000000e-01 
 1.06085000e+00  1.63378769e-10  3.00000000e-01 
 1.06095000e+00  1.63378769e-10  3.00000000e-01 
 1.06105000e+00  1.63378769e-10  3.00000000e-01 
 1.06115000e+00  1.63378769e-10  3.00000000e-01 
 1.06125000e+00  1.63378769e-10  3.00000000e-01 
 1.06135000e+00  1.63378769e-10  3.00000000e-01 
 1.06145000e+00  1.63378769e-10  3.00000000e-01 
 1.06155000e+00  1.63378769e-10  3.00000000e-01 
 1.06165000e+00  1.63378769e-10  3.00000000e-01 
 1.06175000e+00  1.63378769e-10  3.00000000e-01 
 1.06185000e+00  1.63378769e-10  3.00000000e-01 
 1.06195000e+00  1.63378769e-10  3.00000000e-01 
 1.06205000e+00  1.63378769e-10  3.00000000e-01 
 1.06215000e+00  1.63378769e-10  3.00000000e-01 
 1.06225000e+00  1.63378769e-10  3.00000000e-01 
 1.06235000e+00  1.63378769e-10  3.00000000e-01 
 1.06245000e+00  1.63378769e-10  3.00000000e-01 
 1.06255000e+00  1.63378769e-10  3.00000000e-01 
 1.06265000e+00  1.63378769e-10  3.00000000e-01 
 1.06275000e+00  1.63378769e-10  3.00000000e-01 
 1.06285000e+00  1.63378769e-10  3.00000000e-01 
 1.06295000e+00  1.63378769e-10  3.00000000e-01 
 1.06305000e+00  1.63378769e-10  3.00000000e-01 
 1.06315000e+00  1.63378769e-10  3.00000000e-01 
 1.06325000e+00  1.63378769e-10  3.00000000e-01 
 1.06335000e+00  1.63378769e-10  3.00000000e-01 
 1.06345000e+00  1.63378769e-10  3.00000000e-01 
 1.06355000e+00  1.63378769e-10  3.00000000e-01 
 1.06365000e+00  1.63378769e-10  3.00000000e-01 
 1.06375000e+00  1.63378769e-10  3.00000000e-01 
 1.06385000e+00  1.63378769e-10  3.00000000e-01 
 1.06395000e+00  1.63378769e-10  3.00000000e-01 
 1.06405000e+00  1.63378769e-10  3.00000000e-01 
 1.06415000e+00  1.63378769e-10  3.00000000e-01 
 1.06425000e+00  1.63378769e-10  3.00000000e-01 
 1.06435000e+00  1.63378769e-10  3.00000000e-01 
 1.06445000e+00  1.63378769e-10  3.00000000e-01 
 1.06455000e+00  1.63378769e-10  3.00000000e-01 
 1.06465000e+00  1.63378769e-10  3.00000000e-01 
 1.06475000e+00  1.63378769e-10  3.00000000e-01 
 1.06485000e+00  1.63378769e-10  3.00000000e-01 
 1.06495000e+00  1.63378769e-10  3.00000000e-01 
 1.06505000e+00  1.63378769e-10  3.00000000e-01 
 1.06515000e+00  1.63378769e-10  3.00000000e-01 
 1.06525000e+00  1.63378769e-10  3.00000000e-01 
 1.06535000e+00  1.63378769e-10  3.00000000e-01 
 1.06545000e+00  1.63378769e-10  3.00000000e-01 
 1.06555000e+00  1.63378769e-10  3.00000000e-01 
 1.06565000e+00  1.63378769e-10  3.00000000e-01 
 1.06575000e+00  1.63378769e-10  3.00000000e-01 
 1.06585000e+00  1.63378769e-10  3.00000000e-01 
 1.06595000e+00  1.63378769e-10  3.00000000e-01 
 1.06605000e+00  1.63378769e-10  3.00000000e-01 
 1.06615000e+00  1.63378769e-10  3.00000000e-01 
 1.06625000e+00  1.63378769e-10  3.00000000e-01 
 1.06635000e+00  1.63378769e-10  3.00000000e-01 
 1.06645000e+00  1.63378769e-10  3.00000000e-01 
 1.06655000e+00  1.63378769e-10  3.00000000e-01 
 1.06665000e+00  1.63378769e-10  3.00000000e-01 
 1.06675000e+00  1.63378769e-10  3.00000000e-01 
 1.06685000e+00  1.63378769e-10  3.00000000e-01 
 1.06695000e+00  1.63378769e-10  3.00000000e-01 
 1.06705000e+00  1.63378769e-10  3.00000000e-01 
 1.06715000e+00  1.63378769e-10  3.00000000e-01 
 1.06725000e+00  1.63378769e-10  3.00000000e-01 
 1.06735000e+00  1.63378769e-10  3.00000000e-01 
 1.06745000e+00  1.63378769e-10  3.00000000e-01 
 1.06755000e+00  1.63378769e-10  3.00000000e-01 
 1.06765000e+00  1.63378769e-10  3.00000000e-01 
 1.06775000e+00  1.63378769e-10  3.00000000e-01 
 1.06785000e+00  1.63378769e-10  3.00000000e-01 
 1.06795000e+00  1.63378769e-10  3.00000000e-01 
 1.06805000e+00  1.63378769e-10  3.00000000e-01 
 1.06815000e+00  1.63378769e-10  3.00000000e-01 
 1.06825000e+00  1.63378769e-10  3.00000000e-01 
 1.06835000e+00  1.63378769e-10  3.00000000e-01 
 1.06845000e+00  1.63378769e-10  3.00000000e-01 
 1.06855000e+00  1.63378769e-10  3.00000000e-01 
 1.06865000e+00  1.63378769e-10  3.00000000e-01 
 1.06875000e+00  1.63378769e-10  3.00000000e-01 
 1.06885000e+00  1.63378769e-10  3.00000000e-01 
 1.06895000e+00  1.63378769e-10  3.00000000e-01 
 1.06905000e+00  1.63378769e-10  3.00000000e-01 
 1.06915000e+00  1.63378769e-10  3.00000000e-01 
 1.06925000e+00  1.63378769e-10  3.00000000e-01 
 1.06935000e+00  1.63378769e-10  3.00000000e-01 
 1.06945000e+00  1.63378769e-10  3.00000000e-01 
 1.06955000e+00  1.63378769e-10  3.00000000e-01 
 1.06965000e+00  1.63378769e-10  3.00000000e-01 
 1.06975000e+00  1.63378769e-10  3.00000000e-01 
 1.06985000e+00  1.63378769e-10  3.00000000e-01 
 1.06995000e+00  1.63378769e-10  3.00000000e-01 
 1.07005000e+00  1.63378769e-10  3.00000000e-01 
 1.07015000e+00  1.63378769e-10  3.00000000e-01 
 1.07025000e+00  1.63378769e-10  3.00000000e-01 
 1.07035000e+00  1.63378769e-10  3.00000000e-01 
 1.07045000e+00  1.63378769e-10  3.00000000e-01 
 1.07055000e+00  1.63378769e-10  3.00000000e-01 
 1.07065000e+00  1.63378769e-10  3.00000000e-01 
 1.07075000e+00  1.63378769e-10  3.00000000e-01 
 1.07085000e+00  1.63378769e-10  3.00000000e-01 
 1.07095000e+00  1.63378769e-10  3.00000000e-01 
 1.07105000e+00  1.63378769e-10  3.00000000e-01 
 1.07115000e+00  1.63378769e-10  3.00000000e-01 
 1.07125000e+00  1.63378769e-10  3.00000000e-01 
 1.07135000e+00  1.63378769e-10  3.00000000e-01 
 1.07145000e+00  1.63378769e-10  3.00000000e-01 
 1.07155000e+00  1.63378769e-10  3.00000000e-01 
 1.07165000e+00  1.63378769e-10  3.00000000e-01 
 1.07175000e+00  1.63378769e-10  3.00000000e-01 
 1.07185000e+00  1.63378769e-10  3.00000000e-01 
 1.07195000e+00  1.63378769e-10  3.00000000e-01 
 1.07205000e+00  1.63378769e-10  3.00000000e-01 
 1.07215000e+00  1.63378769e-10  3.00000000e-01 
 1.07225000e+00  1.63378769e-10  3.00000000e-01 
 1.07235000e+00  1.63378769e-10  3.00000000e-01 
 1.07245000e+00  1.63378769e-10  3.00000000e-01 
 1.07255000e+00  1.63378769e-10  3.00000000e-01 
 1.07265000e+00  1.63378769e-10  3.00000000e-01 
 1.07275000e+00  1.63378769e-10  3.00000000e-01 
 1.07285000e+00  1.63378769e-10  3.00000000e-01 
 1.07295000e+00  1.63378769e-10  3.00000000e-01 
 1.07305000e+00  1.63378769e-10  3.00000000e-01 
 1.07315000e+00  1.63378769e-10  3.00000000e-01 
 1.07325000e+00  1.63378769e-10  3.00000000e-01 
 1.07335000e+00  1.63378769e-10  3.00000000e-01 
 1.07345000e+00  1.63378769e-10  3.00000000e-01 
 1.07355000e+00  1.63378769e-10  3.00000000e-01 
 1.07365000e+00  1.63378769e-10  3.00000000e-01 
 1.07375000e+00  1.63378769e-10  3.00000000e-01 
 1.07385000e+00  1.63378769e-10  3.00000000e-01 
 1.07395000e+00  1.63378769e-10  3.00000000e-01 
 1.07405000e+00  1.63378769e-10  3.00000000e-01 
 1.07415000e+00  1.63378769e-10  3.00000000e-01 
 1.07425000e+00  1.63378769e-10  3.00000000e-01 
 1.07435000e+00  1.63378769e-10  3.00000000e-01 
 1.07445000e+00  1.63378769e-10  3.00000000e-01 
 1.07455000e+00  1.63378769e-10  3.00000000e-01 
 1.07465000e+00  1.63378769e-10  3.00000000e-01 
 1.07475000e+00  1.63378769e-10  3.00000000e-01 
 1.07485000e+00  1.63378769e-10  3.00000000e-01 
 1.07495000e+00  1.63378769e-10  3.00000000e-01 
 1.07505000e+00  1.63378769e-10  3.00000000e-01 
 1.07515000e+00  1.63378769e-10  3.00000000e-01 
 1.07525000e+00  1.63378769e-10  3.00000000e-01 
 1.07535000e+00  1.63378769e-10  3.00000000e-01 
 1.07545000e+00  1.63378769e-10  3.00000000e-01 
 1.07555000e+00  1.63378769e-10  3.00000000e-01 
 1.07565000e+00  1.63378769e-10  3.00000000e-01 
 1.07575000e+00  1.63378769e-10  3.00000000e-01 
 1.07585000e+00  1.63378769e-10  3.00000000e-01 
 1.07595000e+00  1.63378769e-10  3.00000000e-01 
 1.07605000e+00  1.63378769e-10  3.00000000e-01 
 1.07615000e+00  1.63378769e-10  3.00000000e-01 
 1.07625000e+00  1.63378769e-10  3.00000000e-01 
 1.07635000e+00  1.63378769e-10  3.00000000e-01 
 1.07645000e+00  1.63378769e-10  3.00000000e-01 
 1.07655000e+00  1.63378769e-10  3.00000000e-01 
 1.07665000e+00  1.63378769e-10  3.00000000e-01 
 1.07675000e+00  1.63378769e-10  3.00000000e-01 
 1.07685000e+00  1.63378769e-10  3.00000000e-01 
 1.07695000e+00  1.63378769e-10  3.00000000e-01 
 1.07705000e+00  1.63378769e-10  3.00000000e-01 
 1.07715000e+00  1.63378769e-10  3.00000000e-01 
 1.07725000e+00  1.63378769e-10  3.00000000e-01 
 1.07735000e+00  1.63378769e-10  3.00000000e-01 
 1.07745000e+00  1.63378769e-10  3.00000000e-01 
 1.07755000e+00  1.63378769e-10  3.00000000e-01 
 1.07765000e+00  1.63378769e-10  3.00000000e-01 
 1.07775000e+00  1.63378769e-10  3.00000000e-01 
 1.07785000e+00  1.63378769e-10  3.00000000e-01 
 1.07795000e+00  1.63378769e-10  3.00000000e-01 
 1.07805000e+00  1.63378769e-10  3.00000000e-01 
 1.07815000e+00  1.63378769e-10  3.00000000e-01 
 1.07825000e+00  1.63378769e-10  3.00000000e-01 
 1.07835000e+00  1.63378769e-10  3.00000000e-01 
 1.07845000e+00  1.63378769e-10  3.00000000e-01 
 1.07855000e+00  1.63378769e-10  3.00000000e-01 
 1.07865000e+00  1.63378769e-10  3.00000000e-01 
 1.07875000e+00  1.63378769e-10  3.00000000e-01 
 1.07885000e+00  1.63378769e-10  3.00000000e-01 
 1.07895000e+00  1.63378769e-10  3.00000000e-01 
 1.07905000e+00  1.63378769e-10  3.00000000e-01 
 1.07915000e+00  1.63378769e-10  3.00000000e-01 
 1.07925000e+00  1.63378769e-10  3.00000000e-01 
 1.07935000e+00  1.63378769e-10  3.00000000e-01 
 1.07945000e+00  1.63378769e-10  3.00000000e-01 
 1.07955000e+00  1.63378769e-10  3.00000000e-01 
 1.07965000e+00  1.63378769e-10  3.00000000e-01 
 1.07975000e+00  1.63378769e-10  3.00000000e-01 
 1.07985000e+00  1.63378769e-10  3.00000000e-01 
 1.07995000e+00  1.63378769e-10  3.00000000e-01 
 1.08005000e+00  1.63378769e-10  3.00000000e-01 
 1.08015000e+00  1.63378769e-10  3.00000000e-01 
 1.08025000e+00  1.63378769e-10  3.00000000e-01 
 1.08035000e+00  1.63378769e-10  3.00000000e-01 
 1.08045000e+00  1.63378769e-10  3.00000000e-01 
 1.08055000e+00  1.63378769e-10  3.00000000e-01 
 1.08065000e+00  1.63378769e-10  3.00000000e-01 
 1.08075000e+00  1.63378769e-10  3.00000000e-01 
 1.08085000e+00  1.63378769e-10  3.00000000e-01 
 1.08095000e+00  1.63378769e-10  3.00000000e-01 
 1.08105000e+00  1.63378769e-10  3.00000000e-01 
 1.08115000e+00  1.63378769e-10  3.00000000e-01 
 1.08125000e+00  1.63378769e-10  3.00000000e-01 
 1.08135000e+00  1.63378769e-10  3.00000000e-01 
 1.08145000e+00  1.63378769e-10  3.00000000e-01 
 1.08155000e+00  1.63378769e-10  3.00000000e-01 
 1.08165000e+00  1.63378769e-10  3.00000000e-01 
 1.08175000e+00  1.63378769e-10  3.00000000e-01 
 1.08185000e+00  1.63378769e-10  3.00000000e-01 
 1.08195000e+00  1.63378769e-10  3.00000000e-01 
 1.08205000e+00  1.63378769e-10  3.00000000e-01 
 1.08215000e+00  1.63378769e-10  3.00000000e-01 
 1.08225000e+00  1.63378769e-10  3.00000000e-01 
 1.08235000e+00  1.63378769e-10  3.00000000e-01 
 1.08245000e+00  1.63378769e-10  3.00000000e-01 
 1.08255000e+00  1.63378769e-10  3.00000000e-01 
 1.08265000e+00  1.63378769e-10  3.00000000e-01 
 1.08275000e+00  1.63378769e-10  3.00000000e-01 
 1.08285000e+00  1.63378769e-10  3.00000000e-01 
 1.08295000e+00  1.63378769e-10  3.00000000e-01 
 1.08305000e+00  1.63378769e-10  3.00000000e-01 
 1.08315000e+00  1.63378769e-10  3.00000000e-01 
 1.08325000e+00  1.63378769e-10  3.00000000e-01 
 1.08335000e+00  1.63378769e-10  3.00000000e-01 
 1.08345000e+00  1.63378769e-10  3.00000000e-01 
 1.08355000e+00  1.63378769e-10  3.00000000e-01 
 1.08365000e+00  1.63378769e-10  3.00000000e-01 
 1.08375000e+00  1.63378769e-10  3.00000000e-01 
 1.08385000e+00  1.63378769e-10  3.00000000e-01 
 1.08395000e+00  1.63378769e-10  3.00000000e-01 
 1.08405000e+00  1.63378769e-10  3.00000000e-01 
 1.08415000e+00  1.63378769e-10  3.00000000e-01 
 1.08425000e+00  1.63378769e-10  3.00000000e-01 
 1.08435000e+00  1.63378769e-10  3.00000000e-01 
 1.08445000e+00  1.63378769e-10  3.00000000e-01 
 1.08455000e+00  1.63378769e-10  3.00000000e-01 
 1.08465000e+00  1.63378769e-10  3.00000000e-01 
 1.08475000e+00  1.63378769e-10  3.00000000e-01 
 1.08485000e+00  1.63378769e-10  3.00000000e-01 
 1.08495000e+00  1.63378769e-10  3.00000000e-01 
 1.08505000e+00  1.63378769e-10  3.00000000e-01 
 1.08515000e+00  1.63378769e-10  3.00000000e-01 
 1.08525000e+00  1.63378769e-10  3.00000000e-01 
 1.08535000e+00  1.63378769e-10  3.00000000e-01 
 1.08545000e+00  1.63378769e-10  3.00000000e-01 
 1.08555000e+00  1.63378769e-10  3.00000000e-01 
 1.08565000e+00  1.63378769e-10  3.00000000e-01 
 1.08575000e+00  1.63378769e-10  3.00000000e-01 
 1.08585000e+00  1.63378769e-10  3.00000000e-01 
 1.08595000e+00  1.63378769e-10  3.00000000e-01 
 1.08605000e+00  1.63378769e-10  3.00000000e-01 
 1.08615000e+00  1.63378769e-10  3.00000000e-01 
 1.08625000e+00  1.63378769e-10  3.00000000e-01 
 1.08635000e+00  1.63378769e-10  3.00000000e-01 
 1.08645000e+00  1.63378769e-10  3.00000000e-01 
 1.08655000e+00  1.63378769e-10  3.00000000e-01 
 1.08665000e+00  1.63378769e-10  3.00000000e-01 
 1.08675000e+00  1.63378769e-10  3.00000000e-01 
 1.08685000e+00  1.63378769e-10  3.00000000e-01 
 1.08695000e+00  1.63378769e-10  3.00000000e-01 
 1.08705000e+00  1.63378769e-10  3.00000000e-01 
 1.08715000e+00  1.63378769e-10  3.00000000e-01 
 1.08725000e+00  1.63378769e-10  3.00000000e-01 
 1.08735000e+00  1.63378769e-10  3.00000000e-01 
 1.08745000e+00  1.63378769e-10  3.00000000e-01 
 1.08755000e+00  1.63378769e-10  3.00000000e-01 
 1.08765000e+00  1.63378769e-10  3.00000000e-01 
 1.08775000e+00  1.63378769e-10  3.00000000e-01 
 1.08785000e+00  1.63378769e-10  3.00000000e-01 
 1.08795000e+00  1.63378769e-10  3.00000000e-01 
 1.08805000e+00  1.63378769e-10  3.00000000e-01 
 1.08815000e+00  1.63378769e-10  3.00000000e-01 
 1.08825000e+00  1.63378769e-10  3.00000000e-01 
 1.08835000e+00  1.63378769e-10  3.00000000e-01 
 1.08845000e+00  1.63378769e-10  3.00000000e-01 
 1.08855000e+00  1.63378769e-10  3.00000000e-01 
 1.08865000e+00  1.63378769e-10  3.00000000e-01 
 1.08875000e+00  1.63378769e-10  3.00000000e-01 
 1.08885000e+00  1.63378769e-10  3.00000000e-01 
 1.08895000e+00  1.63378769e-10  3.00000000e-01 
 1.08905000e+00  1.63378769e-10  3.00000000e-01 
 1.08915000e+00  1.63378769e-10  3.00000000e-01 
 1.08925000e+00  1.63378769e-10  3.00000000e-01 
 1.08935000e+00  1.63378769e-10  3.00000000e-01 
 1.08945000e+00  1.63378769e-10  3.00000000e-01 
 1.08955000e+00  1.63378769e-10  3.00000000e-01 
 1.08965000e+00  1.63378769e-10  3.00000000e-01 
 1.08975000e+00  1.63378769e-10  3.00000000e-01 
 1.08985000e+00  1.63378769e-10  3.00000000e-01 
 1.08995000e+00  1.63378769e-10  3.00000000e-01 
 1.09005000e+00  1.63378769e-10  3.00000000e-01 
 1.09015000e+00  1.63378769e-10  3.00000000e-01 
 1.09025000e+00  1.63378769e-10  3.00000000e-01 
 1.09035000e+00  1.63378769e-10  3.00000000e-01 
 1.09045000e+00  1.63378769e-10  3.00000000e-01 
 1.09055000e+00  1.63378769e-10  3.00000000e-01 
 1.09065000e+00  1.63378769e-10  3.00000000e-01 
 1.09075000e+00  1.63378769e-10  3.00000000e-01 
 1.09085000e+00  1.63378769e-10  3.00000000e-01 
 1.09095000e+00  1.63378769e-10  3.00000000e-01 
 1.09105000e+00  1.63378769e-10  3.00000000e-01 
 1.09115000e+00  1.63378769e-10  3.00000000e-01 
 1.09125000e+00  1.63378769e-10  3.00000000e-01 
 1.09135000e+00  1.63378769e-10  3.00000000e-01 
 1.09145000e+00  1.63378769e-10  3.00000000e-01 
 1.09155000e+00  1.63378769e-10  3.00000000e-01 
 1.09165000e+00  1.63378769e-10  3.00000000e-01 
 1.09175000e+00  1.63378769e-10  3.00000000e-01 
 1.09185000e+00  1.63378769e-10  3.00000000e-01 
 1.09195000e+00  1.63378769e-10  3.00000000e-01 
 1.09205000e+00  1.63378769e-10  3.00000000e-01 
 1.09215000e+00  1.63378769e-10  3.00000000e-01 
 1.09225000e+00  1.63378769e-10  3.00000000e-01 
 1.09235000e+00  1.63378769e-10  3.00000000e-01 
 1.09245000e+00  1.63378769e-10  3.00000000e-01 
 1.09255000e+00  1.63378769e-10  3.00000000e-01 
 1.09265000e+00  1.63378769e-10  3.00000000e-01 
 1.09275000e+00  1.63378769e-10  3.00000000e-01 
 1.09285000e+00  1.63378769e-10  3.00000000e-01 
 1.09295000e+00  1.63378769e-10  3.00000000e-01 
 1.09305000e+00  1.63378769e-10  3.00000000e-01 
 1.09315000e+00  1.63378769e-10  3.00000000e-01 
 1.09325000e+00  1.63378769e-10  3.00000000e-01 
 1.09335000e+00  1.63378769e-10  3.00000000e-01 
 1.09345000e+00  1.63378769e-10  3.00000000e-01 
 1.09355000e+00  1.63378769e-10  3.00000000e-01 
 1.09365000e+00  1.63378769e-10  3.00000000e-01 
 1.09375000e+00  1.63378769e-10  3.00000000e-01 
 1.09385000e+00  1.63378769e-10  3.00000000e-01 
 1.09395000e+00  1.63378769e-10  3.00000000e-01 
 1.09405000e+00  1.63378769e-10  3.00000000e-01 
 1.09415000e+00  1.63378769e-10  3.00000000e-01 
 1.09425000e+00  1.63378769e-10  3.00000000e-01 
 1.09435000e+00  1.63378769e-10  3.00000000e-01 
 1.09445000e+00  1.63378769e-10  3.00000000e-01 
 1.09455000e+00  1.63378769e-10  3.00000000e-01 
 1.09465000e+00  1.63378769e-10  3.00000000e-01 
 1.09475000e+00  1.63378769e-10  3.00000000e-01 
 1.09485000e+00  1.63378769e-10  3.00000000e-01 
 1.09495000e+00  1.63378769e-10  3.00000000e-01 
 1.09505000e+00  1.63378769e-10  3.00000000e-01 
 1.09515000e+00  1.63378769e-10  3.00000000e-01 
 1.09525000e+00  1.63378769e-10  3.00000000e-01 
 1.09535000e+00  1.63378769e-10  3.00000000e-01 
 1.09545000e+00  1.63378769e-10  3.00000000e-01 
 1.09555000e+00  1.63378769e-10  3.00000000e-01 
 1.09565000e+00  1.63378769e-10  3.00000000e-01 
 1.09575000e+00  1.63378769e-10  3.00000000e-01 
 1.09585000e+00  1.63378769e-10  3.00000000e-01 
 1.09595000e+00  1.63378769e-10  3.00000000e-01 
 1.09605000e+00  1.63378769e-10  3.00000000e-01 
 1.09615000e+00  1.63378769e-10  3.00000000e-01 
 1.09625000e+00  1.63378769e-10  3.00000000e-01 
 1.09635000e+00  1.63378769e-10  3.00000000e-01 
 1.09645000e+00  1.63378769e-10  3.00000000e-01 
 1.09655000e+00  1.63378769e-10  3.00000000e-01 
 1.09665000e+00  1.63378769e-10  3.00000000e-01 
 1.09675000e+00  1.63378769e-10  3.00000000e-01 
 1.09685000e+00  1.63378769e-10  3.00000000e-01 
 1.09695000e+00  1.63378769e-10  3.00000000e-01 
 1.09705000e+00  1.63378769e-10  3.00000000e-01 
 1.09715000e+00  1.63378769e-10  3.00000000e-01 
 1.09725000e+00  1.63378769e-10  3.00000000e-01 
 1.09735000e+00  1.63378769e-10  3.00000000e-01 
 1.09745000e+00  1.63378769e-10  3.00000000e-01 
 1.09755000e+00  1.63378769e-10  3.00000000e-01 
 1.09765000e+00  1.63378769e-10  3.00000000e-01 
 1.09775000e+00  1.63378769e-10  3.00000000e-01 
 1.09785000e+00  1.63378769e-10  3.00000000e-01 
 1.09795000e+00  1.63378769e-10  3.00000000e-01 
 1.09805000e+00  1.63378769e-10  3.00000000e-01 
 1.09815000e+00  1.63378769e-10  3.00000000e-01 
 1.09825000e+00  1.63378769e-10  3.00000000e-01 
 1.09835000e+00  1.63378769e-10  3.00000000e-01 
 1.09845000e+00  1.63378769e-10  3.00000000e-01 
 1.09855000e+00  1.63378769e-10  3.00000000e-01 
 1.09865000e+00  1.63378769e-10  3.00000000e-01 
 1.09875000e+00  1.63378769e-10  3.00000000e-01 
 1.09885000e+00  1.63378769e-10  3.00000000e-01 
 1.09895000e+00  1.63378769e-10  3.00000000e-01 
 1.09905000e+00  1.63378769e-10  3.00000000e-01 
 1.09915000e+00  1.63378769e-10  3.00000000e-01 
 1.09925000e+00  1.63378769e-10  3.00000000e-01 
 1.09935000e+00  1.63378769e-10  3.00000000e-01 
 1.09945000e+00  1.63378769e-10  3.00000000e-01 
 1.09955000e+00  1.63378769e-10  3.00000000e-01 
 1.09965000e+00  1.63378769e-10  3.00000000e-01 
 1.09975000e+00  1.63378769e-10  3.00000000e-01 
 1.09985000e+00  1.63378769e-10  3.00000000e-01 
 1.09995000e+00  1.63378769e-10  3.00000000e-01 
 1.10005000e+00  1.63378769e-10  3.00000000e-01 
 1.10015000e+00  1.63378769e-10  3.00000000e-01 
 1.10025000e+00  1.63378769e-10  3.00000000e-01 
 1.10035000e+00  1.63378769e-10  3.00000000e-01 
 1.10045000e+00  1.63378769e-10  3.00000000e-01 
 1.10055000e+00  1.63378769e-10  3.00000000e-01 
 1.10065000e+00  1.63378769e-10  3.00000000e-01 
 1.10075000e+00  1.63378769e-10  3.00000000e-01 
 1.10085000e+00  1.63378769e-10  3.00000000e-01 
 1.10095000e+00  1.63378769e-10  3.00000000e-01 
 1.10105000e+00  1.63378769e-10  3.00000000e-01 
 1.10115000e+00  1.63378769e-10  3.00000000e-01 
 1.10125000e+00  1.63378769e-10  3.00000000e-01 
 1.10135000e+00  1.63378769e-10  3.00000000e-01 
 1.10145000e+00  1.63378769e-10  3.00000000e-01 
 1.10155000e+00  1.63378769e-10  3.00000000e-01 
 1.10165000e+00  1.63378769e-10  3.00000000e-01 
 1.10175000e+00  1.63378769e-10  3.00000000e-01 
 1.10185000e+00  1.63378769e-10  3.00000000e-01 
 1.10195000e+00  1.63378769e-10  3.00000000e-01 
 1.10205000e+00  1.63378769e-10  3.00000000e-01 
 1.10215000e+00  1.63378769e-10  3.00000000e-01 
 1.10225000e+00  1.63378769e-10  3.00000000e-01 
 1.10235000e+00  1.63378769e-10  3.00000000e-01 
 1.10245000e+00  1.63378769e-10  3.00000000e-01 
 1.10255000e+00  1.63378769e-10  3.00000000e-01 
 1.10265000e+00  1.63378769e-10  3.00000000e-01 
 1.10275000e+00  1.63378769e-10  3.00000000e-01 
 1.10285000e+00  1.63378769e-10  3.00000000e-01 
 1.10295000e+00  1.63378769e-10  3.00000000e-01 
 1.10305000e+00  1.63378769e-10  3.00000000e-01 
 1.10315000e+00  1.63378769e-10  3.00000000e-01 
 1.10325000e+00  1.63378769e-10  3.00000000e-01 
 1.10335000e+00  1.63378769e-10  3.00000000e-01 
 1.10345000e+00  1.63378769e-10  3.00000000e-01 
 1.10355000e+00  1.63378769e-10  3.00000000e-01 
 1.10365000e+00  1.63378769e-10  3.00000000e-01 
 1.10375000e+00  1.63378769e-10  3.00000000e-01 
 1.10385000e+00  1.63378769e-10  3.00000000e-01 
 1.10395000e+00  1.63378769e-10  3.00000000e-01 
 1.10405000e+00  1.63378769e-10  3.00000000e-01 
 1.10415000e+00  1.63378769e-10  3.00000000e-01 
 1.10425000e+00  1.63378769e-10  3.00000000e-01 
 1.10435000e+00  1.63378769e-10  3.00000000e-01 
 1.10445000e+00  1.63378769e-10  3.00000000e-01 
 1.10455000e+00  1.63378769e-10  3.00000000e-01 
 1.10465000e+00  1.63378769e-10  3.00000000e-01 
 1.10475000e+00  1.63378769e-10  3.00000000e-01 
 1.10485000e+00  1.63378769e-10  3.00000000e-01 
 1.10495000e+00  1.63378769e-10  3.00000000e-01 
 1.10505000e+00  1.63378769e-10  3.00000000e-01 
 1.10515000e+00  1.63378769e-10  3.00000000e-01 
 1.10525000e+00  1.63378769e-10  3.00000000e-01 
 1.10535000e+00  1.63378769e-10  3.00000000e-01 
 1.10545000e+00  1.63378769e-10  3.00000000e-01 
 1.10555000e+00  1.63378769e-10  3.00000000e-01 
 1.10565000e+00  1.63378769e-10  3.00000000e-01 
 1.10575000e+00  1.63378769e-10  3.00000000e-01 
 1.10585000e+00  1.63378769e-10  3.00000000e-01 
 1.10595000e+00  1.63378769e-10  3.00000000e-01 
 1.10605000e+00  1.63378769e-10  3.00000000e-01 
 1.10615000e+00  1.63378769e-10  3.00000000e-01 
 1.10625000e+00  1.63378769e-10  3.00000000e-01 
 1.10635000e+00  1.63378769e-10  3.00000000e-01 
 1.10645000e+00  1.63378769e-10  3.00000000e-01 
 1.10655000e+00  1.63378769e-10  3.00000000e-01 
 1.10665000e+00  1.63378769e-10  3.00000000e-01 
 1.10675000e+00  1.63378769e-10  3.00000000e-01 
 1.10685000e+00  1.63378769e-10  3.00000000e-01 
 1.10695000e+00  1.63378769e-10  3.00000000e-01 
 1.10705000e+00  1.63378769e-10  3.00000000e-01 
 1.10715000e+00  1.63378769e-10  3.00000000e-01 
 1.10725000e+00  1.63378769e-10  3.00000000e-01 
 1.10735000e+00  1.63378769e-10  3.00000000e-01 
 1.10745000e+00  1.63378769e-10  3.00000000e-01 
 1.10755000e+00  1.63378769e-10  3.00000000e-01 
 1.10765000e+00  1.63378769e-10  3.00000000e-01 
 1.10775000e+00  1.63378769e-10  3.00000000e-01 
 1.10785000e+00  1.63378769e-10  3.00000000e-01 
 1.10795000e+00  1.63378769e-10  3.00000000e-01 
 1.10805000e+00  1.63378769e-10  3.00000000e-01 
 1.10815000e+00  1.63378769e-10  3.00000000e-01 
 1.10825000e+00  1.63378769e-10  3.00000000e-01 
 1.10835000e+00  1.63378769e-10  3.00000000e-01 
 1.10845000e+00  1.63378769e-10  3.00000000e-01 
 1.10855000e+00  1.63378769e-10  3.00000000e-01 
 1.10865000e+00  1.63378769e-10  3.00000000e-01 
 1.10875000e+00  1.63378769e-10  3.00000000e-01 
 1.10885000e+00  1.63378769e-10  3.00000000e-01 
 1.10895000e+00  1.63378769e-10  3.00000000e-01 
 1.10905000e+00  1.63378769e-10  3.00000000e-01 
 1.10915000e+00  1.63378769e-10  3.00000000e-01 
 1.10925000e+00  1.63378769e-10  3.00000000e-01 
 1.10935000e+00  1.63378769e-10  3.00000000e-01 
 1.10945000e+00  1.63378769e-10  3.00000000e-01 
 1.10955000e+00  1.63378769e-10  3.00000000e-01 
 1.10965000e+00  1.63378769e-10  3.00000000e-01 
 1.10975000e+00  1.63378769e-10  3.00000000e-01 
 1.10985000e+00  1.63378769e-10  3.00000000e-01 
 1.10995000e+00  1.63378769e-10  3.00000000e-01 
 1.11005000e+00  1.63378769e-10  3.00000000e-01 
 1.11015000e+00  1.63378769e-10  3.00000000e-01 
 1.11025000e+00  1.63378769e-10  3.00000000e-01 
 1.11035000e+00  1.63378769e-10  3.00000000e-01 
 1.11045000e+00  1.63378769e-10  3.00000000e-01 
 1.11055000e+00  1.63378769e-10  3.00000000e-01 
 1.11065000e+00  1.63378769e-10  3.00000000e-01 
 1.11075000e+00  1.63378769e-10  3.00000000e-01 
 1.11085000e+00  1.63378769e-10  3.00000000e-01 
 1.11095000e+00  1.63378769e-10  3.00000000e-01 
 1.11105000e+00  1.63378769e-10  3.00000000e-01 
 1.11115000e+00  1.63378769e-10  3.00000000e-01 
 1.11125000e+00  1.63378769e-10  3.00000000e-01 
 1.11135000e+00  1.63378769e-10  3.00000000e-01 
 1.11145000e+00  1.63378769e-10  3.00000000e-01 
 1.11155000e+00  1.63378769e-10  3.00000000e-01 
 1.11165000e+00  1.63378769e-10  3.00000000e-01 
 1.11175000e+00  1.63378769e-10  3.00000000e-01 
 1.11185000e+00  1.63378769e-10  3.00000000e-01 
 1.11195000e+00  1.63378769e-10  3.00000000e-01 
 1.11205000e+00  1.63378769e-10  3.00000000e-01 
 1.11215000e+00  1.63378769e-10  3.00000000e-01 
 1.11225000e+00  1.63378769e-10  3.00000000e-01 
 1.11235000e+00  1.63378769e-10  3.00000000e-01 
 1.11245000e+00  1.63378769e-10  3.00000000e-01 
 1.11255000e+00  1.63378769e-10  3.00000000e-01 
 1.11265000e+00  1.63378769e-10  3.00000000e-01 
 1.11275000e+00  1.63378769e-10  3.00000000e-01 
 1.11285000e+00  1.63378769e-10  3.00000000e-01 
 1.11295000e+00  1.63378769e-10  3.00000000e-01 
 1.11305000e+00  1.63378769e-10  3.00000000e-01 
 1.11315000e+00  1.63378769e-10  3.00000000e-01 
 1.11325000e+00  1.63378769e-10  3.00000000e-01 
 1.11335000e+00  1.63378769e-10  3.00000000e-01 
 1.11345000e+00  1.63378769e-10  3.00000000e-01 
 1.11355000e+00  1.63378769e-10  3.00000000e-01 
 1.11365000e+00  1.63378769e-10  3.00000000e-01 
 1.11375000e+00  1.63378769e-10  3.00000000e-01 
 1.11385000e+00  1.63378769e-10  3.00000000e-01 
 1.11395000e+00  1.63378769e-10  3.00000000e-01 
 1.11405000e+00  1.63378769e-10  3.00000000e-01 
 1.11415000e+00  1.63378769e-10  3.00000000e-01 
 1.11425000e+00  1.63378769e-10  3.00000000e-01 
 1.11435000e+00  1.63378769e-10  3.00000000e-01 
 1.11445000e+00  1.63378769e-10  3.00000000e-01 
 1.11455000e+00  1.63378769e-10  3.00000000e-01 
 1.11465000e+00  1.63378769e-10  3.00000000e-01 
 1.11475000e+00  1.63378769e-10  3.00000000e-01 
 1.11485000e+00  1.63378769e-10  3.00000000e-01 
 1.11495000e+00  1.63378769e-10  3.00000000e-01 
 1.11505000e+00  1.63378769e-10  3.00000000e-01 
 1.11515000e+00  1.63378769e-10  3.00000000e-01 
 1.11525000e+00  1.63378769e-10  3.00000000e-01 
 1.11535000e+00  1.63378769e-10  3.00000000e-01 
 1.11545000e+00  1.63378769e-10  3.00000000e-01 
 1.11555000e+00  1.63378769e-10  3.00000000e-01 
 1.11565000e+00  1.63378769e-10  3.00000000e-01 
 1.11575000e+00  1.63378769e-10  3.00000000e-01 
 1.11585000e+00  1.63378769e-10  3.00000000e-01 
 1.11595000e+00  1.63378769e-10  3.00000000e-01 
 1.11605000e+00  1.63378769e-10  3.00000000e-01 
 1.11615000e+00  1.63378769e-10  3.00000000e-01 
 1.11625000e+00  1.63378769e-10  3.00000000e-01 
 1.11635000e+00  1.63378769e-10  3.00000000e-01 
 1.11645000e+00  1.63378769e-10  3.00000000e-01 
 1.11655000e+00  1.63378769e-10  3.00000000e-01 
 1.11665000e+00  1.63378769e-10  3.00000000e-01 
 1.11675000e+00  1.63378769e-10  3.00000000e-01 
 1.11685000e+00  1.63378769e-10  3.00000000e-01 
 1.11695000e+00  1.63378769e-10  3.00000000e-01 
 1.11705000e+00  1.63378769e-10  3.00000000e-01 
 1.11715000e+00  1.63378769e-10  3.00000000e-01 
 1.11725000e+00  1.63378769e-10  3.00000000e-01 
 1.11735000e+00  1.63378769e-10  3.00000000e-01 
 1.11745000e+00  1.63378769e-10  3.00000000e-01 
 1.11755000e+00  1.63378769e-10  3.00000000e-01 
 1.11765000e+00  1.63378769e-10  3.00000000e-01 
 1.11775000e+00  1.63378769e-10  3.00000000e-01 
 1.11785000e+00  1.63378769e-10  3.00000000e-01 
 1.11795000e+00  1.63378769e-10  3.00000000e-01 
 1.11805000e+00  1.63378769e-10  3.00000000e-01 
 1.11815000e+00  1.63378769e-10  3.00000000e-01 
 1.11825000e+00  1.63378769e-10  3.00000000e-01 
 1.11835000e+00  1.63378769e-10  3.00000000e-01 
 1.11845000e+00  1.63378769e-10  3.00000000e-01 
 1.11855000e+00  1.63378769e-10  3.00000000e-01 
 1.11865000e+00  1.63378769e-10  3.00000000e-01 
 1.11875000e+00  1.63378769e-10  3.00000000e-01 
 1.11885000e+00  1.63378769e-10  3.00000000e-01 
 1.11895000e+00  1.63378769e-10  3.00000000e-01 
 1.11905000e+00  1.63378769e-10  3.00000000e-01 
 1.11915000e+00  1.63378769e-10  3.00000000e-01 
 1.11925000e+00  1.63378769e-10  3.00000000e-01 
 1.11935000e+00  1.63378769e-10  3.00000000e-01 
 1.11945000e+00  1.63378769e-10  3.00000000e-01 
 1.11955000e+00  1.63378769e-10  3.00000000e-01 
 1.11965000e+00  1.63378769e-10  3.00000000e-01 
 1.11975000e+00  1.63378769e-10  3.00000000e-01 
 1.11985000e+00  1.63378769e-10  3.00000000e-01 
 1.11995000e+00  1.63378769e-10  3.00000000e-01 
 1.12005000e+00  1.63378769e-10  3.00000000e-01 
 1.12015000e+00  1.63378769e-10  3.00000000e-01 
 1.12025000e+00  1.63378769e-10  3.00000000e-01 
 1.12035000e+00  1.63378769e-10  3.00000000e-01 
 1.12045000e+00  1.63378769e-10  3.00000000e-01 
 1.12055000e+00  1.63378769e-10  3.00000000e-01 
 1.12065000e+00  1.63378769e-10  3.00000000e-01 
 1.12075000e+00  1.63378769e-10  3.00000000e-01 
 1.12085000e+00  1.63378769e-10  3.00000000e-01 
 1.12095000e+00  1.63378769e-10  3.00000000e-01 
 1.12105000e+00  1.63378769e-10  3.00000000e-01 
 1.12115000e+00  1.63378769e-10  3.00000000e-01 
 1.12125000e+00  1.63378769e-10  3.00000000e-01 
 1.12135000e+00  1.63378769e-10  3.00000000e-01 
 1.12145000e+00  1.63378769e-10  3.00000000e-01 
 1.12155000e+00  1.63378769e-10  3.00000000e-01 
 1.12165000e+00  1.63378769e-10  3.00000000e-01 
 1.12175000e+00  1.63378769e-10  3.00000000e-01 
 1.12185000e+00  1.63378769e-10  3.00000000e-01 
 1.12195000e+00  1.63378769e-10  3.00000000e-01 
 1.12205000e+00  1.63378769e-10  3.00000000e-01 
 1.12215000e+00  1.63378769e-10  3.00000000e-01 
 1.12225000e+00  1.63378769e-10  3.00000000e-01 
 1.12235000e+00  1.63378769e-10  3.00000000e-01 
 1.12245000e+00  1.63378769e-10  3.00000000e-01 
 1.12255000e+00  1.63378769e-10  3.00000000e-01 
 1.12265000e+00  1.63378769e-10  3.00000000e-01 
 1.12275000e+00  1.63378769e-10  3.00000000e-01 
 1.12285000e+00  1.63378769e-10  3.00000000e-01 
 1.12295000e+00  1.63378769e-10  3.00000000e-01 
 1.12305000e+00  1.63378769e-10  3.00000000e-01 
 1.12315000e+00  1.63378769e-10  3.00000000e-01 
 1.12325000e+00  1.63378769e-10  3.00000000e-01 
 1.12335000e+00  1.63378769e-10  3.00000000e-01 
 1.12345000e+00  1.63378769e-10  3.00000000e-01 
 1.12355000e+00  1.63378769e-10  3.00000000e-01 
 1.12365000e+00  1.63378769e-10  3.00000000e-01 
 1.12375000e+00  1.63378769e-10  3.00000000e-01 
 1.12385000e+00  1.63378769e-10  3.00000000e-01 
 1.12395000e+00  1.63378769e-10  3.00000000e-01 
 1.12405000e+00  1.63378769e-10  3.00000000e-01 
 1.12415000e+00  1.63378769e-10  3.00000000e-01 
 1.12425000e+00  1.63378769e-10  3.00000000e-01 
 1.12435000e+00  1.63378769e-10  3.00000000e-01 
 1.12445000e+00  1.63378769e-10  3.00000000e-01 
 1.12455000e+00  1.63378769e-10  3.00000000e-01 
 1.12465000e+00  1.63378769e-10  3.00000000e-01 
 1.12475000e+00  1.63378769e-10  3.00000000e-01 
 1.12485000e+00  1.63378769e-10  3.00000000e-01 
 1.12495000e+00  1.63378769e-10  3.00000000e-01 
 1.12505000e+00  1.63378769e-10  3.00000000e-01 
 1.12515000e+00  1.63378769e-10  3.00000000e-01 
 1.12525000e+00  1.63378769e-10  3.00000000e-01 
 1.12535000e+00  1.63378769e-10  3.00000000e-01 
 1.12545000e+00  1.63378769e-10  3.00000000e-01 
 1.12555000e+00  1.63378769e-10  3.00000000e-01 
 1.12565000e+00  1.63378769e-10  3.00000000e-01 
 1.12575000e+00  1.63378769e-10  3.00000000e-01 
 1.12585000e+00  1.63378769e-10  3.00000000e-01 
 1.12595000e+00  1.63378769e-10  3.00000000e-01 
 1.12605000e+00  1.63378769e-10  3.00000000e-01 
 1.12615000e+00  1.63378769e-10  3.00000000e-01 
 1.12625000e+00  1.63378769e-10  3.00000000e-01 
 1.12635000e+00  1.63378769e-10  3.00000000e-01 
 1.12645000e+00  1.63378769e-10  3.00000000e-01 
 1.12655000e+00  1.63378769e-10  3.00000000e-01 
 1.12665000e+00  1.63378769e-10  3.00000000e-01 
 1.12675000e+00  1.63378769e-10  3.00000000e-01 
 1.12685000e+00  1.63378769e-10  3.00000000e-01 
 1.12695000e+00  1.63378769e-10  3.00000000e-01 
 1.12705000e+00  1.63378769e-10  3.00000000e-01 
 1.12715000e+00  1.63378769e-10  3.00000000e-01 
 1.12725000e+00  1.63378769e-10  3.00000000e-01 
 1.12735000e+00  1.63378769e-10  3.00000000e-01 
 1.12745000e+00  1.63378769e-10  3.00000000e-01 
 1.12755000e+00  1.63378769e-10  3.00000000e-01 
 1.12765000e+00  1.63378769e-10  3.00000000e-01 
 1.12775000e+00  1.63378769e-10  3.00000000e-01 
 1.12785000e+00  1.63378769e-10  3.00000000e-01 
 1.12795000e+00  1.63378769e-10  3.00000000e-01 
 1.12805000e+00  1.63378769e-10  3.00000000e-01 
 1.12815000e+00  1.63378769e-10  3.00000000e-01 
 1.12825000e+00  1.63378769e-10  3.00000000e-01 
 1.12835000e+00  1.63378769e-10  3.00000000e-01 
 1.12845000e+00  1.63378769e-10  3.00000000e-01 
 1.12855000e+00  1.63378769e-10  3.00000000e-01 
 1.12865000e+00  1.63378769e-10  3.00000000e-01 
 1.12875000e+00  1.63378769e-10  3.00000000e-01 
 1.12885000e+00  1.63378769e-10  3.00000000e-01 
 1.12895000e+00  1.63378769e-10  3.00000000e-01 
 1.12905000e+00  1.63378769e-10  3.00000000e-01 
 1.12915000e+00  1.63378769e-10  3.00000000e-01 
 1.12925000e+00  1.63378769e-10  3.00000000e-01 
 1.12935000e+00  1.63378769e-10  3.00000000e-01 
 1.12945000e+00  1.63378769e-10  3.00000000e-01 
 1.12955000e+00  1.63378769e-10  3.00000000e-01 
 1.12965000e+00  1.63378769e-10  3.00000000e-01 
 1.12975000e+00  1.63378769e-10  3.00000000e-01 
 1.12985000e+00  1.63378769e-10  3.00000000e-01 
 1.12995000e+00  1.63378769e-10  3.00000000e-01 
 1.13005000e+00  1.63378769e-10  3.00000000e-01 
 1.13015000e+00  1.63378769e-10  3.00000000e-01 
 1.13025000e+00  1.63378769e-10  3.00000000e-01 
 1.13035000e+00  1.63378769e-10  3.00000000e-01 
 1.13045000e+00  1.63378769e-10  3.00000000e-01 
 1.13055000e+00  1.63378769e-10  3.00000000e-01 
 1.13065000e+00  1.63378769e-10  3.00000000e-01 
 1.13075000e+00  1.63378769e-10  3.00000000e-01 
 1.13085000e+00  1.63378769e-10  3.00000000e-01 
 1.13095000e+00  1.63378769e-10  3.00000000e-01 
 1.13105000e+00  1.63378769e-10  3.00000000e-01 
 1.13115000e+00  1.63378769e-10  3.00000000e-01 
 1.13125000e+00  1.63378769e-10  3.00000000e-01 
 1.13135000e+00  1.63378769e-10  3.00000000e-01 
 1.13145000e+00  1.63378769e-10  3.00000000e-01 
 1.13155000e+00  1.63378769e-10  3.00000000e-01 
 1.13165000e+00  1.63378769e-10  3.00000000e-01 
 1.13175000e+00  1.63378769e-10  3.00000000e-01 
 1.13185000e+00  1.63378769e-10  3.00000000e-01 
 1.13195000e+00  1.63378769e-10  3.00000000e-01 
 1.13205000e+00  1.63378769e-10  3.00000000e-01 
 1.13215000e+00  1.63378769e-10  3.00000000e-01 
 1.13225000e+00  1.63378769e-10  3.00000000e-01 
 1.13235000e+00  1.63378769e-10  3.00000000e-01 
 1.13245000e+00  1.63378769e-10  3.00000000e-01 
 1.13255000e+00  1.63378769e-10  3.00000000e-01 
 1.13265000e+00  1.63378769e-10  3.00000000e-01 
 1.13275000e+00  1.63378769e-10  3.00000000e-01 
 1.13285000e+00  1.63378769e-10  3.00000000e-01 
 1.13295000e+00  1.63378769e-10  3.00000000e-01 
 1.13305000e+00  1.63378769e-10  3.00000000e-01 
 1.13315000e+00  1.63378769e-10  3.00000000e-01 
 1.13325000e+00  1.63378769e-10  3.00000000e-01 
 1.13335000e+00  1.63378769e-10  3.00000000e-01 
 1.13345000e+00  1.63378769e-10  3.00000000e-01 
 1.13355000e+00  1.63378769e-10  3.00000000e-01 
 1.13365000e+00  1.63378769e-10  3.00000000e-01 
 1.13375000e+00  1.63378769e-10  3.00000000e-01 
 1.13385000e+00  1.63378769e-10  3.00000000e-01 
 1.13395000e+00  1.63378769e-10  3.00000000e-01 
 1.13405000e+00  1.63378769e-10  3.00000000e-01 
 1.13415000e+00  1.63378769e-10  3.00000000e-01 
 1.13425000e+00  1.63378769e-10  3.00000000e-01 
 1.13435000e+00  1.63378769e-10  3.00000000e-01 
 1.13445000e+00  1.63378769e-10  3.00000000e-01 
 1.13455000e+00  1.63378769e-10  3.00000000e-01 
 1.13465000e+00  1.63378769e-10  3.00000000e-01 
 1.13475000e+00  1.63378769e-10  3.00000000e-01 
 1.13485000e+00  1.63378769e-10  3.00000000e-01 
 1.13495000e+00  1.63378769e-10  3.00000000e-01 
 1.13505000e+00  1.63378769e-10  3.00000000e-01 
 1.13515000e+00  1.63378769e-10  3.00000000e-01 
 1.13525000e+00  1.63378769e-10  3.00000000e-01 
 1.13535000e+00  1.63378769e-10  3.00000000e-01 
 1.13545000e+00  1.63378769e-10  3.00000000e-01 
 1.13555000e+00  1.63378769e-10  3.00000000e-01 
 1.13565000e+00  1.63378769e-10  3.00000000e-01 
 1.13575000e+00  1.63378769e-10  3.00000000e-01 
 1.13585000e+00  1.63378769e-10  3.00000000e-01 
 1.13595000e+00  1.63378769e-10  3.00000000e-01 
 1.13605000e+00  1.63378769e-10  3.00000000e-01 
 1.13615000e+00  1.63378769e-10  3.00000000e-01 
 1.13625000e+00  1.63378769e-10  3.00000000e-01 
 1.13635000e+00  1.63378769e-10  3.00000000e-01 
 1.13645000e+00  1.63378769e-10  3.00000000e-01 
 1.13655000e+00  1.63378769e-10  3.00000000e-01 
 1.13665000e+00  1.63378769e-10  3.00000000e-01 
 1.13675000e+00  1.63378769e-10  3.00000000e-01 
 1.13685000e+00  1.63378769e-10  3.00000000e-01 
 1.13695000e+00  1.63378769e-10  3.00000000e-01 
 1.13705000e+00  1.63378769e-10  3.00000000e-01 
 1.13715000e+00  1.63378769e-10  3.00000000e-01 
 1.13725000e+00  1.63378769e-10  3.00000000e-01 
 1.13735000e+00  1.63378769e-10  3.00000000e-01 
 1.13745000e+00  1.63378769e-10  3.00000000e-01 
 1.13755000e+00  1.63378769e-10  3.00000000e-01 
 1.13765000e+00  1.63378769e-10  3.00000000e-01 
 1.13775000e+00  1.63378769e-10  3.00000000e-01 
 1.13785000e+00  1.63378769e-10  3.00000000e-01 
 1.13795000e+00  1.63378769e-10  3.00000000e-01 
 1.13805000e+00  1.63378769e-10  3.00000000e-01 
 1.13815000e+00  1.63378769e-10  3.00000000e-01 
 1.13825000e+00  1.63378769e-10  3.00000000e-01 
 1.13835000e+00  1.63378769e-10  3.00000000e-01 
 1.13845000e+00  1.63378769e-10  3.00000000e-01 
 1.13855000e+00  1.63378769e-10  3.00000000e-01 
 1.13865000e+00  1.63378769e-10  3.00000000e-01 
 1.13875000e+00  1.63378769e-10  3.00000000e-01 
 1.13885000e+00  1.63378769e-10  3.00000000e-01 
 1.13895000e+00  1.63378769e-10  3.00000000e-01 
 1.13905000e+00  1.63378769e-10  3.00000000e-01 
 1.13915000e+00  1.63378769e-10  3.00000000e-01 
 1.13925000e+00  1.63378769e-10  3.00000000e-01 
 1.13935000e+00  1.63378769e-10  3.00000000e-01 
 1.13945000e+00  1.63378769e-10  3.00000000e-01 
 1.13955000e+00  1.63378769e-10  3.00000000e-01 
 1.13965000e+00  1.63378769e-10  3.00000000e-01 
 1.13975000e+00  1.63378769e-10  3.00000000e-01 
 1.13985000e+00  1.63378769e-10  3.00000000e-01 
 1.13995000e+00  1.63378769e-10  3.00000000e-01 
 1.14005000e+00  1.63378769e-10  3.00000000e-01 
 1.14015000e+00  1.63378769e-10  3.00000000e-01 
 1.14025000e+00  1.63378769e-10  3.00000000e-01 
 1.14035000e+00  1.63378769e-10  3.00000000e-01 
 1.14045000e+00  1.63378769e-10  3.00000000e-01 
 1.14055000e+00  1.63378769e-10  3.00000000e-01 
 1.14065000e+00  1.63378769e-10  3.00000000e-01 
 1.14075000e+00  1.63378769e-10  3.00000000e-01 
 1.14085000e+00  1.63378769e-10  3.00000000e-01 
 1.14095000e+00  1.63378769e-10  3.00000000e-01 
 1.14105000e+00  1.63378769e-10  3.00000000e-01 
 1.14115000e+00  1.63378769e-10  3.00000000e-01 
 1.14125000e+00  1.63378769e-10  3.00000000e-01 
 1.14135000e+00  1.63378769e-10  3.00000000e-01 
 1.14145000e+00  1.63378769e-10  3.00000000e-01 
 1.14155000e+00  1.63378769e-10  3.00000000e-01 
 1.14165000e+00  1.63378769e-10  3.00000000e-01 
 1.14175000e+00  1.63378769e-10  3.00000000e-01 
 1.14185000e+00  1.63378769e-10  3.00000000e-01 
 1.14195000e+00  1.63378769e-10  3.00000000e-01 
 1.14205000e+00  1.63378769e-10  3.00000000e-01 
 1.14215000e+00  1.63378769e-10  3.00000000e-01 
 1.14225000e+00  1.63378769e-10  3.00000000e-01 
 1.14235000e+00  1.63378769e-10  3.00000000e-01 
 1.14245000e+00  1.63378769e-10  3.00000000e-01 
 1.14255000e+00  1.63378769e-10  3.00000000e-01 
 1.14265000e+00  1.63378769e-10  3.00000000e-01 
 1.14275000e+00  1.63378769e-10  3.00000000e-01 
 1.14285000e+00  1.63378769e-10  3.00000000e-01 
 1.14295000e+00  1.63378769e-10  3.00000000e-01 
 1.14305000e+00  1.63378769e-10  3.00000000e-01 
 1.14315000e+00  1.63378769e-10  3.00000000e-01 
 1.14325000e+00  1.63378769e-10  3.00000000e-01 
 1.14335000e+00  1.63378769e-10  3.00000000e-01 
 1.14345000e+00  1.63378769e-10  3.00000000e-01 
 1.14355000e+00  1.63378769e-10  3.00000000e-01 
 1.14365000e+00  1.63378769e-10  3.00000000e-01 
 1.14375000e+00  1.63378769e-10  3.00000000e-01 
 1.14385000e+00  1.63378769e-10  3.00000000e-01 
 1.14395000e+00  1.63378769e-10  3.00000000e-01 
 1.14405000e+00  1.63378769e-10  3.00000000e-01 
 1.14415000e+00  1.63378769e-10  3.00000000e-01 
 1.14425000e+00  1.63378769e-10  3.00000000e-01 
 1.14435000e+00  1.63378769e-10  3.00000000e-01 
 1.14445000e+00  1.63378769e-10  3.00000000e-01 
 1.14455000e+00  1.63378769e-10  3.00000000e-01 
 1.14465000e+00  1.63378769e-10  3.00000000e-01 
 1.14475000e+00  1.63378769e-10  3.00000000e-01 
 1.14485000e+00  1.63378769e-10  3.00000000e-01 
 1.14495000e+00  1.63378769e-10  3.00000000e-01 
 1.14505000e+00  1.63378769e-10  3.00000000e-01 
 1.14515000e+00  1.63378769e-10  3.00000000e-01 
 1.14525000e+00  1.63378769e-10  3.00000000e-01 
 1.14535000e+00  1.63378769e-10  3.00000000e-01 
 1.14545000e+00  1.63378769e-10  3.00000000e-01 
 1.14555000e+00  1.63378769e-10  3.00000000e-01 
 1.14565000e+00  1.63378769e-10  3.00000000e-01 
 1.14575000e+00  1.63378769e-10  3.00000000e-01 
 1.14585000e+00  1.63378769e-10  3.00000000e-01 
 1.14595000e+00  1.63378769e-10  3.00000000e-01 
 1.14605000e+00  1.63378769e-10  3.00000000e-01 
 1.14615000e+00  1.63378769e-10  3.00000000e-01 
 1.14625000e+00  1.63378769e-10  3.00000000e-01 
 1.14635000e+00  1.63378769e-10  3.00000000e-01 
 1.14645000e+00  1.63378769e-10  3.00000000e-01 
 1.14655000e+00  1.63378769e-10  3.00000000e-01 
 1.14665000e+00  1.63378769e-10  3.00000000e-01 
 1.14675000e+00  1.63378769e-10  3.00000000e-01 
 1.14685000e+00  1.63378769e-10  3.00000000e-01 
 1.14695000e+00  1.63378769e-10  3.00000000e-01 
 1.14705000e+00  1.63378769e-10  3.00000000e-01 
 1.14715000e+00  1.63378769e-10  3.00000000e-01 
 1.14725000e+00  1.63378769e-10  3.00000000e-01 
 1.14735000e+00  1.63378769e-10  3.00000000e-01 
 1.14745000e+00  1.63378769e-10  3.00000000e-01 
 1.14755000e+00  1.63378769e-10  3.00000000e-01 
 1.14765000e+00  1.63378769e-10  3.00000000e-01 
 1.14775000e+00  1.63378769e-10  3.00000000e-01 
 1.14785000e+00  1.63378769e-10  3.00000000e-01 
 1.14795000e+00  1.63378769e-10  3.00000000e-01 
 1.14805000e+00  1.63378769e-10  3.00000000e-01 
 1.14815000e+00  1.63378769e-10  3.00000000e-01 
 1.14825000e+00  1.63378769e-10  3.00000000e-01 
 1.14835000e+00  1.63378769e-10  3.00000000e-01 
 1.14845000e+00  1.63378769e-10  3.00000000e-01 
 1.14855000e+00  1.63378769e-10  3.00000000e-01 
 1.14865000e+00  1.63378769e-10  3.00000000e-01 
 1.14875000e+00  1.63378769e-10  3.00000000e-01 
 1.14885000e+00  1.63378769e-10  3.00000000e-01 
 1.14895000e+00  1.63378769e-10  3.00000000e-01 
 1.14905000e+00  1.63378769e-10  3.00000000e-01 
 1.14915000e+00  1.63378769e-10  3.00000000e-01 
 1.14925000e+00  1.63378769e-10  3.00000000e-01 
 1.14935000e+00  1.63378769e-10  3.00000000e-01 
 1.14945000e+00  1.63378769e-10  3.00000000e-01 
 1.14955000e+00  1.63378769e-10  3.00000000e-01 
 1.14965000e+00  1.63378769e-10  3.00000000e-01 
 1.14975000e+00  1.63378769e-10  3.00000000e-01 
 1.14985000e+00  1.63378769e-10  3.00000000e-01 
 1.14995000e+00  1.63378769e-10  3.00000000e-01 
 1.15005000e+00  1.63378769e-10  3.00000000e-01 
 1.15015000e+00  1.63378769e-10  3.00000000e-01 
 1.15025000e+00  1.63378769e-10  3.00000000e-01 
 1.15035000e+00  1.63378769e-10  3.00000000e-01 
 1.15045000e+00  1.63378769e-10  3.00000000e-01 
 1.15055000e+00  1.63378769e-10  3.00000000e-01 
 1.15065000e+00  1.63378769e-10  3.00000000e-01 
 1.15075000e+00  1.63378769e-10  3.00000000e-01 
 1.15085000e+00  1.63378769e-10  3.00000000e-01 
 1.15095000e+00  1.63378769e-10  3.00000000e-01 
 1.15105000e+00  1.63378769e-10  3.00000000e-01 
 1.15115000e+00  1.63378769e-10  3.00000000e-01 
 1.15125000e+00  1.63378769e-10  3.00000000e-01 
 1.15135000e+00  1.63378769e-10  3.00000000e-01 
 1.15145000e+00  1.63378769e-10  3.00000000e-01 
 1.15155000e+00  1.63378769e-10  3.00000000e-01 
 1.15165000e+00  1.63378769e-10  3.00000000e-01 
 1.15175000e+00  1.63378769e-10  3.00000000e-01 
 1.15185000e+00  1.63378769e-10  3.00000000e-01 
 1.15195000e+00  1.63378769e-10  3.00000000e-01 
 1.15205000e+00  1.63378769e-10  3.00000000e-01 
 1.15215000e+00  1.63378769e-10  3.00000000e-01 
 1.15225000e+00  1.63378769e-10  3.00000000e-01 
 1.15235000e+00  1.63378769e-10  3.00000000e-01 
 1.15245000e+00  1.63378769e-10  3.00000000e-01 
 1.15255000e+00  1.63378769e-10  3.00000000e-01 
 1.15265000e+00  1.63378769e-10  3.00000000e-01 
 1.15275000e+00  1.63378769e-10  3.00000000e-01 
 1.15285000e+00  1.63378769e-10  3.00000000e-01 
 1.15295000e+00  1.63378769e-10  3.00000000e-01 
 1.15305000e+00  1.63378769e-10  3.00000000e-01 
 1.15315000e+00  1.63378769e-10  3.00000000e-01 
 1.15325000e+00  1.63378769e-10  3.00000000e-01 
 1.15335000e+00  1.63378769e-10  3.00000000e-01 
 1.15345000e+00  1.63378769e-10  3.00000000e-01 
 1.15355000e+00  1.63378769e-10  3.00000000e-01 
 1.15365000e+00  1.63378769e-10  3.00000000e-01 
 1.15375000e+00  1.63378769e-10  3.00000000e-01 
 1.15385000e+00  1.63378769e-10  3.00000000e-01 
 1.15395000e+00  1.63378769e-10  3.00000000e-01 
 1.15405000e+00  1.63378769e-10  3.00000000e-01 
 1.15415000e+00  1.63378769e-10  3.00000000e-01 
 1.15425000e+00  1.63378769e-10  3.00000000e-01 
 1.15435000e+00  1.63378769e-10  3.00000000e-01 
 1.15445000e+00  1.63378769e-10  3.00000000e-01 
 1.15455000e+00  1.63378769e-10  3.00000000e-01 
 1.15465000e+00  1.63378769e-10  3.00000000e-01 
 1.15475000e+00  1.63378769e-10  3.00000000e-01 
 1.15485000e+00  1.63378769e-10  3.00000000e-01 
 1.15495000e+00  1.63378769e-10  3.00000000e-01 
 1.15505000e+00  1.63378769e-10  3.00000000e-01 
 1.15515000e+00  1.63378769e-10  3.00000000e-01 
 1.15525000e+00  1.63378769e-10  3.00000000e-01 
 1.15535000e+00  1.63378769e-10  3.00000000e-01 
 1.15545000e+00  1.63378769e-10  3.00000000e-01 
 1.15555000e+00  1.63378769e-10  3.00000000e-01 
 1.15565000e+00  1.63378769e-10  3.00000000e-01 
 1.15575000e+00  1.63378769e-10  3.00000000e-01 
 1.15585000e+00  1.63378769e-10  3.00000000e-01 
 1.15595000e+00  1.63378769e-10  3.00000000e-01 
 1.15605000e+00  1.63378769e-10  3.00000000e-01 
 1.15615000e+00  1.63378769e-10  3.00000000e-01 
 1.15625000e+00  1.63378769e-10  3.00000000e-01 
 1.15635000e+00  1.63378769e-10  3.00000000e-01 
 1.15645000e+00  1.63378769e-10  3.00000000e-01 
 1.15655000e+00  1.63378769e-10  3.00000000e-01 
 1.15665000e+00  1.63378769e-10  3.00000000e-01 
 1.15675000e+00  1.63378769e-10  3.00000000e-01 
 1.15685000e+00  1.63378769e-10  3.00000000e-01 
 1.15695000e+00  1.63378769e-10  3.00000000e-01 
 1.15705000e+00  1.63378769e-10  3.00000000e-01 
 1.15715000e+00  1.63378769e-10  3.00000000e-01 
 1.15725000e+00  1.63378769e-10  3.00000000e-01 
 1.15735000e+00  1.63378769e-10  3.00000000e-01 
 1.15745000e+00  1.63378769e-10  3.00000000e-01 
 1.15755000e+00  1.63378769e-10  3.00000000e-01 
 1.15765000e+00  1.63378769e-10  3.00000000e-01 
 1.15775000e+00  1.63378769e-10  3.00000000e-01 
 1.15785000e+00  1.63378769e-10  3.00000000e-01 
 1.15795000e+00  1.63378769e-10  3.00000000e-01 
 1.15805000e+00  1.63378769e-10  3.00000000e-01 
 1.15815000e+00  1.63378769e-10  3.00000000e-01 
 1.15825000e+00  1.63378769e-10  3.00000000e-01 
 1.15835000e+00  1.63378769e-10  3.00000000e-01 
 1.15845000e+00  1.63378769e-10  3.00000000e-01 
 1.15855000e+00  1.63378769e-10  3.00000000e-01 
 1.15865000e+00  1.63378769e-10  3.00000000e-01 
 1.15875000e+00  1.63378769e-10  3.00000000e-01 
 1.15885000e+00  1.63378769e-10  3.00000000e-01 
 1.15895000e+00  1.63378769e-10  3.00000000e-01 
 1.15905000e+00  1.63378769e-10  3.00000000e-01 
 1.15915000e+00  1.63378769e-10  3.00000000e-01 
 1.15925000e+00  1.63378769e-10  3.00000000e-01 
 1.15935000e+00  1.63378769e-10  3.00000000e-01 
 1.15945000e+00  1.63378769e-10  3.00000000e-01 
 1.15955000e+00  1.63378769e-10  3.00000000e-01 
 1.15965000e+00  1.63378769e-10  3.00000000e-01 
 1.15975000e+00  1.63378769e-10  3.00000000e-01 
 1.15985000e+00  1.63378769e-10  3.00000000e-01 
 1.15995000e+00  1.63378769e-10  3.00000000e-01 
 1.16005000e+00  1.63378769e-10  3.00000000e-01 
 1.16015000e+00  1.63378769e-10  3.00000000e-01 
 1.16025000e+00  1.63378769e-10  3.00000000e-01 
 1.16035000e+00  1.63378769e-10  3.00000000e-01 
 1.16045000e+00  1.63378769e-10  3.00000000e-01 
 1.16055000e+00  1.63378769e-10  3.00000000e-01 
 1.16065000e+00  1.63378769e-10  3.00000000e-01 
 1.16075000e+00  1.63378769e-10  3.00000000e-01 
 1.16085000e+00  1.63378769e-10  3.00000000e-01 
 1.16095000e+00  1.63378769e-10  3.00000000e-01 
 1.16105000e+00  1.63378769e-10  3.00000000e-01 
 1.16115000e+00  1.63378769e-10  3.00000000e-01 
 1.16125000e+00  1.63378769e-10  3.00000000e-01 
 1.16135000e+00  1.63378769e-10  3.00000000e-01 
 1.16145000e+00  1.63378769e-10  3.00000000e-01 
 1.16155000e+00  1.63378769e-10  3.00000000e-01 
 1.16165000e+00  1.63378769e-10  3.00000000e-01 
 1.16175000e+00  1.63378769e-10  3.00000000e-01 
 1.16185000e+00  1.63378769e-10  3.00000000e-01 
 1.16195000e+00  1.63378769e-10  3.00000000e-01 
 1.16205000e+00  1.63378769e-10  3.00000000e-01 
 1.16215000e+00  1.63378769e-10  3.00000000e-01 
 1.16225000e+00  1.63378769e-10  3.00000000e-01 
 1.16235000e+00  1.63378769e-10  3.00000000e-01 
 1.16245000e+00  1.63378769e-10  3.00000000e-01 
 1.16255000e+00  1.63378769e-10  3.00000000e-01 
 1.16265000e+00  1.63378769e-10  3.00000000e-01 
 1.16275000e+00  1.63378769e-10  3.00000000e-01 
 1.16285000e+00  1.63378769e-10  3.00000000e-01 
 1.16295000e+00  1.63378769e-10  3.00000000e-01 
 1.16305000e+00  1.63378769e-10  3.00000000e-01 
 1.16315000e+00  1.63378769e-10  3.00000000e-01 
 1.16325000e+00  1.63378769e-10  3.00000000e-01 
 1.16335000e+00  1.63378769e-10  3.00000000e-01 
 1.16345000e+00  1.63378769e-10  3.00000000e-01 
 1.16355000e+00  1.63378769e-10  3.00000000e-01 
 1.16365000e+00  1.63378769e-10  3.00000000e-01 
 1.16375000e+00  1.63378769e-10  3.00000000e-01 
 1.16385000e+00  1.63378769e-10  3.00000000e-01 
 1.16395000e+00  1.63378769e-10  3.00000000e-01 
 1.16405000e+00  1.63378769e-10  3.00000000e-01 
 1.16415000e+00  1.63378769e-10  3.00000000e-01 
 1.16425000e+00  1.63378769e-10  3.00000000e-01 
 1.16435000e+00  1.63378769e-10  3.00000000e-01 
 1.16445000e+00  1.63378769e-10  3.00000000e-01 
 1.16455000e+00  1.63378769e-10  3.00000000e-01 
 1.16465000e+00  1.63378769e-10  3.00000000e-01 
 1.16475000e+00  1.63378769e-10  3.00000000e-01 
 1.16485000e+00  1.63378769e-10  3.00000000e-01 
 1.16495000e+00  1.63378769e-10  3.00000000e-01 
 1.16505000e+00  1.63378769e-10  3.00000000e-01 
 1.16515000e+00  1.63378769e-10  3.00000000e-01 
 1.16525000e+00  1.63378769e-10  3.00000000e-01 
 1.16535000e+00  1.63378769e-10  3.00000000e-01 
 1.16545000e+00  1.63378769e-10  3.00000000e-01 
 1.16555000e+00  1.63378769e-10  3.00000000e-01 
 1.16565000e+00  1.63378769e-10  3.00000000e-01 
 1.16575000e+00  1.63378769e-10  3.00000000e-01 
 1.16585000e+00  1.63378769e-10  3.00000000e-01 
 1.16595000e+00  1.63378769e-10  3.00000000e-01 
 1.16605000e+00  1.63378769e-10  3.00000000e-01 
 1.16615000e+00  1.63378769e-10  3.00000000e-01 
 1.16625000e+00  1.63378769e-10  3.00000000e-01 
 1.16635000e+00  1.63378769e-10  3.00000000e-01 
 1.16645000e+00  1.63378769e-10  3.00000000e-01 
 1.16655000e+00  1.63378769e-10  3.00000000e-01 
 1.16665000e+00  1.63378769e-10  3.00000000e-01 
 1.16675000e+00  1.63378769e-10  3.00000000e-01 
 1.16685000e+00  1.63378769e-10  3.00000000e-01 
 1.16695000e+00  1.63378769e-10  3.00000000e-01 
 1.16705000e+00  1.63378769e-10  3.00000000e-01 
 1.16715000e+00  1.63378769e-10  3.00000000e-01 
 1.16725000e+00  1.63378769e-10  3.00000000e-01 
 1.16735000e+00  1.63378769e-10  3.00000000e-01 
 1.16745000e+00  1.63378769e-10  3.00000000e-01 
 1.16755000e+00  1.63378769e-10  3.00000000e-01 
 1.16765000e+00  1.63378769e-10  3.00000000e-01 
 1.16775000e+00  1.63378769e-10  3.00000000e-01 
 1.16785000e+00  1.63378769e-10  3.00000000e-01 
 1.16795000e+00  1.63378769e-10  3.00000000e-01 
 1.16805000e+00  1.63378769e-10  3.00000000e-01 
 1.16815000e+00  1.63378769e-10  3.00000000e-01 
 1.16825000e+00  1.63378769e-10  3.00000000e-01 
 1.16835000e+00  1.63378769e-10  3.00000000e-01 
 1.16845000e+00  1.63378769e-10  3.00000000e-01 
 1.16855000e+00  1.63378769e-10  3.00000000e-01 
 1.16865000e+00  1.63378769e-10  3.00000000e-01 
 1.16875000e+00  1.63378769e-10  3.00000000e-01 
 1.16885000e+00  1.63378769e-10  3.00000000e-01 
 1.16895000e+00  1.63378769e-10  3.00000000e-01 
 1.16905000e+00  1.63378769e-10  3.00000000e-01 
 1.16915000e+00  1.63378769e-10  3.00000000e-01 
 1.16925000e+00  1.63378769e-10  3.00000000e-01 
 1.16935000e+00  1.63378769e-10  3.00000000e-01 
 1.16945000e+00  1.63378769e-10  3.00000000e-01 
 1.16955000e+00  1.63378769e-10  3.00000000e-01 
 1.16965000e+00  1.63378769e-10  3.00000000e-01 
 1.16975000e+00  1.63378769e-10  3.00000000e-01 
 1.16985000e+00  1.63378769e-10  3.00000000e-01 
 1.16995000e+00  1.63378769e-10  3.00000000e-01 
 1.17005000e+00  1.63378769e-10  3.00000000e-01 
 1.17015000e+00  1.63378769e-10  3.00000000e-01 
 1.17025000e+00  1.63378769e-10  3.00000000e-01 
 1.17035000e+00  1.63378769e-10  3.00000000e-01 
 1.17045000e+00  1.63378769e-10  3.00000000e-01 
 1.17055000e+00  1.63378769e-10  3.00000000e-01 
 1.17065000e+00  1.63378769e-10  3.00000000e-01 
 1.17075000e+00  1.63378769e-10  3.00000000e-01 
 1.17085000e+00  1.63378769e-10  3.00000000e-01 
 1.17095000e+00  1.63378769e-10  3.00000000e-01 
 1.17105000e+00  1.63378769e-10  3.00000000e-01 
 1.17115000e+00  1.63378769e-10  3.00000000e-01 
 1.17125000e+00  1.63378769e-10  3.00000000e-01 
 1.17135000e+00  1.63378769e-10  3.00000000e-01 
 1.17145000e+00  1.63378769e-10  3.00000000e-01 
 1.17155000e+00  1.63378769e-10  3.00000000e-01 
 1.17165000e+00  1.63378769e-10  3.00000000e-01 
 1.17175000e+00  1.63378769e-10  3.00000000e-01 
 1.17185000e+00  1.63378769e-10  3.00000000e-01 
 1.17195000e+00  1.63378769e-10  3.00000000e-01 
 1.17205000e+00  1.63378769e-10  3.00000000e-01 
 1.17215000e+00  1.63378769e-10  3.00000000e-01 
 1.17225000e+00  1.63378769e-10  3.00000000e-01 
 1.17235000e+00  1.63378769e-10  3.00000000e-01 
 1.17245000e+00  1.63378769e-10  3.00000000e-01 
 1.17255000e+00  1.63378769e-10  3.00000000e-01 
 1.17265000e+00  1.63378769e-10  3.00000000e-01 
 1.17275000e+00  1.63378769e-10  3.00000000e-01 
 1.17285000e+00  1.63378769e-10  3.00000000e-01 
 1.17295000e+00  1.63378769e-10  3.00000000e-01 
 1.17305000e+00  1.63378769e-10  3.00000000e-01 
 1.17315000e+00  1.63378769e-10  3.00000000e-01 
 1.17325000e+00  1.63378769e-10  3.00000000e-01 
 1.17335000e+00  1.63378769e-10  3.00000000e-01 
 1.17345000e+00  1.63378769e-10  3.00000000e-01 
 1.17355000e+00  1.63378769e-10  3.00000000e-01 
 1.17365000e+00  1.63378769e-10  3.00000000e-01 
 1.17375000e+00  1.63378769e-10  3.00000000e-01 
 1.17385000e+00  1.63378769e-10  3.00000000e-01 
 1.17395000e+00  1.63378769e-10  3.00000000e-01 
 1.17405000e+00  1.63378769e-10  3.00000000e-01 
 1.17415000e+00  1.63378769e-10  3.00000000e-01 
 1.17425000e+00  1.63378769e-10  3.00000000e-01 
 1.17435000e+00  1.63378769e-10  3.00000000e-01 
 1.17445000e+00  1.63378769e-10  3.00000000e-01 
 1.17455000e+00  1.63378769e-10  3.00000000e-01 
 1.17465000e+00  1.63378769e-10  3.00000000e-01 
 1.17475000e+00  1.63378769e-10  3.00000000e-01 
 1.17485000e+00  1.63378769e-10  3.00000000e-01 
 1.17495000e+00  1.63378769e-10  3.00000000e-01 
 1.17505000e+00  1.63378769e-10  3.00000000e-01 
 1.17515000e+00  1.63378769e-10  3.00000000e-01 
 1.17525000e+00  1.63378769e-10  3.00000000e-01 
 1.17535000e+00  1.63378769e-10  3.00000000e-01 
 1.17545000e+00  1.63378769e-10  3.00000000e-01 
 1.17555000e+00  1.63378769e-10  3.00000000e-01 
 1.17565000e+00  1.63378769e-10  3.00000000e-01 
 1.17575000e+00  1.63378769e-10  3.00000000e-01 
 1.17585000e+00  1.63378769e-10  3.00000000e-01 
 1.17595000e+00  1.63378769e-10  3.00000000e-01 
 1.17605000e+00  1.63378769e-10  3.00000000e-01 
 1.17615000e+00  1.63378769e-10  3.00000000e-01 
 1.17625000e+00  1.63378769e-10  3.00000000e-01 
 1.17635000e+00  1.63378769e-10  3.00000000e-01 
 1.17645000e+00  1.63378769e-10  3.00000000e-01 
 1.17655000e+00  1.63378769e-10  3.00000000e-01 
 1.17665000e+00  1.63378769e-10  3.00000000e-01 
 1.17675000e+00  1.63378769e-10  3.00000000e-01 
 1.17685000e+00  1.63378769e-10  3.00000000e-01 
 1.17695000e+00  1.63378769e-10  3.00000000e-01 
 1.17705000e+00  1.63378769e-10  3.00000000e-01 
 1.17715000e+00  1.63378769e-10  3.00000000e-01 
 1.17725000e+00  1.63378769e-10  3.00000000e-01 
 1.17735000e+00  1.63378769e-10  3.00000000e-01 
 1.17745000e+00  1.63378769e-10  3.00000000e-01 
 1.17755000e+00  1.63378769e-10  3.00000000e-01 
 1.17765000e+00  1.63378769e-10  3.00000000e-01 
 1.17775000e+00  1.63378769e-10  3.00000000e-01 
 1.17785000e+00  1.63378769e-10  3.00000000e-01 
 1.17795000e+00  1.63378769e-10  3.00000000e-01 
 1.17805000e+00  1.63378769e-10  3.00000000e-01 
 1.17815000e+00  1.63378769e-10  3.00000000e-01 
 1.17825000e+00  1.63378769e-10  3.00000000e-01 
 1.17835000e+00  1.63378769e-10  3.00000000e-01 
 1.17845000e+00  1.63378769e-10  3.00000000e-01 
 1.17855000e+00  1.63378769e-10  3.00000000e-01 
 1.17865000e+00  1.63378769e-10  3.00000000e-01 
 1.17875000e+00  1.63378769e-10  3.00000000e-01 
 1.17885000e+00  1.63378769e-10  3.00000000e-01 
 1.17895000e+00  1.63378769e-10  3.00000000e-01 
 1.17905000e+00  1.63378769e-10  3.00000000e-01 
 1.17915000e+00  1.63378769e-10  3.00000000e-01 
 1.17925000e+00  1.63378769e-10  3.00000000e-01 
 1.17935000e+00  1.63378769e-10  3.00000000e-01 
 1.17945000e+00  1.63378769e-10  3.00000000e-01 
 1.17955000e+00  1.63378769e-10  3.00000000e-01 
 1.17965000e+00  1.63378769e-10  3.00000000e-01 
 1.17975000e+00  1.63378769e-10  3.00000000e-01 
 1.17985000e+00  1.63378769e-10  3.00000000e-01 
 1.17995000e+00  1.63378769e-10  3.00000000e-01 
 1.18005000e+00  1.63378769e-10  3.00000000e-01 
 1.18015000e+00  1.63378769e-10  3.00000000e-01 
 1.18025000e+00  1.63378769e-10  3.00000000e-01 
 1.18035000e+00  1.63378769e-10  3.00000000e-01 
 1.18045000e+00  1.63378769e-10  3.00000000e-01 
 1.18055000e+00  1.63378769e-10  3.00000000e-01 
 1.18065000e+00  1.63378769e-10  3.00000000e-01 
 1.18075000e+00  1.63378769e-10  3.00000000e-01 
 1.18085000e+00  1.63378769e-10  3.00000000e-01 
 1.18095000e+00  1.63378769e-10  3.00000000e-01 
 1.18105000e+00  1.63378769e-10  3.00000000e-01 
 1.18115000e+00  1.63378769e-10  3.00000000e-01 
 1.18125000e+00  1.63378769e-10  3.00000000e-01 
 1.18135000e+00  1.63378769e-10  3.00000000e-01 
 1.18145000e+00  1.63378769e-10  3.00000000e-01 
 1.18155000e+00  1.63378769e-10  3.00000000e-01 
 1.18165000e+00  1.63378769e-10  3.00000000e-01 
 1.18175000e+00  1.63378769e-10  3.00000000e-01 
 1.18185000e+00  1.63378769e-10  3.00000000e-01 
 1.18195000e+00  1.63378769e-10  3.00000000e-01 
 1.18205000e+00  1.63378769e-10  3.00000000e-01 
 1.18215000e+00  1.63378769e-10  3.00000000e-01 
 1.18225000e+00  1.63378769e-10  3.00000000e-01 
 1.18235000e+00  1.63378769e-10  3.00000000e-01 
 1.18245000e+00  1.63378769e-10  3.00000000e-01 
 1.18255000e+00  1.63378769e-10  3.00000000e-01 
 1.18265000e+00  1.63378769e-10  3.00000000e-01 
 1.18275000e+00  1.63378769e-10  3.00000000e-01 
 1.18285000e+00  1.63378769e-10  3.00000000e-01 
 1.18295000e+00  1.63378769e-10  3.00000000e-01 
 1.18305000e+00  1.63378769e-10  3.00000000e-01 
 1.18315000e+00  1.63378769e-10  3.00000000e-01 
 1.18325000e+00  1.63378769e-10  3.00000000e-01 
 1.18335000e+00  1.63378769e-10  3.00000000e-01 
 1.18345000e+00  1.63378769e-10  3.00000000e-01 
 1.18355000e+00  1.63378769e-10  3.00000000e-01 
 1.18365000e+00  1.63378769e-10  3.00000000e-01 
 1.18375000e+00  1.63378769e-10  3.00000000e-01 
 1.18385000e+00  1.63378769e-10  3.00000000e-01 
 1.18395000e+00  1.63378769e-10  3.00000000e-01 
 1.18405000e+00  1.63378769e-10  3.00000000e-01 
 1.18415000e+00  1.63378769e-10  3.00000000e-01 
 1.18425000e+00  1.63378769e-10  3.00000000e-01 
 1.18435000e+00  1.63378769e-10  3.00000000e-01 
 1.18445000e+00  1.63378769e-10  3.00000000e-01 
 1.18455000e+00  1.63378769e-10  3.00000000e-01 
 1.18465000e+00  1.63378769e-10  3.00000000e-01 
 1.18475000e+00  1.63378769e-10  3.00000000e-01 
 1.18485000e+00  1.63378769e-10  3.00000000e-01 
 1.18495000e+00  1.63378769e-10  3.00000000e-01 
 1.18505000e+00  1.63378769e-10  3.00000000e-01 
 1.18515000e+00  1.63378769e-10  3.00000000e-01 
 1.18525000e+00  1.63378769e-10  3.00000000e-01 
 1.18535000e+00  1.63378769e-10  3.00000000e-01 
 1.18545000e+00  1.63378769e-10  3.00000000e-01 
 1.18555000e+00  1.63378769e-10  3.00000000e-01 
 1.18565000e+00  1.63378769e-10  3.00000000e-01 
 1.18575000e+00  1.63378769e-10  3.00000000e-01 
 1.18585000e+00  1.63378769e-10  3.00000000e-01 
 1.18595000e+00  1.63378769e-10  3.00000000e-01 
 1.18605000e+00  1.63378769e-10  3.00000000e-01 
 1.18615000e+00  1.63378769e-10  3.00000000e-01 
 1.18625000e+00  1.63378769e-10  3.00000000e-01 
 1.18635000e+00  1.63378769e-10  3.00000000e-01 
 1.18645000e+00  1.63378769e-10  3.00000000e-01 
 1.18655000e+00  1.63378769e-10  3.00000000e-01 
 1.18665000e+00  1.63378769e-10  3.00000000e-01 
 1.18675000e+00  1.63378769e-10  3.00000000e-01 
 1.18685000e+00  1.63378769e-10  3.00000000e-01 
 1.18695000e+00  1.63378769e-10  3.00000000e-01 
 1.18705000e+00  1.63378769e-10  3.00000000e-01 
 1.18715000e+00  1.63378769e-10  3.00000000e-01 
 1.18725000e+00  1.63378769e-10  3.00000000e-01 
 1.18735000e+00  1.63378769e-10  3.00000000e-01 
 1.18745000e+00  1.63378769e-10  3.00000000e-01 
 1.18755000e+00  1.63378769e-10  3.00000000e-01 
 1.18765000e+00  1.63378769e-10  3.00000000e-01 
 1.18775000e+00  1.63378769e-10  3.00000000e-01 
 1.18785000e+00  1.63378769e-10  3.00000000e-01 
 1.18795000e+00  1.63378769e-10  3.00000000e-01 
 1.18805000e+00  1.63378769e-10  3.00000000e-01 
 1.18815000e+00  1.63378769e-10  3.00000000e-01 
 1.18825000e+00  1.63378769e-10  3.00000000e-01 
 1.18835000e+00  1.63378769e-10  3.00000000e-01 
 1.18845000e+00  1.63378769e-10  3.00000000e-01 
 1.18855000e+00  1.63378769e-10  3.00000000e-01 
 1.18865000e+00  1.63378769e-10  3.00000000e-01 
 1.18875000e+00  1.63378769e-10  3.00000000e-01 
 1.18885000e+00  1.63378769e-10  3.00000000e-01 
 1.18895000e+00  1.63378769e-10  3.00000000e-01 
 1.18905000e+00  1.63378769e-10  3.00000000e-01 
 1.18915000e+00  1.63378769e-10  3.00000000e-01 
 1.18925000e+00  1.63378769e-10  3.00000000e-01 
 1.18935000e+00  1.63378769e-10  3.00000000e-01 
 1.18945000e+00  1.63378769e-10  3.00000000e-01 
 1.18955000e+00  1.63378769e-10  3.00000000e-01 
 1.18965000e+00  1.63378769e-10  3.00000000e-01 
 1.18975000e+00  1.63378769e-10  3.00000000e-01 
 1.18985000e+00  1.63378769e-10  3.00000000e-01 
 1.18995000e+00  1.63378769e-10  3.00000000e-01 
 1.19005000e+00  1.63378769e-10  3.00000000e-01 
 1.19015000e+00  1.63378769e-10  3.00000000e-01 
 1.19025000e+00  1.63378769e-10  3.00000000e-01 
 1.19035000e+00  1.63378769e-10  3.00000000e-01 
 1.19045000e+00  1.63378769e-10  3.00000000e-01 
 1.19055000e+00  1.63378769e-10  3.00000000e-01 
 1.19065000e+00  1.63378769e-10  3.00000000e-01 
 1.19075000e+00  1.63378769e-10  3.00000000e-01 
 1.19085000e+00  1.63378769e-10  3.00000000e-01 
 1.19095000e+00  1.63378769e-10  3.00000000e-01 
 1.19105000e+00  1.63378769e-10  3.00000000e-01 
 1.19115000e+00  1.63378769e-10  3.00000000e-01 
 1.19125000e+00  1.63378769e-10  3.00000000e-01 
 1.19135000e+00  1.63378769e-10  3.00000000e-01 
 1.19145000e+00  1.63378769e-10  3.00000000e-01 
 1.19155000e+00  1.63378769e-10  3.00000000e-01 
 1.19165000e+00  1.63378769e-10  3.00000000e-01 
 1.19175000e+00  1.63378769e-10  3.00000000e-01 
 1.19185000e+00  1.63378769e-10  3.00000000e-01 
 1.19195000e+00  1.63378769e-10  3.00000000e-01 
 1.19205000e+00  1.63378769e-10  3.00000000e-01 
 1.19215000e+00  1.63378769e-10  3.00000000e-01 
 1.19225000e+00  1.63378769e-10  3.00000000e-01 
 1.19235000e+00  1.63378769e-10  3.00000000e-01 
 1.19245000e+00  1.63378769e-10  3.00000000e-01 
 1.19255000e+00  1.63378769e-10  3.00000000e-01 
 1.19265000e+00  1.63378769e-10  3.00000000e-01 
 1.19275000e+00  1.63378769e-10  3.00000000e-01 
 1.19285000e+00  1.63378769e-10  3.00000000e-01 
 1.19295000e+00  1.63378769e-10  3.00000000e-01 
 1.19305000e+00  1.63378769e-10  3.00000000e-01 
 1.19315000e+00  1.63378769e-10  3.00000000e-01 
 1.19325000e+00  1.63378769e-10  3.00000000e-01 
 1.19335000e+00  1.63378769e-10  3.00000000e-01 
 1.19345000e+00  1.63378769e-10  3.00000000e-01 
 1.19355000e+00  1.63378769e-10  3.00000000e-01 
 1.19365000e+00  1.63378769e-10  3.00000000e-01 
 1.19375000e+00  1.63378769e-10  3.00000000e-01 
 1.19385000e+00  1.63378769e-10  3.00000000e-01 
 1.19395000e+00  1.63378769e-10  3.00000000e-01 
 1.19405000e+00  1.63378769e-10  3.00000000e-01 
 1.19415000e+00  1.63378769e-10  3.00000000e-01 
 1.19425000e+00  1.63378769e-10  3.00000000e-01 
 1.19435000e+00  1.63378769e-10  3.00000000e-01 
 1.19445000e+00  1.63378769e-10  3.00000000e-01 
 1.19455000e+00  1.63378769e-10  3.00000000e-01 
 1.19465000e+00  1.63378769e-10  3.00000000e-01 
 1.19475000e+00  1.63378769e-10  3.00000000e-01 
 1.19485000e+00  1.63378769e-10  3.00000000e-01 
 1.19495000e+00  1.63378769e-10  3.00000000e-01 
 1.19505000e+00  1.63378769e-10  3.00000000e-01 
 1.19515000e+00  1.63378769e-10  3.00000000e-01 
 1.19525000e+00  1.63378769e-10  3.00000000e-01 
 1.19535000e+00  1.63378769e-10  3.00000000e-01 
 1.19545000e+00  1.63378769e-10  3.00000000e-01 
 1.19555000e+00  1.63378769e-10  3.00000000e-01 
 1.19565000e+00  1.63378769e-10  3.00000000e-01 
 1.19575000e+00  1.63378769e-10  3.00000000e-01 
 1.19585000e+00  1.63378769e-10  3.00000000e-01 
 1.19595000e+00  1.63378769e-10  3.00000000e-01 
 1.19605000e+00  1.63378769e-10  3.00000000e-01 
 1.19615000e+00  1.63378769e-10  3.00000000e-01 
 1.19625000e+00  1.63378769e-10  3.00000000e-01 
 1.19635000e+00  1.63378769e-10  3.00000000e-01 
 1.19645000e+00  1.63378769e-10  3.00000000e-01 
 1.19655000e+00  1.63378769e-10  3.00000000e-01 
 1.19665000e+00  1.63378769e-10  3.00000000e-01 
 1.19675000e+00  1.63378769e-10  3.00000000e-01 
 1.19685000e+00  1.63378769e-10  3.00000000e-01 
 1.19695000e+00  1.63378769e-10  3.00000000e-01 
 1.19705000e+00  1.63378769e-10  3.00000000e-01 
 1.19715000e+00  1.63378769e-10  3.00000000e-01 
 1.19725000e+00  1.63378769e-10  3.00000000e-01 
 1.19735000e+00  1.63378769e-10  3.00000000e-01 
 1.19745000e+00  1.63378769e-10  3.00000000e-01 
 1.19755000e+00  1.63378769e-10  3.00000000e-01 
 1.19765000e+00  1.63378769e-10  3.00000000e-01 
 1.19775000e+00  1.63378769e-10  3.00000000e-01 
 1.19785000e+00  1.63378769e-10  3.00000000e-01 
 1.19795000e+00  1.63378769e-10  3.00000000e-01 
 1.19805000e+00  1.63378769e-10  3.00000000e-01 
 1.19815000e+00  1.63378769e-10  3.00000000e-01 
 1.19825000e+00  1.63378769e-10  3.00000000e-01 
 1.19835000e+00  1.63378769e-10  3.00000000e-01 
 1.19845000e+00  1.63378769e-10  3.00000000e-01 
 1.19855000e+00  1.63378769e-10  3.00000000e-01 
 1.19865000e+00  1.63378769e-10  3.00000000e-01 
 1.19875000e+00  1.63378769e-10  3.00000000e-01 
 1.19885000e+00  1.63378769e-10  3.00000000e-01 
 1.19895000e+00  1.63378769e-10  3.00000000e-01 
 1.19905000e+00  1.63378769e-10  3.00000000e-01 
 1.19915000e+00  1.63378769e-10  3.00000000e-01 
 1.19925000e+00  1.63378769e-10  3.00000000e-01 
 1.19935000e+00  1.63378769e-10  3.00000000e-01 
 1.19945000e+00  1.63378769e-10  3.00000000e-01 
 1.19955000e+00  1.63378769e-10  3.00000000e-01 
 1.19965000e+00  1.63378769e-10  3.00000000e-01 
 1.19975000e+00  1.63378769e-10  3.00000000e-01 
 1.19985000e+00  1.63378769e-10  3.00000000e-01 
 1.19995000e+00  1.63378769e-10  3.00000000e-01 
 1.20005000e+00  1.63378769e-10  3.00000000e-01 
 1.20015000e+00  1.63378769e-10  3.00000000e-01 
 1.20025000e+00  1.63378769e-10  3.00000000e-01 
 1.20035000e+00  1.63378769e-10  3.00000000e-01 
 1.20045000e+00  1.63378769e-10  3.00000000e-01 
 1.20055000e+00  1.63378769e-10  3.00000000e-01 
 1.20065000e+00  1.63378769e-10  3.00000000e-01 
 1.20075000e+00  1.63378769e-10  3.00000000e-01 
 1.20085000e+00  1.63378769e-10  3.00000000e-01 
 1.20095000e+00  1.63378769e-10  3.00000000e-01 
 1.20105000e+00  1.63378769e-10  3.00000000e-01 
 1.20115000e+00  1.63378769e-10  3.00000000e-01 
 1.20125000e+00  1.63378769e-10  3.00000000e-01 
 1.20135000e+00  1.63378769e-10  3.00000000e-01 
 1.20145000e+00  1.63378769e-10  3.00000000e-01 
 1.20155000e+00  1.63378769e-10  3.00000000e-01 
 1.20165000e+00  1.63378769e-10  3.00000000e-01 
 1.20175000e+00  1.63378769e-10  3.00000000e-01 
 1.20185000e+00  1.63378769e-10  3.00000000e-01 
 1.20195000e+00  1.63378769e-10  3.00000000e-01 
 1.20205000e+00  1.63378769e-10  3.00000000e-01 
 1.20215000e+00  1.63378769e-10  3.00000000e-01 
 1.20225000e+00  1.63378769e-10  3.00000000e-01 
 1.20235000e+00  1.63378769e-10  3.00000000e-01 
 1.20245000e+00  1.63378769e-10  3.00000000e-01 
 1.20255000e+00  1.63378769e-10  3.00000000e-01 
 1.20265000e+00  1.63378769e-10  3.00000000e-01 
 1.20275000e+00  1.63378769e-10  3.00000000e-01 
 1.20285000e+00  1.63378769e-10  3.00000000e-01 
 1.20295000e+00  1.63378769e-10  3.00000000e-01 
 1.20305000e+00  1.63378769e-10  3.00000000e-01 
 1.20315000e+00  1.63378769e-10  3.00000000e-01 
 1.20325000e+00  1.63378769e-10  3.00000000e-01 
 1.20335000e+00  1.63378769e-10  3.00000000e-01 
 1.20345000e+00  1.63378769e-10  3.00000000e-01 
 1.20355000e+00  1.63378769e-10  3.00000000e-01 
 1.20365000e+00  1.63378769e-10  3.00000000e-01 
 1.20375000e+00  1.63378769e-10  3.00000000e-01 
 1.20385000e+00  1.63378769e-10  3.00000000e-01 
 1.20395000e+00  1.63378769e-10  3.00000000e-01 
 1.20405000e+00  1.63378769e-10  3.00000000e-01 
 1.20415000e+00  1.63378769e-10  3.00000000e-01 
 1.20425000e+00  1.63378769e-10  3.00000000e-01 
 1.20435000e+00  1.63378769e-10  3.00000000e-01 
 1.20445000e+00  1.63378769e-10  3.00000000e-01 
 1.20455000e+00  1.63378769e-10  3.00000000e-01 
 1.20465000e+00  1.63378769e-10  3.00000000e-01 
 1.20475000e+00  1.63378769e-10  3.00000000e-01 
 1.20485000e+00  1.63378769e-10  3.00000000e-01 
 1.20495000e+00  1.63378769e-10  3.00000000e-01 
 1.20505000e+00  1.63378769e-10  3.00000000e-01 
 1.20515000e+00  1.63378769e-10  3.00000000e-01 
 1.20525000e+00  1.63378769e-10  3.00000000e-01 
 1.20535000e+00  1.63378769e-10  3.00000000e-01 
 1.20545000e+00  1.63378769e-10  3.00000000e-01 
 1.20555000e+00  1.63378769e-10  3.00000000e-01 
 1.20565000e+00  1.63378769e-10  3.00000000e-01 
 1.20575000e+00  1.63378769e-10  3.00000000e-01 
 1.20585000e+00  1.63378769e-10  3.00000000e-01 
 1.20595000e+00  1.63378769e-10  3.00000000e-01 
 1.20605000e+00  1.63378769e-10  3.00000000e-01 
 1.20615000e+00  1.63378769e-10  3.00000000e-01 
 1.20625000e+00  1.63378769e-10  3.00000000e-01 
 1.20635000e+00  1.63378769e-10  3.00000000e-01 
 1.20645000e+00  1.63378769e-10  3.00000000e-01 
 1.20655000e+00  1.63378769e-10  3.00000000e-01 
 1.20665000e+00  1.63378769e-10  3.00000000e-01 
 1.20675000e+00  1.63378769e-10  3.00000000e-01 
 1.20685000e+00  1.63378769e-10  3.00000000e-01 
 1.20695000e+00  1.63378769e-10  3.00000000e-01 
 1.20705000e+00  1.63378769e-10  3.00000000e-01 
 1.20715000e+00  1.63378769e-10  3.00000000e-01 
 1.20725000e+00  1.63378769e-10  3.00000000e-01 
 1.20735000e+00  1.63378769e-10  3.00000000e-01 
 1.20745000e+00  1.63378769e-10  3.00000000e-01 
 1.20755000e+00  1.63378769e-10  3.00000000e-01 
 1.20765000e+00  1.63378769e-10  3.00000000e-01 
 1.20775000e+00  1.63378769e-10  3.00000000e-01 
 1.20785000e+00  1.63378769e-10  3.00000000e-01 
 1.20795000e+00  1.63378769e-10  3.00000000e-01 
 1.20805000e+00  1.63378769e-10  3.00000000e-01 
 1.20815000e+00  1.63378769e-10  3.00000000e-01 
 1.20825000e+00  1.63378769e-10  3.00000000e-01 
 1.20835000e+00  1.63378769e-10  3.00000000e-01 
 1.20845000e+00  1.63378769e-10  3.00000000e-01 
 1.20855000e+00  1.63378769e-10  3.00000000e-01 
 1.20865000e+00  1.63378769e-10  3.00000000e-01 
 1.20875000e+00  1.63378769e-10  3.00000000e-01 
 1.20885000e+00  1.63378769e-10  3.00000000e-01 
 1.20895000e+00  1.63378769e-10  3.00000000e-01 
 1.20905000e+00  1.63378769e-10  3.00000000e-01 
 1.20915000e+00  1.63378769e-10  3.00000000e-01 
 1.20925000e+00  1.63378769e-10  3.00000000e-01 
 1.20935000e+00  1.63378769e-10  3.00000000e-01 
 1.20945000e+00  1.63378769e-10  3.00000000e-01 
 1.20955000e+00  1.63378769e-10  3.00000000e-01 
 1.20965000e+00  1.63378769e-10  3.00000000e-01 
 1.20975000e+00  1.63378769e-10  3.00000000e-01 
 1.20985000e+00  1.63378769e-10  3.00000000e-01 
 1.20995000e+00  1.63378769e-10  3.00000000e-01 
 1.21005000e+00  1.63378769e-10  3.00000000e-01 
 1.21015000e+00  1.63378769e-10  3.00000000e-01 
 1.21025000e+00  1.63378769e-10  3.00000000e-01 
 1.21035000e+00  1.63378769e-10  3.00000000e-01 
 1.21045000e+00  1.63378769e-10  3.00000000e-01 
 1.21055000e+00  1.63378769e-10  3.00000000e-01 
 1.21065000e+00  1.63378769e-10  3.00000000e-01 
 1.21075000e+00  1.63378769e-10  3.00000000e-01 
 1.21085000e+00  1.63378769e-10  3.00000000e-01 
 1.21095000e+00  1.63378769e-10  3.00000000e-01 
 1.21105000e+00  1.63378769e-10  3.00000000e-01 
 1.21115000e+00  1.63378769e-10  3.00000000e-01 
 1.21125000e+00  1.63378769e-10  3.00000000e-01 
 1.21135000e+00  1.63378769e-10  3.00000000e-01 
 1.21145000e+00  1.63378769e-10  3.00000000e-01 
 1.21155000e+00  1.63378769e-10  3.00000000e-01 
 1.21165000e+00  1.63378769e-10  3.00000000e-01 
 1.21175000e+00  1.63378769e-10  3.00000000e-01 
 1.21185000e+00  1.63378769e-10  3.00000000e-01 
 1.21195000e+00  1.63378769e-10  3.00000000e-01 
 1.21205000e+00  1.63378769e-10  3.00000000e-01 
 1.21215000e+00  1.63378769e-10  3.00000000e-01 
 1.21225000e+00  1.63378769e-10  3.00000000e-01 
 1.21235000e+00  1.63378769e-10  3.00000000e-01 
 1.21245000e+00  1.63378769e-10  3.00000000e-01 
 1.21255000e+00  1.63378769e-10  3.00000000e-01 
 1.21265000e+00  1.63378769e-10  3.00000000e-01 
 1.21275000e+00  1.63378769e-10  3.00000000e-01 
 1.21285000e+00  1.63378769e-10  3.00000000e-01 
 1.21295000e+00  1.63378769e-10  3.00000000e-01 
 1.21305000e+00  1.63378769e-10  3.00000000e-01 
 1.21315000e+00  1.63378769e-10  3.00000000e-01 
 1.21325000e+00  1.63378769e-10  3.00000000e-01 
 1.21335000e+00  1.63378769e-10  3.00000000e-01 
 1.21345000e+00  1.63378769e-10  3.00000000e-01 
 1.21355000e+00  1.63378769e-10  3.00000000e-01 
 1.21365000e+00  1.63378769e-10  3.00000000e-01 
 1.21375000e+00  1.63378769e-10  3.00000000e-01 
 1.21385000e+00  1.63378769e-10  3.00000000e-01 
 1.21395000e+00  1.63378769e-10  3.00000000e-01 
 1.21405000e+00  1.63378769e-10  3.00000000e-01 
 1.21415000e+00  1.63378769e-10  3.00000000e-01 
 1.21425000e+00  1.63378769e-10  3.00000000e-01 
 1.21435000e+00  1.63378769e-10  3.00000000e-01 
 1.21445000e+00  1.63378769e-10  3.00000000e-01 
 1.21455000e+00  1.63378769e-10  3.00000000e-01 
 1.21465000e+00  1.63378769e-10  3.00000000e-01 
 1.21475000e+00  1.63378769e-10  3.00000000e-01 
 1.21485000e+00  1.63378769e-10  3.00000000e-01 
 1.21495000e+00  1.63378769e-10  3.00000000e-01 
 1.21505000e+00  1.63378769e-10  3.00000000e-01 
 1.21515000e+00  1.63378769e-10  3.00000000e-01 
 1.21525000e+00  1.63378769e-10  3.00000000e-01 
 1.21535000e+00  1.63378769e-10  3.00000000e-01 
 1.21545000e+00  1.63378769e-10  3.00000000e-01 
 1.21555000e+00  1.63378769e-10  3.00000000e-01 
 1.21565000e+00  1.63378769e-10  3.00000000e-01 
 1.21575000e+00  1.63378769e-10  3.00000000e-01 
 1.21585000e+00  1.63378769e-10  3.00000000e-01 
 1.21595000e+00  1.63378769e-10  3.00000000e-01 
 1.21605000e+00  1.63378769e-10  3.00000000e-01 
 1.21615000e+00  1.63378769e-10  3.00000000e-01 
 1.21625000e+00  1.63378769e-10  3.00000000e-01 
 1.21635000e+00  1.63378769e-10  3.00000000e-01 
 1.21645000e+00  1.63378769e-10  3.00000000e-01 
 1.21655000e+00  1.63378769e-10  3.00000000e-01 
 1.21665000e+00  1.63378769e-10  3.00000000e-01 
 1.21675000e+00  1.63378769e-10  3.00000000e-01 
 1.21685000e+00  1.63378769e-10  3.00000000e-01 
 1.21695000e+00  1.63378769e-10  3.00000000e-01 
 1.21705000e+00  1.63378769e-10  3.00000000e-01 
 1.21715000e+00  1.63378769e-10  3.00000000e-01 
 1.21725000e+00  1.63378769e-10  3.00000000e-01 
 1.21735000e+00  1.63378769e-10  3.00000000e-01 
 1.21745000e+00  1.63378769e-10  3.00000000e-01 
 1.21755000e+00  1.63378769e-10  3.00000000e-01 
 1.21765000e+00  1.63378769e-10  3.00000000e-01 
 1.21775000e+00  1.63378769e-10  3.00000000e-01 
 1.21785000e+00  1.63378769e-10  3.00000000e-01 
 1.21795000e+00  1.63378769e-10  3.00000000e-01 
 1.21805000e+00  1.63378769e-10  3.00000000e-01 
 1.21815000e+00  1.63378769e-10  3.00000000e-01 
 1.21825000e+00  1.63378769e-10  3.00000000e-01 
 1.21835000e+00  1.63378769e-10  3.00000000e-01 
 1.21845000e+00  1.63378769e-10  3.00000000e-01 
 1.21855000e+00  1.63378769e-10  3.00000000e-01 
 1.21865000e+00  1.63378769e-10  3.00000000e-01 
 1.21875000e+00  1.63378769e-10  3.00000000e-01 
 1.21885000e+00  1.63378769e-10  3.00000000e-01 
 1.21895000e+00  1.63378769e-10  3.00000000e-01 
 1.21905000e+00  1.63378769e-10  3.00000000e-01 
 1.21915000e+00  1.63378769e-10  3.00000000e-01 
 1.21925000e+00  1.63378769e-10  3.00000000e-01 
 1.21935000e+00  1.63378769e-10  3.00000000e-01 
 1.21945000e+00  1.63378769e-10  3.00000000e-01 
 1.21955000e+00  1.63378769e-10  3.00000000e-01 
 1.21965000e+00  1.63378769e-10  3.00000000e-01 
 1.21975000e+00  1.63378769e-10  3.00000000e-01 
 1.21985000e+00  1.63378769e-10  3.00000000e-01 
 1.21995000e+00  1.63378769e-10  3.00000000e-01 
 1.22000000e+00  1.63378769e-10  3.00000000e-01 
