=== STDOUT ===

Note: No compatibility mode selected!


Circuit: full_frontend_energy_tt_27C

Doing analysis at TEMP = 27.000000 and TNOM = 27.000000

Operating point simulation skipped by 'uic',
  now using transient initial conditions.
 Reference value :  2.00000e-06
 Reference value :  2.74491e-04
 Reference value :  1.18111e-02
 Reference value :  5.70556e-02
 Reference value :  1.00700e-01
 Reference value :  1.44944e-01
 Reference value :  1.67167e-01
 Reference value :  1.96189e-01
 Reference value :  2.35433e-01
 Reference value :  2.59656e-01
 Reference value :  2.63689e-01
 Reference value :  2.71192e-01
 Reference value :  2.84079e-01
 Reference value :  2.92989e-01
 Reference value :  2.99968e-01
 Reference value :  3.07585e-01
 Reference value :  3.11271e-01
 Reference value :  3.39833e-01
 Reference value :  3.77838e-01
 Reference value :  3.89589e-01
 Reference value :  4.11611e-01
 Reference value :  4.53144e-01
 Reference value :  4.92989e-01
 Reference value :  5.11411e-01
 Reference value :  5.53344e-01
 Reference value :  5.84478e-01
 Reference value :  5.95919e-01
 Reference value :  5.98817e-01
 Reference value :  6.06500e-01
 Reference value :  6.39833e-01
 Reference value :  6.73792e-01
 Reference value :  7.15011e-01
 Reference value :  7.33833e-01
 Reference value :  7.42781e-01
 Reference value :  7.45551e-01
 Reference value :  7.54175e-01
 Reference value :  7.80165e-01
 Reference value :  8.01300e-01
 Reference value :  8.25122e-01
 Reference value :  8.44739e-01
 Reference value :  8.45627e-01
 Reference value :  8.66992e-01
 Reference value :  8.75529e-01
 Reference value :  8.77342e-01
 Reference value :  9.04900e-01
 Reference value :  9.24122e-01
 Reference value :  9.58456e-01
 Reference value :  9.68167e-01
 Reference value :  9.99989e-01
 Reference value :  1.03703e+00
 Reference value :  1.04209e+00
 Reference value :  1.07464e+00
 Reference value :  1.07564e+00
 Reference value :  1.08883e+00
 Reference value :  1.08887e+00
 Reference value :  1.09396e+00
 Reference value :  1.10074e+00
 Reference value :  1.11036e+00
 Reference value :  1.15354e+00
 Reference value :  1.18893e+00
 Reference value :  1.21581e+00
 Reference value :  1.24994e+00
 Reference value :  1.26797e+00
 Reference value :  1.28889e+00
 Reference value :  1.31921e+00
 Reference value :  1.36226e+00
 Reference value :  1.37778e+00
 Reference value :  1.38426e+00
 Reference value :  1.39159e+00
 Reference value :  1.42692e+00
 Reference value :  1.46166e+00
 Reference value :  1.47559e+00
 Reference value :  1.48485e+00
 Reference value :  1.49080e+00
 Reference value :  1.50930e+00
 Reference value :  1.51964e+00
 Reference value :  1.55194e+00
 Reference value :  1.57437e+00
 Reference value :  1.59459e+00
 Reference value :  1.61761e+00
 Reference value :  1.62392e+00
 Reference value :  1.62412e+00
 Reference value :  1.63643e+00
 Reference value :  1.64737e+00
 Reference value :  1.66997e+00
 Reference value :  1.67888e+00
 Reference value :  1.70210e+00
 Reference value :  1.72578e+00
 Reference value :  1.74296e+00
 Reference value :  1.76667e+00
 Reference value :  1.80090e+00
 Reference value :  1.82392e+00
 Reference value :  1.84111e+00
 Reference value :  1.84514e+00
 Reference value :  1.84594e+00
 Reference value :  1.85015e+00
 Reference value :  1.85670e+00
 Reference value :  1.86105e+00
 Reference value :  1.86128e+00
 Reference value :  1.86539e+00
 Reference value :  1.86615e+00
 Reference value :  1.87175e+00
 Reference value :  1.87419e+00
 Reference value :  1.90650e+00
 Reference value :  1.94383e+00
 Reference value :  1.96281e+00
 Reference value :  2.00230e+00
 Reference value :  2.04594e+00
 Reference value :  2.08488e+00
 Reference value :  2.12732e+00
 Reference value :  2.16626e+00
 Reference value :  2.17817e+00
 Reference value :  2.17880e+00
 Reference value :  2.21261e+00
 Reference value :  2.24458e+00
 Reference value :  2.28868e+00
 Reference value :  2.33092e+00
 Reference value :  2.34854e+00
 Reference value :  2.38190e+00
 Reference value :  2.38279e+00
 Reference value :  2.39899e+00
 Reference value :  2.41681e+00
 Reference value :  2.43943e+00
 Reference value :  2.45070e+00
 Reference value :  2.49039e+00
 Reference value :  2.53403e+00
 Reference value :  2.56566e+00
 Reference value :  2.59159e+00
 Reference value :  2.63272e+00
 Reference value :  2.65000e+00
 Reference value :  2.67457e+00
 Reference value :  2.68452e+00
 Reference value :  2.68515e+00
 Reference value :  2.69995e+00
 Reference value :  2.70510e+00
 Reference value :  2.71504e+00
 Reference value :  2.74263e+00
 Reference value :  2.78308e+00
 Reference value :  2.81941e+00
 Reference value :  2.85114e+00
 Reference value :  2.87888e+00
 Reference value :  2.92001e+00
 Reference value :  2.96306e+00
 Reference value :  3.00130e+00
 Reference value :  3.00434e+00
 Reference value :  3.00500e+00
 Reference value :  3.03347e+00
 Reference value :  3.07317e+00
 Reference value :  3.10670e+00
 Reference value :  3.13212e+00
 Reference value :  3.16566e+00
 Reference value :  3.19639e+00
 Reference value :  3.23743e+00
 Reference value :  3.26466e+00
 Reference value :  3.29001e+00
 Reference value :  3.29604e+00
 Reference value :  3.31150e+00
 Reference value :  3.31298e+00
 Reference value :  3.34857e+00
 Reference value :  3.37557e+00
 Reference value :  3.41584e+00
 Reference value :  3.43553e+00
 Reference value :  3.47908e+00
 Reference value :  3.50549e+00
 Reference value :  3.50928e+00
 Reference value :  3.52912e+00
 Reference value :  3.53987e+00
 Reference value :  3.55549e+00
 Reference value :  3.56059e+00
 Reference value :  3.56655e+00
 Reference value :  3.60130e+00
 Reference value :  3.64363e+00
 Reference value :  3.66010e+00
 Reference value :  3.68903e+00
 Reference value :  3.71821e+00
 Reference value :  3.75756e+00
 Reference value :  3.80130e+00
 Reference value :  3.84303e+00

No. of Data Rows : 21482

  Measurements for Transient Analysis

i_total_avg         =  -2.058557e-08 from=  1.000000e+00 to=  3.352894e+00
i_total_rms         =   2.81033e-07 from=  1.00000e+00 to=  3.35278e+00


============================================================
 FULL FRONTEND ENERGY - SKY130 tt 27C
============================================================

--- Supply current measurements ---

--- Full current waveform (decimated) ---
                          full_frontend_energy_tt_27C
                          Transient Analysis  Sun Sep 27 15:25:05  2026
--------------------------------------------------------------------------------
Index   time            -i(vdd)         
--------------------------------------------------------------------------------
0	2.000000e-06	9.364820e-08	
1	2.397254e-06	9.314794e-11	
2	3.191761e-06	-4.22370e-10	
3	4.780775e-06	-1.22111e-12	
4	7.958805e-06	3.296130e-10	
5	1.431486e-05	4.709824e-10	
6	2.702698e-05	4.711252e-10	
7	4.516276e-05	4.262106e-10	
8	8.143432e-05	4.103344e-10	
9	1.322475e-04	6.478042e-10	
10	1.788047e-04	8.747311e-10	
11	2.000000e-04	9.899960e-10	
12	2.093114e-04	1.070694e-09	
13	2.279343e-04	1.315083e-09	
14	2.325900e-04	1.394973e-09	
15	2.419014e-04	1.567363e-09	
16	2.605243e-04	1.779000e-09	
17	2.651800e-04	1.814691e-09	
18	2.744914e-04	1.780670e-09	
19	2.768193e-04	1.787252e-09	
20	2.814750e-04	1.784821e-09	
21	2.907864e-04	1.645787e-09	
22	3.094093e-04	1.064754e-09	
23	3.466550e-04	7.696282e-10	
24	3.970817e-04	6.816907e-10	
25	4.979352e-04	6.530655e-10	
26	6.979352e-04	6.203056e-10	
27	8.979352e-04	6.556560e-10	
28	1.097935e-03	6.827055e-10	
29	1.297935e-03	6.976662e-10	
30	1.497935e-03	6.952597e-10	
31	1.522935e-03	6.932214e-10	
32	1.572935e-03	6.965197e-10	
33	1.672935e-03	7.223592e-10	
34	1.866763e-03	7.475186e-10	
35	2.066763e-03	7.456891e-10	
36	2.266763e-03	7.459437e-10	
37	2.466763e-03	7.485727e-10	
38	2.666763e-03	7.519630e-10	
39	2.866763e-03	7.554951e-10	
40	3.066763e-03	7.591777e-10	
41	3.266763e-03	7.631023e-10	
42	3.466763e-03	7.673887e-10	
43	3.666763e-03	7.722069e-10	
44	3.866763e-03	7.777894e-10	
45	4.066763e-03	7.841581e-10	
46	4.266763e-03	7.910270e-10	
47	4.466763e-03	7.980048e-10	
48	4.666763e-03	8.050437e-10	
49	4.866763e-03	8.123020e-10	
50	5.066763e-03	8.200758e-10	
51	5.266763e-03	8.284760e-10	
52	5.466763e-03	8.375252e-10	
53	5.666763e-03	8.471445e-10	
54	5.866763e-03	8.572421e-10	

Index   time            -i(vdd)         
--------------------------------------------------------------------------------
55	6.066763e-03	8.677857e-10	
56	6.266763e-03	8.788161e-10	
57	6.466763e-03	8.903914e-10	
58	6.666763e-03	9.025639e-10	
59	6.866763e-03	9.154214e-10	
60	7.066763e-03	9.290047e-10	
61	7.266763e-03	9.433388e-10	
62	7.466763e-03	9.584577e-10	
63	7.666763e-03	9.743607e-10	
64	7.866763e-03	9.910124e-10	
65	8.066763e-03	1.008413e-09	
66	8.266763e-03	1.026446e-09	
67	8.466763e-03	1.045012e-09	
68	8.666763e-03	1.063885e-09	
69	8.866763e-03	1.082581e-09	
70	9.066763e-03	1.099605e-09	
71	9.266763e-03	1.112923e-09	
72	9.466763e-03	1.121756e-09	
73	9.666763e-03	1.128672e-09	
74	9.866763e-03	1.136567e-09	
75	1.006676e-02	1.150123e-09	
76	1.026676e-02	1.179680e-09	
77	1.046676e-02	1.250130e-09	
78	1.066676e-02	1.422030e-09	
79	1.086676e-02	1.383759e-09	
80	1.106676e-02	1.223751e-09	
81	1.111111e-02	1.208861e-09	
82	1.113111e-02	1.202383e-09	
83	1.117111e-02	1.191095e-09	
84	1.125111e-02	1.174395e-09	
85	1.141111e-02	1.156229e-09	
86	1.161111e-02	1.147650e-09	
87	1.181111e-02	1.145066e-09	
88	1.201111e-02	1.144480e-09	
89	1.221111e-02	1.144479e-09	
90	1.241111e-02	1.144620e-09	
91	1.261111e-02	1.144706e-09	
92	1.281111e-02	1.144662e-09	
93	1.301111e-02	1.144380e-09	
94	1.321111e-02	1.143690e-09	
95	1.341111e-02	1.141977e-09	
96	1.361111e-02	1.137676e-09	
97	1.381111e-02	1.128448e-09	
98	1.401111e-02	1.113753e-09	
99	1.421111e-02	1.095594e-09	
100	1.441111e-02	1.077017e-09	
101	1.461111e-02	1.059039e-09	
102	1.481111e-02	1.041667e-09	
103	1.501111e-02	1.024976e-09	
104	1.521111e-02	1.009049e-09	
105	1.541111e-02	9.938599e-10	
106	1.561111e-02	9.794205e-10	
107	1.581111e-02	9.656596e-10	
108	1.601111e-02	9.525366e-10	
109	1.621111e-02	9.399168e-10	
110	1.641111e-02	9.276932e-10	
111	1.661111e-02	9.156046e-10	
112	1.681111e-02	9.033278e-10	

Index   time            -i(vdd)         
--------------------------------------------------------------------------------
113	1.701111e-02	8.902870e-10	
114	1.721111e-02	8.756107e-10	
115	1.741111e-02	8.580089e-10	
116	1.761111e-02	8.360444e-10	
117	1.781111e-02	8.088316e-10	
118	1.801111e-02	7.770184e-10	
119	1.821111e-02	7.428395e-10	
120	1.841111e-02	7.093502e-10	
121	1.861111e-02	6.790706e-10	
122	1.881111e-02	6.534286e-10	
123	1.901111e-02	6.327357e-10	
124	1.921111e-02	6.165595e-10	
125	1.941111e-02	6.041093e-10	
126	1.961111e-02	5.945848e-10	
127	1.981111e-02	5.872289e-10	
128	2.001111e-02	5.814615e-10	
129	2.021111e-02	5.768534e-10	
130	2.041111e-02	5.730819e-10	
131	2.061111e-02	5.699200e-10	
132	2.081111e-02	5.672280e-10	
133	2.101111e-02	5.648827e-10	
134	2.121111e-02	5.628224e-10	
135	2.141111e-02	5.609810e-10	
136	2.161111e-02	5.593364e-10	
137	2.181111e-02	5.578398e-10	
138	2.201111e-02	5.565005e-10	
139	2.221111e-02	5.552707e-10	
140	2.222222e-02	5.552173e-10	
141	2.224222e-02	5.550646e-10	
142	2.228222e-02	5.547193e-10	
143	2.236222e-02	5.539563e-10	
144	2.252222e-02	5.522939e-10	
145	2.272222e-02	5.502291e-10	
146	2.292222e-02	5.482434e-10	
147	2.312222e-02	5.463493e-10	
148	2.332222e-02	5.445164e-10	
149	2.352222e-02	5.427766e-10	
150	2.372222e-02	5.410882e-10	
151	2.392222e-02	5.394716e-10	
152	2.412222e-02	5.378968e-10	
153	2.432222e-02	5.363836e-10	
154	2.452222e-02	5.349142e-10	
155	2.472222e-02	5.335064e-10	
156	2.492222e-02	5.321336e-10	
157	2.512222e-02	5.308014e-10	
158	2.532222e-02	5.295051e-10	
159	2.552222e-02	5.282433e-10	
160	2.572222e-02	5.270153e-10	
161	2.592222e-02	5.258202e-10	
162	2.612222e-02	5.246557e-10	
163	2.632222e-02	5.235191e-10	
164	2.652222e-02	5.223995e-10	
165	2.672222e-02	5.213206e-10	
166	2.692222e-02	5.202490e-10	
167	2.712222e-02	5.192159e-10	
168	2.732222e-02	5.181823e-10	
169	2.752222e-02	5.171797e-10	
170	2.772222e-02	5.161870e-10	

Index   time            -i(vdd)         
--------------------------------------------------------------------------------
171	2.792222e-02	5.152224e-10	
172	2.812222e-02	5.142572e-10	
173	2.832222e-02	5.133223e-10	
174	2.852222e-02	5.123903e-10	
175	2.872222e-02	5.114846e-10	
176	2.892222e-02	5.105809e-10	
177	2.912222e-02	5.096977e-10	
178	2.932222e-02	5.088139e-10	
179	2.952222e-02	5.079490e-10	
180	2.972222e-02	5.070860e-10	
181	2.992222e-02	5.062358e-10	
182	3.012222e-02	5.053903e-10	
183	3.032222e-02	5.045697e-10	
184	3.052222e-02	5.037421e-10	
185	3.072222e-02	5.029376e-10	
186	3.092222e-02	5.021263e-10	
187	3.112222e-02	5.013286e-10	
188	3.132222e-02	5.005348e-10	
189	3.152222e-02	4.997543e-10	
190	3.172222e-02	4.989678e-10	
191	3.192222e-02	4.981966e-10	
192	3.212222e-02	4.974201e-10	
193	3.232222e-02	4.966632e-10	
194	3.252222e-02	4.959032e-10	
195	3.272222e-02	4.951579e-10	
196	3.292222e-02	4.944072e-10	
197	3.312222e-02	4.936710e-10	
198	3.332222e-02	4.929270e-10	
199	3.333333e-02	4.928864e-10	
200	3.335333e-02	4.928508e-10	
201	3.339333e-02	4.927933e-10	
202	3.347333e-02	4.927622e-10	
203	3.363333e-02	4.928884e-10	
204	3.383333e-02	4.931462e-10	
205	3.403333e-02	4.934536e-10	
206	3.423333e-02	4.937659e-10	
207	3.443333e-02	4.940804e-10	
208	3.463333e-02	4.944070e-10	
209	3.483333e-02	4.947398e-10	
210	3.503333e-02	4.950731e-10	
211	3.523333e-02	4.954097e-10	
212	3.543333e-02	4.957526e-10	
213	3.563333e-02	4.960986e-10	
214	3.583333e-02	4.964489e-10	
215	3.603333e-02	4.967939e-10	
216	3.623333e-02	4.971468e-10	
217	3.643333e-02	4.975019e-10	
218	3.663333e-02	4.978509e-10	
219	3.683333e-02	4.982107e-10	
220	3.703333e-02	4.985738e-10	
221	3.723333e-02	4.989255e-10	
222	3.743333e-02	4.992941e-10	
223	3.763333e-02	4.996506e-10	
224	3.783333e-02	5.000249e-10	
225	3.803333e-02	5.003856e-10	
226	3.823333e-02	5.007541e-10	
227	3.843333e-02	5.011236e-10	
228	3.863333e-02	5.015017e-10	

Index   time            -i(vdd)         
--------------------------------------------------------------------------------
229	3.883333e-02	5.018625e-10	
230	3.903333e-02	5.022408e-10	
231	3.923333e-02	5.026115e-10	
232	3.943333e-02	5.029902e-10	
233	3.963333e-02	5.033620e-10	
234	3.983333e-02	5.037528e-10	
235	4.003333e-02	5.041262e-10	
236	4.023333e-02	5.045142e-10	
237	4.043333e-02	5.048925e-10	
238	4.063333e-02	5.052843e-10	
239	4.083333e-02	5.056663e-10	
240	4.103333e-02	5.060579e-10	
241	4.123333e-02	5.064425e-10	
242	4.143333e-02	5.068406e-10	
243	4.163333e-02	5.072282e-10	
244	4.183333e-02	5.076277e-10	
245	4.203333e-02	5.080193e-10	
246	4.223333e-02	5.084170e-10	
247	4.243333e-02	5.088167e-10	
248	4.263333e-02	5.092179e-10	
249	4.283333e-02	5.096238e-10	
250	4.303333e-02	5.100273e-10	
251	4.323333e-02	5.104216e-10	
252	4.343333e-02	5.108368e-10	
253	4.363333e-02	5.112499e-10	
254	4.383333e-02	5.116665e-10	
255	4.403333e-02	5.120739e-10	
256	4.423333e-02	5.124999e-10	
257	4.443333e-02	5.129124e-10	
258	4.444444e-02	5.129310e-10	
259	4.446444e-02	5.130145e-10	
260	4.450444e-02	5.131972e-10	
261	4.458444e-02	5.136730e-10	
262	4.474444e-02	5.148202e-10	
263	4.494444e-02	5.163027e-10	
264	4.514444e-02	5.177990e-10	
265	4.534444e-02	5.192726e-10	
266	4.554444e-02	5.207393e-10	
267	4.574444e-02	5.222117e-10	
268	4.594444e-02	5.236947e-10	
269	4.614444e-02	5.252054e-10	
270	4.634444e-02	5.267186e-10	
271	4.654444e-02	5.282511e-10	
272	4.674444e-02	5.298017e-10	
273	4.694444e-02	5.313801e-10	
274	4.714444e-02	5.329573e-10	
275	4.734444e-02	5.345550e-10	
276	4.754444e-02	5.361683e-10	
277	4.774444e-02	5.377953e-10	
278	4.794444e-02	5.394299e-10	
279	4.814444e-02	5.410737e-10	
280	4.834444e-02	5.427151e-10	
281	4.854444e-02	5.443694e-10	
282	4.874444e-02	5.460347e-10	
283	4.894444e-02	5.476910e-10	
284	4.914444e-02	5.493522e-10	
285	4.934444e-02	5.510287e-10	
286	4.954444e-02	5.526978e-10	

Index   time            -i(vdd)         
--------------------------------------------------------------------------------
287	4.974444e-02	5.543838e-10	
288	4.994444e-02	5.560550e-10	
289	5.014444e-02	5.577475e-10	
290	5.034444e-02	5.594408e-10	
291	5.054444e-02	5.611486e-10	
292	5.074444e-02	5.628470e-10	
293	5.094444e-02	5.645695e-10	
294	5.114444e-02	5.662945e-10	
295	5.134444e-02	5.680306e-10	
296	5.154444e-02	5.697603e-10	
297	5.174444e-02	5.715176e-10	
298	5.194444e-02	5.732685e-10	
299	5.214444e-02	5.750407e-10	
300	5.234444e-02	5.768100e-10	
301	5.254444e-02	5.785977e-10	
302	5.274444e-02	5.803909e-10	
303	5.294444e-02	5.821971e-10	
304	5.314444e-02	5.840032e-10	
305	5.334444e-02	5.858325e-10	
306	5.354444e-02	5.876580e-10	
307	5.374444e-02	5.895026e-10	
308	5.394444e-02	5.913444e-10	
309	5.414444e-02	5.932086e-10	
310	5.434444e-02	5.950746e-10	
311	5.454444e-02	5.969520e-10	
312	5.474444e-02	5.988252e-10	
313	5.494444e-02	6.007264e-10	
314	5.514444e-02	6.026301e-10	
315	5.534444e-02	6.045481e-10	
316	5.554444e-02	6.064672e-10	
317	5.555556e-02	6.065682e-10	
318	5.557556e-02	6.066273e-10	
319	5.561556e-02	6.065639e-10	
320	5.569556e-02	6.060720e-10	
321	5.585556e-02	6.046173e-10	
322	5.605556e-02	6.026671e-10	
323	5.625556e-02	6.007478e-10	
324	5.645556e-02	5.988444e-10	
325	5.665556e-02	5.969420e-10	
326	5.685556e-02	5.950548e-10	
327	5.705556e-02	5.931665e-10	
328	5.725556e-02	5.912933e-10	
329	5.745556e-02	5.894193e-10	
330	5.765556e-02	5.875713e-10	
331	5.785556e-02	5.857200e-10	
332	5.805556e-02	5.838844e-10	
333	5.825556e-02	5.820517e-10	
334	5.845556e-02	5.802393e-10	
335	5.865556e-02	5.784243e-10	
336	5.885556e-02	5.766273e-10	
337	5.905556e-02	5.748345e-10	
338	5.925556e-02	5.730607e-10	
339	5.945556e-02	5.712918e-10	
340	5.965556e-02	5.695352e-10	
341	5.985556e-02	5.677781e-10	
342	6.005556e-02	5.660448e-10	
343	6.025556e-02	5.643051e-10	
344	6.045556e-02	5.625866e-10	

Index   time            -i(vdd)         
--------------------------------------------------------------------------------
345	6.065556e-02	5.608693e-10	
346	6.085556e-02	5.591751e-10	
347	6.105556e-02	5.574801e-10	
348	6.125556e-02	5.558035e-10	
349	6.145556e-02	5.541259e-10	
350	6.165556e-02	5.524704e-10	
351	6.185556e-02	5.508111e-10	
352	6.205556e-02	5.491736e-10	
353	6.225556e-02	5.475357e-10	
354	6.245556e-02	5.459156e-10	
355	6.265556e-02	5.442946e-10	
356	6.285556e-02	5.426945e-10	
357	6.305556e-02	5.410980e-10	
358	6.325556e-02	5.395158e-10	
359	6.345556e-02	5.379378e-10	
360	6.365556e-02	5.363800e-10	
361	6.385556e-02	5.348176e-10	
362	6.405556e-02	5.332785e-10	
363	6.425556e-02	5.317342e-10	
364	6.445556e-02	5.302124e-10	
365	6.465556e-02	5.286929e-10	
366	6.485556e-02	5.271901e-10	
367	6.505556e-02	5.256874e-10	
368	6.525556e-02	5.242038e-10	
369	6.545556e-02	5.227154e-10	
370	6.565556e-02	5.212551e-10	
371	6.585556e-02	5.197879e-10	
372	6.605556e-02	5.183440e-10	
373	6.625556e-02	5.168970e-10	
374	6.645556e-02	5.154681e-10	
375	6.665556e-02	5.140416e-10	
376	6.666667e-02	5.139709e-10	
377	6.668667e-02	5.138984e-10	
378	6.672667e-02	5.138412e-10	
379	6.680667e-02	5.139901e-10	
380	6.696667e-02	5.147073e-10	
381	6.716667e-02	5.158166e-10	
382	6.736667e-02	5.169906e-10	
383	6.756667e-02	5.181854e-10	
384	6.776667e-02	5.193763e-10	
385	6.796667e-02	5.206024e-10	
386	6.816667e-02	5.218219e-10	
387	6.836667e-02	5.230732e-10	
388	6.856667e-02	5.243146e-10	
389	6.876667e-02	5.255792e-10	
390	6.896667e-02	5.268401e-10	
391	6.916667e-02	5.281208e-10	
392	6.936667e-02	5.293922e-10	
393	6.956667e-02	5.306863e-10	
394	6.976667e-02	5.319662e-10	
395	6.996667e-02	5.332721e-10	
396	7.016667e-02	5.345728e-10	
397	7.036667e-02	5.358866e-10	
398	7.056667e-02	5.372026e-10	
399	7.076667e-02	5.385269e-10	
400	7.096667e-02	5.398541e-10	
401	7.116667e-02	5.411922e-10	
402	7.136667e-02	5.425401e-10	

Index   time            -i(vdd)         
--------------------------------------------------------------------------------
403	7.156667e-02	5.438944e-10	
404	7.176667e-02	5.452470e-10	
405	7.196667e-02	5.466163e-10	
406	7.216667e-02	5.479865e-10	
407	7.236667e-02	5.493708e-10	
408	7.256667e-02	5.507566e-10	
409	7.276667e-02	5.521525e-10	
410	7.296667e-02	5.535471e-10	
411	7.316667e-02	5.549610e-10	
412	7.336667e-02	5.563713e-10	
413	7.356667e-02	5.578034e-10	
414	7.376667e-02	5.592286e-10	
415	7.396667e-02	5.606708e-10	
416	7.416667e-02	5.621062e-10	
417	7.436667e-02	5.635683e-10	
418	7.456667e-02	5.650174e-10	
419	7.476667e-02	5.664934e-10	
420	7.496667e-02	5.679616e-10	
421	7.516667e-02	5.694469e-10	
422	7.536667e-02	5.709317e-10	
423	7.556667e-02	5.724268e-10	
424	7.576667e-02	5.739323e-10	
425	7.596667e-02	5.754439e-10	
426	7.616667e-02	5.769583e-10	
427	7.636667e-02	5.784944e-10	
428	7.656667e-02	5.800268e-10	
429	7.676667e-02	5.815717e-10	
430	7.696667e-02	5.831190e-10	
431	7.716667e-02	5.846809e-10	
432	7.736667e-02	5.862409e-10	
433	7.756667e-02	5.878235e-10	
434	7.776667e-02	5.894022e-10	
435	7.777778e-02	5.895042e-10	
436	7.779778e-02	5.896116e-10	
437	7.783778e-02	5.897443e-10	
438	7.791778e-02	5.898985e-10	
439	7.807778e-02	5.899903e-10	
440	7.827778e-02	5.899798e-10	
441	7.847778e-02	5.899582e-10	
442	7.867778e-02	5.899341e-10	
443	7.887778e-02	5.898975e-10	
444	7.907778e-02	5.898619e-10	
445	7.927778e-02	5.898279e-10	
446	7.947778e-02	5.897963e-10	
447	7.967778e-02	5.897571e-10	
448	7.987778e-02	5.897370e-10	
449	8.007778e-02	5.897022e-10	
450	8.027778e-02	5.896790e-10	
451	8.047778e-02	5.896526e-10	
452	8.067778e-02	5.896309e-10	
453	8.087778e-02	5.896077e-10	
454	8.107778e-02	5.895929e-10	
455	8.127778e-02	5.895685e-10	
456	8.147778e-02	5.895609e-10	
457	8.167778e-02	5.895358e-10	
458	8.187778e-02	5.895305e-10	
459	8.207778e-02	5.895135e-10	
460	8.227778e-02	5.895094e-10	

Index   time            -i(vdd)         
--------------------------------------------------------------------------------
461	8.247778e-02	5.894956e-10	
462	8.267778e-02	5.894970e-10	
463	8.287778e-02	5.894806e-10	
464	8.307778e-02	5.894822e-10	
465	8.327778e-02	5.894727e-10	
466	8.347778e-02	5.894730e-10	
467	8.367778e-02	5.894734e-10	
468	8.387778e-02	5.894730e-10	
469	8.407778e-02	5.894735e-10	
470	8.427778e-02	5.894764e-10	
471	8.447778e-02	5.894737e-10	
472	8.467778e-02	5.894850e-10	
473	8.487778e-02	5.894841e-10	
474	8.507778e-02	5.894969e-10	
475	8.527778e-02	5.895025e-10	
476	8.547778e-02	5.895138e-10	
477	8.567778e-02	5.895203e-10	
478	8.587778e-02	5.895389e-10	
479	8.607778e-02	5.895398e-10	
480	8.627778e-02	5.895564e-10	
481	8.647778e-02	5.895670e-10	
482	8.667778e-02	5.895833e-10	
483	8.687778e-02	5.895933e-10	
484	8.707778e-02	5.896155e-10	
485	8.727778e-02	5.896252e-10	
486	8.747778e-02	5.896436e-10	
487	8.767778e-02	5.896555e-10	
488	8.787778e-02	5.896780e-10	
489	8.807778e-02	5.896924e-10	
490	8.827778e-02	5.897079e-10	
491	8.847778e-02	5.897264e-10	
492	8.867778e-02	5.897453e-10	
493	8.887778e-02	5.897634e-10	
494	8.888889e-02	5.897853e-10	
495	8.890889e-02	5.897464e-10	
496	8.894889e-02	5.896253e-10	
497	8.902889e-02	5.893406e-10	
498	8.918889e-02	5.886307e-10	
499	8.938889e-02	5.877012e-10	
500	8.958889e-02	5.868168e-10	
501	8.978889e-02	5.859731e-10	
502	8.998889e-02	5.851350e-10	
503	9.018889e-02	5.843214e-10	
504	9.038889e-02	5.834973e-10	
505	9.058889e-02	5.826967e-10	
506	9.078889e-02	5.818813e-10	
507	9.098889e-02	5.810814e-10	
508	9.118889e-02	5.802758e-10	
509	9.138889e-02	5.794919e-10	
510	9.158889e-02	5.787005e-10	
511	9.178889e-02	5.779250e-10	
512	9.198889e-02	5.771389e-10	
513	9.218889e-02	5.763644e-10	
514	9.238889e-02	5.755884e-10	
515	9.258889e-02	5.748236e-10	
516	9.278889e-02	5.740607e-10	
517	9.298889e-02	5.733090e-10	
518	9.318889e-02	5.725516e-10	

Index   time            -i(vdd)         
--------------------------------------------------------------------------------
519	9.338889e-02	5.718171e-10	
520	9.358889e-02	5.710632e-10	
521	9.378889e-02	5.703203e-10	
522	9.398889e-02	5.695828e-10	
523	9.418889e-02	5.688542e-10	
524	9.438889e-02	5.681192e-10	
525	9.458889e-02	5.674061e-10	
526	9.478889e-02	5.666770e-10	
527	9.498889e-02	5.659713e-10	
528	9.518889e-02	5.652524e-10	
529	9.538889e-02	5.645509e-10	
530	9.558889e-02	5.638431e-10	
531	9.578889e-02	5.631463e-10	
532	9.598889e-02	5.624445e-10	
533	9.618889e-02	5.617586e-10	
534	9.638889e-02	5.610704e-10	
535	9.658889e-02	5.603872e-10	
536	9.678889e-02	5.597003e-10	
537	9.698889e-02	5.590329e-10	
538	9.718889e-02	5.583574e-10	
539	9.738889e-02	5.576913e-10	
540	9.758889e-02	5.570201e-10	
541	9.778889e-02	5.563654e-10	
542	9.798889e-02	5.557084e-10	
543	9.818889e-02	5.550585e-10	
544	9.838889e-02	5.544099e-10	
545	9.858889e-02	5.537661e-10	
546	9.878889e-02	5.531223e-10	
547	9.898889e-02	5.524909e-10	
548	9.918889e-02	5.518534e-10	
549	9.938889e-02	5.512305e-10	
550	9.958889e-02	5.506060e-10	
551	9.978889e-02	5.499862e-10	
552	9.998889e-02	5.493687e-10	
553	1.000000e-01	5.493439e-10	
554	1.000200e-01	5.493387e-10	
555	1.000600e-01	5.493786e-10	
556	1.001400e-01	5.496580e-10	
557	1.003000e-01	5.505709e-10	
558	1.005000e-01	5.519427e-10	
559	1.007000e-01	5.533903e-10	
560	1.009000e-01	5.548604e-10	
561	1.011000e-01	5.563244e-10	
562	1.013000e-01	5.578119e-10	
563	1.015000e-01	5.592985e-10	
564	1.017000e-01	5.607995e-10	
565	1.019000e-01	5.622997e-10	
566	1.021000e-01	5.638242e-10	
567	1.023000e-01	5.653498e-10	
568	1.025000e-01	5.668911e-10	
569	1.027000e-01	5.684352e-10	
570	1.029000e-01	5.699982e-10	
571	1.031000e-01	5.715670e-10	
572	1.033000e-01	5.731568e-10	
573	1.035000e-01	5.747454e-10	
574	1.037000e-01	5.763536e-10	
575	1.039000e-01	5.779667e-10	
576	1.041000e-01	5.796011e-10	

Index   time            -i(vdd)         
--------------------------------------------------------------------------------
577	1.043000e-01	5.812320e-10	
578	1.045000e-01	5.828937e-10	
579	1.047000e-01	5.845496e-10	
580	1.049000e-01	5.862260e-10	
581	1.051000e-01	5.879108e-10	
582	1.053000e-01	5.896073e-10	
583	1.055000e-01	5.913086e-10	
584	1.057000e-01	5.930359e-10	
585	1.059000e-01	5.947591e-10	
586	1.061000e-01	5.965047e-10	
587	1.063000e-01	5.982530e-10	
588	1.065000e-01	6.000250e-10	
589	1.067000e-01	6.017963e-10	
590	1.069000e-01	6.035918e-10	
591	1.071000e-01	6.053917e-10	
592	1.073000e-01	6.072111e-10	
593	1.075000e-01	6.090283e-10	
594	1.077000e-01	6.108714e-10	
595	1.079000e-01	6.127199e-10	
596	1.081000e-01	6.145829e-10	
597	1.083000e-01	6.164526e-10	
598	1.085000e-01	6.183489e-10	
599	1.087000e-01	6.202474e-10	
600	1.089000e-01	6.221614e-10	
601	1.091000e-01	6.240751e-10	
602	1.093000e-01	6.260137e-10	
603	1.095000e-01	6.279594e-10	
604	1.097000e-01	6.299271e-10	
605	1.099000e-01	6.318913e-10	
606	1.101000e-01	6.338756e-10	
607	1.103000e-01	6.358713e-10	
608	1.105000e-01	6.378841e-10	
609	1.107000e-01	6.399087e-10	
610	1.109000e-01	6.419507e-10	
611	1.111000e-01	6.439940e-10	
612	1.111111e-01	6.441251e-10	
613	1.111311e-01	6.443669e-10	
614	1.111711e-01	6.448785e-10	
615	1.112511e-01	6.460259e-10	
616	1.114111e-01	6.484721e-10	
617	1.116111e-01	6.515981e-10	
618	1.118111e-01	6.547220e-10	
619	1.120111e-01	6.578723e-10	
620	1.122111e-01	6.610432e-10	
621	1.124111e-01	6.642467e-10	
622	1.126111e-01	6.674753e-10	
623	1.128111e-01	6.707381e-10	
624	1.130111e-01	6.740166e-10	
625	1.132111e-01	6.773368e-10	
626	1.134111e-01	6.806735e-10	
627	1.136111e-01	6.840438e-10	
628	1.138111e-01	6.874426e-10	
629	1.140111e-01	6.908691e-10	
630	1.142111e-01	6.943195e-10	
631	1.144111e-01	6.978024e-10	
632	1.146111e-01	7.013058e-10	
633	1.148111e-01	7.048516e-10	
634	1.150111e-01	7.084013e-10	

Index   time            -i(vdd)         
--------------------------------------------------------------------------------
635	1.152111e-01	7.119890e-10	
636	1.154111e-01	7.156042e-10	
637	1.156111e-01	7.192513e-10	
638	1.158111e-01	7.229153e-10	
639	1.160111e-01	7.266187e-10	
640	1.162111e-01	7.303339e-10	
641	1.164111e-01	7.340882e-10	
642	1.166111e-01	7.378627e-10	
643	1.168111e-01	7.416699e-10	
644	1.170111e-01	7.454891e-10	
645	1.172111e-01	7.493564e-10	
646	1.174111e-01	7.532278e-10	
647	1.176111e-01	7.571373e-10	
648	1.178111e-01	7.610646e-10	
649	1.180111e-01	7.650290e-10	
650	1.182111e-01	7.690000e-10	
651	1.184111e-01	7.730154e-10	
652	1.186111e-01	7.770383e-10	
653	1.188111e-01	7.810916e-10	
654	1.190111e-01	7.851649e-10	
655	1.192111e-01	7.892676e-10	
656	1.194111e-01	7.933874e-10	
657	1.196111e-01	7.975388e-10	
658	1.198111e-01	8.017047e-10	
659	1.200111e-01	8.059030e-10	
660	1.202111e-01	8.100999e-10	
661	1.204111e-01	8.143397e-10	
662	1.206111e-01	8.185888e-10	
663	1.208111e-01	8.228702e-10	
664	1.210111e-01	8.271597e-10	
665	1.212111e-01	8.314860e-10	
666	1.214111e-01	8.358114e-10	
667	1.216111e-01	8.401672e-10	
668	1.218111e-01	8.445486e-10	
669	1.220111e-01	8.489402e-10	
670	1.222111e-01	8.533447e-10	
671	1.222222e-01	8.536055e-10	
672	1.222422e-01	8.538286e-10	
673	1.222822e-01	8.539927e-10	
674	1.223622e-01	8.538740e-10	
675	1.225222e-01	8.530550e-10	
676	1.227222e-01	8.518660e-10	
677	1.229222e-01	8.506798e-10	
678	1.231222e-01	8.495150e-10	
679	1.233222e-01	8.483408e-10	
680	1.235222e-01	8.471665e-10	
681	1.237222e-01	8.459785e-10	
682	1.239222e-01	8.447971e-10	
683	1.241222e-01	8.435991e-10	
684	1.243222e-01	8.424000e-10	
685	1.245222e-01	8.411876e-10	
686	1.247222e-01	8.399728e-10	
687	1.249222e-01	8.387451e-10	
688	1.251222e-01	8.375247e-10	
689	1.253222e-01	8.362853e-10	
690	1.255222e-01	8.350548e-10	
691	1.257222e-01	8.338043e-10	
692	1.259222e-01	8.325523e-10	

Index   time            -i(vdd)         
--------------------------------------------------------------------------------
693	1.261222e-01	8.312956e-10	
694	1.263222e-01	8.300404e-10	
695	1.265222e-01	8.287691e-10	
696	1.267222e-01	8.275033e-10	
697	1.269222e-01	8.262187e-10	
698	1.271222e-01	8.249416e-10	
699	1.273222e-01	8.236452e-10	
700	1.275222e-01	8.223624e-10	
701	1.277222e-01	8.210549e-10	
702	1.279222e-01	8.197624e-10	
703	1.281222e-01	8.184502e-10	
704	1.283222e-01	8.171414e-10	
705	1.285222e-01	8.158233e-10	
706	1.287222e-01	8.145055e-10	
707	1.289222e-01	8.131725e-10	
708	1.291222e-01	8.118563e-10	
709	1.293222e-01	8.105109e-10	
710	1.295222e-01	8.091826e-10	
711	1.297222e-01	8.078390e-10	
712	1.299222e-01	8.065033e-10	
713	1.301222e-01	8.051514e-10	
714	1.303222e-01	8.038112e-10	
715	1.305222e-01	8.024527e-10	
716	1.307222e-01	8.011028e-10	
717	1.309222e-01	7.997448e-10	
718	1.311222e-01	7.983921e-10	
719	1.313222e-01	7.970335e-10	
720	1.315222e-01	7.956827e-10	
721	1.317222e-01	7.943201e-10	
722	1.319222e-01	7.929625e-10	
723	1.321222e-01	7.915975e-10	
724	1.323222e-01	7.902482e-10	
725	1.325222e-01	7.888876e-10	
726	1.327222e-01	7.875458e-10	
727	1.329222e-01	7.861996e-10	
728	1.331222e-01	7.848742e-10	
729	1.333222e-01	7.835399e-10	
730	1.333333e-01	7.834748e-10	
731	1.333533e-01	7.834537e-10	
732	1.333933e-01	7.835198e-10	
733	1.334733e-01	7.838847e-10	
734	1.336333e-01	7.848846e-10	
735	1.338333e-01	7.861926e-10	
736	1.340333e-01	7.875616e-10	
737	1.342333e-01	7.889869e-10	
738	1.344333e-01	7.904403e-10	
739	1.346333e-01	7.919182e-10	
740	1.348333e-01	7.933968e-10	
741	1.350333e-01	7.949105e-10	
742	1.352333e-01	7.964234e-10	
743	1.354333e-01	7.979649e-10	
744	1.356333e-01	7.995115e-10	
745	1.358333e-01	8.010850e-10	
746	1.360333e-01	8.026549e-10	
747	1.362333e-01	8.042588e-10	
748	1.364333e-01	8.058553e-10	
749	1.366333e-01	8.074872e-10	
750	1.368333e-01	8.091196e-10	

Index   time            -i(vdd)         
--------------------------------------------------------------------------------
751	1.370333e-01	8.107729e-10	
752	1.372333e-01	8.124301e-10	
753	1.374333e-01	8.141154e-10	
754	1.376333e-01	8.157996e-10	
755	1.378333e-01	8.175037e-10	
756	1.380333e-01	8.192124e-10	
757	1.382333e-01	8.209462e-10	
758	1.384333e-01	8.226809e-10	
759	1.386333e-01	8.244331e-10	
760	1.388333e-01	8.261867e-10	
761	1.390333e-01	8.279680e-10	
762	1.392333e-01	8.297424e-10	
763	1.394333e-01	8.315411e-10	
764	1.396333e-01	8.333424e-10	
765	1.398333e-01	8.351686e-10	
766	1.400333e-01	8.369808e-10	
767	1.402333e-01	8.388329e-10	
768	1.404333e-01	8.406701e-10	
769	1.406333e-01	8.425362e-10	
770	1.408333e-01	8.443983e-10	
771	1.410333e-01	8.462760e-10	
772	1.412333e-01	8.481586e-10	
773	1.414333e-01	8.500611e-10	
774	1.416333e-01	8.519536e-10	
775	1.418333e-01	8.538717e-10	
776	1.420333e-01	8.557929e-10	
777	1.422333e-01	8.577260e-10	
778	1.424333e-01	8.596589e-10	
779	1.426333e-01	8.616110e-10	
780	1.428333e-01	8.635594e-10	
781	1.430333e-01	8.655181e-10	
782	1.432333e-01	8.674875e-10	
783	1.434333e-01	8.694581e-10	
784	1.436333e-01	8.714360e-10	
785	1.438333e-01	8.734231e-10	
786	1.440333e-01	8.754142e-10	
787	1.442333e-01	8.774223e-10	
788	1.444333e-01	8.794135e-10	
789	1.444444e-01	8.795366e-10	
790	1.444644e-01	8.796980e-10	
791	1.445044e-01	8.799633e-10	
792	1.445844e-01	8.804838e-10	
793	1.447444e-01	8.815135e-10	
794	1.449444e-01	8.828012e-10	
795	1.451444e-01	8.841229e-10	
796	1.453444e-01	8.854519e-10	
797	1.455444e-01	8.867479e-10	
798	1.457444e-01	8.880713e-10	
799	1.459444e-01	8.893805e-10	
800	1.461444e-01	8.906883e-10	
801	1.463444e-01	8.919926e-10	
802	1.465444e-01	8.933000e-10	
803	1.467444e-01	8.946017e-10	
804	1.469444e-01	8.959170e-10	
805	1.471444e-01	8.972104e-10	
806	1.473444e-01	8.985164e-10	
807	1.475444e-01	8.998121e-10	
808	1.477444e-01	9.011069e-10	

Index   time            -i(vdd)         
--------------------------------------------------------------------------------
809	1.479444e-01	9.024007e-10	
810	1.481444e-01	9.036961e-10	
811	1.483444e-01	9.049861e-10	
812	1.485444e-01	9.062736e-10	
813	1.487444e-01	9.075576e-10	
814	1.489444e-01	9.088501e-10	
815	1.491444e-01	9.101248e-10	
816	1.493444e-01	9.114097e-10	
817	1.495444e-01	9.126834e-10	
818	1.497444e-01	9.139683e-10	
819	1.499444e-01	9.152354e-10	
820	1.501444e-01	9.165156e-10	
821	1.503444e-01	9.177844e-10	
822	1.505444e-01	9.190504e-10	
823	1.507444e-01	9.203155e-10	
824	1.509444e-01	9.215806e-10	
825	1.511444e-01	9.228389e-10	
826	1.513444e-01	9.241102e-10	
827	1.515444e-01	9.253582e-10	
828	1.517444e-01	9.266171e-10	
829	1.519444e-01	9.278700e-10	
830	1.521444e-01	9.291248e-10	
831	1.523444e-01	9.303741e-10	
832	1.525444e-01	9.316286e-10	
833	1.527444e-01	9.328694e-10	
834	1.529444e-01	9.341101e-10	
835	1.531444e-01	9.353426e-10	
836	1.533444e-01	9.365869e-10	
837	1.535444e-01	9.378153e-10	
838	1.537444e-01	9.390605e-10	
839	1.539444e-01	9.402828e-10	
840	1.541444e-01	9.415134e-10	
841	1.543444e-01	9.427383e-10	
842	1.545444e-01	9.439624e-10	
843	1.547444e-01	9.451782e-10	
844	1.549444e-01	9.463992e-10	
845	1.551444e-01	9.476108e-10	
846	1.553444e-01	9.488338e-10	
847	1.555444e-01	9.500414e-10	
848	1.555556e-01	9.501161e-10	
849	1.555756e-01	9.500836e-10	
850	1.556156e-01	9.498162e-10	
851	1.556956e-01	9.490419e-10	
852	1.558556e-01	9.472730e-10	
853	1.560556e-01	9.450418e-10	
854	1.562556e-01	9.428450e-10	
855	1.564556e-01	9.406768e-10	
856	1.566556e-01	9.384910e-10	
857	1.568556e-01	9.363067e-10	
858	1.570556e-01	9.341222e-10	
859	1.572556e-01	9.319441e-10	
860	1.574556e-01	9.297589e-10	
861	1.576556e-01	9.275779e-10	
862	1.578556e-01	9.254037e-10	
863	1.580556e-01	9.232532e-10	
864	1.582556e-01	9.211009e-10	
865	1.584556e-01	9.189751e-10	
866	1.586556e-01	9.168768e-10	

Index   time            -i(vdd)         
--------------------------------------------------------------------------------
867	1.588556e-01	9.148358e-10	
868	1.590556e-01	9.128610e-10	
869	1.592556e-01	9.110227e-10	
870	1.594556e-01	9.093942e-10	
871	1.596556e-01	9.081918e-10	
872	1.598556e-01	9.078326e-10	
873	1.600556e-01	9.094683e-10	
874	1.602556e-01	9.165385e-10	
875	1.604556e-01	9.397389e-10	
876	1.606556e-01	9.950350e-10	
877	1.608556e-01	1.100101e-09	
878	1.610556e-01	1.251864e-09	
879	1.612556e-01	1.363113e-09	
880	1.614556e-01	1.413012e-09	
881	1.616556e-01	1.517404e-09	
882	1.616806e-01	1.522052e-09	
883	1.617306e-01	1.541765e-09	
884	1.618306e-01	1.544032e-09	
885	1.620306e-01	1.476225e-09	
886	1.622306e-01	1.419896e-09	
887	1.624306e-01	1.392720e-09	
888	1.626306e-01	1.381337e-09	
889	1.628306e-01	1.376543e-09	
890	1.630306e-01	1.373973e-09	
891	1.632306e-01	1.371874e-09	
892	1.634306e-01	1.369721e-09	
893	1.636306e-01	1.367423e-09	
894	1.638306e-01	1.364996e-09	
895	1.640306e-01	1.362438e-09	
896	1.642306e-01	1.359784e-09	
897	1.644306e-01	1.357150e-09	
898	1.646306e-01	1.354616e-09	
899	1.648306e-01	1.352201e-09	
900	1.650306e-01	1.349829e-09	
901	1.652306e-01	1.347432e-09	
902	1.654306e-01	1.344994e-09	
903	1.656306e-01	1.342556e-09	
904	1.658306e-01	1.340116e-09	
905	1.660306e-01	1.337699e-09	
906	1.662306e-01	1.335283e-09	
907	1.664306e-01	1.332880e-09	
908	1.666306e-01	1.330481e-09	
909	1.666667e-01	1.330056e-09	
910	1.666867e-01	1.329909e-09	
911	1.667267e-01	1.329665e-09	
912	1.668067e-01	1.329405e-09	
913	1.669667e-01	1.328989e-09	
914	1.671667e-01	1.328392e-09	
915	1.673667e-01	1.327725e-09	
916	1.675667e-01	1.327066e-09	
917	1.677667e-01	1.326419e-09	
918	1.679667e-01	1.325794e-09	
919	1.681667e-01	1.325163e-09	
920	1.683667e-01	1.324556e-09	
921	1.685667e-01	1.323948e-09	
922	1.687667e-01	1.323356e-09	
923	1.689667e-01	1.322764e-09	
924	1.691667e-01	1.322196e-09	

Index   time            -i(vdd)         
--------------------------------------------------------------------------------
925	1.693667e-01	1.321620e-09	
926	1.695667e-01	1.321066e-09	
927	1.697667e-01	1.320511e-09	
928	1.699667e-01	1.319971e-09	
929	1.701667e-01	1.319430e-09	
930	1.703667e-01	1.318905e-09	
931	1.705667e-01	1.318383e-09	
932	1.707667e-01	1.317877e-09	
933	1.709667e-01	1.317366e-09	
934	1.711667e-01	1.316877e-09	
935	1.713667e-01	1.316383e-09	
936	1.715667e-01	1.315905e-09	
937	1.717667e-01	1.315429e-09	
938	1.719667e-01	1.314970e-09	
939	1.721667e-01	1.314501e-09	
940	1.723667e-01	1.314054e-09	
941	1.725667e-01	1.313600e-09	
942	1.727667e-01	1.313160e-09	
943	1.729667e-01	1.312722e-09	
944	1.731667e-01	1.312295e-09	
945	1.733667e-01	1.311869e-09	
946	1.735667e-01	1.311460e-09	
947	1.737667e-01	1.311042e-09	
948	1.739667e-01	1.310637e-09	
949	1.741667e-01	1.310223e-09	
950	1.743667e-01	1.309833e-09	
951	1.745667e-01	1.309436e-09	
952	1.747667e-01	1.309054e-09	
953	1.749667e-01	1.308661e-09	
954	1.751667e-01	1.308286e-09	
955	1.753667e-01	1.307905e-09	
956	1.755667e-01	1.307534e-09	
957	1.757667e-01	1.307159e-09	
958	1.759667e-01	1.306799e-09	
959	1.761667e-01	1.306432e-09	
960	1.763667e-01	1.306077e-09	
961	1.765667e-01	1.305712e-09	
962	1.767667e-01	1.305354e-09	
963	1.769667e-01	1.304990e-09	
964	1.771667e-01	1.304637e-09	
965	1.773667e-01	1.304266e-09	
966	1.775667e-01	1.303905e-09	
967	1.777667e-01	1.303526e-09	
968	1.777778e-01	1.303522e-09	
969	1.777978e-01	1.303466e-09	
970	1.778378e-01	1.303318e-09	
971	1.779178e-01	1.303034e-09	
972	1.780778e-01	1.302417e-09	
973	1.782778e-01	1.301580e-09	
974	1.784778e-01	1.300729e-09	
975	1.786778e-01	1.299856e-09	
976	1.788778e-01	1.298935e-09	
977	1.790778e-01	1.297973e-09	
978	1.792778e-01	1.296917e-09	
979	1.794778e-01	1.295748e-09	
980	1.796778e-01	1.294412e-09	
981	1.798778e-01	1.292861e-09	
982	1.799000e-01	1.292659e-09	

Index   time            -i(vdd)         
--------------------------------------------------------------------------------
983	1.799100e-01	1.292296e-09	
984	1.799300e-01	1.293230e-09	
985	1.799700e-01	1.291831e-09	
986	1.800000e-01	1.291308e-09	
987	1.800080e-01	1.291962e-09	
988	1.800240e-01	1.291392e-09	
989	1.800560e-01	1.290670e-09	
990	1.801200e-01	1.290123e-09	
991	1.802480e-01	1.288839e-09	
992	1.804480e-01	1.286283e-09	
993	1.806480e-01	1.283136e-09	
994	1.808480e-01	1.279300e-09	
995	1.810480e-01	1.274624e-09	
996	1.812480e-01	1.268912e-09	
997	1.814480e-01	1.261969e-09	
998	1.816480e-01	1.253680e-09	
999	1.818480e-01	1.244300e-09	
1000	1.820480e-01	1.234133e-09	
1001	1.822480e-01	1.222907e-09	
1002	1.824480e-01	1.209314e-09	
1003	1.826480e-01	1.191810e-09	
1004	1.828480e-01	1.169655e-09	
1005	1.830480e-01	1.143494e-09	
1006	1.832480e-01	1.114879e-09	
1007	1.834480e-01	1.085570e-09	
1008	1.836480e-01	1.056916e-09	
1009	1.838480e-01	1.029800e-09	
1010	1.840480e-01	1.004635e-09	
1011	1.842480e-01	9.816086e-10	
1012	1.844480e-01	9.607066e-10	
1013	1.846480e-01	9.418485e-10	
1014	1.848480e-01	9.248821e-10	
1015	1.850480e-01	9.096581e-10	
1016	1.852480e-01	8.960052e-10	
1017	1.854480e-01	8.838020e-10	
1018	1.856480e-01	8.728577e-10	
1019	1.858480e-01	8.630720e-10	
1020	1.860480e-01	8.542859e-10	
1021	1.862480e-01	8.464154e-10	
1022	1.864480e-01	8.393208e-10	
1023	1.866480e-01	8.329477e-10	
1024	1.868480e-01	8.271841e-10	
1025	1.870480e-01	8.219790e-10	
1026	1.872480e-01	8.172647e-10	
1027	1.874480e-01	8.129846e-10	
1028	1.876480e-01	8.090840e-10	
1029	1.878480e-01	8.055362e-10	
1030	1.880480e-01	8.022760e-10	
1031	1.882480e-01	7.993031e-10	
1032	1.884480e-01	7.965553e-10	
1033	1.886480e-01	7.940423e-10	
1034	1.888480e-01	7.917025e-10	
1035	1.888889e-01	7.912571e-10	
1036	1.889089e-01	7.909600e-10	
1037	1.889489e-01	7.902801e-10	
1038	1.890289e-01	7.889409e-10	
1039	1.891889e-01	7.870246e-10	
1040	1.893889e-01	7.871015e-10	

Index   time            -i(vdd)         
--------------------------------------------------------------------------------
1041	1.895889e-01	7.915250e-10	
1042	1.897889e-01	8.039969e-10	
1043	1.899889e-01	8.314153e-10	
1044	1.901889e-01	8.846900e-10	
1045	1.903889e-01	9.770342e-10	
1046	1.905889e-01	1.110963e-09	
1047	1.907889e-01	1.249566e-09	
1048	1.909889e-01	1.331010e-09	
1049	1.911889e-01	1.330607e-09	
1050	1.913889e-01	1.299429e-09	
1051	1.915889e-01	1.270723e-09	
1052	1.917889e-01	1.250887e-09	
1053	1.919889e-01	1.238521e-09	
1054	1.921889e-01	1.230934e-09	
1055	1.923889e-01	1.226130e-09	
1056	1.925889e-01	1.222558e-09	
1057	1.927889e-01	1.219554e-09	
1058	1.929889e-01	1.216769e-09	
1059	1.931889e-01	1.214064e-09	
1060	1.933889e-01	1.211397e-09	
1061	1.935889e-01	1.208741e-09	
1062	1.937889e-01	1.206064e-09	
1063	1.939889e-01	1.203363e-09	
1064	1.941889e-01	1.200598e-09	
1065	1.943889e-01	1.197780e-09	
1066	1.945889e-01	1.195006e-09	
1067	1.947889e-01	1.192339e-09	
1068	1.949889e-01	1.189761e-09	
1069	1.951889e-01	1.187217e-09	
1070	1.953889e-01	1.184658e-09	
1071	1.955889e-01	1.182097e-09	
1072	1.957889e-01	1.179532e-09	
1073	1.959889e-01	1.176992e-09	
1074	1.961889e-01	1.174452e-09	
1075	1.963889e-01	1.171935e-09	
1076	1.965889e-01	1.169419e-09	
1077	1.967889e-01	1.166928e-09	
1078	1.969889e-01	1.164438e-09	
1079	1.971889e-01	1.161973e-09	
1080	1.973889e-01	1.159513e-09	
1081	1.975889e-01	1.157074e-09	
1082	1.977889e-01	1.154638e-09	
1083	1.979889e-01	1.152225e-09	
1084	1.981889e-01	1.149817e-09	
1085	1.983889e-01	1.147426e-09	
1086	1.985889e-01	1.145052e-09	
1087	1.987889e-01	1.142685e-09	
1088	1.989889e-01	1.140331e-09	
1089	1.991889e-01	1.137992e-09	
1090	1.993889e-01	1.135665e-09	
1091	1.995889e-01	1.133356e-09	
1092	1.997889e-01	1.131049e-09	
1093	1.999889e-01	1.128762e-09	
1094	2.000000e-01	1.128639e-09	
1095	2.000200e-01	1.128471e-09	
1096	2.000600e-01	1.128187e-09	
1097	2.001400e-01	1.127788e-09	
1098	2.003000e-01	1.127314e-09	

Index   time            -i(vdd)         
--------------------------------------------------------------------------------
1099	2.005000e-01	1.126904e-09	
1100	2.007000e-01	1.126545e-09	
1101	2.009000e-01	1.126197e-09	
1102	2.011000e-01	1.125867e-09	
1103	2.013000e-01	1.125567e-09	
1104	2.015000e-01	1.125265e-09	
1105	2.017000e-01	1.124984e-09	
1106	2.019000e-01	1.124698e-09	
1107	2.021000e-01	1.124420e-09	
1108	2.023000e-01	1.124147e-09	
1109	2.025000e-01	1.123874e-09	
1110	2.027000e-01	1.123600e-09	
1111	2.029000e-01	1.123329e-09	
1112	2.031000e-01	1.123059e-09	
1113	2.033000e-01	1.122798e-09	
1114	2.035000e-01	1.122533e-09	
1115	2.037000e-01	1.122278e-09	
1116	2.039000e-01	1.122017e-09	
1117	2.041000e-01	1.121773e-09	
1118	2.043000e-01	1.121516e-09	
1119	2.045000e-01	1.121270e-09	
1120	2.047000e-01	1.121019e-09	
1121	2.049000e-01	1.120771e-09	
1122	2.051000e-01	1.120521e-09	
1123	2.053000e-01	1.120279e-09	
1124	2.055000e-01	1.120039e-09	
1125	2.057000e-01	1.119798e-09	
1126	2.059000e-01	1.119560e-09	
1127	2.061000e-01	1.119328e-09	
1128	2.063000e-01	1.119093e-09	
1129	2.065000e-01	1.118858e-09	
1130	2.067000e-01	1.118626e-09	
1131	2.069000e-01	1.118405e-09	
1132	2.071000e-01	1.118169e-09	
1133	2.073000e-01	1.117944e-09	
1134	2.075000e-01	1.117712e-09	
1135	2.077000e-01	1.117496e-09	
1136	2.079000e-01	1.117271e-09	
1137	2.081000e-01	1.117056e-09	
1138	2.083000e-01	1.116832e-09	
1139	2.085000e-01	1.116613e-09	
1140	2.087000e-01	1.116389e-09	
1141	2.089000e-01	1.116177e-09	
1142	2.091000e-01	1.115963e-09	
1143	2.093000e-01	1.115762e-09	
1144	2.095000e-01	1.115547e-09	
1145	2.097000e-01	1.115338e-09	
1146	2.099000e-01	1.115132e-09	
1147	2.101000e-01	1.114929e-09	
1148	2.103000e-01	1.114720e-09	
1149	2.105000e-01	1.114520e-09	
1150	2.107000e-01	1.114318e-09	
1151	2.109000e-01	1.114127e-09	
1152	2.111000e-01	1.113927e-09	
1153	2.111111e-01	1.113928e-09	
1154	2.111311e-01	1.113938e-09	
1155	2.111711e-01	1.113970e-09	
1156	2.112511e-01	1.114166e-09	

Index   time            -i(vdd)         
--------------------------------------------------------------------------------
1157	2.114111e-01	1.114736e-09	
1158	2.116111e-01	1.115514e-09	
1159	2.118111e-01	1.116299e-09	
1160	2.120111e-01	1.117059e-09	
1161	2.122111e-01	1.117800e-09	
1162	2.124111e-01	1.118549e-09	
1163	2.126111e-01	1.119285e-09	
1164	2.128111e-01	1.120038e-09	
1165	2.130111e-01	1.120782e-09	
1166	2.132111e-01	1.121542e-09	
1167	2.134111e-01	1.122295e-09	
1168	2.136111e-01	1.123067e-09	
1169	2.138111e-01	1.123822e-09	
1170	2.140111e-01	1.124597e-09	
1171	2.142111e-01	1.125361e-09	
1172	2.144111e-01	1.126123e-09	
1173	2.146111e-01	1.126890e-09	
1174	2.148111e-01	1.127665e-09	
1175	2.150111e-01	1.128424e-09	
1176	2.152111e-01	1.129187e-09	
1177	2.154111e-01	1.129947e-09	
1178	2.156111e-01	1.130714e-09	
1179	2.158111e-01	1.131484e-09	
1180	2.160111e-01	1.132275e-09	
1181	2.162111e-01	1.133059e-09	
1182	2.164111e-01	1.133857e-09	
1183	2.166111e-01	1.134646e-09	
1184	2.168111e-01	1.135454e-09	
1185	2.170111e-01	1.136249e-09	
1186	2.172111e-01	1.137055e-09	
1187	2.174111e-01	1.137850e-09	
1188	2.176111e-01	1.138646e-09	
1189	2.178111e-01	1.139432e-09	
1190	2.180111e-01	1.140216e-09	
1191	2.182111e-01	1.140991e-09	
1192	2.184111e-01	1.141761e-09	
1193	2.186111e-01	1.142515e-09	
1194	2.188111e-01	1.143258e-09	
1195	2.190111e-01	1.143983e-09	
1196	2.192111e-01	1.144683e-09	
1197	2.194111e-01	1.145329e-09	
1198	2.196111e-01	1.145884e-09	
1199	2.198111e-01	1.146273e-09	
1200	2.200111e-01	1.146354e-09	
1201	2.202111e-01	1.145798e-09	
1202	2.204111e-01	1.143975e-09	
1203	2.206111e-01	1.139519e-09	
1204	2.208111e-01	1.129717e-09	
1205	2.210111e-01	1.109954e-09	
1206	2.212111e-01	1.072428e-09	
1207	2.214111e-01	1.022806e-09	
1208	2.216111e-01	9.590269e-10	
1209	2.218111e-01	8.678499e-10	
1210	2.220111e-01	7.857754e-10	
1211	2.222111e-01	7.335417e-10	
1212	2.222222e-01	7.314049e-10	
1213	2.222422e-01	7.278070e-10	
1214	2.222822e-01	7.211340e-10	

Index   time            -i(vdd)         
--------------------------------------------------------------------------------
1215	2.223622e-01	7.099464e-10	
1216	2.225222e-01	6.939880e-10	
1217	2.227222e-01	6.816732e-10	
1218	2.229222e-01	6.741173e-10	
1219	2.231222e-01	6.693048e-10	
1220	2.233222e-01	6.659849e-10	
1221	2.235222e-01	6.635531e-10	
1222	2.237222e-01	6.616964e-10	
1223	2.239222e-01	6.602487e-10	
1224	2.241222e-01	6.590973e-10	
1225	2.243222e-01	6.581862e-10	
1226	2.245222e-01	6.574486e-10	
1227	2.247222e-01	6.568662e-10	
1228	2.249222e-01	6.563780e-10	
1229	2.251222e-01	6.559923e-10	
1230	2.253222e-01	6.556830e-10	
1231	2.255222e-01	6.554292e-10	
1232	2.257222e-01	6.552371e-10	
1233	2.259222e-01	6.550817e-10	
1234	2.261222e-01	6.549672e-10	
1235	2.263222e-01	6.548851e-10	
1236	2.265222e-01	6.548314e-10	
1237	2.267222e-01	6.548060e-10	
1238	2.269222e-01	6.547939e-10	
1239	2.271222e-01	6.548110e-10	
1240	2.273222e-01	6.548392e-10	
1241	2.275222e-01	6.548975e-10	
1242	2.277222e-01	6.549591e-10	
1243	2.279222e-01	6.550475e-10	
1244	2.281222e-01	6.551355e-10	
1245	2.283222e-01	6.552409e-10	
1246	2.285222e-01	6.553576e-10	
1247	2.287222e-01	6.554895e-10	
1248	2.289222e-01	6.556215e-10	
1249	2.291222e-01	6.557629e-10	
1250	2.293222e-01	6.559092e-10	
1251	2.295222e-01	6.560746e-10	
1252	2.297222e-01	6.562325e-10	
1253	2.299222e-01	6.564179e-10	
1254	2.301222e-01	6.565900e-10	
1255	2.303222e-01	6.567809e-10	
1256	2.305222e-01	6.569655e-10	
1257	2.307222e-01	6.571621e-10	
1258	2.309222e-01	6.573592e-10	
1259	2.311222e-01	6.575725e-10	
1260	2.313222e-01	6.577720e-10	
1261	2.315222e-01	6.579936e-10	
1262	2.317222e-01	6.582046e-10	
1263	2.319222e-01	6.584347e-10	
1264	2.321222e-01	6.586531e-10	
1265	2.323222e-01	6.588873e-10	
1266	2.325222e-01	6.591236e-10	
1267	2.327222e-01	6.593612e-10	
1268	2.329222e-01	6.595995e-10	
1269	2.331222e-01	6.598444e-10	
1270	2.333222e-01	6.600869e-10	
1271	2.333333e-01	6.601273e-10	
1272	2.333533e-01	6.601036e-10	

Index   time            -i(vdd)         
--------------------------------------------------------------------------------
1273	2.333933e-01	6.600277e-10	
1274	2.334733e-01	6.598352e-10	
1275	2.336333e-01	6.593431e-10	
1276	2.338333e-01	6.586558e-10	
1277	2.340333e-01	6.580016e-10	
1278	2.342333e-01	6.573992e-10	
1279	2.344333e-01	6.568062e-10	
1280	2.346333e-01	6.562539e-10	
1281	2.348333e-01	6.556990e-10	
1282	2.350333e-01	6.551641e-10	
1283	2.352333e-01	6.546428e-10	
1284	2.354333e-01	6.541353e-10	
1285	2.356333e-01	6.536300e-10	
1286	2.358333e-01	6.531544e-10	
1287	2.360333e-01	6.526832e-10	
1288	2.362333e-01	6.522402e-10	
1289	2.364333e-01	6.518203e-10	
1290	2.366333e-01	6.514451e-10	
1291	2.368333e-01	6.511053e-10	
1292	2.370333e-01	6.508436e-10	
1293	2.372333e-01	6.506525e-10	
1294	2.374333e-01	6.506068e-10	
1295	2.376333e-01	6.507249e-10	
1296	2.378333e-01	6.511182e-10	
1297	2.380333e-01	6.518995e-10	
1298	2.382333e-01	6.533036e-10	
1299	2.384333e-01	6.556265e-10	
1300	2.386333e-01	6.593540e-10	
1301	2.388333e-01	6.650219e-10	
1302	2.390333e-01	6.733760e-10	
1303	2.392333e-01	6.853606e-10	
1304	2.394333e-01	7.023930e-10	
1305	2.396333e-01	7.263020e-10	
1306	2.398333e-01	7.593637e-10	
1307	2.400333e-01	8.040256e-10	
1308	2.402333e-01	8.626480e-10	
1309	2.404333e-01	9.368960e-10	
1310	2.406333e-01	1.023637e-09	
1311	2.408333e-01	1.106026e-09	
1312	2.410333e-01	1.161150e-09	
1313	2.412333e-01	1.183711e-09	
1314	2.414333e-01	1.186108e-09	
1315	2.416333e-01	1.180335e-09	
1316	2.418333e-01	1.172598e-09	
1317	2.420333e-01	1.165428e-09	
1318	2.422333e-01	1.159507e-09	
1319	2.424333e-01	1.154829e-09	
1320	2.426333e-01	1.151130e-09	
1321	2.428333e-01	1.148219e-09	
1322	2.430333e-01	1.145916e-09	
1323	2.432333e-01	1.144098e-09	
1324	2.434333e-01	1.142638e-09	
1325	2.436333e-01	1.141456e-09	
1326	2.438333e-01	1.140471e-09	
1327	2.440333e-01	1.139635e-09	
1328	2.442333e-01	1.138886e-09	
1329	2.444333e-01	1.138225e-09	
1330	2.444444e-01	1.138189e-09	

Index   time            -i(vdd)         
--------------------------------------------------------------------------------
1331	2.444644e-01	1.138088e-09	
1332	2.445044e-01	1.137809e-09	
1333	2.445844e-01	1.137141e-09	
1334	2.447444e-01	1.135559e-09	
1335	2.449444e-01	1.133447e-09	
1336	2.451444e-01	1.131300e-09	
1337	2.453444e-01	1.129169e-09	
1338	2.455444e-01	1.127030e-09	
1339	2.457444e-01	1.124910e-09	
1340	2.459444e-01	1.122797e-09	
1341	2.461444e-01	1.120705e-09	
1342	2.463444e-01	1.118603e-09	
1343	2.465444e-01	1.116518e-09	
1344	2.467444e-01	1.114404e-09	
1345	2.469444e-01	1.112259e-09	
1346	2.471444e-01	1.110078e-09	
1347	2.473444e-01	1.107949e-09	
1348	2.475444e-01	1.105900e-09	
1349	2.477444e-01	1.103932e-09	
1350	2.479444e-01	1.101976e-09	
1351	2.481444e-01	1.100035e-09	
1352	2.483444e-01	1.098077e-09	
1353	2.485444e-01	1.096145e-09	
1354	2.487444e-01	1.094215e-09	
1355	2.489444e-01	1.092307e-09	
1356	2.491444e-01	1.090405e-09	
1357	2.493444e-01	1.088534e-09	
1358	2.495444e-01	1.086671e-09	
1359	2.497444e-01	1.084828e-09	
1360	2.499000e-01	1.083397e-09	
1361	2.499100e-01	8.393886e-10	
1362	2.499125e-01	8.760695e-10	
1363	2.499175e-01	9.250011e-10	
1364	2.499275e-01	1.208088e-09	
1365	2.499475e-01	1.775658e-09	
1366	2.499664e-01	1.395123e-09	
1367	2.499837e-01	3.592029e-09	
1368	2.500000e-01	7.057247e-09	
1369	2.500024e-01	6.999038e-09	
1370	2.500071e-01	6.347289e-09	
1371	2.500166e-01	5.204167e-09	
1372	2.500356e-01	3.943132e-09	
1373	2.500614e-01	3.198687e-09	
1374	2.501131e-01	2.734405e-09	
1375	2.501926e-01	2.542996e-09	
1376	2.503370e-01	2.448922e-09	
1377	2.505370e-01	2.483981e-09	
1378	2.507370e-01	2.370222e-09	
1379	2.509370e-01	2.363181e-09	
1380	2.511370e-01	2.360050e-09	
1381	2.513370e-01	2.351365e-09	
1382	2.515370e-01	2.335059e-09	
1383	2.517370e-01	2.122853e-09	
1384	2.519370e-01	1.222354e-09	
1385	2.521370e-01	9.437137e-10	
1386	2.523370e-01	1.001981e-09	
1387	2.525370e-01	1.050371e-09	
1388	2.527370e-01	1.062389e-09	

Index   time            -i(vdd)         
--------------------------------------------------------------------------------
1389	2.529370e-01	1.061604e-09	
1390	2.531370e-01	1.059221e-09	
1391	2.533370e-01	1.057391e-09	
1392	2.535370e-01	1.055890e-09	
1393	2.537370e-01	1.054451e-09	
1394	2.539370e-01	1.053005e-09	
1395	2.541370e-01	1.051547e-09	
1396	2.543370e-01	1.050100e-09	
1397	2.545370e-01	1.048662e-09	
1398	2.547370e-01	1.047252e-09	
1399	2.549370e-01	1.045845e-09	
1400	2.551370e-01	1.044468e-09	
1401	2.553370e-01	1.043098e-09	
1402	2.555370e-01	1.041752e-09	
1403	2.555556e-01	1.041623e-09	
1404	2.555756e-01	1.041433e-09	
1405	2.556156e-01	1.040941e-09	
1406	2.556956e-01	1.039776e-09	
1407	2.558556e-01	1.036932e-09	
1408	2.560556e-01	1.032927e-09	
1409	2.562556e-01	1.028833e-09	
1410	2.564556e-01	1.024804e-09	
1411	2.566556e-01	1.020873e-09	
1412	2.568556e-01	1.017059e-09	
1413	2.570556e-01	1.013351e-09	
1414	2.572556e-01	1.009773e-09	
1415	2.574556e-01	1.006292e-09	
1416	2.576556e-01	1.002938e-09	
1417	2.578556e-01	9.996859e-10	
1418	2.580556e-01	9.965624e-10	
1419	2.582556e-01	9.935355e-10	
1420	2.584556e-01	9.906211e-10	
1421	2.586556e-01	9.878326e-10	
1422	2.588556e-01	9.851432e-10	
1423	2.590556e-01	9.825649e-10	
1424	2.592556e-01	9.801046e-10	
1425	2.594556e-01	9.777634e-10	
1426	2.596556e-01	9.755620e-10	
1427	2.598556e-01	9.734977e-10	
1428	2.600556e-01	9.716113e-10	
1429	2.602556e-01	9.699204e-10	
1430	2.604556e-01	9.685072e-10	
1431	2.606556e-01	9.674493e-10	
1432	2.608556e-01	9.669488e-10	
1433	2.610556e-01	9.673259e-10	
1434	2.612556e-01	9.693044e-10	
1435	2.614556e-01	9.739985e-10	
1436	2.616556e-01	9.824743e-10	
1437	2.618556e-01	9.954107e-10	
1438	2.620556e-01	1.014114e-09	
1439	2.622556e-01	1.040854e-09	
1440	2.624556e-01	1.078377e-09	
1441	2.626556e-01	1.129095e-09	
1442	2.628556e-01	1.194238e-09	
1443	2.630556e-01	1.274309e-09	
1444	2.632556e-01	1.376947e-09	
1445	2.634556e-01	1.594174e-09	
1446	2.634806e-01	1.657757e-09	

Index   time            -i(vdd)         
--------------------------------------------------------------------------------
1447	2.635306e-01	2.002725e-09	
1448	2.635431e-01	2.334935e-09	
1449	2.635681e-01	4.666731e-09	
1450	2.636011e-01	6.869599e-09	
1451	2.636334e-01	5.528277e-09	
1452	2.636889e-01	4.478285e-09	
1453	2.637663e-01	4.169415e-09	
1454	2.638625e-01	5.657827e-09	
1455	2.639680e-01	5.283477e-09	
1456	2.640846e-01	4.616699e-09	
1457	2.641096e-01	4.625263e-09	
1458	2.641596e-01	4.744593e-09	
1459	2.642596e-01	5.376948e-09	
1460	2.644596e-01	7.565432e-09	
1461	2.646558e-01	7.554546e-09	
1462	2.648558e-01	7.545036e-09	
1463	2.650558e-01	7.526523e-09	
1464	2.652558e-01	7.441503e-09	
1465	2.654558e-01	6.662021e-09	
1466	2.656558e-01	6.134370e-09	
1467	2.658558e-01	6.148040e-09	
1468	2.660558e-01	6.215470e-09	
1469	2.662558e-01	6.248925e-09	
1470	2.664558e-01	6.268143e-09	
1471	2.666558e-01	6.285095e-09	
1472	2.666667e-01	6.285793e-09	
1473	2.666867e-01	6.287159e-09	
1474	2.667267e-01	6.289602e-09	
1475	2.668067e-01	6.293789e-09	
1476	2.669667e-01	6.312195e-09	
1477	2.671667e-01	6.341759e-09	
1478	2.673667e-01	6.369435e-09	
1479	2.675667e-01	6.390741e-09	
1480	2.677667e-01	6.402993e-09	
1481	2.679667e-01	6.406239e-09	
1482	2.681667e-01	6.402721e-09	
1483	2.683667e-01	6.395260e-09	
1484	2.685667e-01	6.386541e-09	
1485	2.687667e-01	6.378702e-09	
1486	2.689667e-01	6.373173e-09	
1487	2.691667e-01	6.370749e-09	
1488	2.693667e-01	6.371795e-09	
1489	2.695667e-01	6.376481e-09	
1490	2.697667e-01	6.384873e-09	
1491	2.699667e-01	6.397003e-09	
1492	2.701667e-01	6.412782e-09	
1493	2.703667e-01	6.432085e-09	
1494	2.705667e-01	6.454820e-09	
1495	2.707667e-01	6.480829e-09	
1496	2.709667e-01	6.509050e-09	
1497	2.711667e-01	6.518975e-09	
1498	2.711917e-01	6.502911e-09	
1499	2.712417e-01	6.426877e-09	
1500	2.713417e-01	6.283170e-09	
1501	2.715417e-01	6.300403e-09	
1502	2.717404e-01	6.283579e-09	
1503	2.719404e-01	6.264812e-09	
1504	2.721404e-01	6.267934e-09	

Index   time            -i(vdd)         
--------------------------------------------------------------------------------
1505	2.723404e-01	6.288212e-09	
1506	2.725404e-01	6.317811e-09	
1507	2.727404e-01	6.351974e-09	
1508	2.729404e-01	6.388237e-09	
1509	2.731404e-01	6.424982e-09	
1510	2.733404e-01	6.461137e-09	
1511	2.735404e-01	6.495855e-09	
1512	2.737404e-01	6.528485e-09	
1513	2.739404e-01	6.558564e-09	
1514	2.741404e-01	6.585795e-09	
1515	2.743404e-01	6.610035e-09	
1516	2.745404e-01	6.631274e-09	
1517	2.747404e-01	6.649611e-09	
1518	2.749404e-01	6.665255e-09	
1519	2.751404e-01	6.678439e-09	
1520	2.753404e-01	6.689462e-09	
1521	2.755404e-01	6.698626e-09	
1522	2.757404e-01	6.706228e-09	
1523	2.759404e-01	6.712538e-09	
1524	2.761404e-01	6.717829e-09	
1525	2.763404e-01	6.722323e-09	
1526	2.765404e-01	6.726226e-09	
1527	2.767404e-01	6.729715e-09	
1528	2.769404e-01	6.732932e-09	
1529	2.771404e-01	6.735996e-09	
1530	2.773404e-01	6.739018e-09	
1531	2.775404e-01	6.742056e-09	
1532	2.777404e-01	6.745182e-09	
1533	2.777778e-01	6.745775e-09	
1534	2.777978e-01	6.746084e-09	
1535	2.778378e-01	6.746835e-09	
1536	2.779178e-01	6.748318e-09	
1537	2.780778e-01	6.751306e-09	
1538	2.782778e-01	6.755170e-09	
1539	2.784778e-01	6.759172e-09	
1540	2.786778e-01	6.763367e-09	
1541	2.788778e-01	6.767733e-09	
1542	2.790778e-01	6.772309e-09	
1543	2.792778e-01	6.777079e-09	
1544	2.794778e-01	6.782081e-09	
1545	2.796778e-01	6.787327e-09	
1546	2.798778e-01	6.792878e-09	
1547	2.800000e-01	6.796433e-09	
1548	2.800100e-01	6.797150e-09	
1549	2.800300e-01	6.797140e-09	
1550	2.800700e-01	6.798171e-09	
1551	2.801000e-01	6.799415e-09	
1552	2.801080e-01	6.799598e-09	
1553	2.801240e-01	6.800086e-09	
1554	2.801560e-01	6.801109e-09	
1555	2.802200e-01	6.803197e-09	
1556	2.803480e-01	6.807517e-09	
1557	2.805480e-01	6.814812e-09	
1558	2.807480e-01	6.822988e-09	
1559	2.809480e-01	6.832348e-09	
1560	2.811480e-01	6.843199e-09	
1561	2.813480e-01	6.855759e-09	
1562	2.815480e-01	6.869890e-09	

Index   time            -i(vdd)         
--------------------------------------------------------------------------------
1563	2.817480e-01	6.885095e-09	
1564	2.819480e-01	6.900984e-09	
1565	2.821480e-01	6.917401e-09	
1566	2.823480e-01	6.933087e-09	
1567	2.825480e-01	6.913986e-09	
1568	2.827480e-01	6.598642e-09	
1569	2.827730e-01	6.662822e-09	
1570	2.828230e-01	7.325235e-09	
1571	2.829230e-01	7.092477e-09	
1572	2.830227e-01	6.910168e-09	
1573	2.831582e-01	6.923744e-09	
1574	2.833170e-01	6.773061e-09	
1575	2.835040e-01	6.630789e-09	
1576	2.837040e-01	6.570743e-09	
1577	2.839040e-01	6.601441e-09	
1578	2.839290e-01	6.616760e-09	
1579	2.839790e-01	6.654427e-09	
1580	2.840790e-01	6.732193e-09	
1581	2.841040e-01	6.757275e-09	
1582	2.841540e-01	7.172343e-09	
1583	2.841622e-01	6.980498e-09	
1584	2.841787e-01	6.766945e-09	
1585	2.841828e-01	6.800809e-09	
1586	2.841911e-01	6.781804e-09	
1587	2.842076e-01	6.786427e-09	
1588	2.842405e-01	6.812645e-09	
1589	2.843065e-01	6.831193e-09	
1590	2.844383e-01	6.840816e-09	
1591	2.846383e-01	6.883918e-09	
1592	2.848383e-01	6.857393e-09	
1593	2.850383e-01	6.820020e-09	
1594	2.852383e-01	6.792801e-09	
1595	2.854383e-01	6.777498e-09	
1596	2.856383e-01	6.770711e-09	
1597	2.858383e-01	6.768816e-09	
1598	2.860383e-01	6.768883e-09	
1599	2.862383e-01	6.768891e-09	
1600	2.864383e-01	6.767319e-09	
1601	2.866383e-01	6.763014e-09	
1602	2.868383e-01	6.755074e-09	
1603	2.870383e-01	6.742925e-09	
1604	2.872383e-01	6.726291e-09	
1605	2.874383e-01	6.705431e-09	
1606	2.876383e-01	6.681154e-09	
1607	2.878383e-01	6.654749e-09	
1608	2.880383e-01	6.627626e-09	
1609	2.882383e-01	6.601075e-09	
1610	2.884383e-01	6.575963e-09	
1611	2.886383e-01	6.552709e-09	
1612	2.888383e-01	6.531597e-09	
1613	2.888889e-01	6.526577e-09	
1614	2.889089e-01	6.526604e-09	
1615	2.889489e-01	6.523723e-09	
1616	2.890289e-01	6.516695e-09	
1617	2.891889e-01	6.503122e-09	
1618	2.893889e-01	6.487913e-09	
1619	2.895889e-01	6.474420e-09	
1620	2.897889e-01	6.462465e-09	

Index   time            -i(vdd)         
--------------------------------------------------------------------------------
1621	2.899889e-01	6.451853e-09	
1622	2.901889e-01	6.442449e-09	
1623	2.903889e-01	6.434086e-09	
1624	2.905889e-01	6.426664e-09	
1625	2.907889e-01	6.420050e-09	
1626	2.909889e-01	6.414186e-09	
1627	2.911889e-01	6.408989e-09	
1628	2.913889e-01	6.404397e-09	
1629	2.915889e-01	6.400355e-09	
1630	2.917889e-01	6.396825e-09	
1631	2.919889e-01	6.393765e-09	
1632	2.921889e-01	6.391146e-09	
1633	2.923889e-01	6.388922e-09	
1634	2.925889e-01	6.387078e-09	
1635	2.927889e-01	6.385582e-09	
1636	2.929889e-01	6.384433e-09	
1637	2.931889e-01	6.383567e-09	
1638	2.933889e-01	6.383001e-09	
1639	2.935889e-01	6.382692e-09	
1640	2.937889e-01	6.382638e-09	
1641	2.939889e-01	6.382797e-09	
1642	2.941889e-01	6.383171e-09	
1643	2.943889e-01	6.383713e-09	
1644	2.945889e-01	6.384437e-09	
1645	2.947889e-01	6.385292e-09	
1646	2.949889e-01	6.386274e-09	
1647	2.951889e-01	6.387353e-09	
1648	2.953889e-01	6.388518e-09	
1649	2.955889e-01	6.389733e-09	
1650	2.957889e-01	6.390996e-09	
1651	2.959889e-01	6.392271e-09	
1652	2.961889e-01	6.393540e-09	
1653	2.963889e-01	6.394778e-09	
1654	2.965889e-01	6.395979e-09	
1655	2.967889e-01	6.397101e-09	
1656	2.969889e-01	6.398141e-09	
1657	2.971889e-01	6.399066e-09	
1658	2.973889e-01	6.399871e-09	
1659	2.975889e-01	6.400536e-09	
1660	2.977889e-01	6.401051e-09	
1661	2.979889e-01	6.401387e-09	
1662	2.981889e-01	6.401542e-09	
1663	2.983889e-01	6.401503e-09	
1664	2.985889e-01	6.401272e-09	
1665	2.987889e-01	6.400824e-09	
1666	2.989889e-01	6.400161e-09	
1667	2.991889e-01	6.399277e-09	
1668	2.993889e-01	6.398179e-09	
1669	2.995889e-01	6.396841e-09	
1670	2.997889e-01	6.395294e-09	
1671	2.999000e-01	6.394323e-09	
1672	2.999100e-01	6.188932e-09	
1673	2.999300e-01	6.883831e-09	
1674	2.999350e-01	8.092136e-09	
1675	2.999450e-01	9.360259e-08	
1676	2.999465e-01	1.638756e-08	
1677	2.999472e-01	8.114207e-09	
1678	2.999481e-01	8.577056e-09	

Index   time            -i(vdd)         
--------------------------------------------------------------------------------
1679	2.999493e-01	9.496858e-09	
1680	2.999518e-01	1.015534e-08	
1681	2.999557e-01	1.028323e-08	
1682	2.999594e-01	1.009232e-08	
1683	2.999618e-01	1.061476e-08	
1684	2.999635e-01	9.823657e-09	
1685	2.999644e-01	7.283801e-09	
1686	2.999654e-01	7.024189e-09	
1687	2.999663e-01	6.785448e-09	
1688	2.999667e-01	6.838775e-09	
1689	2.999671e-01	6.856394e-09	
1690	2.999675e-01	6.862257e-09	
1691	2.999681e-01	6.859171e-09	
1692	2.999693e-01	6.850597e-09	
1693	2.999706e-01	6.843843e-09	
1694	2.999731e-01	6.834823e-09	
1695	2.999781e-01	6.823753e-09	
1696	2.999882e-01	6.809257e-09	
1697	3.000000e-01	6.795656e-09	
1698	3.000020e-01	6.928847e-09	
1699	3.000060e-01	6.933466e-09	
1700	3.000141e-01	6.948191e-09	
1701	3.000302e-01	7.007854e-09	
1702	3.000624e-01	7.597790e-09	
1703	3.001188e-01	2.040479e-07	
1704	3.001726e-01	2.241535e-07	
1705	3.002225e-01	2.239249e-07	
1706	3.002563e-01	2.240703e-07	
1707	3.002888e-01	2.240814e-07	
1708	3.003537e-01	2.240766e-07	
1709	3.004835e-01	2.240402e-07	
1710	3.006835e-01	2.239603e-07	
1711	3.008835e-01	2.238656e-07	
1712	3.010835e-01	2.178571e-07	
1713	3.012835e-01	2.173824e-07	
1714	3.014835e-01	2.173275e-07	
1715	3.016835e-01	2.172579e-07	
1716	3.018835e-01	2.171697e-07	
1717	3.020835e-01	2.170621e-07	
1718	3.022835e-01	2.168818e-07	
1719	3.024835e-01	2.156922e-07	
1720	3.026835e-01	2.151806e-07	
1721	3.028835e-01	2.221644e-07	
1722	3.030545e-01	2.290162e-07	
1723	3.032205e-01	2.393285e-07	
1724	3.034107e-01	2.593826e-07	
1725	3.036107e-01	2.960786e-07	
1726	3.038107e-01	3.581811e-07	
1727	3.040107e-01	4.587060e-07	
1728	3.042107e-01	6.134294e-07	
1729	3.044107e-01	8.399955e-07	
1730	3.046107e-01	1.152212e-06	
1731	3.048107e-01	1.532798e-06	
1732	3.050000e-01	2.260163e-06	
1733	3.050100e-01	2.293024e-06	
1734	3.050300e-01	1.744890e-06	
1735	3.050512e-01	2.925982e-07	
1736	3.050717e-01	1.343916e-08	

Index   time            -i(vdd)         
--------------------------------------------------------------------------------
1737	3.050892e-01	6.913598e-09	
1738	3.051000e-01	7.081111e-09	
1739	3.051017e-01	6.856753e-09	
1740	3.051050e-01	6.851560e-09	
1741	3.051117e-01	6.845911e-09	
1742	3.051251e-01	6.844950e-09	
1743	3.051518e-01	6.904710e-09	
1744	3.051964e-01	6.959117e-09	
1745	3.052762e-01	6.959792e-09	
1746	3.053954e-01	6.974882e-09	
1747	3.055773e-01	7.449128e-09	
1748	3.057599e-01	7.938262e-09	
1749	3.059599e-01	9.688717e-09	
1750	3.061599e-01	9.659254e-09	
1751	3.063599e-01	9.633940e-09	
1752	3.065599e-01	9.589292e-09	
1753	3.067599e-01	9.296758e-09	
1754	3.069599e-01	7.533619e-09	
1755	3.071599e-01	6.753448e-09	
1756	3.073599e-01	6.805752e-09	
1757	3.075599e-01	6.881243e-09	
1758	3.075849e-01	6.891382e-09	
1759	3.076349e-01	6.919003e-09	
1760	3.077349e-01	7.253731e-09	
1761	3.077599e-01	7.338472e-09	
1762	3.078099e-01	7.328588e-09	
1763	3.079099e-01	7.296049e-09	
1764	3.081099e-01	7.365963e-09	
1765	3.083099e-01	8.119351e-09	
1766	3.083349e-01	8.226422e-09	
1767	3.083849e-01	8.145585e-09	
1768	3.084586e-01	8.686512e-09	
1769	3.085369e-01	8.908732e-09	
1770	3.086559e-01	8.712888e-09	
1771	3.087798e-01	8.512904e-09	
1772	3.089798e-01	8.243102e-09	
1773	3.090048e-01	8.202345e-09	
1774	3.090548e-01	8.065901e-09	
1775	3.091548e-01	7.990311e-09	
1776	3.093335e-01	7.892483e-09	
1777	3.095335e-01	7.824282e-09	
1778	3.097335e-01	7.779394e-09	
1779	3.099335e-01	7.748693e-09	
1780	3.101335e-01	7.725872e-09	
1781	3.103335e-01	7.702718e-09	
1782	3.105335e-01	7.670809e-09	
1783	3.107335e-01	7.631937e-09	
1784	3.109335e-01	7.596201e-09	
1785	3.111111e-01	7.576525e-09	
1786	3.111311e-01	7.576983e-09	
1787	3.111711e-01	7.581424e-09	
1788	3.112511e-01	7.658880e-09	
1789	3.112711e-01	7.720068e-09	
1790	3.113111e-01	7.920881e-09	
1791	3.113211e-01	7.929993e-09	
1792	3.113411e-01	7.911363e-09	
1793	3.113811e-01	7.762388e-09	
1794	3.114500e-01	7.544689e-09	

Index   time            -i(vdd)         
--------------------------------------------------------------------------------
1795	3.115410e-01	7.529566e-09	
1796	3.116727e-01	7.500327e-09	
1797	3.118727e-01	7.470937e-09	
1798	3.120727e-01	7.451026e-09	
1799	3.122727e-01	7.434044e-09	
1800	3.124727e-01	7.417792e-09	
1801	3.126727e-01	7.402007e-09	
1802	3.128727e-01	7.386627e-09	
1803	3.130727e-01	7.371462e-09	
1804	3.132727e-01	7.356449e-09	
1805	3.134727e-01	7.341497e-09	
1806	3.136727e-01	7.326580e-09	
1807	3.138727e-01	7.311705e-09	
1808	3.140727e-01	7.296921e-09	
1809	3.142727e-01	7.282240e-09	
1810	3.144727e-01	7.267739e-09	
1811	3.146727e-01	7.253446e-09	
1812	3.148727e-01	7.239430e-09	
1813	3.150727e-01	7.225723e-09	
1814	3.152727e-01	7.212388e-09	
1815	3.154727e-01	7.199440e-09	
1816	3.156727e-01	7.186921e-09	
1817	3.158727e-01	7.174842e-09	
1818	3.160727e-01	7.163224e-09	
1819	3.162727e-01	7.152070e-09	
1820	3.164727e-01	7.141383e-09	
1821	3.166727e-01	7.131154e-09	
1822	3.168727e-01	7.121382e-09	
1823	3.170727e-01	7.112052e-09	
1824	3.172727e-01	7.103159e-09	
1825	3.174727e-01	7.094658e-09	
1826	3.176727e-01	7.086574e-09	
1827	3.178727e-01	7.078851e-09	
1828	3.180727e-01	7.071499e-09	
1829	3.182727e-01	7.064474e-09	
1830	3.184727e-01	7.057785e-09	
1831	3.186727e-01	7.051383e-09	
1832	3.188727e-01	7.045289e-09	
1833	3.190727e-01	7.039439e-09	
1834	3.192727e-01	7.033848e-09	
1835	3.194727e-01	7.028484e-09	
1836	3.196727e-01	7.023336e-09	
1837	3.198727e-01	7.018370e-09	
1838	3.200727e-01	7.013586e-09	
1839	3.202727e-01	7.008946e-09	
1840	3.204727e-01	7.004417e-09	
1841	3.206727e-01	6.999974e-09	
1842	3.208727e-01	6.995568e-09	
1843	3.210727e-01	6.991125e-09	
1844	3.212727e-01	6.986560e-09	
1845	3.214727e-01	6.981699e-09	
1846	3.216727e-01	6.976310e-09	
1847	3.218727e-01	6.969956e-09	
1848	3.220727e-01	6.961978e-09	
1849	3.222222e-01	6.954317e-09	
1850	3.222422e-01	6.953134e-09	
1851	3.222822e-01	6.950593e-09	
1852	3.223622e-01	6.944952e-09	

Index   time            -i(vdd)         
--------------------------------------------------------------------------------
1853	3.225222e-01	6.931096e-09	
1854	3.227222e-01	6.908650e-09	
1855	3.229222e-01	6.880855e-09	
1856	3.231222e-01	6.849675e-09	
1857	3.233222e-01	6.818074e-09	
1858	3.235222e-01	6.788828e-09	
1859	3.237222e-01	6.763674e-09	
1860	3.239222e-01	6.743208e-09	
1861	3.241222e-01	6.727158e-09	
1862	3.243222e-01	6.714825e-09	
1863	3.245222e-01	6.705372e-09	
1864	3.247222e-01	6.698074e-09	
1865	3.249222e-01	6.692306e-09	
1866	3.251222e-01	6.687625e-09	
1867	3.253222e-01	6.683679e-09	
1868	3.255222e-01	6.680257e-09	
1869	3.257222e-01	6.677180e-09	
1870	3.259222e-01	6.674360e-09	
1871	3.261222e-01	6.671717e-09	
1872	3.263222e-01	6.669207e-09	
1873	3.265222e-01	6.666788e-09	
1874	3.267222e-01	6.664455e-09	
1875	3.269222e-01	6.662175e-09	
1876	3.271222e-01	6.659961e-09	
1877	3.273222e-01	6.657777e-09	
1878	3.275222e-01	6.655646e-09	
1879	3.277222e-01	6.653548e-09	
1880	3.279222e-01	6.651485e-09	
1881	3.281222e-01	6.649454e-09	
1882	3.283222e-01	6.647460e-09	
1883	3.285222e-01	6.645482e-09	
1884	3.287222e-01	6.643542e-09	
1885	3.289222e-01	6.641625e-09	
1886	3.291222e-01	6.639738e-09	
1887	3.293222e-01	6.637865e-09	
1888	3.295222e-01	6.636039e-09	
1889	3.297222e-01	6.634215e-09	
1890	3.299222e-01	6.632424e-09	
1891	3.301222e-01	6.630656e-09	
1892	3.303222e-01	6.628912e-09	
1893	3.305222e-01	6.627178e-09	
1894	3.307222e-01	6.625478e-09	
1895	3.309222e-01	6.623788e-09	
1896	3.311222e-01	6.622124e-09	
1897	3.313222e-01	6.620478e-09	
1898	3.315222e-01	6.618858e-09	
1899	3.317222e-01	6.617244e-09	
1900	3.319222e-01	6.615660e-09	
1901	3.321222e-01	6.614085e-09	
1902	3.323222e-01	6.612535e-09	
1903	3.325222e-01	6.610994e-09	
1904	3.327222e-01	6.609472e-09	
1905	3.329222e-01	6.607965e-09	
1906	3.331222e-01	6.606478e-09	
1907	3.333222e-01	6.604998e-09	
1908	3.333333e-01	6.604927e-09	
1909	3.333533e-01	6.604816e-09	
1910	3.333933e-01	6.604573e-09	

Index   time            -i(vdd)         
--------------------------------------------------------------------------------
1911	3.334733e-01	6.604157e-09	
1912	3.336333e-01	6.603500e-09	
1913	3.338333e-01	6.602846e-09	
1914	3.340333e-01	6.602253e-09	
1915	3.342333e-01	6.601716e-09	
1916	3.344333e-01	6.601178e-09	
1917	3.346333e-01	6.600669e-09	
1918	3.348333e-01	6.600173e-09	
1919	3.350333e-01	6.599700e-09	
1920	3.352333e-01	6.599235e-09	
1921	3.354333e-01	6.598794e-09	
1922	3.356333e-01	6.598364e-09	
1923	3.358333e-01	6.597952e-09	
1924	3.360333e-01	6.597544e-09	
1925	3.362333e-01	6.597154e-09	
1926	3.364333e-01	6.596773e-09	
1927	3.366333e-01	6.596405e-09	
1928	3.368333e-01	6.596044e-09	
1929	3.370333e-01	6.595698e-09	
1930	3.372333e-01	6.595360e-09	
1931	3.374333e-01	6.595035e-09	
1932	3.376333e-01	6.594718e-09	
1933	3.378333e-01	6.594408e-09	
1934	3.380333e-01	6.594111e-09	
1935	3.382333e-01	6.593825e-09	
1936	3.384333e-01	6.593542e-09	
1937	3.386333e-01	6.593274e-09	
1938	3.388333e-01	6.593011e-09	
1939	3.390333e-01	6.592760e-09	
1940	3.392333e-01	6.592505e-09	
1941	3.394333e-01	6.592269e-09	
1942	3.396333e-01	6.592036e-09	
1943	3.398333e-01	6.591816e-09	
1944	3.400333e-01	6.591598e-09	
1945	3.402333e-01	6.591395e-09	
1946	3.404333e-01	6.591186e-09	
1947	3.406333e-01	6.590996e-09	
1948	3.408333e-01	6.590809e-09	
1949	3.410333e-01	6.590629e-09	
1950	3.412333e-01	6.590456e-09	
1951	3.414333e-01	6.590291e-09	
1952	3.416333e-01	6.590125e-09	
1953	3.418333e-01	6.589975e-09	
1954	3.420333e-01	6.589823e-09	
1955	3.422333e-01	6.589683e-09	
1956	3.424333e-01	6.589544e-09	
1957	3.426333e-01	6.589413e-09	
1958	3.428333e-01	6.589286e-09	
1959	3.430333e-01	6.589168e-09	
1960	3.432333e-01	6.589052e-09	
1961	3.434333e-01	6.588953e-09	
1962	3.436333e-01	6.588842e-09	
1963	3.438333e-01	6.588747e-09	
1964	3.440333e-01	6.588644e-09	
1965	3.442333e-01	6.588560e-09	
1966	3.444333e-01	6.588479e-09	
1967	3.444444e-01	6.588477e-09	
1968	3.444644e-01	6.588481e-09	

Index   time            -i(vdd)         
--------------------------------------------------------------------------------
1969	3.445044e-01	6.588424e-09	
1970	3.445844e-01	6.588318e-09	
1971	3.447444e-01	6.588012e-09	
1972	3.449444e-01	6.587587e-09	
1973	3.451444e-01	6.587115e-09	
1974	3.453444e-01	6.586641e-09	
1975	3.455444e-01	6.586177e-09	
1976	3.457444e-01	6.585713e-09	
1977	3.459444e-01	6.585246e-09	
1978	3.461444e-01	6.584781e-09	
1979	3.463444e-01	6.584315e-09	
1980	3.465444e-01	6.583857e-09	
1981	3.467444e-01	6.583395e-09	
1982	3.469444e-01	6.582948e-09	
1983	3.471444e-01	6.582483e-09	
1984	3.473444e-01	6.582038e-09	
1985	3.475444e-01	6.581587e-09	
1986	3.477444e-01	6.581145e-09	
1987	3.479444e-01	6.580698e-09	
1988	3.481444e-01	6.580269e-09	
1989	3.483444e-01	6.579827e-09	
1990	3.485444e-01	6.579394e-09	
1991	3.487444e-01	6.578958e-09	
1992	3.489444e-01	6.578532e-09	
1993	3.491444e-01	6.578101e-09	
1994	3.493444e-01	6.577677e-09	
1995	3.495444e-01	6.577256e-09	
1996	3.497444e-01	6.576839e-09	
1997	3.499444e-01	6.576413e-09	
1998	3.501444e-01	6.576009e-09	
1999	3.503444e-01	6.575591e-09	
2000	3.505444e-01	6.575188e-09	
2001	3.507444e-01	6.574772e-09	
2002	3.509444e-01	6.574369e-09	
2003	3.511444e-01	6.573961e-09	
2004	3.513444e-01	6.573566e-09	
2005	3.515444e-01	6.573162e-09	
2006	3.517444e-01	6.572769e-09	
2007	3.519444e-01	6.572371e-09	
2008	3.521444e-01	6.571983e-09	
2009	3.523444e-01	6.571593e-09	
2010	3.525444e-01	6.571210e-09	
2011	3.527444e-01	6.570810e-09	
2012	3.529444e-01	6.570435e-09	
2013	3.531444e-01	6.570051e-09	
2014	3.533444e-01	6.569676e-09	
2015	3.535444e-01	6.569294e-09	
2016	3.537444e-01	6.568921e-09	
2017	3.539444e-01	6.568541e-09	
2018	3.541444e-01	6.568175e-09	
2019	3.543444e-01	6.567800e-09	
2020	3.545444e-01	6.567435e-09	
2021	3.547444e-01	6.567069e-09	
2022	3.549444e-01	6.566706e-09	
2023	3.551444e-01	6.566336e-09	
2024	3.553444e-01	6.565981e-09	
2025	3.555444e-01	6.565616e-09	
2026	3.555556e-01	6.565608e-09	

Index   time            -i(vdd)         
--------------------------------------------------------------------------------
2027	3.555756e-01	6.565589e-09	
2028	3.556156e-01	6.565504e-09	
2029	3.556956e-01	6.565355e-09	
2030	3.558556e-01	6.565022e-09	
2031	3.560556e-01	6.564652e-09	
2032	3.562556e-01	6.564229e-09	
2033	3.564556e-01	6.563823e-09	
2034	3.566556e-01	6.563404e-09	
2035	3.568556e-01	6.562989e-09	
2036	3.570556e-01	6.562562e-09	
2037	3.572556e-01	6.562141e-09	
2038	3.574556e-01	6.561708e-09	
2039	3.576556e-01	6.561284e-09	
2040	3.578556e-01	6.560858e-09	
2041	3.580556e-01	6.560442e-09	
2042	3.582556e-01	6.560015e-09	
2043	3.584556e-01	6.559600e-09	
2044	3.586556e-01	6.559176e-09	
2045	3.588556e-01	6.558768e-09	
2046	3.590556e-01	6.558345e-09	
2047	3.592556e-01	6.557935e-09	
2048	3.594556e-01	6.557526e-09	
2049	3.596556e-01	6.557125e-09	
2050	3.598556e-01	6.556713e-09	
2051	3.600556e-01	6.556310e-09	
2052	3.602556e-01	6.555907e-09	
2053	3.604556e-01	6.555512e-09	
2054	3.606556e-01	6.555101e-09	
2055	3.608556e-01	6.554711e-09	
2056	3.610556e-01	6.554310e-09	
2057	3.612556e-01	6.553921e-09	
2058	3.614556e-01	6.553529e-09	
2059	3.616556e-01	6.553140e-09	
2060	3.618556e-01	6.552750e-09	
2061	3.620556e-01	6.552369e-09	
2062	3.622556e-01	6.551978e-09	
2063	3.624556e-01	6.551598e-09	
2064	3.626556e-01	6.551213e-09	
2065	3.628556e-01	6.550837e-09	
2066	3.630556e-01	6.550453e-09	
2067	3.632556e-01	6.550082e-09	
2068	3.634556e-01	6.549702e-09	
2069	3.636556e-01	6.549329e-09	
2070	3.638556e-01	6.548955e-09	
2071	3.640556e-01	6.548592e-09	
2072	3.642556e-01	6.548216e-09	
2073	3.644556e-01	6.547852e-09	
2074	3.646556e-01	6.547482e-09	
2075	3.648556e-01	6.547120e-09	
2076	3.650556e-01	6.546754e-09	
2077	3.652556e-01	6.546390e-09	
2078	3.654556e-01	6.546027e-09	
2079	3.656556e-01	6.545674e-09	
2080	3.658556e-01	6.545307e-09	
2081	3.660556e-01	6.544959e-09	
2082	3.662556e-01	6.544603e-09	
2083	3.664556e-01	6.544248e-09	
2084	3.666556e-01	6.543895e-09	

Index   time            -i(vdd)         
--------------------------------------------------------------------------------
2085	3.666667e-01	6.543876e-09	
2086	3.666867e-01	6.543864e-09	
2087	3.667267e-01	6.543782e-09	
2088	3.668067e-01	6.543628e-09	
2089	3.669667e-01	6.543272e-09	
2090	3.671667e-01	6.542863e-09	
2091	3.673667e-01	6.542412e-09	
2092	3.675667e-01	6.541998e-09	
2093	3.677667e-01	6.541592e-09	
2094	3.679667e-01	6.541201e-09	
2095	3.681667e-01	6.540823e-09	
2096	3.683667e-01	6.540458e-09	
2097	3.685667e-01	6.540095e-09	
2098	3.687667e-01	6.539737e-09	
2099	3.689667e-01	6.539391e-09	
2100	3.691667e-01	6.539053e-09	
2101	3.693667e-01	6.538712e-09	
2102	3.695667e-01	6.538385e-09	
2103	3.697667e-01	6.538042e-09	
2104	3.699667e-01	6.537718e-09	
2105	3.701667e-01	6.537391e-09	
2106	3.703667e-01	6.537076e-09	
2107	3.705667e-01	6.536748e-09	
2108	3.707667e-01	6.536435e-09	
2109	3.709667e-01	6.536111e-09	
2110	3.711667e-01	6.535795e-09	
2111	3.713667e-01	6.535479e-09	
2112	3.715667e-01	6.535173e-09	
2113	3.717667e-01	6.534855e-09	
2114	3.719667e-01	6.534556e-09	
2115	3.721667e-01	6.534245e-09	
2116	3.723667e-01	6.533949e-09	
2117	3.725667e-01	6.533644e-09	
2118	3.727667e-01	6.533348e-09	
2119	3.729667e-01	6.533044e-09	
2120	3.731667e-01	6.532749e-09	
2121	3.733667e-01	6.532447e-09	
2122	3.735667e-01	6.532161e-09	
2123	3.737667e-01	6.531864e-09	
2124	3.739667e-01	6.531574e-09	
2125	3.741667e-01	6.531284e-09	
2126	3.743667e-01	6.531005e-09	
2127	3.745667e-01	6.530712e-09	
2128	3.747667e-01	6.530427e-09	
2129	3.749667e-01	6.530138e-09	
2130	3.751667e-01	6.529864e-09	
2131	3.753667e-01	6.529582e-09	
2132	3.755667e-01	6.529307e-09	
2133	3.757667e-01	6.529030e-09	
2134	3.759667e-01	6.528758e-09	
2135	3.761667e-01	6.528485e-09	
2136	3.763667e-01	6.528220e-09	
2137	3.765667e-01	6.527944e-09	
2138	3.767667e-01	6.527681e-09	
2139	3.769667e-01	6.527415e-09	
2140	3.771667e-01	6.527151e-09	
2141	3.773667e-01	6.526882e-09	
2142	3.775667e-01	6.526623e-09	

Index   time            -i(vdd)         
--------------------------------------------------------------------------------
2143	3.777667e-01	6.526359e-09	
2144	3.777778e-01	6.526348e-09	
2145	3.777978e-01	6.526363e-09	
2146	3.778378e-01	6.526349e-09	
2147	3.779178e-01	6.526403e-09	
2148	3.780778e-01	6.526646e-09	
2149	3.782778e-01	6.527187e-09	
2150	3.784778e-01	6.527785e-09	
2151	3.786778e-01	6.528425e-09	
2152	3.788778e-01	6.529052e-09	
2153	3.790778e-01	6.529682e-09	
2154	3.792778e-01	6.530299e-09	
2155	3.794778e-01	6.530922e-09	
2156	3.796778e-01	6.531540e-09	
2157	3.798778e-01	6.532172e-09	
2158	3.800778e-01	6.532801e-09	
2159	3.802778e-01	6.533432e-09	
2160	3.804778e-01	6.534075e-09	
2161	3.806778e-01	6.534727e-09	
2162	3.808778e-01	6.535375e-09	
2163	3.810778e-01	6.536035e-09	
2164	3.812778e-01	6.536699e-09	
2165	3.814778e-01	6.537370e-09	
2166	3.816778e-01	6.538042e-09	
2167	3.818778e-01	6.538730e-09	
2168	3.820778e-01	6.539420e-09	
2169	3.822778e-01	6.540120e-09	
2170	3.824778e-01	6.540818e-09	
2171	3.826778e-01	6.541528e-09	
2172	3.828778e-01	6.542241e-09	
2173	3.830778e-01	6.542969e-09	
2174	3.832778e-01	6.543693e-09	
2175	3.834778e-01	6.544428e-09	
2176	3.836778e-01	6.545163e-09	
2177	3.838778e-01	6.545909e-09	
2178	3.840778e-01	6.546655e-09	
2179	3.842778e-01	6.547414e-09	
2180	3.844778e-01	6.548173e-09	
2181	3.846778e-01	6.548944e-09	
2182	3.848778e-01	6.549711e-09	
2183	3.850778e-01	6.550490e-09	
2184	3.852778e-01	6.551268e-09	
2185	3.854778e-01	6.552058e-09	
2186	3.856778e-01	6.552850e-09	
2187	3.858778e-01	6.553644e-09	
2188	3.860778e-01	6.554442e-09	
2189	3.862778e-01	6.555244e-09	
2190	3.864778e-01	6.556049e-09	
2191	3.866778e-01	6.556860e-09	
2192	3.868778e-01	6.557669e-09	
2193	3.870778e-01	6.558488e-09	
2194	3.872778e-01	6.559301e-09	
2195	3.874778e-01	6.560119e-09	
2196	3.876778e-01	6.560934e-09	
2197	3.878778e-01	6.561751e-09	
2198	3.880778e-01	6.562552e-09	
2199	3.882778e-01	6.563346e-09	
2200	3.884778e-01	6.564116e-09	

Index   time            -i(vdd)         
--------------------------------------------------------------------------------
2201	3.886778e-01	6.564863e-09	
2202	3.888778e-01	6.565536e-09	
2203	3.888889e-01	6.565569e-09	
2204	3.889089e-01	6.565639e-09	
2205	3.889489e-01	6.565668e-09	
2206	3.890289e-01	6.565640e-09	
2207	3.891889e-01	6.565284e-09	
2208	3.893889e-01	6.564539e-09	
2209	3.895889e-01	6.563375e-09	
2210	3.897889e-01	6.561676e-09	
2211	3.899889e-01	6.559063e-09	
2212	3.901889e-01	6.554945e-09	
2213	3.903889e-01	6.548440e-09	
2214	3.905889e-01	6.539260e-09	
2215	3.907889e-01	6.533112e-09	
2216	3.909889e-01	6.520553e-09	
2217	3.911889e-01	6.500258e-09	
2218	3.913889e-01	6.479087e-09	
2219	3.915889e-01	6.458742e-09	
2220	3.917889e-01	6.432893e-09	
2221	3.919889e-01	6.393396e-09	
2222	3.921889e-01	6.342783e-09	
2223	3.923889e-01	6.290985e-09	
2224	3.925889e-01	6.245250e-09	
2225	3.927889e-01	6.207950e-09	
2226	3.929889e-01	6.178422e-09	
2227	3.931889e-01	6.155422e-09	
2228	3.933889e-01	6.137558e-09	
2229	3.935889e-01	6.123605e-09	
2230	3.937889e-01	6.112612e-09	
2231	3.939889e-01	6.103851e-09	
2232	3.941889e-01	6.096797e-09	
2233	3.943889e-01	6.091045e-09	
2234	3.945889e-01	6.086301e-09	
2235	3.947889e-01	6.082355e-09	
2236	3.949889e-01	6.079031e-09	
2237	3.951889e-01	6.076216e-09	
2238	3.953889e-01	6.073811e-09	
2239	3.955889e-01	6.071734e-09	
2240	3.957889e-01	6.069942e-09	
2241	3.959889e-01	6.068378e-09	
2242	3.961889e-01	6.067030e-09	
2243	3.963889e-01	6.065850e-09	
2244	3.965889e-01	6.064833e-09	
2245	3.967889e-01	6.063952e-09	
2246	3.969889e-01	6.063201e-09	
2247	3.971889e-01	6.062561e-09	
2248	3.973889e-01	6.062044e-09	
2249	3.975889e-01	6.061632e-09	
2250	3.977889e-01	6.061338e-09	
2251	3.979889e-01	6.061141e-09	
2252	3.981889e-01	6.061076e-09	
2253	3.983889e-01	6.061119e-09	
2254	3.985889e-01	6.061295e-09	
2255	3.987889e-01	6.061604e-09	
2256	3.989889e-01	6.062072e-09	
2257	3.991889e-01	6.062695e-09	
2258	3.993889e-01	6.063513e-09	

Index   time            -i(vdd)         
--------------------------------------------------------------------------------
2259	3.995889e-01	6.064524e-09	
2260	3.997889e-01	6.065778e-09	
2261	3.999889e-01	6.067286e-09	
2262	4.000000e-01	6.067376e-09	
2263	4.000100e-01	6.223552e-09	
2264	4.000300e-01	6.188549e-09	
2265	4.000603e-01	7.089503e-09	
2266	4.001000e-01	7.752659e-09	
2267	4.001061e-01	6.167432e-09	
2268	4.001182e-01	6.102129e-09	
2269	4.001424e-01	6.078201e-09	
2270	4.001909e-01	6.071151e-09	
2271	4.002879e-01	6.070097e-09	
2272	4.004819e-01	6.071800e-09	
2273	4.006819e-01	6.074209e-09	
2274	4.008819e-01	6.076399e-09	
2275	4.010819e-01	6.078377e-09	
2276	4.012819e-01	6.080119e-09	
2277	4.014819e-01	6.081643e-09	
2278	4.016819e-01	6.082916e-09	
2279	4.018819e-01	6.083939e-09	
2280	4.020819e-01	6.084689e-09	
2281	4.022819e-01	6.085179e-09	
2282	4.024819e-01	6.085388e-09	
2283	4.026819e-01	6.085341e-09	
2284	4.028819e-01	6.085047e-09	
2285	4.030819e-01	6.084528e-09	
2286	4.032819e-01	6.083787e-09	
2287	4.034819e-01	6.082876e-09	
2288	4.036819e-01	6.081809e-09	
2289	4.038819e-01	6.080618e-09	
2290	4.040819e-01	6.079339e-09	
2291	4.042819e-01	6.078003e-09	
2292	4.044819e-01	6.076622e-09	
2293	4.046819e-01	6.075238e-09	
2294	4.048819e-01	6.073863e-09	
2295	4.050819e-01	6.072525e-09	
2296	4.052819e-01	6.071224e-09	
2297	4.054819e-01	6.069987e-09	
2298	4.056819e-01	6.068808e-09	
2299	4.058819e-01	6.067710e-09	
2300	4.060819e-01	6.066673e-09	
2301	4.062819e-01	6.065727e-09	
2302	4.064819e-01	6.064843e-09	
2303	4.066819e-01	6.064047e-09	
2304	4.068819e-01	6.063309e-09	
2305	4.070819e-01	6.062655e-09	
2306	4.072819e-01	6.062050e-09	
2307	4.074819e-01	6.061513e-09	
2308	4.076819e-01	6.061033e-09	
2309	4.078819e-01	6.060608e-09	
2310	4.080819e-01	6.060223e-09	
2311	4.082819e-01	6.059894e-09	
2312	4.084819e-01	6.059593e-09	
2313	4.086819e-01	6.059336e-09	
2314	4.088819e-01	6.059108e-09	
2315	4.090819e-01	6.058916e-09	
2316	4.092819e-01	6.058747e-09	

Index   time            -i(vdd)         
--------------------------------------------------------------------------------
2317	4.094819e-01	6.058608e-09	
2318	4.096819e-01	6.058487e-09	
2319	4.098819e-01	6.058392e-09	
2320	4.100819e-01	6.058308e-09	
2321	4.102819e-01	6.058250e-09	
2322	4.104819e-01	6.058201e-09	
2323	4.106819e-01	6.058172e-09	
2324	4.108819e-01	6.058143e-09	
2325	4.110819e-01	6.058138e-09	
2326	4.111111e-01	6.058151e-09	
2327	4.111311e-01	6.058165e-09	
2328	4.111711e-01	6.058172e-09	
2329	4.112511e-01	6.058206e-09	
2330	4.114111e-01	6.058284e-09	
2331	4.116111e-01	6.058452e-09	
2332	4.118111e-01	6.058581e-09	
2333	4.120111e-01	6.058746e-09	
2334	4.122111e-01	6.058905e-09	
2335	4.124111e-01	6.059075e-09	
2336	4.126111e-01	6.059245e-09	
2337	4.128111e-01	6.059432e-09	
2338	4.130111e-01	6.059606e-09	
2339	4.132111e-01	6.059804e-09	
2340	4.134111e-01	6.059998e-09	
2341	4.136111e-01	6.060209e-09	
2342	4.138111e-01	6.060419e-09	
2343	4.140111e-01	6.060640e-09	
2344	4.142111e-01	6.060855e-09	
2345	4.144111e-01	6.061090e-09	
2346	4.146111e-01	6.061320e-09	
2347	4.148111e-01	6.061565e-09	
2348	4.150111e-01	6.061799e-09	
2349	4.152111e-01	6.062058e-09	
2350	4.154111e-01	6.062305e-09	
2351	4.156111e-01	6.062564e-09	
2352	4.158111e-01	6.062824e-09	
2353	4.160111e-01	6.063100e-09	
2354	4.162111e-01	6.063362e-09	
2355	4.164111e-01	6.063646e-09	
2356	4.166111e-01	6.063918e-09	
2357	4.168111e-01	6.064210e-09	
2358	4.170111e-01	6.064484e-09	
2359	4.172111e-01	6.064782e-09	
2360	4.174111e-01	6.065075e-09	
2361	4.176111e-01	6.065381e-09	
2362	4.178111e-01	6.065670e-09	
2363	4.180111e-01	6.065980e-09	
2364	4.182111e-01	6.066283e-09	
2365	4.184111e-01	6.066603e-09	
2366	4.186111e-01	6.066910e-09	
2367	4.188111e-01	6.067234e-09	
2368	4.190111e-01	6.067546e-09	
2369	4.192111e-01	6.067876e-09	
2370	4.194111e-01	6.068195e-09	
2371	4.196111e-01	6.068528e-09	
2372	4.198111e-01	6.068853e-09	
2373	4.200111e-01	6.069193e-09	
2374	4.202111e-01	6.069524e-09	

Index   time            -i(vdd)         
--------------------------------------------------------------------------------
2375	4.204111e-01	6.069866e-09	
2376	4.206111e-01	6.070205e-09	
2377	4.208111e-01	6.070552e-09	
2378	4.210111e-01	6.070898e-09	
2379	4.212111e-01	6.071251e-09	
2380	4.214111e-01	6.071597e-09	
2381	4.216111e-01	6.071959e-09	
2382	4.218111e-01	6.072310e-09	
2383	4.220111e-01	6.072675e-09	
2384	4.222111e-01	6.073028e-09	
2385	4.222222e-01	6.073056e-09	
2386	4.222422e-01	6.073093e-09	
2387	4.222822e-01	6.073057e-09	
2388	4.223622e-01	6.072986e-09	
2389	4.225222e-01	6.072649e-09	
2390	4.227222e-01	6.072135e-09	
2391	4.229222e-01	6.071559e-09	
2392	4.231222e-01	6.071002e-09	
2393	4.233222e-01	6.070430e-09	
2394	4.235222e-01	6.069871e-09	
2395	4.237222e-01	6.069300e-09	
2396	4.239222e-01	6.068741e-09	
2397	4.241222e-01	6.068164e-09	
2398	4.243222e-01	6.067601e-09	
2399	4.245222e-01	6.067030e-09	
2400	4.247222e-01	6.066464e-09	
2401	4.249222e-01	6.065896e-09	
2402	4.251222e-01	6.065343e-09	
2403	4.253222e-01	6.064775e-09	
2404	4.255222e-01	6.064221e-09	
2405	4.257222e-01	6.063661e-09	
2406	4.259222e-01	6.063113e-09	
2407	4.261222e-01	6.062555e-09	
2408	4.263222e-01	6.062018e-09	
2409	4.265222e-01	6.061466e-09	
2410	4.267222e-01	6.060936e-09	
2411	4.269222e-01	6.060392e-09	
2412	4.271222e-01	6.059869e-09	
2413	4.273222e-01	6.059340e-09	
2414	4.275222e-01	6.058833e-09	
2415	4.277222e-01	6.058314e-09	
2416	4.279222e-01	6.057827e-09	
2417	4.281222e-01	6.057332e-09	
2418	4.283222e-01	6.056870e-09	
2419	4.285222e-01	6.056421e-09	
2420	4.287222e-01	6.055993e-09	
2421	4.289222e-01	6.055591e-09	
2422	4.291222e-01	6.055247e-09	
2423	4.293222e-01	6.054934e-09	
2424	4.295222e-01	6.054713e-09	
2425	4.297222e-01	6.054571e-09	
2426	4.299222e-01	6.054568e-09	
2427	4.301222e-01	6.054747e-09	
2428	4.303222e-01	6.055208e-09	
2429	4.305222e-01	6.056049e-09	
2430	4.307222e-01	6.057470e-09	
2431	4.309222e-01	6.059688e-09	
2432	4.311222e-01	6.063038e-09	

Index   time            -i(vdd)         
--------------------------------------------------------------------------------
2433	4.313222e-01	6.067831e-09	
2434	4.315222e-01	6.074541e-09	
2435	4.317222e-01	6.083772e-09	
2436	4.319222e-01	6.096406e-09	
2437	4.321222e-01	6.113595e-09	
2438	4.323222e-01	6.136807e-09	
2439	4.325222e-01	6.167800e-09	
2440	4.327222e-01	6.209024e-09	
2441	4.329222e-01	6.264508e-09	
2442	4.331222e-01	6.341229e-09	
2443	4.333222e-01	6.438491e-09	
2444	4.333333e-01	6.444344e-09	
2445	4.333533e-01	6.454528e-09	
2446	4.333933e-01	6.474338e-09	
2447	4.334733e-01	6.510409e-09	
2448	4.336333e-01	6.561971e-09	
2449	4.338333e-01	6.589053e-09	
2450	4.340333e-01	6.594584e-09	
2451	4.342333e-01	6.591892e-09	
2452	4.344333e-01	6.586396e-09	
2453	4.346333e-01	6.579939e-09	
2454	4.348333e-01	6.573888e-09	
2455	4.350333e-01	6.568763e-09	
2456	4.352333e-01	6.565059e-09	
2457	4.354333e-01	6.562728e-09	
2458	4.356333e-01	6.560104e-09	
2459	4.358333e-01	6.556611e-09	
2460	4.360333e-01	6.554324e-09	
2461	4.362333e-01	6.553242e-09	
2462	4.364333e-01	6.552183e-09	
2463	4.366333e-01	6.551316e-09	
2464	4.368333e-01	6.550593e-09	
2465	4.370333e-01	6.550000e-09	
2466	4.372333e-01	6.549498e-09	
2467	4.374333e-01	6.549064e-09	
2468	4.376333e-01	6.548686e-09	
2469	4.378333e-01	6.548358e-09	
2470	4.380333e-01	6.548048e-09	
2471	4.382333e-01	6.547770e-09	
2472	4.384333e-01	6.547503e-09	
2473	4.386333e-01	6.547260e-09	
2474	4.388333e-01	6.547017e-09	
2475	4.390333e-01	6.546795e-09	
2476	4.392333e-01	6.546570e-09	
2477	4.394333e-01	6.546359e-09	
2478	4.396333e-01	6.546144e-09	
2479	4.398333e-01	6.545951e-09	
2480	4.400333e-01	6.545745e-09	
2481	4.402333e-01	6.545552e-09	
2482	4.404333e-01	6.545351e-09	
2483	4.406333e-01	6.545164e-09	
2484	4.408333e-01	6.544971e-09	
2485	4.410333e-01	6.544787e-09	
2486	4.412333e-01	6.544598e-09	
2487	4.414333e-01	6.544417e-09	
2488	4.416333e-01	6.544236e-09	
2489	4.418333e-01	6.544063e-09	
2490	4.420333e-01	6.543877e-09	

Index   time            -i(vdd)         
--------------------------------------------------------------------------------
2491	4.422333e-01	6.543704e-09	
2492	4.424333e-01	6.543526e-09	
2493	4.426333e-01	6.543346e-09	
2494	4.428333e-01	6.543166e-09	
2495	4.430333e-01	6.542996e-09	
2496	4.432333e-01	6.542817e-09	
2497	4.434333e-01	6.542639e-09	
2498	4.436333e-01	6.542458e-09	
2499	4.438333e-01	6.542285e-09	
2500	4.440333e-01	6.542107e-09	
2501	4.442333e-01	6.541937e-09	
2502	4.444333e-01	6.541760e-09	
2503	4.444444e-01	6.541757e-09	
2504	4.444644e-01	6.541780e-09	
2505	4.445044e-01	6.541758e-09	
2506	4.445844e-01	6.541812e-09	
2507	4.447444e-01	6.542043e-09	
2508	4.449444e-01	6.542472e-09	
2509	4.451444e-01	6.542896e-09	
2510	4.453444e-01	6.543325e-09	
2511	4.455444e-01	6.543711e-09	
2512	4.457444e-01	6.544095e-09	
2513	4.459444e-01	6.544454e-09	
2514	4.461444e-01	6.544815e-09	
2515	4.463444e-01	6.545162e-09	
2516	4.465444e-01	6.545518e-09	
2517	4.467444e-01	6.545863e-09	
2518	4.469444e-01	6.546220e-09	
2519	4.471444e-01	6.546568e-09	
2520	4.473444e-01	6.546924e-09	
2521	4.475444e-01	6.547284e-09	
2522	4.477444e-01	6.547647e-09	
2523	4.479444e-01	6.548005e-09	
2524	4.481444e-01	6.548378e-09	
2525	4.483444e-01	6.548738e-09	
2526	4.485444e-01	6.549119e-09	
2527	4.487444e-01	6.549488e-09	
2528	4.489444e-01	6.549866e-09	
2529	4.491444e-01	6.550238e-09	
2530	4.493444e-01	6.550621e-09	
2531	4.495444e-01	6.550997e-09	
2532	4.497444e-01	6.551385e-09	
2533	4.499444e-01	6.551764e-09	
2534	4.501444e-01	6.552157e-09	
2535	4.503444e-01	6.552541e-09	
2536	4.505444e-01	6.552938e-09	
2537	4.507444e-01	6.553322e-09	
2538	4.509444e-01	6.553724e-09	
2539	4.511444e-01	6.554113e-09	
2540	4.513444e-01	6.554512e-09	
2541	4.515444e-01	6.554904e-09	
2542	4.517444e-01	6.555305e-09	
2543	4.519444e-01	6.555697e-09	
2544	4.521444e-01	6.556096e-09	
2545	4.523444e-01	6.556488e-09	
2546	4.525444e-01	6.556894e-09	
2547	4.527444e-01	6.557284e-09	
2548	4.529444e-01	6.557685e-09	

Index   time            -i(vdd)         
--------------------------------------------------------------------------------
2549	4.531444e-01	6.558068e-09	
2550	4.533444e-01	6.558455e-09	
2551	4.535444e-01	6.558832e-09	
2552	4.537444e-01	6.559194e-09	
2553	4.539444e-01	6.559534e-09	
2554	4.541444e-01	6.559860e-09	
2555	4.543444e-01	6.560137e-09	
2556	4.545444e-01	6.560353e-09	
2557	4.547444e-01	6.560451e-09	
2558	4.549444e-01	6.560379e-09	
2559	4.551444e-01	6.559991e-09	
2560	4.553444e-01	6.559053e-09	
2561	4.555444e-01	6.557159e-09	
2562	4.555556e-01	6.556945e-09	
2563	4.555756e-01	6.556641e-09	
2564	4.556156e-01	6.555872e-09	
2565	4.556956e-01	6.554046e-09	
2566	4.558556e-01	6.549367e-09	
2567	4.560556e-01	6.541889e-09	
2568	4.562556e-01	6.531331e-09	
2569	4.564556e-01	6.516581e-09	
2570	4.566556e-01	6.508911e-09	
2571	4.568556e-01	6.498821e-09	
2572	4.570556e-01	6.491129e-09	
2573	4.572556e-01	6.486041e-09	
2574	4.574556e-01	6.481216e-09	
2575	4.576556e-01	6.475870e-09	
2576	4.578556e-01	6.471170e-09	
2577	4.580556e-01	6.468796e-09	
2578	4.582556e-01	6.470155e-09	
2579	4.584556e-01	6.476038e-09	
2580	4.586556e-01	6.486536e-09	
2581	4.588556e-01	6.500624e-09	
2582	4.590556e-01	6.516926e-09	
2583	4.592556e-01	6.533541e-09	
2584	4.594556e-01	6.548594e-09	
2585	4.596556e-01	6.560658e-09	
2586	4.598556e-01	6.568891e-09	
2587	4.600556e-01	6.572908e-09	
2588	4.602556e-01	6.573016e-09	
2589	4.604556e-01	6.570253e-09	
2590	4.606556e-01	6.566099e-09	
2591	4.608556e-01	6.562070e-09	
2592	4.610556e-01	6.559231e-09	
2593	4.612556e-01	6.553317e-09	
2594	4.614556e-01	6.547918e-09	
2595	4.616556e-01	6.545489e-09	
2596	4.618556e-01	6.542979e-09	
2597	4.620556e-01	6.540864e-09	
2598	4.622556e-01	6.539112e-09	
2599	4.624556e-01	6.537661e-09	
2600	4.626556e-01	6.536419e-09	
2601	4.628556e-01	6.535351e-09	
2602	4.630556e-01	6.534383e-09	
2603	4.632556e-01	6.533508e-09	
2604	4.634556e-01	6.532684e-09	
2605	4.636556e-01	6.531908e-09	
2606	4.638556e-01	6.531151e-09	

Index   time            -i(vdd)         
--------------------------------------------------------------------------------
2607	4.640556e-01	6.530424e-09	
2608	4.642556e-01	6.529701e-09	
2609	4.644556e-01	6.529004e-09	
2610	4.646556e-01	6.528304e-09	
2611	4.648556e-01	6.527619e-09	
2612	4.650556e-01	6.526936e-09	
2613	4.652556e-01	6.526264e-09	
2614	4.654556e-01	6.525586e-09	
2615	4.656556e-01	6.524920e-09	
2616	4.658556e-01	6.524241e-09	
2617	4.660556e-01	6.523556e-09	
2618	4.662556e-01	6.522846e-09	
2619	4.664556e-01	6.522139e-09	
2620	4.666556e-01	6.521433e-09	
2621	4.666667e-01	6.521391e-09	
2622	4.666867e-01	6.521364e-09	
2623	4.667267e-01	6.521249e-09	
2624	4.668067e-01	6.521095e-09	
2625	4.669667e-01	6.520913e-09	
2626	4.671667e-01	6.520865e-09	
2627	4.673667e-01	6.520861e-09	
2628	4.675667e-01	6.520895e-09	
2629	4.677667e-01	6.520921e-09	
2630	4.679667e-01	6.520951e-09	
2631	4.681667e-01	6.520958e-09	
2632	4.683667e-01	6.520979e-09	
2633	4.685667e-01	6.520989e-09	
2634	4.687667e-01	6.521008e-09	
2635	4.689667e-01	6.521019e-09	
2636	4.691667e-01	6.521039e-09	
2637	4.693667e-01	6.521050e-09	
2638	4.695667e-01	6.521076e-09	
2639	4.697667e-01	6.521083e-09	
2640	4.699667e-01	6.521107e-09	
2641	4.701667e-01	6.521116e-09	
2642	4.703667e-01	6.521144e-09	
2643	4.705667e-01	6.521153e-09	
2644	4.707667e-01	6.521178e-09	
2645	4.709667e-01	6.521192e-09	
2646	4.711667e-01	6.521216e-09	
2647	4.713667e-01	6.521232e-09	
2648	4.715667e-01	6.521255e-09	
2649	4.717667e-01	6.521273e-09	
2650	4.719667e-01	6.521295e-09	
2651	4.721667e-01	6.521312e-09	
2652	4.723667e-01	6.521340e-09	
2653	4.725667e-01	6.521351e-09	
2654	4.727667e-01	6.521379e-09	
2655	4.729667e-01	6.521395e-09	
2656	4.731667e-01	6.521426e-09	
2657	4.733667e-01	6.521447e-09	
2658	4.735667e-01	6.521473e-09	
2659	4.737667e-01	6.521490e-09	
2660	4.739667e-01	6.521522e-09	
2661	4.741667e-01	6.521539e-09	
2662	4.743667e-01	6.521571e-09	
2663	4.745667e-01	6.521590e-09	
2664	4.747667e-01	6.521614e-09	

Index   time            -i(vdd)         
--------------------------------------------------------------------------------
2665	4.749667e-01	6.521637e-09	
2666	4.751667e-01	6.521668e-09	
2667	4.753667e-01	6.521691e-09	
2668	4.755667e-01	6.521723e-09	
2669	4.757667e-01	6.521744e-09	
2670	4.759667e-01	6.521778e-09	
2671	4.761667e-01	6.521800e-09	
2672	4.763667e-01	6.521833e-09	
2673	4.765667e-01	6.521856e-09	
2674	4.767667e-01	6.521887e-09	
2675	4.769667e-01	6.521910e-09	
2676	4.771667e-01	6.521943e-09	
2677	4.773667e-01	6.521967e-09	
2678	4.775667e-01	6.522001e-09	
2679	4.777667e-01	6.522029e-09	
2680	4.777778e-01	6.522041e-09	
2681	4.777978e-01	6.522066e-09	
2682	4.778378e-01	6.522057e-09	
2683	4.779178e-01	6.522078e-09	
2684	4.780778e-01	6.522122e-09	
2685	4.782778e-01	6.522218e-09	
2686	4.784778e-01	6.522272e-09	
2687	4.786778e-01	6.522344e-09	
2688	4.788778e-01	6.522392e-09	
2689	4.790778e-01	6.522436e-09	
2690	4.792778e-01	6.522466e-09	
2691	4.794778e-01	6.522501e-09	
2692	4.796778e-01	6.522527e-09	
2693	4.798778e-01	6.522555e-09	
2694	4.800778e-01	6.522578e-09	
2695	4.802778e-01	6.522614e-09	
2696	4.804778e-01	6.522632e-09	
2697	4.806778e-01	6.522667e-09	
2698	4.808778e-01	6.522688e-09	
2699	4.810778e-01	6.522723e-09	
2700	4.812778e-01	6.522745e-09	
2701	4.814778e-01	6.522781e-09	
2702	4.816778e-01	6.522808e-09	
2703	4.818778e-01	6.522840e-09	
2704	4.820778e-01	6.522868e-09	
2705	4.822778e-01	6.522898e-09	
2706	4.824778e-01	6.522931e-09	
2707	4.826778e-01	6.522970e-09	
2708	4.828778e-01	6.522997e-09	
2709	4.830778e-01	6.523040e-09	
2710	4.832778e-01	6.523068e-09	
2711	4.834778e-01	6.523109e-09	
2712	4.836778e-01	6.523142e-09	
2713	4.838778e-01	6.523186e-09	
2714	4.840778e-01	6.523221e-09	
2715	4.842778e-01	6.523261e-09	
2716	4.844778e-01	6.523296e-09	
2717	4.846778e-01	6.523344e-09	
2718	4.848778e-01	6.523378e-09	
2719	4.850778e-01	6.523423e-09	
2720	4.852778e-01	6.523458e-09	
2721	4.854778e-01	6.523505e-09	
2722	4.856778e-01	6.523541e-09	

Index   time            -i(vdd)         
--------------------------------------------------------------------------------
2723	4.858778e-01	6.523592e-09	
2724	4.860778e-01	6.523630e-09	
2725	4.862778e-01	6.523681e-09	
2726	4.864778e-01	6.523720e-09	
2727	4.866778e-01	6.523773e-09	
2728	4.868778e-01	6.523809e-09	
2729	4.870778e-01	6.523857e-09	
2730	4.872778e-01	6.523903e-09	
2731	4.874778e-01	6.523956e-09	
2732	4.876778e-01	6.524002e-09	
2733	4.878778e-01	6.524055e-09	
2734	4.880778e-01	6.524098e-09	
2735	4.882778e-01	6.524151e-09	
2736	4.884778e-01	6.524195e-09	
2737	4.886778e-01	6.524250e-09	
2738	4.888778e-01	6.524296e-09	
2739	4.888889e-01	6.524310e-09	
2740	4.889089e-01	6.524312e-09	
2741	4.889489e-01	6.524219e-09	
2742	4.890289e-01	6.523973e-09	
2743	4.891889e-01	6.523229e-09	
2744	4.893889e-01	6.522049e-09	
2745	4.895889e-01	6.520720e-09	
2746	4.897889e-01	6.519415e-09	
2747	4.899889e-01	6.518108e-09	
2748	4.901889e-01	6.516837e-09	
2749	4.903889e-01	6.515569e-09	
2750	4.905889e-01	6.514337e-09	
2751	4.907889e-01	6.513099e-09	
2752	4.909889e-01	6.511881e-09	
2753	4.911889e-01	6.510663e-09	
2754	4.913889e-01	6.509465e-09	
2755	4.915889e-01	6.508274e-09	
2756	4.917889e-01	6.507103e-09	
2757	4.919889e-01	6.505943e-09	
2758	4.921889e-01	6.504801e-09	
2759	4.923889e-01	6.503664e-09	
2760	4.925889e-01	6.502555e-09	
2761	4.927889e-01	6.501449e-09	
2762	4.929889e-01	6.500370e-09	
2763	4.931889e-01	6.499285e-09	
2764	4.933889e-01	6.498228e-09	
2765	4.935889e-01	6.497173e-09	
2766	4.937889e-01	6.496138e-09	
2767	4.939889e-01	6.495105e-09	
2768	4.941889e-01	6.494098e-09	
2769	4.943889e-01	6.493089e-09	
2770	4.945889e-01	6.492102e-09	
2771	4.947889e-01	6.491111e-09	
2772	4.949889e-01	6.490153e-09	
2773	4.951889e-01	6.489186e-09	
2774	4.953889e-01	6.488242e-09	
2775	4.955889e-01	6.487300e-09	
2776	4.957889e-01	6.486384e-09	
2777	4.959889e-01	6.485466e-09	
2778	4.961889e-01	6.484570e-09	
2779	4.963889e-01	6.483674e-09	
2780	4.965889e-01	6.482791e-09	

Index   time            -i(vdd)         
--------------------------------------------------------------------------------
2781	4.967889e-01	6.481921e-09	
2782	4.969889e-01	6.481060e-09	
2783	4.971889e-01	6.480203e-09	
2784	4.973889e-01	6.479365e-09	
2785	4.975889e-01	6.478529e-09	
2786	4.977889e-01	6.477715e-09	
2787	4.979889e-01	6.476892e-09	
2788	4.981889e-01	6.476098e-09	
2789	4.983889e-01	6.475300e-09	
2790	4.985889e-01	6.474522e-09	
2791	4.987889e-01	6.473740e-09	
2792	4.989889e-01	6.472982e-09	
2793	4.991889e-01	6.472217e-09	
2794	4.993889e-01	6.471474e-09	
2795	4.995889e-01	6.470731e-09	
2796	4.997889e-01	6.470001e-09	
2797	4.999000e-01	6.469613e-09	
2798	4.999100e-01	6.654155e-09	
2799	4.999300e-01	7.165755e-09	
2800	4.999595e-01	3.076979e-08	
2801	4.999869e-01	2.767981e-08	
2802	5.000000e-01	2.709617e-08	
2803	5.000035e-01	2.712242e-08	
2804	5.000106e-01	2.712046e-08	
2805	5.000247e-01	2.710455e-08	
2806	5.000530e-01	2.707777e-08	
2807	5.001095e-01	2.702020e-08	
2808	5.002225e-01	2.690082e-08	
2809	5.004225e-01	2.669071e-08	
2810	5.006225e-01	2.648303e-08	
2811	5.008225e-01	2.622262e-08	
2812	5.010225e-01	2.557354e-08	
2813	5.010475e-01	2.556906e-08	
2814	5.010975e-01	2.554189e-08	
2815	5.011975e-01	2.549374e-08	
2816	5.013975e-01	2.535953e-08	
2817	5.015975e-01	2.525276e-08	
2818	5.017975e-01	2.483393e-08	
2819	5.019975e-01	2.275608e-08	
2820	5.020000e-01	2.266422e-08	
2821	5.020051e-01	2.224269e-08	
2822	5.020153e-01	2.055184e-08	
2823	5.020356e-01	5.529678e-09	
2824	5.020764e-01	3.564235e-09	
2825	5.021000e-01	3.564021e-09	
2826	5.021042e-01	3.748154e-09	
2827	5.021125e-01	3.748645e-09	
2828	5.021292e-01	3.748523e-09	
2829	5.021626e-01	3.748371e-09	
2830	5.022294e-01	3.748217e-09	
2831	5.023630e-01	3.747900e-09	
2832	5.025630e-01	3.747295e-09	
2833	5.027630e-01	3.746417e-09	
2834	5.029630e-01	3.745051e-09	
2835	5.031630e-01	3.742718e-09	
2836	5.033630e-01	3.738663e-09	
2837	5.035630e-01	3.731582e-09	
2838	5.037630e-01	3.719833e-09	

Index   time            -i(vdd)         
--------------------------------------------------------------------------------
2839	5.039630e-01	3.701824e-09	
2840	5.041630e-01	3.677359e-09	
2841	5.043630e-01	3.648387e-09	
2842	5.045630e-01	3.618434e-09	
2843	5.047630e-01	3.590843e-09	
2844	5.049630e-01	3.567549e-09	
2845	5.051630e-01	3.548981e-09	
2846	5.053630e-01	3.534698e-09	
2847	5.055630e-01	3.523902e-09	
2848	5.057630e-01	3.515831e-09	
2849	5.059630e-01	3.509795e-09	
2850	5.061630e-01	3.505305e-09	
2851	5.063630e-01	3.501940e-09	
2852	5.065630e-01	3.499428e-09	
2853	5.067630e-01	3.497526e-09	
2854	5.069630e-01	3.496093e-09	
2855	5.071630e-01	3.494992e-09	
2856	5.073630e-01	3.494157e-09	
2857	5.075630e-01	3.493497e-09	
2858	5.077630e-01	3.492986e-09	
2859	5.079630e-01	3.492569e-09	
2860	5.081630e-01	3.492235e-09	
2861	5.083630e-01	3.491949e-09	
2862	5.085630e-01	3.491718e-09	
2863	5.087630e-01	3.491507e-09	
2864	5.089630e-01	3.491330e-09	
2865	5.091630e-01	3.491158e-09	
2866	5.093630e-01	3.491016e-09	
2867	5.095630e-01	3.490868e-09	
2868	5.097630e-01	3.490745e-09	
2869	5.099630e-01	3.490616e-09	
2870	5.101630e-01	3.490499e-09	
2871	5.103630e-01	3.490376e-09	
2872	5.105630e-01	3.490273e-09	
2873	5.107630e-01	3.490156e-09	
2874	5.109630e-01	3.490062e-09	
2875	5.111111e-01	3.489995e-09	
2876	5.111311e-01	3.489990e-09	
2877	5.111711e-01	3.489951e-09	
2878	5.112511e-01	3.489890e-09	
2879	5.114111e-01	3.489750e-09	
2880	5.116111e-01	3.489576e-09	
2881	5.118111e-01	3.489347e-09	
2882	5.120111e-01	3.489119e-09	
2883	5.122111e-01	3.488871e-09	
2884	5.124111e-01	3.488617e-09	
2885	5.126111e-01	3.488348e-09	
2886	5.128111e-01	3.488076e-09	
2887	5.130111e-01	3.487801e-09	
2888	5.132111e-01	3.487530e-09	
2889	5.134111e-01	3.487249e-09	
2890	5.136111e-01	3.486974e-09	
2891	5.138111e-01	3.486693e-09	
2892	5.140111e-01	3.486421e-09	
2893	5.142111e-01	3.486140e-09	
2894	5.144111e-01	3.485868e-09	
2895	5.146111e-01	3.485588e-09	
2896	5.148111e-01	3.485318e-09	

Index   time            -i(vdd)         
--------------------------------------------------------------------------------
2897	5.150111e-01	3.485039e-09	
2898	5.152111e-01	3.484773e-09	
2899	5.154111e-01	3.484500e-09	
2900	5.156111e-01	3.484230e-09	
2901	5.158111e-01	3.483956e-09	
2902	5.160111e-01	3.483693e-09	
2903	5.162111e-01	3.483422e-09	
2904	5.164111e-01	3.483160e-09	
2905	5.166111e-01	3.482891e-09	
2906	5.168111e-01	3.482635e-09	
2907	5.170111e-01	3.482369e-09	
2908	5.172111e-01	3.482110e-09	
2909	5.174111e-01	3.481845e-09	
2910	5.176111e-01	3.481589e-09	
2911	5.178111e-01	3.481328e-09	
2912	5.180111e-01	3.481072e-09	
2913	5.182111e-01	3.480812e-09	
2914	5.184111e-01	3.480562e-09	
2915	5.186111e-01	3.480301e-09	
2916	5.188111e-01	3.480052e-09	
2917	5.190111e-01	3.479794e-09	
2918	5.192111e-01	3.479549e-09	
2919	5.194111e-01	3.479294e-09	
2920	5.196111e-01	3.479043e-09	
2921	5.198111e-01	3.478792e-09	
2922	5.200111e-01	3.478551e-09	
2923	5.202111e-01	3.478295e-09	
2924	5.204111e-01	3.478058e-09	
2925	5.206111e-01	3.477805e-09	
2926	5.208111e-01	3.477569e-09	
2927	5.210111e-01	3.477317e-09	
2928	5.212111e-01	3.477078e-09	
2929	5.214111e-01	3.476836e-09	
2930	5.216111e-01	3.476601e-09	
2931	5.218111e-01	3.476356e-09	
2932	5.220111e-01	3.476119e-09	
2933	5.222111e-01	3.475876e-09	
2934	5.222222e-01	3.475875e-09	
2935	5.222422e-01	3.475873e-09	
2936	5.222822e-01	3.475797e-09	
2937	5.223622e-01	3.475703e-09	
2938	5.225222e-01	3.475492e-09	
2939	5.227222e-01	3.475253e-09	
2940	5.229222e-01	3.474977e-09	
2941	5.231222e-01	3.474714e-09	
2942	5.233222e-01	3.474448e-09	
2943	5.235222e-01	3.474191e-09	
2944	5.237222e-01	3.473925e-09	
2945	5.239222e-01	3.473674e-09	
2946	5.241222e-01	3.473427e-09	
2947	5.243222e-01	3.473180e-09	
2948	5.245222e-01	3.472926e-09	
2949	5.247222e-01	3.472686e-09	
2950	5.249222e-01	3.472440e-09	
2951	5.251222e-01	3.472210e-09	
2952	5.253222e-01	3.471975e-09	
2953	5.255222e-01	3.471744e-09	
2954	5.257222e-01	3.471507e-09	

Index   time            -i(vdd)         
--------------------------------------------------------------------------------
2955	5.259222e-01	3.471284e-09	
2956	5.261222e-01	3.471049e-09	
2957	5.263222e-01	3.470831e-09	
2958	5.265222e-01	3.470604e-09	
2959	5.267222e-01	3.470387e-09	
2960	5.269222e-01	3.470163e-09	
2961	5.271222e-01	3.469954e-09	
2962	5.273222e-01	3.469735e-09	
2963	5.275222e-01	3.469527e-09	
2964	5.277222e-01	3.469312e-09	
2965	5.279222e-01	3.469104e-09	
2966	5.281222e-01	3.468895e-09	
2967	5.283222e-01	3.468698e-09	
2968	5.285222e-01	3.468492e-09	
2969	5.287222e-01	3.468289e-09	
2970	5.289222e-01	3.468087e-09	
2971	5.291222e-01	3.467896e-09	
2972	5.293222e-01	3.467694e-09	
2973	5.295222e-01	3.467504e-09	
2974	5.297222e-01	3.467307e-09	
2975	5.299222e-01	3.467126e-09	
2976	5.301222e-01	3.466927e-09	
2977	5.303222e-01	3.466745e-09	
2978	5.305222e-01	3.466556e-09	
2979	5.307222e-01	3.466377e-09	
2980	5.309222e-01	3.466193e-09	
2981	5.311222e-01	3.466013e-09	
2982	5.313222e-01	3.465828e-09	
2983	5.315222e-01	3.465658e-09	
2984	5.317222e-01	3.465480e-09	
2985	5.319222e-01	3.465306e-09	
2986	5.321222e-01	3.465136e-09	
2987	5.323222e-01	3.464965e-09	
2988	5.325222e-01	3.464795e-09	
2989	5.327222e-01	3.464627e-09	
2990	5.329222e-01	3.464460e-09	
2991	5.331222e-01	3.464301e-09	
2992	5.333222e-01	3.464132e-09	
2993	5.333333e-01	3.464139e-09	
2994	5.333533e-01	3.464142e-09	
2995	5.333933e-01	3.464090e-09	
2996	5.334733e-01	3.464034e-09	
2997	5.336333e-01	3.463907e-09	
2998	5.338333e-01	3.463794e-09	
2999	5.340333e-01	3.463643e-09	
3000	5.342333e-01	3.463529e-09	
3001	5.344333e-01	3.463410e-09	
3002	5.346333e-01	3.463308e-09	
3003	5.348333e-01	3.463195e-09	
3004	5.350333e-01	3.463103e-09	
3005	5.352333e-01	3.462999e-09	
3006	5.354333e-01	3.462908e-09	
3007	5.356333e-01	3.462815e-09	
3008	5.358333e-01	3.462724e-09	
3009	5.360333e-01	3.462633e-09	
3010	5.362333e-01	3.462553e-09	
3011	5.364333e-01	3.462457e-09	
3012	5.366333e-01	3.462377e-09	

Index   time            -i(vdd)         
--------------------------------------------------------------------------------
3013	5.368333e-01	3.462287e-09	
3014	5.370333e-01	3.462210e-09	
3015	5.372333e-01	3.462121e-09	
3016	5.374333e-01	3.462044e-09	
3017	5.376333e-01	3.461957e-09	
3018	5.378333e-01	3.461878e-09	
3019	5.380333e-01	3.461789e-09	
3020	5.382333e-01	3.461720e-09	
3021	5.384333e-01	3.461633e-09	
3022	5.386333e-01	3.461562e-09	
3023	5.388333e-01	3.461474e-09	
3024	5.390333e-01	3.461404e-09	
3025	5.392333e-01	3.461318e-09	
3026	5.394333e-01	3.461247e-09	
3027	5.396333e-01	3.461166e-09	
3028	5.398333e-01	3.461095e-09	
3029	5.400333e-01	3.461013e-09	
3030	5.402333e-01	3.460942e-09	
3031	5.404333e-01	3.460859e-09	
3032	5.406333e-01	3.460793e-09	
3033	5.408333e-01	3.460713e-09	
3034	5.410333e-01	3.460644e-09	
3035	5.412333e-01	3.460569e-09	
3036	5.414333e-01	3.460499e-09	
3037	5.416333e-01	3.460420e-09	
3038	5.418333e-01	3.460354e-09	
3039	5.420333e-01	3.460274e-09	
3040	5.422333e-01	3.460207e-09	
3041	5.424333e-01	3.460128e-09	
3042	5.426333e-01	3.460066e-09	
3043	5.428333e-01	3.459993e-09	
3044	5.430333e-01	3.459926e-09	
3045	5.432333e-01	3.459852e-09	
3046	5.434333e-01	3.459791e-09	
3047	5.436333e-01	3.459712e-09	
3048	5.438333e-01	3.459651e-09	
3049	5.440333e-01	3.459571e-09	
3050	5.442333e-01	3.459514e-09	
3051	5.444333e-01	3.459445e-09	
3052	5.444444e-01	3.459446e-09	
3053	5.444644e-01	3.459468e-09	
3054	5.445044e-01	3.459427e-09	
3055	5.445844e-01	3.459409e-09	
3056	5.447444e-01	3.459346e-09	
3057	5.449444e-01	3.459298e-09	
3058	5.451444e-01	3.459206e-09	
3059	5.453444e-01	3.459145e-09	
3060	5.455444e-01	3.459073e-09	
3061	5.457444e-01	3.459011e-09	
3062	5.459444e-01	3.458940e-09	
3063	5.461444e-01	3.458889e-09	
3064	5.463444e-01	3.458827e-09	
3065	5.465444e-01	3.458779e-09	
3066	5.467444e-01	3.458727e-09	
3067	5.469444e-01	3.458682e-09	
3068	5.471444e-01	3.458632e-09	
3069	5.473444e-01	3.458600e-09	
3070	5.475444e-01	3.458556e-09	

Index   time            -i(vdd)         
--------------------------------------------------------------------------------
3071	5.477444e-01	3.458521e-09	
3072	5.479444e-01	3.458478e-09	
3073	5.481444e-01	3.458453e-09	
3074	5.483444e-01	3.458415e-09	
3075	5.485444e-01	3.458391e-09	
3076	5.487444e-01	3.458356e-09	
3077	5.489444e-01	3.458333e-09	
3078	5.491444e-01	3.458301e-09	
3079	5.493444e-01	3.458279e-09	
3080	5.495444e-01	3.458248e-09	
3081	5.497444e-01	3.458230e-09	
3082	5.499444e-01	3.458205e-09	
3083	5.501444e-01	3.458180e-09	
3084	5.503444e-01	3.458152e-09	
3085	5.505444e-01	3.458139e-09	
3086	5.507444e-01	3.458109e-09	
3087	5.509444e-01	3.458095e-09	
3088	5.511444e-01	3.458071e-09	
3089	5.513444e-01	3.458058e-09	
3090	5.515444e-01	3.458034e-09	
3091	5.517444e-01	3.458023e-09	
3092	5.519444e-01	3.457997e-09	
3093	5.521444e-01	3.457986e-09	
3094	5.523444e-01	3.457965e-09	
3095	5.525444e-01	3.457952e-09	
3096	5.527444e-01	3.457936e-09	
3097	5.529444e-01	3.457921e-09	
3098	5.531444e-01	3.457903e-09	
3099	5.533444e-01	3.457896e-09	
3100	5.535444e-01	3.457878e-09	
3101	5.537444e-01	3.457870e-09	
3102	5.539444e-01	3.457854e-09	
3103	5.541444e-01	3.457847e-09	
3104	5.543444e-01	3.457833e-09	
3105	5.545444e-01	3.457830e-09	
3106	5.547444e-01	3.457813e-09	
3107	5.549444e-01	3.457810e-09	
3108	5.551444e-01	3.457795e-09	
3109	5.553444e-01	3.457792e-09	
3110	5.555444e-01	3.457781e-09	
3111	5.555556e-01	3.457791e-09	
3112	5.555756e-01	3.457814e-09	
3113	5.556156e-01	3.457799e-09	
3114	5.556956e-01	3.457786e-09	
3115	5.558556e-01	3.457758e-09	
3116	5.560556e-01	3.457768e-09	
3117	5.562556e-01	3.457735e-09	
3118	5.564556e-01	3.457726e-09	
3119	5.566556e-01	3.457702e-09	
3120	5.568556e-01	3.457685e-09	
3121	5.570556e-01	3.457667e-09	
3122	5.572556e-01	3.457650e-09	
3123	5.574556e-01	3.457621e-09	
3124	5.576556e-01	3.457599e-09	
3125	5.578556e-01	3.457569e-09	
3126	5.580556e-01	3.457547e-09	
3127	5.582556e-01	3.457511e-09	
3128	5.584556e-01	3.457490e-09	

Index   time            -i(vdd)         
--------------------------------------------------------------------------------
3129	5.586556e-01	3.457455e-09	
3130	5.588556e-01	3.457429e-09	
3131	5.590556e-01	3.457393e-09	
3132	5.592556e-01	3.457366e-09	
3133	5.594556e-01	3.457328e-09	
3134	5.596556e-01	3.457304e-09	
3135	5.598556e-01	3.457272e-09	
3136	5.600556e-01	3.457246e-09	
3137	5.602556e-01	3.457207e-09	
3138	5.604556e-01	3.457187e-09	
3139	5.606556e-01	3.457152e-09	
3140	5.608556e-01	3.457123e-09	
3141	5.610556e-01	3.457089e-09	
3142	5.612556e-01	3.457065e-09	
3143	5.614556e-01	3.457029e-09	
3144	5.616556e-01	3.457003e-09	
3145	5.618556e-01	3.456966e-09	
3146	5.620556e-01	3.456945e-09	
3147	5.622556e-01	3.456910e-09	
3148	5.624556e-01	3.456886e-09	
3149	5.626556e-01	3.456844e-09	
3150	5.628556e-01	3.456826e-09	
3151	5.630556e-01	3.456789e-09	
3152	5.632556e-01	3.456761e-09	
3153	5.634556e-01	3.456727e-09	
3154	5.636556e-01	3.456705e-09	
3155	5.638556e-01	3.456668e-09	
3156	5.640556e-01	3.456642e-09	
3157	5.642556e-01	3.456608e-09	
3158	5.644556e-01	3.456586e-09	
3159	5.646556e-01	3.456552e-09	
3160	5.648556e-01	3.456525e-09	
3161	5.650556e-01	3.456488e-09	
3162	5.652556e-01	3.456466e-09	
3163	5.654556e-01	3.456433e-09	
3164	5.656556e-01	3.456408e-09	
3165	5.658556e-01	3.456371e-09	
3166	5.660556e-01	3.456349e-09	
3167	5.662556e-01	3.456313e-09	
3168	5.664556e-01	3.456290e-09	
3169	5.666556e-01	3.456260e-09	
3170	5.666667e-01	3.456261e-09	
3171	5.666867e-01	3.456295e-09	
3172	5.667267e-01	3.456273e-09	
3173	5.668067e-01	3.456299e-09	
3174	5.669667e-01	3.456343e-09	
3175	5.671667e-01	3.456477e-09	
3176	5.673667e-01	3.456605e-09	
3177	5.675667e-01	3.456803e-09	
3178	5.677667e-01	3.457028e-09	
3179	5.679667e-01	3.457291e-09	
3180	5.681667e-01	3.457580e-09	
3181	5.683667e-01	3.457902e-09	
3182	5.685667e-01	3.458238e-09	
3183	5.687667e-01	3.458614e-09	
3184	5.689667e-01	3.458986e-09	
3185	5.691667e-01	3.459393e-09	
3186	5.693667e-01	3.459800e-09	

Index   time            -i(vdd)         
--------------------------------------------------------------------------------
3187	5.695667e-01	3.460237e-09	
3188	5.697667e-01	3.460672e-09	
3189	5.699667e-01	3.461134e-09	
3190	5.701667e-01	3.461597e-09	
3191	5.703667e-01	3.462078e-09	
3192	5.705667e-01	3.462562e-09	
3193	5.707667e-01	3.463067e-09	
3194	5.709667e-01	3.463571e-09	
3195	5.711667e-01	3.464091e-09	
3196	5.713667e-01	3.464617e-09	
3197	5.715667e-01	3.465163e-09	
3198	5.717667e-01	3.465702e-09	
3199	5.719667e-01	3.466270e-09	
3200	5.721667e-01	3.466831e-09	
3201	5.723667e-01	3.467416e-09	
3202	5.725667e-01	3.467997e-09	
3203	5.727667e-01	3.468600e-09	
3204	5.729667e-01	3.469209e-09	
3205	5.731667e-01	3.469840e-09	
3206	5.733667e-01	3.470466e-09	
3207	5.735667e-01	3.471116e-09	
3208	5.737667e-01	3.471765e-09	
3209	5.739667e-01	3.472441e-09	
3210	5.741667e-01	3.473116e-09	
3211	5.743667e-01	3.473815e-09	
3212	5.745667e-01	3.474518e-09	
3213	5.747667e-01	3.475240e-09	
3214	5.749667e-01	3.475970e-09	
3215	5.751667e-01	3.476720e-09	
3216	5.753667e-01	3.477470e-09	
3217	5.755667e-01	3.478242e-09	
3218	5.757667e-01	3.479025e-09	
3219	5.759667e-01	3.479829e-09	
3220	5.761667e-01	3.480636e-09	
3221	5.763667e-01	3.481472e-09	
3222	5.765667e-01	3.482306e-09	
3223	5.767667e-01	3.483166e-09	
3224	5.769667e-01	3.484031e-09	
3225	5.771667e-01	3.484919e-09	
3226	5.773667e-01	3.485814e-09	
3227	5.775667e-01	3.486735e-09	
3228	5.777667e-01	3.487664e-09	
3229	5.777778e-01	3.487725e-09	
3230	5.777978e-01	3.487845e-09	
3231	5.778378e-01	3.488002e-09	
3232	5.779178e-01	3.488370e-09	
3233	5.780778e-01	3.489104e-09	
3234	5.782778e-01	3.490042e-09	
3235	5.784778e-01	3.490945e-09	
3236	5.786778e-01	3.491878e-09	
3237	5.788778e-01	3.492811e-09	
3238	5.790778e-01	3.493764e-09	
3239	5.792778e-01	3.494717e-09	
3240	5.794778e-01	3.495698e-09	
3241	5.796778e-01	3.496677e-09	
3242	5.798778e-01	3.497685e-09	
3243	5.800778e-01	3.498695e-09	
3244	5.802778e-01	3.499726e-09	

Index   time            -i(vdd)         
--------------------------------------------------------------------------------
3245	5.804778e-01	3.500756e-09	
3246	5.806778e-01	3.501815e-09	
3247	5.808778e-01	3.502862e-09	
3248	5.810778e-01	3.503936e-09	
3249	5.812778e-01	3.505000e-09	
3250	5.814778e-01	3.506068e-09	
3251	5.816778e-01	3.507118e-09	
3252	5.818778e-01	3.508144e-09	
3253	5.820778e-01	3.509095e-09	
3254	5.822778e-01	3.509912e-09	
3255	5.824778e-01	3.510398e-09	
3256	5.826778e-01	3.510150e-09	
3257	5.828778e-01	3.508060e-09	
3258	5.830778e-01	3.500971e-09	
3259	5.832778e-01	3.482505e-09	
3260	5.834778e-01	3.436412e-09	
3261	5.836778e-01	3.359009e-09	
3262	5.838778e-01	3.294242e-09	
3263	5.840778e-01	3.212871e-09	
3264	5.842778e-01	3.144465e-09	
3265	5.844778e-01	3.103188e-09	
3266	5.846778e-01	3.079547e-09	
3267	5.848778e-01	3.065462e-09	
3268	5.850778e-01	3.056919e-09	
3269	5.852778e-01	3.051393e-09	
3270	5.854778e-01	3.047564e-09	
3271	5.856778e-01	3.044859e-09	
3272	5.858778e-01	3.042959e-09	
3273	5.860778e-01	3.041680e-09	
3274	5.862778e-01	3.040866e-09	
3275	5.864778e-01	3.040433e-09	
3276	5.866778e-01	3.040277e-09	
3277	5.868778e-01	3.040364e-09	
3278	5.870778e-01	3.040643e-09	
3279	5.872778e-01	3.041094e-09	
3280	5.874778e-01	3.041677e-09	
3281	5.876778e-01	3.042386e-09	
3282	5.878778e-01	3.043191e-09	
3283	5.880778e-01	3.044102e-09	
3284	5.882778e-01	3.045094e-09	
3285	5.884778e-01	3.046160e-09	
3286	5.886778e-01	3.047295e-09	
3287	5.888778e-01	3.048503e-09	
3288	5.888889e-01	3.048575e-09	
3289	5.889089e-01	3.048701e-09	
3290	5.889489e-01	3.048827e-09	
3291	5.890289e-01	3.049028e-09	
3292	5.891889e-01	3.049191e-09	
3293	5.893889e-01	3.049227e-09	
3294	5.895889e-01	3.049145e-09	
3295	5.897889e-01	3.049105e-09	
3296	5.899889e-01	3.049079e-09	
3297	5.901889e-01	3.049086e-09	
3298	5.903889e-01	3.049099e-09	
3299	5.905889e-01	3.049130e-09	
3300	5.907889e-01	3.049157e-09	
3301	5.909889e-01	3.049187e-09	
3302	5.911889e-01	3.049204e-09	

Index   time            -i(vdd)         
--------------------------------------------------------------------------------
3303	5.913889e-01	3.049221e-09	
3304	5.915889e-01	3.049202e-09	
3305	5.917889e-01	3.049164e-09	
3306	5.919889e-01	3.049072e-09	
3307	5.921889e-01	3.048925e-09	
3308	5.923889e-01	3.048681e-09	
3309	5.925889e-01	3.048321e-09	
3310	5.927889e-01	3.047780e-09	
3311	5.929889e-01	3.046998e-09	
3312	5.931889e-01	3.045872e-09	
3313	5.933889e-01	3.044282e-09	
3314	5.935889e-01	3.042005e-09	
3315	5.937889e-01	3.038793e-09	
3316	5.939889e-01	3.034204e-09	
3317	5.941889e-01	3.027709e-09	
3318	5.943889e-01	3.018434e-09	
3319	5.945889e-01	3.005143e-09	
3320	5.947889e-01	2.985884e-09	
3321	5.949889e-01	2.957706e-09	
3322	5.951889e-01	2.917686e-09	
3323	5.953889e-01	2.984613e-09	
3324	5.954139e-01	3.062356e-09	
3325	5.954639e-01	3.341158e-09	
3326	5.955639e-01	3.737890e-09	
3327	5.955886e-01	3.735858e-09	
3328	5.956379e-01	3.677349e-09	
3329	5.957365e-01	3.579748e-09	
3330	5.958974e-01	3.515935e-09	
3331	5.959187e-01	3.530757e-09	
3332	5.959613e-01	3.563047e-09	
3333	5.960466e-01	3.566764e-09	
3334	5.962172e-01	3.535061e-09	
3335	5.964172e-01	3.538022e-09	
3336	5.966172e-01	3.391629e-09	
3337	5.968172e-01	3.284557e-09	
3338	5.970172e-01	3.146747e-09	
3339	5.972172e-01	2.997692e-09	
3340	5.974172e-01	2.869853e-09	
3341	5.976172e-01	2.767608e-09	
3342	5.978172e-01	2.686011e-09	
3343	5.980172e-01	2.618272e-09	
3344	5.982172e-01	2.559743e-09	
3345	5.984172e-01	2.506587e-09	
3346	5.986172e-01	2.456435e-09	
3347	5.988172e-01	2.408162e-09	
3348	5.990172e-01	2.361697e-09	
3349	5.992172e-01	2.317461e-09	
3350	5.994172e-01	2.276288e-09	
3351	5.996172e-01	2.238540e-09	
3352	5.998172e-01	2.204457e-09	
3353	6.000000e-01	2.176526e-09	
3354	6.000200e-01	2.173706e-09	
3355	6.000600e-01	2.168156e-09	
3356	6.001400e-01	2.157576e-09	
3357	6.003000e-01	2.138101e-09	
3358	6.005000e-01	2.116541e-09	
3359	6.007000e-01	2.097619e-09	
3360	6.009000e-01	2.081009e-09	

Index   time            -i(vdd)         
--------------------------------------------------------------------------------
3361	6.011000e-01	2.066380e-09	
3362	6.013000e-01	2.053492e-09	
3363	6.015000e-01	2.042097e-09	
3364	6.017000e-01	2.032025e-09	
3365	6.019000e-01	2.023079e-09	
3366	6.021000e-01	2.015136e-09	
3367	6.023000e-01	2.008049e-09	
3368	6.025000e-01	2.001735e-09	
3369	6.027000e-01	1.996091e-09	
3370	6.029000e-01	1.991043e-09	
3371	6.031000e-01	1.986519e-09	
3372	6.033000e-01	1.982486e-09	
3373	6.035000e-01	1.978864e-09	
3374	6.037000e-01	1.975632e-09	
3375	6.039000e-01	1.972738e-09	
3376	6.041000e-01	1.970172e-09	
3377	6.043000e-01	1.967877e-09	
3378	6.045000e-01	1.965851e-09	
3379	6.047000e-01	1.964067e-09	
3380	6.049000e-01	1.962507e-09	
3381	6.051000e-01	1.961149e-09	
3382	6.053000e-01	1.959982e-09	
3383	6.055000e-01	1.958994e-09	
3384	6.057000e-01	1.958178e-09	
3385	6.059000e-01	1.957505e-09	
3386	6.061000e-01	1.956985e-09	
3387	6.063000e-01	1.956596e-09	
3388	6.065000e-01	1.956346e-09	
3389	6.067000e-01	1.956210e-09	
3390	6.069000e-01	1.956205e-09	
3391	6.071000e-01	1.956289e-09	
3392	6.073000e-01	1.956498e-09	
3393	6.075000e-01	1.956787e-09	
3394	6.077000e-01	1.957191e-09	
3395	6.079000e-01	1.957674e-09	
3396	6.081000e-01	1.958258e-09	
3397	6.083000e-01	1.958912e-09	
3398	6.085000e-01	1.959660e-09	
3399	6.087000e-01	1.960483e-09	
3400	6.089000e-01	1.961382e-09	
3401	6.091000e-01	1.962340e-09	
3402	6.093000e-01	1.963389e-09	
3403	6.095000e-01	1.964489e-09	
3404	6.097000e-01	1.965673e-09	
3405	6.099000e-01	1.966909e-09	
3406	6.101000e-01	1.968213e-09	
3407	6.103000e-01	1.969574e-09	
3408	6.105000e-01	1.971002e-09	
3409	6.107000e-01	1.972478e-09	
3410	6.109000e-01	1.974015e-09	
3411	6.111000e-01	1.975611e-09	
3412	6.111111e-01	1.975703e-09	
3413	6.111311e-01	1.975882e-09	
3414	6.111711e-01	1.976173e-09	
3415	6.112511e-01	1.976805e-09	
3416	6.114111e-01	1.978073e-09	
3417	6.116111e-01	1.979762e-09	
3418	6.118111e-01	1.981518e-09	

Index   time            -i(vdd)         
--------------------------------------------------------------------------------
3419	6.120111e-01	1.983376e-09	
3420	6.122111e-01	1.985277e-09	
3421	6.124111e-01	1.987250e-09	
3422	6.126111e-01	1.989261e-09	
3423	6.128111e-01	1.991323e-09	
3424	6.130111e-01	1.993417e-09	
3425	6.132111e-01	1.995566e-09	
3426	6.134111e-01	1.997753e-09	
3427	6.136111e-01	1.999992e-09	
3428	6.138111e-01	2.002261e-09	
3429	6.140111e-01	2.004588e-09	
3430	6.142111e-01	2.006942e-09	
3431	6.144111e-01	2.009348e-09	
3432	6.146111e-01	2.011779e-09	
3433	6.148111e-01	2.014262e-09	
3434	6.150111e-01	2.016780e-09	
3435	6.152111e-01	2.019340e-09	
3436	6.154111e-01	2.021926e-09	
3437	6.156111e-01	2.024568e-09	
3438	6.158111e-01	2.027227e-09	
3439	6.160111e-01	2.029938e-09	
3440	6.162111e-01	2.032680e-09	
3441	6.164111e-01	2.035467e-09	
3442	6.166111e-01	2.038279e-09	
3443	6.168111e-01	2.041131e-09	
3444	6.170111e-01	2.044013e-09	
3445	6.172111e-01	2.046942e-09	
3446	6.174111e-01	2.049890e-09	
3447	6.176111e-01	2.052889e-09	
3448	6.178111e-01	2.055906e-09	
3449	6.180111e-01	2.058968e-09	
3450	6.182111e-01	2.062055e-09	
3451	6.184111e-01	2.065188e-09	
3452	6.186111e-01	2.068337e-09	
3453	6.188111e-01	2.071531e-09	
3454	6.190111e-01	2.074743e-09	
3455	6.192111e-01	2.078001e-09	
3456	6.194111e-01	2.081284e-09	
3457	6.196111e-01	2.084607e-09	
3458	6.198111e-01	2.087945e-09	
3459	6.200111e-01	2.091334e-09	
3460	6.202111e-01	2.094734e-09	
3461	6.204111e-01	2.098178e-09	
3462	6.206111e-01	2.101648e-09	
3463	6.208111e-01	2.105147e-09	
3464	6.210111e-01	2.108671e-09	
3465	6.212111e-01	2.112234e-09	
3466	6.214111e-01	2.115815e-09	
3467	6.216111e-01	2.119440e-09	
3468	6.218111e-01	2.123076e-09	
3469	6.220111e-01	2.126753e-09	
3470	6.222111e-01	2.130444e-09	
3471	6.222222e-01	2.130659e-09	
3472	6.222422e-01	2.130858e-09	
3473	6.222822e-01	2.131037e-09	
3474	6.223622e-01	2.131022e-09	
3475	6.225222e-01	2.130505e-09	
3476	6.227222e-01	2.129646e-09	

Index   time            -i(vdd)         
--------------------------------------------------------------------------------
3477	6.229222e-01	2.128712e-09	
3478	6.231222e-01	2.127784e-09	
3479	6.233222e-01	2.126844e-09	
3480	6.235222e-01	2.125920e-09	
3481	6.237222e-01	2.124992e-09	
3482	6.239222e-01	2.124088e-09	
3483	6.241222e-01	2.123174e-09	
3484	6.243222e-01	2.122270e-09	
3485	6.245222e-01	2.121355e-09	
3486	6.247222e-01	2.120463e-09	
3487	6.249222e-01	2.119550e-09	
3488	6.251222e-01	2.118657e-09	
3489	6.253222e-01	2.117751e-09	
3490	6.255222e-01	2.116861e-09	
3491	6.257222e-01	2.115958e-09	
3492	6.259222e-01	2.115068e-09	
3493	6.261222e-01	2.114167e-09	
3494	6.263222e-01	2.113277e-09	
3495	6.265222e-01	2.112379e-09	
3496	6.267222e-01	2.111488e-09	
3497	6.269222e-01	2.110592e-09	
3498	6.271222e-01	2.109700e-09	
3499	6.273222e-01	2.108795e-09	
3500	6.275222e-01	2.107909e-09	
3501	6.277222e-01	2.107006e-09	
3502	6.279222e-01	2.106110e-09	
3503	6.281222e-01	2.105197e-09	
3504	6.283222e-01	2.104305e-09	
3505	6.285222e-01	2.103402e-09	
3506	6.287222e-01	2.102508e-09	
3507	6.289222e-01	2.101590e-09	
3508	6.291222e-01	2.100694e-09	
3509	6.293222e-01	2.099780e-09	
3510	6.295222e-01	2.098871e-09	
3511	6.297222e-01	2.097953e-09	
3512	6.299222e-01	2.097044e-09	
3513	6.301222e-01	2.096127e-09	
3514	6.303222e-01	2.095212e-09	
3515	6.305222e-01	2.094294e-09	
3516	6.307222e-01	2.093371e-09	
3517	6.309222e-01	2.092448e-09	
3518	6.311222e-01	2.091526e-09	
3519	6.313222e-01	2.090589e-09	
3520	6.315222e-01	2.089661e-09	
3521	6.317222e-01	2.088726e-09	
3522	6.319222e-01	2.087794e-09	
3523	6.321222e-01	2.086856e-09	
3524	6.323222e-01	2.085918e-09	
3525	6.325222e-01	2.084971e-09	
3526	6.327222e-01	2.084035e-09	
3527	6.329222e-01	2.083081e-09	
3528	6.331222e-01	2.082141e-09	
3529	6.333222e-01	2.081185e-09	
3530	6.333333e-01	2.081137e-09	
3531	6.333533e-01	2.081077e-09	
3532	6.333933e-01	2.080932e-09	
3533	6.334733e-01	2.080721e-09	
3534	6.336333e-01	2.080375e-09	

Index   time            -i(vdd)         
--------------------------------------------------------------------------------
3535	6.338333e-01	2.080037e-09	
3536	6.340333e-01	2.079724e-09	
3537	6.342333e-01	2.079447e-09	
3538	6.344333e-01	2.079162e-09	
3539	6.346333e-01	2.078879e-09	
3540	6.348333e-01	2.078585e-09	
3541	6.350333e-01	2.078302e-09	
3542	6.352333e-01	2.078005e-09	
3543	6.354333e-01	2.077713e-09	
3544	6.356333e-01	2.077408e-09	
3545	6.358333e-01	2.077115e-09	
3546	6.360333e-01	2.076811e-09	
3547	6.362333e-01	2.076507e-09	
3548	6.364333e-01	2.076203e-09	
3549	6.366333e-01	2.075906e-09	
3550	6.368333e-01	2.075588e-09	
3551	6.370333e-01	2.075281e-09	
3552	6.372333e-01	2.074971e-09	
3553	6.374333e-01	2.074664e-09	
3554	6.376333e-01	2.074345e-09	
3555	6.378333e-01	2.074031e-09	
3556	6.380333e-01	2.073708e-09	
3557	6.382333e-01	2.073399e-09	
3558	6.384333e-01	2.073070e-09	
3559	6.386333e-01	2.072759e-09	
3560	6.388333e-01	2.072432e-09	
3561	6.390333e-01	2.072112e-09	
3562	6.392333e-01	2.071781e-09	
3563	6.394333e-01	2.071466e-09	
3564	6.396333e-01	2.071132e-09	
3565	6.398333e-01	2.070807e-09	
3566	6.400333e-01	2.070478e-09	
3567	6.402333e-01	2.070153e-09	
3568	6.404333e-01	2.069818e-09	
3569	6.406333e-01	2.069492e-09	
3570	6.408333e-01	2.069155e-09	
3571	6.410333e-01	2.068827e-09	
3572	6.412333e-01	2.068491e-09	
3573	6.414333e-01	2.068162e-09	
3574	6.416333e-01	2.067824e-09	
3575	6.418333e-01	2.067493e-09	
3576	6.420333e-01	2.067159e-09	
3577	6.422333e-01	2.066825e-09	
3578	6.424333e-01	2.066489e-09	
3579	6.426333e-01	2.066158e-09	
3580	6.428333e-01	2.065817e-09	
3581	6.430333e-01	2.065488e-09	
3582	6.432333e-01	2.065150e-09	
3583	6.434333e-01	2.064820e-09	
3584	6.436333e-01	2.064483e-09	
3585	6.438333e-01	2.064159e-09	
3586	6.440333e-01	2.063825e-09	
3587	6.442333e-01	2.063502e-09	
3588	6.444333e-01	2.063173e-09	
3589	6.444444e-01	2.063172e-09	
3590	6.444644e-01	2.063206e-09	
3591	6.445044e-01	2.063288e-09	
3592	6.445844e-01	2.063608e-09	

Index   time            -i(vdd)         
--------------------------------------------------------------------------------
3593	6.447444e-01	2.064373e-09	
3594	6.449444e-01	2.065365e-09	
3595	6.451444e-01	2.066332e-09	
3596	6.453444e-01	2.067320e-09	
3597	6.455444e-01	2.068299e-09	
3598	6.457444e-01	2.069298e-09	
3599	6.459444e-01	2.070295e-09	
3600	6.461444e-01	2.071308e-09	
3601	6.463444e-01	2.072326e-09	
3602	6.465444e-01	2.073352e-09	
3603	6.467444e-01	2.074376e-09	
3604	6.469444e-01	2.075427e-09	
3605	6.471444e-01	2.076467e-09	
3606	6.473444e-01	2.077537e-09	
3607	6.475444e-01	2.078592e-09	
3608	6.477444e-01	2.079667e-09	
3609	6.479444e-01	2.080744e-09	
3610	6.481444e-01	2.081832e-09	
3611	6.483444e-01	2.082923e-09	
3612	6.485444e-01	2.084032e-09	
3613	6.487444e-01	2.085134e-09	
3614	6.489444e-01	2.086253e-09	
3615	6.491444e-01	2.087372e-09	
3616	6.493444e-01	2.088510e-09	
3617	6.495444e-01	2.089639e-09	
3618	6.497444e-01	2.090791e-09	
3619	6.499444e-01	2.091937e-09	
3620	6.501444e-01	2.093098e-09	
3621	6.503444e-01	2.094260e-09	
3622	6.505444e-01	2.095436e-09	
3623	6.507444e-01	2.096612e-09	
3624	6.509444e-01	2.097802e-09	
3625	6.511444e-01	2.098983e-09	
3626	6.513444e-01	2.100190e-09	
3627	6.515444e-01	2.101395e-09	
3628	6.517444e-01	2.102608e-09	
3629	6.519444e-01	2.103819e-09	
3630	6.521444e-01	2.105044e-09	
3631	6.523444e-01	2.106269e-09	
3632	6.525444e-01	2.107505e-09	
3633	6.527444e-01	2.108744e-09	
3634	6.529444e-01	2.109992e-09	
3635	6.531444e-01	2.111239e-09	
3636	6.533444e-01	2.112499e-09	
3637	6.535444e-01	2.113761e-09	
3638	6.537444e-01	2.115035e-09	
3639	6.539444e-01	2.116303e-09	
3640	6.541444e-01	2.117590e-09	
3641	6.543444e-01	2.118866e-09	
3642	6.545444e-01	2.120156e-09	
3643	6.547444e-01	2.121446e-09	
3644	6.549444e-01	2.122751e-09	
3645	6.551444e-01	2.124053e-09	
3646	6.553444e-01	2.125366e-09	
3647	6.555444e-01	2.126673e-09	
3648	6.555556e-01	2.126754e-09	
3649	6.555756e-01	2.126776e-09	
3650	6.556156e-01	2.126675e-09	

Index   time            -i(vdd)         
--------------------------------------------------------------------------------
3651	6.556956e-01	2.126239e-09	
3652	6.558556e-01	2.125064e-09	
3653	6.560556e-01	2.123535e-09	
3654	6.562556e-01	2.122016e-09	
3655	6.564556e-01	2.120523e-09	
3656	6.566556e-01	2.119025e-09	
3657	6.568556e-01	2.117524e-09	
3658	6.570556e-01	2.116019e-09	
3659	6.572556e-01	2.114521e-09	
3660	6.574556e-01	2.113006e-09	
3661	6.576556e-01	2.111502e-09	
3662	6.578556e-01	2.109981e-09	
3663	6.580556e-01	2.108477e-09	
3664	6.582556e-01	2.106954e-09	
3665	6.584556e-01	2.105441e-09	
3666	6.586556e-01	2.103929e-09	
3667	6.588556e-01	2.102418e-09	
3668	6.590556e-01	2.100902e-09	
3669	6.592556e-01	2.099405e-09	
3670	6.594556e-01	2.097898e-09	
3671	6.596556e-01	2.096411e-09	
3672	6.598556e-01	2.094922e-09	
3673	6.600556e-01	2.093461e-09	
3674	6.602556e-01	2.092002e-09	
3675	6.604556e-01	2.090584e-09	
3676	6.606556e-01	2.089199e-09	
3677	6.608556e-01	2.087891e-09	
3678	6.610556e-01	2.086657e-09	
3679	6.612556e-01	2.085573e-09	
3680	6.614556e-01	2.084722e-09	
3681	6.616556e-01	2.084267e-09	
3682	6.618556e-01	2.084529e-09	
3683	6.620556e-01	2.086192e-09	
3684	6.622556e-01	2.090712e-09	
3685	6.624556e-01	2.100763e-09	
3686	6.626556e-01	2.119716e-09	
3687	6.628556e-01	2.152039e-09	
3688	6.630556e-01	2.204320e-09	
3689	6.632556e-01	2.282863e-09	
3690	6.634556e-01	2.386389e-09	
3691	6.636556e-01	2.504391e-09	
3692	6.638556e-01	2.649074e-09	
3693	6.640556e-01	2.711535e-09	
3694	6.642556e-01	2.676122e-09	
3695	6.644556e-01	2.631835e-09	
3696	6.646556e-01	2.596313e-09	
3697	6.648556e-01	2.581996e-09	
3698	6.650556e-01	2.572355e-09	
3699	6.652556e-01	2.566581e-09	
3700	6.654556e-01	2.562789e-09	
3701	6.656556e-01	2.559998e-09	
3702	6.658556e-01	2.557724e-09	
3703	6.660556e-01	2.555695e-09	
3704	6.662556e-01	2.553818e-09	
3705	6.664556e-01	2.552004e-09	
3706	6.666556e-01	2.550250e-09	
3707	6.666667e-01	2.550164e-09	
3708	6.666867e-01	2.550095e-09	

Index   time            -i(vdd)         
--------------------------------------------------------------------------------
3709	6.667267e-01	2.550010e-09	
3710	6.668067e-01	2.550151e-09	
3711	6.669667e-01	2.550844e-09	
3712	6.671667e-01	2.551920e-09	
3713	6.673667e-01	2.553031e-09	
3714	6.675667e-01	2.554178e-09	
3715	6.677667e-01	2.555322e-09	
3716	6.679667e-01	2.556490e-09	
3717	6.681667e-01	2.557651e-09	
3718	6.683667e-01	2.558831e-09	
3719	6.685667e-01	2.559994e-09	
3720	6.687667e-01	2.561171e-09	
3721	6.689667e-01	2.562341e-09	
3722	6.691667e-01	2.563518e-09	
3723	6.693667e-01	2.564683e-09	
3724	6.695667e-01	2.565867e-09	
3725	6.697667e-01	2.567027e-09	
3726	6.699667e-01	2.568204e-09	
3727	6.701667e-01	2.569370e-09	
3728	6.703667e-01	2.570537e-09	
3729	6.705667e-01	2.571687e-09	
3730	6.707667e-01	2.572844e-09	
3731	6.709667e-01	2.573979e-09	
3732	6.711667e-01	2.575113e-09	
3733	6.713667e-01	2.576206e-09	
3734	6.715667e-01	2.577270e-09	
3735	6.717667e-01	2.578255e-09	
3736	6.719667e-01	2.579128e-09	
3737	6.721667e-01	2.579755e-09	
3738	6.723667e-01	2.579926e-09	
3739	6.725667e-01	2.579110e-09	
3740	6.727667e-01	2.576227e-09	
3741	6.729667e-01	2.569013e-09	
3742	6.731667e-01	2.552888e-09	
3743	6.733667e-01	2.520529e-09	
3744	6.735667e-01	2.474782e-09	
3745	6.737667e-01	2.418245e-09	
3746	6.737917e-01	2.415240e-09	
3747	6.738417e-01	2.406407e-09	
3748	6.739417e-01	2.372147e-09	
3749	6.741417e-01	2.291621e-09	
3750	6.743417e-01	2.226237e-09	
3751	6.745417e-01	2.184337e-09	
3752	6.747417e-01	2.159177e-09	
3753	6.749417e-01	2.143816e-09	
3754	6.751417e-01	2.134226e-09	
3755	6.753417e-01	2.127904e-09	
3756	6.755417e-01	2.123549e-09	
3757	6.757417e-01	2.120420e-09	
3758	6.759417e-01	2.118162e-09	
3759	6.761417e-01	2.116560e-09	
3760	6.763417e-01	2.115443e-09	
3761	6.765417e-01	2.114716e-09	
3762	6.767417e-01	2.114289e-09	
3763	6.769417e-01	2.114102e-09	
3764	6.771417e-01	2.114102e-09	
3765	6.773417e-01	2.114268e-09	
3766	6.775417e-01	2.114563e-09	

Index   time            -i(vdd)         
--------------------------------------------------------------------------------
3767	6.777417e-01	2.114973e-09	
3768	6.777778e-01	2.115058e-09	
3769	6.777978e-01	2.115086e-09	
3770	6.778378e-01	2.115068e-09	
3771	6.779178e-01	2.114956e-09	
3772	6.780778e-01	2.114602e-09	
3773	6.782778e-01	2.114089e-09	
3774	6.784778e-01	2.113569e-09	
3775	6.786778e-01	2.113095e-09	
3776	6.788778e-01	2.112662e-09	
3777	6.790778e-01	2.112285e-09	
3778	6.792778e-01	2.111938e-09	
3779	6.794778e-01	2.111629e-09	
3780	6.796778e-01	2.111342e-09	
3781	6.798778e-01	2.111089e-09	
3782	6.800778e-01	2.110855e-09	
3783	6.802778e-01	2.110657e-09	
3784	6.804778e-01	2.110461e-09	
3785	6.806778e-01	2.110297e-09	
3786	6.808778e-01	2.110135e-09	
3787	6.810778e-01	2.110005e-09	
3788	6.812778e-01	2.109876e-09	
3789	6.814778e-01	2.109770e-09	
3790	6.816778e-01	2.109663e-09	
3791	6.818778e-01	2.109586e-09	
3792	6.820778e-01	2.109503e-09	
3793	6.822778e-01	2.109440e-09	
3794	6.824778e-01	2.109377e-09	
3795	6.826778e-01	2.109335e-09	
3796	6.828778e-01	2.109287e-09	
3797	6.830778e-01	2.109251e-09	
3798	6.832778e-01	2.109222e-09	
3799	6.834778e-01	2.109209e-09	
3800	6.836778e-01	2.109194e-09	
3801	6.838778e-01	2.109187e-09	
3802	6.840778e-01	2.109183e-09	
3803	6.842778e-01	2.109191e-09	
3804	6.844778e-01	2.109196e-09	
3805	6.846778e-01	2.109217e-09	
3806	6.848778e-01	2.109226e-09	
3807	6.850778e-01	2.109257e-09	
3808	6.852778e-01	2.109284e-09	
3809	6.854778e-01	2.109316e-09	
3810	6.856778e-01	2.109348e-09	
3811	6.858778e-01	2.109400e-09	
3812	6.860778e-01	2.109435e-09	
3813	6.862778e-01	2.109484e-09	
3814	6.864778e-01	2.109532e-09	
3815	6.866778e-01	2.109590e-09	
3816	6.868778e-01	2.109644e-09	
3817	6.870778e-01	2.109711e-09	
3818	6.872778e-01	2.109769e-09	
3819	6.874778e-01	2.109838e-09	
3820	6.876778e-01	2.109904e-09	
3821	6.878778e-01	2.109978e-09	
3822	6.880778e-01	2.110050e-09	
3823	6.882778e-01	2.110131e-09	
3824	6.884778e-01	2.110208e-09	

Index   time            -i(vdd)         
--------------------------------------------------------------------------------
3825	6.886778e-01	2.110301e-09	
3826	6.888778e-01	2.110380e-09	
3827	6.888889e-01	2.110387e-09	
3828	6.889089e-01	2.110348e-09	
3829	6.889489e-01	2.110129e-09	
3830	6.890289e-01	2.109585e-09	
3831	6.891889e-01	2.108298e-09	
3832	6.893889e-01	2.106672e-09	
3833	6.895889e-01	2.105042e-09	
3834	6.897889e-01	2.103445e-09	
3835	6.899889e-01	2.101848e-09	
3836	6.901889e-01	2.100267e-09	
3837	6.903889e-01	2.098699e-09	
3838	6.905889e-01	2.097149e-09	
3839	6.907889e-01	2.095622e-09	
3840	6.909889e-01	2.094137e-09	
3841	6.911889e-01	2.092698e-09	
3842	6.913889e-01	2.091335e-09	
3843	6.915889e-01	2.090087e-09	
3844	6.917889e-01	2.089026e-09	
3845	6.919889e-01	2.088266e-09	
3846	6.921889e-01	2.088048e-09	
3847	6.923889e-01	2.088811e-09	
3848	6.925889e-01	2.091567e-09	
3849	6.927889e-01	2.098322e-09	
3850	6.929889e-01	2.112252e-09	
3851	6.931889e-01	2.137199e-09	
3852	6.933889e-01	2.178958e-09	
3853	6.935889e-01	2.245088e-09	
3854	6.937889e-01	2.342007e-09	
3855	6.939889e-01	2.473231e-09	
3856	6.941889e-01	2.622392e-09	
3857	6.943889e-01	2.692928e-09	
3858	6.945889e-01	2.674476e-09	
3859	6.947889e-01	2.639123e-09	
3860	6.949889e-01	2.603346e-09	
3861	6.951889e-01	2.588055e-09	
3862	6.953889e-01	2.576842e-09	
3863	6.955889e-01	2.569695e-09	
3864	6.957889e-01	2.565035e-09	
3865	6.959889e-01	2.561711e-09	
3866	6.961889e-01	2.559096e-09	
3867	6.963889e-01	2.556887e-09	
3868	6.965889e-01	2.554879e-09	
3869	6.967889e-01	2.552990e-09	
3870	6.969889e-01	2.551156e-09	
3871	6.971889e-01	2.549371e-09	
3872	6.973889e-01	2.547608e-09	
3873	6.975889e-01	2.545862e-09	
3874	6.977889e-01	2.544116e-09	
3875	6.979889e-01	2.542381e-09	
3876	6.981889e-01	2.540644e-09	
3877	6.983889e-01	2.538889e-09	
3878	6.985889e-01	2.537109e-09	
3879	6.987889e-01	2.535312e-09	
3880	6.989889e-01	2.533513e-09	
3881	6.991889e-01	2.531768e-09	
3882	6.993889e-01	2.530046e-09	

Index   time            -i(vdd)         
--------------------------------------------------------------------------------
3883	6.995889e-01	2.528362e-09	
3884	6.997889e-01	2.526669e-09	
3885	6.999889e-01	2.524981e-09	
3886	7.000000e-01	2.524892e-09	
3887	7.000200e-01	2.524789e-09	
3888	7.000600e-01	2.524613e-09	
3889	7.001400e-01	2.524452e-09	
3890	7.003000e-01	2.524413e-09	
3891	7.005000e-01	2.524542e-09	
3892	7.007000e-01	2.524676e-09	
3893	7.009000e-01	2.524836e-09	
3894	7.011000e-01	2.524979e-09	
3895	7.013000e-01	2.525124e-09	
3896	7.015000e-01	2.525260e-09	
3897	7.017000e-01	2.525397e-09	
3898	7.019000e-01	2.525519e-09	
3899	7.021000e-01	2.525657e-09	
3900	7.023000e-01	2.525784e-09	
3901	7.025000e-01	2.525919e-09	
3902	7.027000e-01	2.526053e-09	
3903	7.029000e-01	2.526195e-09	
3904	7.031000e-01	2.526336e-09	
3905	7.033000e-01	2.526489e-09	
3906	7.035000e-01	2.526628e-09	
3907	7.037000e-01	2.526787e-09	
3908	7.039000e-01	2.526944e-09	
3909	7.041000e-01	2.527106e-09	
3910	7.043000e-01	2.527261e-09	
3911	7.045000e-01	2.527428e-09	
3912	7.047000e-01	2.527591e-09	
3913	7.049000e-01	2.527771e-09	
3914	7.051000e-01	2.527942e-09	
3915	7.053000e-01	2.528118e-09	
3916	7.055000e-01	2.528294e-09	
3917	7.057000e-01	2.528480e-09	
3918	7.059000e-01	2.528658e-09	
3919	7.061000e-01	2.528846e-09	
3920	7.063000e-01	2.529026e-09	
3921	7.065000e-01	2.529223e-09	
3922	7.067000e-01	2.529410e-09	
3923	7.069000e-01	2.529609e-09	
3924	7.071000e-01	2.529796e-09	
3925	7.073000e-01	2.529999e-09	
3926	7.075000e-01	2.530194e-09	
3927	7.077000e-01	2.530403e-09	
3928	7.079000e-01	2.530593e-09	
3929	7.081000e-01	2.530807e-09	
3930	7.083000e-01	2.531012e-09	
3931	7.085000e-01	2.531228e-09	
3932	7.087000e-01	2.531432e-09	
3933	7.089000e-01	2.531654e-09	
3934	7.091000e-01	2.531865e-09	
3935	7.093000e-01	2.532089e-09	
3936	7.095000e-01	2.532302e-09	
3937	7.097000e-01	2.532529e-09	
3938	7.099000e-01	2.532750e-09	
3939	7.101000e-01	2.532976e-09	
3940	7.103000e-01	2.533197e-09	

Index   time            -i(vdd)         
--------------------------------------------------------------------------------
3941	7.105000e-01	2.533435e-09	
3942	7.107000e-01	2.533656e-09	
3943	7.109000e-01	2.533894e-09	
3944	7.111000e-01	2.534118e-09	
3945	7.111111e-01	2.534137e-09	
3946	7.111311e-01	2.534207e-09	
3947	7.111711e-01	2.534295e-09	
3948	7.112511e-01	2.534572e-09	
3949	7.114111e-01	2.535192e-09	
3950	7.116111e-01	2.535965e-09	
3951	7.118111e-01	2.536646e-09	
3952	7.120111e-01	2.537335e-09	
3953	7.122111e-01	2.538004e-09	
3954	7.124111e-01	2.538680e-09	
3955	7.126111e-01	2.539345e-09	
3956	7.128111e-01	2.540028e-09	
3957	7.130111e-01	2.540689e-09	
3958	7.132111e-01	2.541361e-09	
3959	7.134111e-01	2.542013e-09	
3960	7.136111e-01	2.542667e-09	
3961	7.138111e-01	2.543296e-09	
3962	7.140111e-01	2.543919e-09	
3963	7.142111e-01	2.544497e-09	
3964	7.144111e-01	2.545038e-09	
3965	7.146111e-01	2.545490e-09	
3966	7.148111e-01	2.545794e-09	
3967	7.150111e-01	2.545805e-09	
3968	7.152111e-01	2.545246e-09	
3969	7.154111e-01	2.543467e-09	
3970	7.156111e-01	2.539199e-09	
3971	7.158111e-01	2.529884e-09	
3972	7.160111e-01	2.510337e-09	
3973	7.162111e-01	2.473644e-09	
3974	7.164111e-01	2.428639e-09	
3975	7.166111e-01	2.370850e-09	
3976	7.166361e-01	2.367214e-09	
3977	7.166861e-01	2.356720e-09	
3978	7.167861e-01	2.319420e-09	
3979	7.169861e-01	2.239015e-09	
3980	7.171861e-01	2.177763e-09	
3981	7.173861e-01	2.139087e-09	
3982	7.175861e-01	2.115609e-09	
3983	7.177861e-01	2.100960e-09	
3984	7.179861e-01	2.091531e-09	
3985	7.181861e-01	2.085112e-09	
3986	7.183861e-01	2.080505e-09	
3987	7.185861e-01	2.077048e-09	
3988	7.187861e-01	2.074404e-09	
3989	7.189861e-01	2.072381e-09	
3990	7.191861e-01	2.070823e-09	
3991	7.193861e-01	2.069634e-09	
3992	7.195861e-01	2.068733e-09	
3993	7.197861e-01	2.068064e-09	
3994	7.199861e-01	2.067572e-09	
3995	7.201861e-01	2.067245e-09	
3996	7.203861e-01	2.067034e-09	
3997	7.205861e-01	2.066947e-09	
3998	7.207861e-01	2.066940e-09	

Index   time            -i(vdd)         
--------------------------------------------------------------------------------
3999	7.209861e-01	2.067026e-09	
4000	7.211861e-01	2.067173e-09	
4001	7.213861e-01	2.067385e-09	
4002	7.215861e-01	2.067651e-09	
4003	7.217861e-01	2.067976e-09	
4004	7.219861e-01	2.068337e-09	
4005	7.221861e-01	2.068743e-09	
4006	7.222222e-01	2.068810e-09	
4007	7.222422e-01	2.068789e-09	
4008	7.222822e-01	2.068597e-09	
4009	7.223622e-01	2.068033e-09	
4010	7.225222e-01	2.066625e-09	
4011	7.227222e-01	2.064805e-09	
4012	7.229222e-01	2.062991e-09	
4013	7.231222e-01	2.061231e-09	
4014	7.233222e-01	2.059499e-09	
4015	7.235222e-01	2.057802e-09	
4016	7.237222e-01	2.056124e-09	
4017	7.239222e-01	2.054486e-09	
4018	7.241222e-01	2.052876e-09	
4019	7.243222e-01	2.051317e-09	
4020	7.245222e-01	2.049785e-09	
4021	7.247222e-01	2.048317e-09	
4022	7.249222e-01	2.046907e-09	
4023	7.251222e-01	2.045592e-09	
4024	7.253222e-01	2.044382e-09	
4025	7.255222e-01	2.043324e-09	
4026	7.257222e-01	2.042481e-09	
4027	7.259222e-01	2.041965e-09	
4028	7.261222e-01	2.041961e-09	
4029	7.263222e-01	2.042866e-09	
4030	7.265222e-01	2.045394e-09	
4031	7.267222e-01	2.051133e-09	
4032	7.269222e-01	2.062774e-09	
4033	7.271222e-01	2.083721e-09	
4034	7.273222e-01	2.118623e-09	
4035	7.275222e-01	2.174670e-09	
4036	7.277222e-01	2.260279e-09	
4037	7.279222e-01	2.383353e-09	
4038	7.281222e-01	2.535612e-09	
4039	7.283222e-01	2.642185e-09	
4040	7.285222e-01	2.655605e-09	
4041	7.287222e-01	2.635967e-09	
4042	7.289222e-01	2.604381e-09	
4043	7.291222e-01	2.596442e-09	
4044	7.293222e-01	2.594261e-09	
4045	7.295222e-01	2.599310e-09	
4046	7.297222e-01	2.610823e-09	
4047	7.299222e-01	2.628527e-09	
4048	7.301222e-01	2.653560e-09	
4049	7.303222e-01	2.689043e-09	
4050	7.305222e-01	2.743143e-09	
4051	7.307222e-01	2.834815e-09	
4052	7.309222e-01	3.000216e-09	
4053	7.311222e-01	3.245378e-09	
4054	7.313222e-01	3.092482e-09	
4055	7.315222e-01	3.357349e-09	
4056	7.317222e-01	3.604781e-09	

Index   time            -i(vdd)         
--------------------------------------------------------------------------------
4057	7.319222e-01	3.738926e-09	
4058	7.321222e-01	3.808819e-09	
4059	7.323222e-01	3.841292e-09	
4060	7.325222e-01	3.872484e-09	
4061	7.327222e-01	3.896831e-09	
4062	7.329222e-01	3.904922e-09	
4063	7.331222e-01	3.922481e-09	
4064	7.333222e-01	3.937164e-09	
4065	7.333333e-01	3.937889e-09	
4066	7.333533e-01	3.939507e-09	
4067	7.333933e-01	3.942771e-09	
4068	7.334733e-01	3.950030e-09	
4069	7.336333e-01	3.966391e-09	
4070	7.338333e-01	3.989972e-09	
4071	7.340333e-01	4.033303e-09	
4072	7.340583e-01	4.045561e-09	
4073	7.341083e-01	4.108736e-09	
4074	7.341208e-01	4.139729e-09	
4075	7.341458e-01	4.231223e-09	
4076	7.341521e-01	4.261686e-09	
4077	7.341646e-01	4.332704e-09	
4078	7.341896e-01	4.413390e-09	
4079	7.342396e-01	4.327088e-09	
4080	7.343260e-01	4.045067e-09	
4081	7.344132e-01	4.050468e-09	
4082	7.345559e-01	4.036677e-09	
4083	7.347559e-01	4.025104e-09	
4084	7.349559e-01	4.015857e-09	
4085	7.351559e-01	4.005606e-09	
4086	7.353559e-01	3.994632e-09	
4087	7.355559e-01	3.984337e-09	
4088	7.357559e-01	3.975810e-09	
4089	7.359559e-01	3.969492e-09	
4090	7.361559e-01	3.965448e-09	
4091	7.363559e-01	3.963425e-09	
4092	7.365559e-01	3.963044e-09	
4093	7.367559e-01	3.963819e-09	
4094	7.369559e-01	3.965296e-09	
4095	7.371559e-01	3.966976e-09	
4096	7.373559e-01	3.968489e-09	
4097	7.375559e-01	3.969478e-09	
4098	7.377559e-01	3.969723e-09	
4099	7.379559e-01	3.969054e-09	
4100	7.381559e-01	3.967430e-09	
4101	7.383559e-01	3.964822e-09	
4102	7.385559e-01	3.961315e-09	
4103	7.387559e-01	3.956964e-09	
4104	7.389559e-01	3.951883e-09	
4105	7.391559e-01	3.946167e-09	
4106	7.393559e-01	3.939951e-09	
4107	7.395559e-01	3.933325e-09	
4108	7.397559e-01	3.926399e-09	
4109	7.399559e-01	3.919262e-09	
4110	7.401559e-01	3.912005e-09	
4111	7.403559e-01	3.904676e-09	
4112	7.405559e-01	3.897356e-09	
4113	7.407559e-01	3.890036e-09	
4114	7.409559e-01	3.882726e-09	

Index   time            -i(vdd)         
--------------------------------------------------------------------------------
4115	7.411559e-01	3.875352e-09	
4116	7.413559e-01	3.867756e-09	
4117	7.415559e-01	3.859551e-09	
4118	7.417559e-01	3.849962e-09	
4119	7.419559e-01	3.837358e-09	
4120	7.421559e-01	3.818478e-09	
4121	7.423559e-01	3.787842e-09	
4122	7.425559e-01	3.739204e-09	
4123	7.427559e-01	3.686782e-09	
4124	7.427809e-01	3.673733e-09	
4125	7.428309e-01	3.649726e-09	
4126	7.428434e-01	3.646813e-09	
4127	7.428684e-01	3.651179e-09	
4128	7.429184e-01	3.641251e-09	
4129	7.430184e-01	3.600806e-09	
4130	7.432184e-01	3.510164e-09	
4131	7.434184e-01	3.430913e-09	
4132	7.436184e-01	3.373236e-09	
4133	7.438184e-01	3.330696e-09	
4134	7.440184e-01	3.295481e-09	
4135	7.442184e-01	3.262240e-09	
4136	7.444184e-01	3.228079e-09	
4137	7.444444e-01	3.223619e-09	
4138	7.444644e-01	3.220187e-09	
4139	7.445044e-01	3.213244e-09	
4140	7.445844e-01	3.200272e-09	
4141	7.447444e-01	3.206265e-09	
4142	7.447694e-01	3.221091e-09	
4143	7.448194e-01	3.297426e-09	
4144	7.449194e-01	3.946906e-09	
4145	7.451194e-01	4.083705e-09	
4146	7.453194e-01	4.009603e-09	
4147	7.455194e-01	4.150738e-09	
4148	7.455444e-01	4.229137e-09	
4149	7.455506e-01	4.267405e-09	
4150	7.455631e-01	4.399202e-09	
4151	7.455882e-01	4.634290e-09	
4152	7.456260e-01	4.194982e-09	
4153	7.456652e-01	4.209933e-09	
4154	7.457436e-01	4.244783e-09	
4155	7.458780e-01	4.232720e-09	
4156	7.460780e-01	4.245457e-09	
4157	7.462780e-01	4.183250e-09	
4158	7.464780e-01	4.101540e-09	
4159	7.466780e-01	4.030545e-09	
4160	7.468780e-01	3.976602e-09	
4161	7.470780e-01	3.933337e-09	
4162	7.472780e-01	3.900305e-09	
4163	7.474780e-01	3.876736e-09	
4164	7.476780e-01	3.862451e-09	
4165	7.478780e-01	3.858103e-09	
4166	7.480780e-01	3.864484e-09	
4167	7.482780e-01	3.882065e-09	
4168	7.484780e-01	3.910589e-09	
4169	7.486780e-01	3.949241e-09	
4170	7.488780e-01	3.997005e-09	
4171	7.490780e-01	4.030230e-09	
4172	7.492780e-01	3.847545e-09	

Index   time            -i(vdd)         
--------------------------------------------------------------------------------
4173	7.494780e-01	3.890205e-09	
4174	7.496780e-01	3.903009e-09	
4175	7.498780e-01	3.725397e-09	
4176	7.500780e-01	3.564088e-09	
4177	7.502780e-01	3.589397e-09	
4178	7.504780e-01	3.592156e-09	
4179	7.506780e-01	3.598216e-09	
4180	7.508780e-01	3.611970e-09	
4181	7.510780e-01	3.621042e-09	
4182	7.512780e-01	3.624248e-09	
4183	7.514780e-01	3.623665e-09	
4184	7.516780e-01	3.622909e-09	
4185	7.518780e-01	3.629332e-09	
4186	7.520780e-01	3.727825e-09	
4187	7.521030e-01	3.805700e-09	
4188	7.521530e-01	4.021262e-09	
4189	7.522530e-01	3.708564e-09	
4190	7.523754e-01	3.645361e-09	
4191	7.525754e-01	3.660002e-09	
4192	7.527754e-01	3.686267e-09	
4193	7.529754e-01	3.729345e-09	
4194	7.531754e-01	3.781424e-09	
4195	7.533754e-01	3.832121e-09	
4196	7.535754e-01	3.871146e-09	
4197	7.537754e-01	3.894073e-09	
4198	7.539754e-01	3.903326e-09	
4199	7.541754e-01	3.903793e-09	
4200	7.543754e-01	3.899982e-09	
4201	7.545754e-01	3.893688e-09	
4202	7.547754e-01	3.875739e-09	
4203	7.549754e-01	3.866693e-09	
4204	7.551754e-01	3.855917e-09	
4205	7.553754e-01	3.845742e-09	
4206	7.555556e-01	3.837332e-09	
4207	7.555756e-01	3.836511e-09	
4208	7.556156e-01	3.834813e-09	
4209	7.556956e-01	3.831502e-09	
4210	7.558556e-01	3.825186e-09	
4211	7.560556e-01	3.817910e-09	
4212	7.562556e-01	3.811361e-09	
4213	7.564556e-01	3.805558e-09	
4214	7.566556e-01	3.800359e-09	
4215	7.568556e-01	3.795701e-09	
4216	7.570556e-01	3.791460e-09	
4217	7.572556e-01	3.787613e-09	
4218	7.574556e-01	3.784058e-09	
4219	7.576556e-01	3.780803e-09	
4220	7.578556e-01	3.777766e-09	
4221	7.580556e-01	3.774958e-09	
4222	7.582556e-01	3.772322e-09	
4223	7.584556e-01	3.769871e-09	
4224	7.586556e-01	3.767550e-09	
4225	7.588556e-01	3.765387e-09	
4226	7.590556e-01	3.763326e-09	
4227	7.592556e-01	3.761392e-09	
4228	7.594556e-01	3.759551e-09	
4229	7.596556e-01	3.757810e-09	
4230	7.598556e-01	3.756133e-09	

Index   time            -i(vdd)         
--------------------------------------------------------------------------------
4231	7.600556e-01	3.754558e-09	
4232	7.602556e-01	3.753036e-09	
4233	7.604556e-01	3.751584e-09	
4234	7.606556e-01	3.750187e-09	
4235	7.608556e-01	3.748852e-09	
4236	7.610556e-01	3.747547e-09	
4237	7.612556e-01	3.746301e-09	
4238	7.614556e-01	3.745079e-09	
4239	7.616556e-01	3.743913e-09	
4240	7.618556e-01	3.742776e-09	
4241	7.620556e-01	3.741695e-09	
4242	7.622556e-01	3.740645e-09	
4243	7.624556e-01	3.739634e-09	
4244	7.626556e-01	3.738650e-09	
4245	7.628556e-01	3.737708e-09	
4246	7.630556e-01	3.736784e-09	
4247	7.632556e-01	3.735901e-09	
4248	7.634556e-01	3.735023e-09	
4249	7.636556e-01	3.734181e-09	
4250	7.638556e-01	3.733348e-09	
4251	7.640556e-01	3.732542e-09	
4252	7.642556e-01	3.731740e-09	
4253	7.644556e-01	3.730962e-09	
4254	7.646556e-01	3.730194e-09	
4255	7.648556e-01	3.729447e-09	
4256	7.650556e-01	3.728706e-09	
4257	7.652556e-01	3.727984e-09	
4258	7.654556e-01	3.727264e-09	
4259	7.656556e-01	3.726561e-09	
4260	7.658556e-01	3.725863e-09	
4261	7.660556e-01	3.725187e-09	
4262	7.662556e-01	3.724503e-09	
4263	7.664556e-01	3.723844e-09	
4264	7.666556e-01	3.723178e-09	
4265	7.666667e-01	3.723152e-09	
4266	7.666867e-01	3.723112e-09	
4267	7.667267e-01	3.723002e-09	
4268	7.668067e-01	3.722868e-09	
4269	7.669667e-01	3.722680e-09	
4270	7.671667e-01	3.722540e-09	
4271	7.673667e-01	3.722456e-09	
4272	7.675667e-01	3.722431e-09	
4273	7.677667e-01	3.722423e-09	
4274	7.679667e-01	3.722441e-09	
4275	7.681667e-01	3.722462e-09	
4276	7.683667e-01	3.722509e-09	
4277	7.685667e-01	3.722545e-09	
4278	7.687667e-01	3.722598e-09	
4279	7.689667e-01	3.722650e-09	
4280	7.691667e-01	3.722713e-09	
4281	7.693667e-01	3.722775e-09	
4282	7.695667e-01	3.722852e-09	
4283	7.697667e-01	3.722915e-09	
4284	7.699667e-01	3.723003e-09	
4285	7.701667e-01	3.723077e-09	
4286	7.703667e-01	3.723174e-09	
4287	7.705667e-01	3.723259e-09	
4288	7.707667e-01	3.723355e-09	

Index   time            -i(vdd)         
--------------------------------------------------------------------------------
4289	7.709667e-01	3.723444e-09	
4290	7.711667e-01	3.723554e-09	
4291	7.713667e-01	3.723653e-09	
4292	7.715667e-01	3.723767e-09	
4293	7.717667e-01	3.723874e-09	
4294	7.719667e-01	3.723992e-09	
4295	7.721667e-01	3.724108e-09	
4296	7.723667e-01	3.724229e-09	
4297	7.725667e-01	3.724349e-09	
4298	7.727667e-01	3.724481e-09	
4299	7.729667e-01	3.724608e-09	
4300	7.731667e-01	3.724740e-09	
4301	7.733667e-01	3.724867e-09	
4302	7.735667e-01	3.725007e-09	
4303	7.737667e-01	3.725136e-09	
4304	7.739667e-01	3.725281e-09	
4305	7.741667e-01	3.725415e-09	
4306	7.743667e-01	3.725564e-09	
4307	7.745667e-01	3.725693e-09	
4308	7.747667e-01	3.725842e-09	
4309	7.749667e-01	3.725978e-09	
4310	7.751667e-01	3.726124e-09	
4311	7.753667e-01	3.726258e-09	
4312	7.755667e-01	3.726398e-09	
4313	7.757667e-01	3.726535e-09	
4314	7.759667e-01	3.726665e-09	
4315	7.761667e-01	3.726790e-09	
4316	7.763667e-01	3.726922e-09	
4317	7.765667e-01	3.727030e-09	
4318	7.767667e-01	3.727149e-09	
4319	7.769667e-01	3.727245e-09	
4320	7.771667e-01	3.727342e-09	
4321	7.773667e-01	3.727417e-09	
4322	7.775667e-01	3.727484e-09	
4323	7.777667e-01	3.727533e-09	
4324	7.777778e-01	3.727537e-09	
4325	7.777978e-01	3.727592e-09	
4326	7.778378e-01	3.727670e-09	
4327	7.779178e-01	3.727949e-09	
4328	7.780778e-01	3.728522e-09	
4329	7.782778e-01	3.729036e-09	
4330	7.784778e-01	3.729113e-09	
4331	7.786778e-01	3.728586e-09	
4332	7.788778e-01	3.727111e-09	
4333	7.790778e-01	3.724128e-09	
4334	7.792778e-01	3.718627e-09	
4335	7.794778e-01	3.708611e-09	
4336	7.796778e-01	3.691592e-09	
4337	7.798778e-01	3.666265e-09	
4338	7.800778e-01	3.637947e-09	
4339	7.801028e-01	3.634095e-09	
4340	7.801528e-01	3.620636e-09	
4341	7.801653e-01	3.615513e-09	
4342	7.801903e-01	3.606615e-09	
4343	7.802403e-01	3.598320e-09	
4344	7.802528e-01	3.600891e-09	
4345	7.802778e-01	3.600222e-09	
4346	7.803278e-01	3.588605e-09	

Index   time            -i(vdd)         
--------------------------------------------------------------------------------
4347	7.804278e-01	3.558506e-09	
4348	7.806278e-01	3.486108e-09	
4349	7.808278e-01	3.416674e-09	
4350	7.810278e-01	3.364980e-09	
4351	7.812278e-01	3.330863e-09	
4352	7.814278e-01	3.309202e-09	
4353	7.816278e-01	3.295342e-09	
4354	7.818278e-01	3.286275e-09	
4355	7.820278e-01	3.280252e-09	
4356	7.822278e-01	3.276109e-09	
4357	7.824278e-01	3.273136e-09	
4358	7.826278e-01	3.270980e-09	
4359	7.828278e-01	3.269404e-09	
4360	7.830278e-01	3.268283e-09	
4361	7.832278e-01	3.267527e-09	
4362	7.834278e-01	3.267064e-09	
4363	7.836278e-01	3.266832e-09	
4364	7.838278e-01	3.266786e-09	
4365	7.840278e-01	3.266898e-09	
4366	7.842278e-01	3.267135e-09	
4367	7.844278e-01	3.267483e-09	
4368	7.846278e-01	3.267923e-09	
4369	7.848278e-01	3.268446e-09	
4370	7.850278e-01	3.269032e-09	
4371	7.852278e-01	3.269682e-09	
4372	7.854278e-01	3.270373e-09	
4373	7.856278e-01	3.271126e-09	
4374	7.858278e-01	3.271904e-09	
4375	7.860278e-01	3.272719e-09	
4376	7.862278e-01	3.273559e-09	
4377	7.864278e-01	3.274427e-09	
4378	7.866278e-01	3.275305e-09	
4379	7.868278e-01	3.276196e-09	
4380	7.870278e-01	3.277085e-09	
4381	7.872278e-01	3.277979e-09	
4382	7.874278e-01	3.278846e-09	
4383	7.876278e-01	3.279697e-09	
4384	7.878278e-01	3.280502e-09	
4385	7.880278e-01	3.281246e-09	
4386	7.882278e-01	3.281900e-09	
4387	7.884278e-01	3.282447e-09	
4388	7.886278e-01	3.282817e-09	
4389	7.888278e-01	3.282982e-09	
4390	7.888889e-01	3.282976e-09	
4391	7.889089e-01	3.282864e-09	
4392	7.889489e-01	3.282476e-09	
4393	7.890289e-01	3.281416e-09	
4394	7.891889e-01	3.278641e-09	
4395	7.893889e-01	3.274606e-09	
4396	7.895889e-01	3.270122e-09	
4397	7.897889e-01	3.265270e-09	
4398	7.899889e-01	3.260065e-09	
4399	7.901889e-01	3.254572e-09	
4400	7.903889e-01	3.248858e-09	
4401	7.905889e-01	3.243031e-09	
4402	7.907889e-01	3.237185e-09	
4403	7.909889e-01	3.231473e-09	
4404	7.911889e-01	3.226045e-09	

Index   time            -i(vdd)         
--------------------------------------------------------------------------------
4405	7.913889e-01	3.221079e-09	
4406	7.915889e-01	3.216730e-09	
4407	7.917889e-01	3.213174e-09	
4408	7.919889e-01	3.210528e-09	
4409	7.921889e-01	3.208920e-09	
4410	7.923889e-01	3.208395e-09	
4411	7.925889e-01	3.208964e-09	
4412	7.927889e-01	3.210569e-09	
4413	7.929889e-01	3.213151e-09	
4414	7.931889e-01	3.216537e-09	
4415	7.933889e-01	3.220618e-09	
4416	7.935889e-01	3.225241e-09	
4417	7.937889e-01	3.230364e-09	
4418	7.939889e-01	3.236071e-09	
4419	7.941889e-01	3.242891e-09	
4420	7.943889e-01	3.252305e-09	
4421	7.945889e-01	3.267840e-09	
4422	7.947889e-01	3.294269e-09	
4423	7.949889e-01	3.337592e-09	
4424	7.951889e-01	3.407006e-09	
4425	7.953889e-01	3.511238e-09	
4426	7.955889e-01	3.653030e-09	
4427	7.957889e-01	3.809933e-09	
4428	7.959889e-01	3.880482e-09	
4429	7.961889e-01	3.858765e-09	
4430	7.963889e-01	3.804679e-09	
4431	7.965889e-01	3.778149e-09	
4432	7.967889e-01	3.758567e-09	
4433	7.969889e-01	3.746306e-09	
4434	7.971889e-01	3.738470e-09	
4435	7.973889e-01	3.733056e-09	
4436	7.975889e-01	3.728819e-09	
4437	7.977889e-01	3.725183e-09	
4438	7.979889e-01	3.721820e-09	
4439	7.981889e-01	3.718648e-09	
4440	7.983889e-01	3.715573e-09	
4441	7.985889e-01	3.712605e-09	
4442	7.987889e-01	3.709717e-09	
4443	7.989889e-01	3.706910e-09	
4444	7.991889e-01	3.704166e-09	
4445	7.993889e-01	3.701492e-09	
4446	7.995889e-01	3.698845e-09	
4447	7.997889e-01	3.696215e-09	
4448	7.999889e-01	3.693610e-09	
4449	8.000000e-01	3.693448e-09	
4450	8.000200e-01	3.693307e-09	
4451	8.000600e-01	3.693078e-09	
4452	8.001400e-01	3.692951e-09	
4453	8.003000e-01	3.693381e-09	
4454	8.005000e-01	3.694446e-09	
4455	8.007000e-01	3.695648e-09	
4456	8.009000e-01	3.696926e-09	
4457	8.011000e-01	3.698239e-09	
4458	8.013000e-01	3.699603e-09	
4459	8.015000e-01	3.701003e-09	
4460	8.017000e-01	3.702449e-09	
4461	8.019000e-01	3.703925e-09	
4462	8.021000e-01	3.705444e-09	

Index   time            -i(vdd)         
--------------------------------------------------------------------------------
4463	8.023000e-01	3.706980e-09	
4464	8.025000e-01	3.708565e-09	
4465	8.027000e-01	3.710165e-09	
4466	8.029000e-01	3.711791e-09	
4467	8.031000e-01	3.713435e-09	
4468	8.033000e-01	3.715115e-09	
4469	8.035000e-01	3.716796e-09	
4470	8.037000e-01	3.718504e-09	
4471	8.039000e-01	3.720216e-09	
4472	8.041000e-01	3.721954e-09	
4473	8.043000e-01	3.723695e-09	
4474	8.045000e-01	3.725444e-09	
4475	8.047000e-01	3.727193e-09	
4476	8.049000e-01	3.728943e-09	
4477	8.051000e-01	3.730674e-09	
4478	8.053000e-01	3.732388e-09	
4479	8.055000e-01	3.734013e-09	
4480	8.057000e-01	3.735520e-09	
4481	8.059000e-01	3.736686e-09	
4482	8.061000e-01	3.737045e-09	
4483	8.063000e-01	3.735038e-09	
4484	8.065000e-01	3.725428e-09	
4485	8.067000e-01	3.696186e-09	
4486	8.069000e-01	3.625673e-09	
4487	8.071000e-01	3.555267e-09	
4488	8.071250e-01	3.537389e-09	
4489	8.071750e-01	3.511310e-09	
4490	8.071875e-01	3.510867e-09	
4491	8.072125e-01	3.510486e-09	
4492	8.072625e-01	3.491952e-09	
4493	8.073625e-01	3.446121e-09	
4494	8.075625e-01	3.374764e-09	
4495	8.077625e-01	3.333780e-09	
4496	8.079625e-01	3.311588e-09	
4497	8.081625e-01	3.299222e-09	
4498	8.083625e-01	3.291611e-09	
4499	8.085625e-01	3.286568e-09	
4500	8.087625e-01	3.283277e-09	
4501	8.089625e-01	3.281163e-09	
4502	8.091625e-01	3.279914e-09	
4503	8.093625e-01	3.279260e-09	
4504	8.095625e-01	3.279065e-09	
4505	8.097625e-01	3.279214e-09	
4506	8.099625e-01	3.279644e-09	
4507	8.101625e-01	3.280295e-09	
4508	8.103625e-01	3.281142e-09	
4509	8.105625e-01	3.282129e-09	
4510	8.107625e-01	3.283260e-09	
4511	8.109625e-01	3.284493e-09	
4512	8.111111e-01	3.285478e-09	
4513	8.111311e-01	3.285593e-09	
4514	8.111711e-01	3.285710e-09	
4515	8.112511e-01	3.285868e-09	
4516	8.114111e-01	3.286013e-09	
4517	8.116111e-01	3.286157e-09	
4518	8.118111e-01	3.286289e-09	
4519	8.120111e-01	3.286461e-09	
4520	8.122111e-01	3.286671e-09	

Index   time            -i(vdd)         
--------------------------------------------------------------------------------
4521	8.124111e-01	3.286920e-09	
4522	8.126111e-01	3.287191e-09	
4523	8.128111e-01	3.287498e-09	
4524	8.130111e-01	3.287815e-09	
4525	8.132111e-01	3.288178e-09	
4526	8.134111e-01	3.288549e-09	
4527	8.136111e-01	3.288947e-09	
4528	8.138111e-01	3.289354e-09	
4529	8.140111e-01	3.289791e-09	
4530	8.142111e-01	3.290225e-09	
4531	8.144111e-01	3.290689e-09	
4532	8.146111e-01	3.291153e-09	
4533	8.148111e-01	3.291647e-09	
4534	8.150111e-01	3.292136e-09	
4535	8.152111e-01	3.292650e-09	
4536	8.154111e-01	3.293158e-09	
4537	8.156111e-01	3.293687e-09	
4538	8.158111e-01	3.294215e-09	
4539	8.160111e-01	3.294761e-09	
4540	8.162111e-01	3.295303e-09	
4541	8.164111e-01	3.295864e-09	
4542	8.166111e-01	3.296420e-09	
4543	8.168111e-01	3.296993e-09	
4544	8.170111e-01	3.297563e-09	
4545	8.172111e-01	3.298151e-09	
4546	8.174111e-01	3.298734e-09	
4547	8.176111e-01	3.299326e-09	
4548	8.178111e-01	3.299924e-09	
4549	8.180111e-01	3.300530e-09	
4550	8.182111e-01	3.301131e-09	
4551	8.184111e-01	3.301748e-09	
4552	8.186111e-01	3.302354e-09	
4553	8.188111e-01	3.302974e-09	
4554	8.190111e-01	3.303592e-09	
4555	8.192111e-01	3.304229e-09	
4556	8.194111e-01	3.304850e-09	
4557	8.196111e-01	3.305491e-09	
4558	8.198111e-01	3.306121e-09	
4559	8.200111e-01	3.306765e-09	
4560	8.202111e-01	3.307410e-09	
4561	8.204111e-01	3.308056e-09	
4562	8.206111e-01	3.308700e-09	
4563	8.208111e-01	3.309356e-09	
4564	8.210111e-01	3.310009e-09	
4565	8.212111e-01	3.310668e-09	
4566	8.214111e-01	3.311326e-09	
4567	8.216111e-01	3.311990e-09	
4568	8.218111e-01	3.312650e-09	
4569	8.220111e-01	3.313324e-09	
4570	8.222111e-01	3.313990e-09	
4571	8.222222e-01	3.314034e-09	
4572	8.222422e-01	3.314023e-09	
4573	8.222822e-01	3.313851e-09	
4574	8.223622e-01	3.313318e-09	
4575	8.225222e-01	3.311939e-09	
4576	8.227222e-01	3.310153e-09	
4577	8.229222e-01	3.308339e-09	
4578	8.231222e-01	3.306557e-09	

Index   time            -i(vdd)         
--------------------------------------------------------------------------------
4579	8.233222e-01	3.304765e-09	
4580	8.235222e-01	3.302987e-09	
4581	8.237222e-01	3.301197e-09	
4582	8.239222e-01	3.299420e-09	
4583	8.241222e-01	3.297628e-09	
4584	8.243222e-01	3.295865e-09	
4585	8.245222e-01	3.294084e-09	
4586	8.247222e-01	3.292317e-09	
4587	8.249222e-01	3.290558e-09	
4588	8.251222e-01	3.288805e-09	
4589	8.253222e-01	3.287061e-09	
4590	8.255222e-01	3.285333e-09	
4591	8.257222e-01	3.283624e-09	
4592	8.259222e-01	3.281943e-09	
4593	8.261222e-01	3.280290e-09	
4594	8.263222e-01	3.278701e-09	
4595	8.265222e-01	3.277177e-09	
4596	8.267222e-01	3.275790e-09	
4597	8.269222e-01	3.274601e-09	
4598	8.271222e-01	3.273788e-09	
4599	8.273222e-01	3.273631e-09	
4600	8.275222e-01	3.274852e-09	
4601	8.277222e-01	3.279109e-09	
4602	8.279222e-01	3.290287e-09	
4603	8.281222e-01	3.313762e-09	
4604	8.283222e-01	3.356048e-09	
4605	8.285222e-01	3.426849e-09	
4606	8.287222e-01	3.533465e-09	
4607	8.289222e-01	3.672551e-09	
4608	8.291222e-01	3.828757e-09	
4609	8.293222e-01	3.899872e-09	
4610	8.295222e-01	3.869673e-09	
4611	8.297222e-01	3.813763e-09	
4612	8.299222e-01	3.786397e-09	
4613	8.301222e-01	3.767829e-09	
4614	8.303222e-01	3.757207e-09	
4615	8.305222e-01	3.751098e-09	
4616	8.307222e-01	3.747278e-09	
4617	8.309222e-01	3.744532e-09	
4618	8.311222e-01	3.742256e-09	
4619	8.313222e-01	3.740180e-09	
4620	8.315222e-01	3.738195e-09	
4621	8.317222e-01	3.736259e-09	
4622	8.319222e-01	3.734344e-09	
4623	8.321222e-01	3.732450e-09	
4624	8.323222e-01	3.730556e-09	
4625	8.325222e-01	3.728672e-09	
4626	8.327222e-01	3.726756e-09	
4627	8.329222e-01	3.724807e-09	
4628	8.331222e-01	3.722820e-09	
4629	8.333222e-01	3.720862e-09	
4630	8.333333e-01	3.720712e-09	
4631	8.333533e-01	3.720642e-09	
4632	8.333933e-01	3.720538e-09	
4633	8.334733e-01	3.720661e-09	
4634	8.336333e-01	3.721429e-09	
4635	8.338333e-01	3.722769e-09	
4636	8.340333e-01	3.724151e-09	

Index   time            -i(vdd)         
--------------------------------------------------------------------------------
4637	8.342333e-01	3.725571e-09	
4638	8.344333e-01	3.726993e-09	
4639	8.346333e-01	3.728427e-09	
4640	8.348333e-01	3.729877e-09	
4641	8.350333e-01	3.731340e-09	
4642	8.352333e-01	3.732803e-09	
4643	8.354333e-01	3.734288e-09	
4644	8.356333e-01	3.735769e-09	
4645	8.358333e-01	3.737278e-09	
4646	8.360333e-01	3.738779e-09	
4647	8.362333e-01	3.740295e-09	
4648	8.364333e-01	3.741809e-09	
4649	8.366333e-01	3.743346e-09	
4650	8.368333e-01	3.744876e-09	
4651	8.370333e-01	3.746418e-09	
4652	8.372333e-01	3.747958e-09	
4653	8.374333e-01	3.749516e-09	
4654	8.376333e-01	3.751061e-09	
4655	8.378333e-01	3.752625e-09	
4656	8.380333e-01	3.754181e-09	
4657	8.382333e-01	3.755743e-09	
4658	8.384333e-01	3.757302e-09	
4659	8.386333e-01	3.758864e-09	
4660	8.388333e-01	3.760416e-09	
4661	8.390333e-01	3.761971e-09	
4662	8.392333e-01	3.763505e-09	
4663	8.394333e-01	3.765025e-09	
4664	8.396333e-01	3.766509e-09	
4665	8.398333e-01	3.767942e-09	
4666	8.400333e-01	3.769259e-09	
4667	8.402333e-01	3.770379e-09	
4668	8.404333e-01	3.771049e-09	
4669	8.406333e-01	3.770709e-09	
4670	8.408333e-01	3.767927e-09	
4671	8.410333e-01	3.759002e-09	
4672	8.412333e-01	3.737085e-09	
4673	8.414333e-01	3.689047e-09	
4674	8.416333e-01	3.631435e-09	
4675	8.418333e-01	3.565305e-09	
4676	8.418583e-01	3.556055e-09	
4677	8.419083e-01	3.541199e-09	
4678	8.420083e-01	3.498645e-09	
4679	8.422083e-01	3.424026e-09	
4680	8.424083e-01	3.377573e-09	
4681	8.426083e-01	3.350880e-09	
4682	8.428083e-01	3.334972e-09	
4683	8.430083e-01	3.324577e-09	
4684	8.432083e-01	3.316563e-09	
4685	8.434083e-01	3.308886e-09	
4686	8.436083e-01	3.299781e-09	
4687	8.438083e-01	3.286771e-09	
4688	8.440083e-01	3.265759e-09	
4689	8.442083e-01	3.228397e-09	
4690	8.444083e-01	3.161147e-09	
4691	8.444444e-01	3.145852e-09	
4692	8.444644e-01	3.137371e-09	
4693	8.445044e-01	3.121688e-09	
4694	8.445844e-01	3.132717e-09	

Index   time            -i(vdd)         
--------------------------------------------------------------------------------
4695	8.446044e-01	3.174050e-09	
4696	8.446444e-01	3.462879e-09	
4697	8.447244e-01	3.946395e-09	
4698	8.447386e-01	3.886275e-09	
4699	8.447670e-01	3.817300e-09	
4700	8.448239e-01	3.711090e-09	
4701	8.449376e-01	3.584986e-09	
4702	8.449557e-01	3.593544e-09	
4703	8.449917e-01	3.625919e-09	
4704	8.450007e-01	3.632286e-09	
4705	8.450187e-01	3.641827e-09	
4706	8.450547e-01	3.630748e-09	
4707	8.451268e-01	3.567160e-09	
4708	8.452709e-01	3.456695e-09	
4709	8.454709e-01	3.391122e-09	
4710	8.454959e-01	3.401114e-09	
4711	8.455459e-01	3.773096e-09	
4712	8.456178e-01	3.348875e-09	
4713	8.456274e-01	3.353320e-09	
4714	8.456464e-01	3.352068e-09	
4715	8.456846e-01	3.344516e-09	
4716	8.457609e-01	3.282814e-09	
4717	8.459135e-01	3.269398e-09	
4718	8.460906e-01	3.204344e-09	
4719	8.462906e-01	3.099421e-09	
4720	8.464906e-01	3.000781e-09	
4721	8.466906e-01	2.919964e-09	
4722	8.468906e-01	2.855385e-09	
4723	8.470906e-01	2.801187e-09	
4724	8.472906e-01	2.754051e-09	
4725	8.474906e-01	2.710298e-09	
4726	8.476906e-01	2.667904e-09	
4727	8.478906e-01	2.626063e-09	
4728	8.480906e-01	2.584832e-09	
4729	8.482906e-01	2.544931e-09	
4730	8.484906e-01	2.507196e-09	
4731	8.486906e-01	2.472324e-09	
4732	8.488906e-01	2.440697e-09	
4733	8.490906e-01	2.412408e-09	
4734	8.492906e-01	2.387307e-09	
4735	8.494906e-01	2.365151e-09	
4736	8.496906e-01	2.345608e-09	
4737	8.498906e-01	2.328390e-09	
4738	8.500906e-01	2.313179e-09	
4739	8.502906e-01	2.299702e-09	
4740	8.504906e-01	2.287740e-09	
4741	8.506906e-01	2.277082e-09	
4742	8.508906e-01	2.267545e-09	
4743	8.510906e-01	2.258990e-09	
4744	8.512906e-01	2.251302e-09	
4745	8.514906e-01	2.244355e-09	
4746	8.516906e-01	2.238057e-09	
4747	8.518906e-01	2.232350e-09	
4748	8.520906e-01	2.227141e-09	
4749	8.522906e-01	2.222394e-09	
4750	8.524906e-01	2.218046e-09	
4751	8.526906e-01	2.214064e-09	
4752	8.528906e-01	2.210400e-09	

Index   time            -i(vdd)         
--------------------------------------------------------------------------------
4753	8.530906e-01	2.207038e-09	
4754	8.532906e-01	2.203929e-09	
4755	8.534906e-01	2.201074e-09	
4756	8.536906e-01	2.198431e-09	
4757	8.538906e-01	2.195996e-09	
4758	8.540906e-01	2.193738e-09	
4759	8.542906e-01	2.191656e-09	
4760	8.544906e-01	2.189731e-09	
4761	8.546906e-01	2.187953e-09	
4762	8.548906e-01	2.186305e-09	
4763	8.550906e-01	2.184792e-09	
4764	8.552906e-01	2.183384e-09	
4765	8.554906e-01	2.182107e-09	
4766	8.555556e-01	2.181714e-09	
4767	8.555756e-01	2.181508e-09	
4768	8.556156e-01	2.180954e-09	
4769	8.556956e-01	2.179666e-09	
4770	8.558556e-01	2.176847e-09	
4771	8.560556e-01	2.173331e-09	
4772	8.562556e-01	2.169905e-09	
4773	8.564556e-01	2.166589e-09	
4774	8.566556e-01	2.163341e-09	
4775	8.568556e-01	2.160181e-09	
4776	8.570556e-01	2.157090e-09	
4777	8.572556e-01	2.154077e-09	
4778	8.574556e-01	2.151133e-09	
4779	8.576556e-01	2.148274e-09	
4780	8.578556e-01	2.145489e-09	
4781	8.580556e-01	2.142786e-09	
4782	8.582556e-01	2.140158e-09	
4783	8.584556e-01	2.137635e-09	
4784	8.586556e-01	2.135209e-09	
4785	8.588556e-01	2.132894e-09	
4786	8.590556e-01	2.130696e-09	
4787	8.592556e-01	2.128659e-09	
4788	8.594556e-01	2.126785e-09	
4789	8.596556e-01	2.125118e-09	
4790	8.598556e-01	2.123684e-09	
4791	8.600556e-01	2.122559e-09	
4792	8.602556e-01	2.121756e-09	
4793	8.604556e-01	2.121401e-09	
4794	8.606556e-01	2.121556e-09	
4795	8.608556e-01	2.122382e-09	
4796	8.610556e-01	2.124035e-09	
4797	8.612556e-01	2.126839e-09	
4798	8.614556e-01	2.131234e-09	
4799	8.616556e-01	2.138083e-09	
4800	8.618556e-01	2.148982e-09	
4801	8.620556e-01	2.166860e-09	
4802	8.622556e-01	2.195504e-09	
4803	8.624556e-01	2.239871e-09	
4804	8.626556e-01	2.307512e-09	
4805	8.628556e-01	2.407422e-09	
4806	8.630556e-01	2.546925e-09	
4807	8.632556e-01	2.733048e-09	
4808	8.634556e-01	2.935397e-09	
4809	8.636556e-01	3.066774e-09	
4810	8.638556e-01	3.172594e-09	

Index   time            -i(vdd)         
--------------------------------------------------------------------------------
4811	8.640556e-01	3.318858e-09	
4812	8.642556e-01	3.276892e-09	
4813	8.644556e-01	3.189877e-09	
4814	8.646556e-01	3.341208e-09	
4815	8.648556e-01	3.500496e-09	
4816	8.650556e-01	3.609731e-09	
4817	8.652556e-01	3.722839e-09	
4818	8.654556e-01	3.823809e-09	
4819	8.656556e-01	3.912614e-09	
4820	8.658556e-01	3.971763e-09	
4821	8.660556e-01	4.029085e-09	
4822	8.662556e-01	4.071230e-09	
4823	8.664556e-01	4.100925e-09	
4824	8.666556e-01	4.120244e-09	
4825	8.666667e-01	4.120714e-09	
4826	8.666867e-01	4.122230e-09	
4827	8.667267e-01	4.125513e-09	
4828	8.668067e-01	4.132685e-09	
4829	8.669667e-01	4.156212e-09	
4830	8.669917e-01	4.164195e-09	
4831	8.670417e-01	4.207661e-09	
4832	8.670542e-01	4.230865e-09	
4833	8.670792e-01	4.301552e-09	
4834	8.671292e-01	4.524066e-09	
4835	8.671417e-01	4.513927e-09	
4836	8.671667e-01	4.520143e-09	
4837	8.672167e-01	4.193585e-09	
4838	8.672783e-01	4.155130e-09	
4839	8.673703e-01	4.140333e-09	
4840	8.675544e-01	4.116660e-09	
4841	8.677544e-01	4.102048e-09	
4842	8.679544e-01	4.090988e-09	
4843	8.681544e-01	4.079917e-09	
4844	8.683544e-01	4.068764e-09	
4845	8.685544e-01	4.057816e-09	
4846	8.687544e-01	4.047247e-09	
4847	8.689544e-01	4.037008e-09	
4848	8.691544e-01	4.027053e-09	
4849	8.693544e-01	4.017314e-09	
4850	8.695544e-01	4.007769e-09	
4851	8.697544e-01	3.998385e-09	
4852	8.699544e-01	3.989170e-09	
4853	8.701544e-01	3.980117e-09	
4854	8.703544e-01	3.971243e-09	
4855	8.705544e-01	3.962569e-09	
4856	8.707544e-01	3.954116e-09	
4857	8.709544e-01	3.945895e-09	
4858	8.711544e-01	3.937924e-09	
4859	8.713544e-01	3.930202e-09	
4860	8.715544e-01	3.922713e-09	
4861	8.717544e-01	3.915358e-09	
4862	8.719544e-01	3.907958e-09	
4863	8.721544e-01	3.899972e-09	
4864	8.723544e-01	3.890138e-09	
4865	8.725544e-01	3.874955e-09	
4866	8.727544e-01	3.847956e-09	
4867	8.729544e-01	3.795349e-09	
4868	8.731544e-01	3.729108e-09	

Index   time            -i(vdd)         
--------------------------------------------------------------------------------
4869	8.733544e-01	3.660316e-09	
4870	8.733794e-01	3.647993e-09	
4871	8.734294e-01	3.632365e-09	
4872	8.735294e-01	3.587827e-09	
4873	8.737294e-01	3.505091e-09	
4874	8.739294e-01	3.450695e-09	
4875	8.741294e-01	3.416976e-09	
4876	8.743294e-01	3.394616e-09	
4877	8.745294e-01	3.378082e-09	
4878	8.747294e-01	3.364251e-09	
4879	8.749294e-01	3.351390e-09	
4880	8.751294e-01	3.338589e-09	
4881	8.753294e-01	3.325003e-09	
4882	8.755294e-01	3.309793e-09	
4883	8.757294e-01	3.291934e-09	
4884	8.759294e-01	3.270287e-09	
4885	8.761294e-01	3.243719e-09	
4886	8.763294e-01	3.214975e-09	
4887	8.765294e-01	3.315739e-09	
4888	8.765544e-01	3.393801e-09	
4889	8.766044e-01	3.699400e-09	
4890	8.767044e-01	4.141169e-09	
4891	8.767294e-01	4.112983e-09	
4892	8.767794e-01	4.072121e-09	
4893	8.768794e-01	4.030227e-09	
4894	8.770794e-01	4.021121e-09	
4895	8.771044e-01	4.039592e-09	
4896	8.771544e-01	4.084374e-09	
4897	8.772544e-01	4.186530e-09	
4898	8.772794e-01	4.362814e-09	
4899	8.773294e-01	4.341039e-09	
4900	8.773419e-01	4.180597e-09	
4901	8.773669e-01	4.153669e-09	
4902	8.773732e-01	4.158469e-09	
4903	8.773857e-01	4.161583e-09	
4904	8.774107e-01	4.167115e-09	
4905	8.774607e-01	4.148446e-09	
4906	8.775607e-01	4.116554e-09	
4907	8.777481e-01	4.062870e-09	
4908	8.777778e-01	4.045856e-09	
4909	8.777978e-01	4.032784e-09	
4910	8.778378e-01	4.004332e-09	
4911	8.779178e-01	3.941546e-09	
4912	8.780778e-01	3.804109e-09	
4913	8.782778e-01	3.625201e-09	
4914	8.784778e-01	3.456903e-09	
4915	8.786778e-01	3.308382e-09	
4916	8.788778e-01	3.175630e-09	
4917	8.790778e-01	3.058218e-09	
4918	8.792778e-01	2.954915e-09	
4919	8.794778e-01	2.864476e-09	
4920	8.796778e-01	2.785716e-09	
4921	8.798778e-01	2.717398e-09	
4922	8.800778e-01	2.658256e-09	
4923	8.802778e-01	2.607068e-09	
4924	8.804778e-01	2.562640e-09	
4925	8.806778e-01	2.523985e-09	
4926	8.808778e-01	2.490177e-09	

Index   time            -i(vdd)         
--------------------------------------------------------------------------------
4927	8.810778e-01	2.460518e-09	
4928	8.812778e-01	2.434351e-09	
4929	8.814778e-01	2.411180e-09	
4930	8.816778e-01	2.390536e-09	
4931	8.818778e-01	2.372068e-09	
4932	8.820778e-01	2.355456e-09	
4933	8.822778e-01	2.340481e-09	
4934	8.824778e-01	2.326911e-09	
4935	8.826778e-01	2.314597e-09	
4936	8.828778e-01	2.303367e-09	
4937	8.830778e-01	2.293100e-09	
4938	8.832778e-01	2.283677e-09	
4939	8.834778e-01	2.275017e-09	
4940	8.836778e-01	2.267020e-09	
4941	8.838778e-01	2.259640e-09	
4942	8.840778e-01	2.252788e-09	
4943	8.842778e-01	2.246431e-09	
4944	8.844778e-01	2.240501e-09	
4945	8.846778e-01	2.234980e-09	
4946	8.848778e-01	2.229807e-09	
4947	8.850778e-01	2.224977e-09	
4948	8.852778e-01	2.220438e-09	
4949	8.854778e-01	2.216170e-09	
4950	8.856778e-01	2.212158e-09	
4951	8.858778e-01	2.208388e-09	
4952	8.860778e-01	2.204821e-09	
4953	8.862778e-01	2.201456e-09	
4954	8.864778e-01	2.198278e-09	
4955	8.866778e-01	2.195274e-09	
4956	8.868778e-01	2.192418e-09	
4957	8.870778e-01	2.189731e-09	
4958	8.872778e-01	2.187163e-09	
4959	8.874778e-01	2.184737e-09	
4960	8.876778e-01	2.182432e-09	
4961	8.878778e-01	2.180250e-09	
4962	8.880778e-01	2.178170e-09	
4963	8.882778e-01	2.176203e-09	
4964	8.884778e-01	2.174322e-09	
4965	8.886778e-01	2.172550e-09	
4966	8.888778e-01	2.170855e-09	
4967	8.888889e-01	2.170775e-09	
4968	8.889089e-01	2.170632e-09	
4969	8.889489e-01	2.170306e-09	
4970	8.890289e-01	2.169715e-09	
4971	8.891889e-01	2.168541e-09	
4972	8.893889e-01	2.167112e-09	
4973	8.895889e-01	2.165693e-09	
4974	8.897889e-01	2.164347e-09	
4975	8.899889e-01	2.163054e-09	
4976	8.901889e-01	2.161818e-09	
4977	8.903889e-01	2.160622e-09	
4978	8.905889e-01	2.159493e-09	
4979	8.907889e-01	2.158387e-09	
4980	8.909889e-01	2.157352e-09	
4981	8.911889e-01	2.156339e-09	
4982	8.913889e-01	2.155379e-09	
4983	8.915889e-01	2.154439e-09	
4984	8.917889e-01	2.153556e-09	

Index   time            -i(vdd)         
--------------------------------------------------------------------------------
4985	8.919889e-01	2.152696e-09	
4986	8.921889e-01	2.151880e-09	
4987	8.923889e-01	2.151087e-09	
4988	8.925889e-01	2.150335e-09	
4989	8.927889e-01	2.149610e-09	
4990	8.929889e-01	2.148917e-09	
4991	8.931889e-01	2.148243e-09	
4992	8.933889e-01	2.147603e-09	
4993	8.935889e-01	2.146988e-09	
4994	8.937889e-01	2.146402e-09	
4995	8.939889e-01	2.145833e-09	
4996	8.941889e-01	2.145296e-09	
4997	8.943889e-01	2.144774e-09	
4998	8.945889e-01	2.144280e-09	
4999	8.947889e-01	2.143798e-09	
5000	8.949889e-01	2.143343e-09	
5001	8.951889e-01	2.142903e-09	
5002	8.953889e-01	2.142491e-09	
5003	8.955889e-01	2.142088e-09	
5004	8.957889e-01	2.141705e-09	
5005	8.959889e-01	2.141342e-09	
5006	8.961889e-01	2.141004e-09	
5007	8.963889e-01	2.140670e-09	
5008	8.965889e-01	2.140359e-09	
5009	8.967889e-01	2.140050e-09	
5010	8.969889e-01	2.139768e-09	
5011	8.971889e-01	2.139488e-09	
5012	8.973889e-01	2.139239e-09	
5013	8.975889e-01	2.138987e-09	
5014	8.977889e-01	2.138759e-09	
5015	8.979889e-01	2.138531e-09	
5016	8.981889e-01	2.138336e-09	
5017	8.983889e-01	2.138134e-09	
5018	8.985889e-01	2.137955e-09	
5019	8.987889e-01	2.137775e-09	
5020	8.989889e-01	2.137622e-09	
5021	8.991889e-01	2.137469e-09	
5022	8.993889e-01	2.137333e-09	
5023	8.995889e-01	2.137199e-09	
5024	8.997889e-01	2.137081e-09	
5025	8.999889e-01	2.136966e-09	
5026	9.000000e-01	2.136969e-09	
5027	9.000200e-01	2.137032e-09	
5028	9.000600e-01	2.137154e-09	
5029	9.001400e-01	2.137561e-09	
5030	9.003000e-01	2.138539e-09	
5031	9.005000e-01	2.139856e-09	
5032	9.007000e-01	2.141206e-09	
5033	9.009000e-01	2.142622e-09	
5034	9.011000e-01	2.144074e-09	
5035	9.013000e-01	2.145596e-09	
5036	9.015000e-01	2.147140e-09	
5037	9.017000e-01	2.148733e-09	
5038	9.019000e-01	2.150348e-09	
5039	9.021000e-01	2.151997e-09	
5040	9.023000e-01	2.153660e-09	
5041	9.025000e-01	2.155360e-09	
5042	9.027000e-01	2.157079e-09	

Index   time            -i(vdd)         
--------------------------------------------------------------------------------
5043	9.029000e-01	2.158827e-09	
5044	9.031000e-01	2.160596e-09	
5045	9.033000e-01	2.162394e-09	
5046	9.035000e-01	2.164200e-09	
5047	9.037000e-01	2.166046e-09	
5048	9.039000e-01	2.167900e-09	
5049	9.041000e-01	2.169782e-09	
5050	9.043000e-01	2.171679e-09	
5051	9.045000e-01	2.173609e-09	
5052	9.047000e-01	2.175537e-09	
5053	9.049000e-01	2.177507e-09	
5054	9.051000e-01	2.179480e-09	
5055	9.053000e-01	2.181490e-09	
5056	9.055000e-01	2.183505e-09	
5057	9.057000e-01	2.185541e-09	
5058	9.059000e-01	2.187602e-09	
5059	9.061000e-01	2.189683e-09	
5060	9.063000e-01	2.191767e-09	
5061	9.065000e-01	2.193888e-09	
5062	9.067000e-01	2.196013e-09	
5063	9.069000e-01	2.198170e-09	
5064	9.071000e-01	2.200334e-09	
5065	9.073000e-01	2.202523e-09	
5066	9.075000e-01	2.204718e-09	
5067	9.077000e-01	2.206939e-09	
5068	9.079000e-01	2.209176e-09	
5069	9.081000e-01	2.211430e-09	
5070	9.083000e-01	2.213696e-09	
5071	9.085000e-01	2.215989e-09	
5072	9.087000e-01	2.218289e-09	
5073	9.089000e-01	2.220609e-09	
5074	9.091000e-01	2.222950e-09	
5075	9.093000e-01	2.225302e-09	
5076	9.095000e-01	2.227671e-09	
5077	9.097000e-01	2.230058e-09	
5078	9.099000e-01	2.232454e-09	
5079	9.101000e-01	2.234873e-09	
5080	9.103000e-01	2.237301e-09	
5081	9.105000e-01	2.239754e-09	
5082	9.107000e-01	2.242213e-09	
5083	9.109000e-01	2.244699e-09	
5084	9.111000e-01	2.247188e-09	
5085	9.111111e-01	2.247335e-09	
5086	9.111311e-01	2.247606e-09	
5087	9.111711e-01	2.248111e-09	
5088	9.112511e-01	2.249165e-09	
5089	9.114111e-01	2.251236e-09	
5090	9.116111e-01	2.253836e-09	
5091	9.118111e-01	2.256426e-09	
5092	9.120111e-01	2.259037e-09	
5093	9.122111e-01	2.261655e-09	
5094	9.124111e-01	2.264299e-09	
5095	9.126111e-01	2.266952e-09	
5096	9.128111e-01	2.269622e-09	
5097	9.130111e-01	2.272293e-09	
5098	9.132111e-01	2.274987e-09	
5099	9.134111e-01	2.277684e-09	
5100	9.136111e-01	2.280405e-09	

Index   time            -i(vdd)         
--------------------------------------------------------------------------------
5101	9.138111e-01	2.283129e-09	
5102	9.140111e-01	2.285874e-09	
5103	9.142111e-01	2.288625e-09	
5104	9.144111e-01	2.291389e-09	
5105	9.146111e-01	2.294160e-09	
5106	9.148111e-01	2.296953e-09	
5107	9.150111e-01	2.299742e-09	
5108	9.152111e-01	2.302560e-09	
5109	9.154111e-01	2.305373e-09	
5110	9.156111e-01	2.308212e-09	
5111	9.158111e-01	2.311048e-09	
5112	9.160111e-01	2.313901e-09	
5113	9.162111e-01	2.316756e-09	
5114	9.164111e-01	2.319633e-09	
5115	9.166111e-01	2.322513e-09	
5116	9.168111e-01	2.325408e-09	
5117	9.170111e-01	2.328305e-09	
5118	9.172111e-01	2.331217e-09	
5119	9.174111e-01	2.334126e-09	
5120	9.176111e-01	2.337063e-09	
5121	9.178111e-01	2.339991e-09	
5122	9.180111e-01	2.342943e-09	
5123	9.182111e-01	2.345890e-09	
5124	9.184111e-01	2.348856e-09	
5125	9.186111e-01	2.351818e-09	
5126	9.188111e-01	2.354803e-09	
5127	9.190111e-01	2.357780e-09	
5128	9.192111e-01	2.360779e-09	
5129	9.194111e-01	2.363775e-09	
5130	9.196111e-01	2.366785e-09	
5131	9.198111e-01	2.369794e-09	
5132	9.200111e-01	2.372816e-09	
5133	9.202111e-01	2.375846e-09	
5134	9.204111e-01	2.378878e-09	
5135	9.206111e-01	2.381919e-09	
5136	9.208111e-01	2.384968e-09	
5137	9.210111e-01	2.388016e-09	
5138	9.212111e-01	2.391082e-09	
5139	9.214111e-01	2.394139e-09	
5140	9.216111e-01	2.397215e-09	
5141	9.218111e-01	2.400284e-09	
5142	9.220111e-01	2.403369e-09	
5143	9.222111e-01	2.406450e-09	
5144	9.222222e-01	2.406625e-09	
5145	9.222422e-01	2.406830e-09	
5146	9.222822e-01	2.407059e-09	
5147	9.223622e-01	2.407259e-09	
5148	9.225222e-01	2.407215e-09	
5149	9.227222e-01	2.407006e-09	
5150	9.229222e-01	2.406770e-09	
5151	9.231222e-01	2.406578e-09	
5152	9.233222e-01	2.406386e-09	
5153	9.235222e-01	2.406198e-09	
5154	9.237222e-01	2.406002e-09	
5155	9.239222e-01	2.405821e-09	
5156	9.241222e-01	2.405623e-09	
5157	9.243222e-01	2.405433e-09	
5158	9.245222e-01	2.405233e-09	

Index   time            -i(vdd)         
--------------------------------------------------------------------------------
5159	9.247222e-01	2.405047e-09	
5160	9.249222e-01	2.404852e-09	
5161	9.251222e-01	2.404663e-09	
5162	9.253222e-01	2.404460e-09	
5163	9.255222e-01	2.404273e-09	
5164	9.257222e-01	2.404076e-09	
5165	9.259222e-01	2.403887e-09	
5166	9.261222e-01	2.403686e-09	
5167	9.263222e-01	2.403500e-09	
5168	9.265222e-01	2.403303e-09	
5169	9.267222e-01	2.403112e-09	
5170	9.269222e-01	2.402914e-09	
5171	9.271222e-01	2.402727e-09	
5172	9.273222e-01	2.402529e-09	
5173	9.275222e-01	2.402341e-09	
5174	9.277222e-01	2.402139e-09	
5175	9.279222e-01	2.401948e-09	
5176	9.281222e-01	2.401754e-09	
5177	9.283222e-01	2.401565e-09	
5178	9.285222e-01	2.401366e-09	
5179	9.287222e-01	2.401184e-09	
5180	9.289222e-01	2.400986e-09	
5181	9.291222e-01	2.400803e-09	
5182	9.293222e-01	2.400606e-09	
5183	9.295222e-01	2.400417e-09	
5184	9.297222e-01	2.400219e-09	
5185	9.299222e-01	2.400037e-09	
5186	9.301222e-01	2.399843e-09	
5187	9.303222e-01	2.399654e-09	
5188	9.305222e-01	2.399462e-09	
5189	9.307222e-01	2.399278e-09	
5190	9.309222e-01	2.399086e-09	
5191	9.311222e-01	2.398906e-09	
5192	9.313222e-01	2.398712e-09	
5193	9.315222e-01	2.398532e-09	
5194	9.317222e-01	2.398338e-09	
5195	9.319222e-01	2.398160e-09	
5196	9.321222e-01	2.397974e-09	
5197	9.323222e-01	2.397796e-09	
5198	9.325222e-01	2.397606e-09	
5199	9.327222e-01	2.397431e-09	
5200	9.329222e-01	2.397249e-09	
5201	9.331222e-01	2.397076e-09	
5202	9.333222e-01	2.396896e-09	
5203	9.333333e-01	2.396885e-09	
5204	9.333533e-01	2.396911e-09	
5205	9.333933e-01	2.396948e-09	
5206	9.334733e-01	2.397136e-09	
5207	9.336333e-01	2.397686e-09	
5208	9.338333e-01	2.398509e-09	
5209	9.340333e-01	2.399342e-09	
5210	9.342333e-01	2.400184e-09	
5211	9.344333e-01	2.401009e-09	
5212	9.346333e-01	2.401844e-09	
5213	9.348333e-01	2.402662e-09	
5214	9.350333e-01	2.403489e-09	
5215	9.352333e-01	2.404309e-09	
5216	9.354333e-01	2.405133e-09	

Index   time            -i(vdd)         
--------------------------------------------------------------------------------
5217	9.356333e-01	2.405946e-09	
5218	9.358333e-01	2.406772e-09	
5219	9.360333e-01	2.407582e-09	
5220	9.362333e-01	2.408405e-09	
5221	9.364333e-01	2.409210e-09	
5222	9.366333e-01	2.410030e-09	
5223	9.368333e-01	2.410836e-09	
5224	9.370333e-01	2.411648e-09	
5225	9.372333e-01	2.412454e-09	
5226	9.374333e-01	2.413266e-09	
5227	9.376333e-01	2.414068e-09	
5228	9.378333e-01	2.414875e-09	
5229	9.380333e-01	2.415671e-09	
5230	9.382333e-01	2.416482e-09	
5231	9.384333e-01	2.417272e-09	
5232	9.386333e-01	2.418076e-09	
5233	9.388333e-01	2.418872e-09	
5234	9.390333e-01	2.419667e-09	
5235	9.392333e-01	2.420458e-09	
5236	9.394333e-01	2.421258e-09	
5237	9.396333e-01	2.422046e-09	
5238	9.398333e-01	2.422840e-09	
5239	9.400333e-01	2.423625e-09	
5240	9.402333e-01	2.424419e-09	
5241	9.404333e-01	2.425199e-09	
5242	9.406333e-01	2.425991e-09	
5243	9.408333e-01	2.426772e-09	
5244	9.410333e-01	2.427558e-09	
5245	9.412333e-01	2.428336e-09	
5246	9.414333e-01	2.429125e-09	
5247	9.416333e-01	2.429893e-09	
5248	9.418333e-01	2.430681e-09	
5249	9.420333e-01	2.431456e-09	
5250	9.422333e-01	2.432238e-09	
5251	9.424333e-01	2.433010e-09	
5252	9.426333e-01	2.433782e-09	
5253	9.428333e-01	2.434553e-09	
5254	9.430333e-01	2.435326e-09	
5255	9.432333e-01	2.436087e-09	
5256	9.434333e-01	2.436865e-09	
5257	9.436333e-01	2.437627e-09	
5258	9.438333e-01	2.438395e-09	
5259	9.440333e-01	2.439151e-09	
5260	9.442333e-01	2.439925e-09	
5261	9.444333e-01	2.440680e-09	
5262	9.444444e-01	2.440728e-09	
5263	9.444644e-01	2.440719e-09	
5264	9.445044e-01	2.440603e-09	
5265	9.445844e-01	2.440289e-09	
5266	9.447444e-01	2.439604e-09	
5267	9.449444e-01	2.438823e-09	
5268	9.451444e-01	2.438068e-09	
5269	9.453444e-01	2.437333e-09	
5270	9.455444e-01	2.436607e-09	
5271	9.457444e-01	2.435895e-09	
5272	9.459444e-01	2.435192e-09	
5273	9.461444e-01	2.434508e-09	
5274	9.463444e-01	2.433841e-09	

Index   time            -i(vdd)         
--------------------------------------------------------------------------------
5275	9.465444e-01	2.433192e-09	
5276	9.467444e-01	2.432554e-09	
5277	9.469444e-01	2.431952e-09	
5278	9.471444e-01	2.431374e-09	
5279	9.473444e-01	2.430832e-09	
5280	9.475444e-01	2.430329e-09	
5281	9.477444e-01	2.429902e-09	
5282	9.479444e-01	2.429540e-09	
5283	9.481444e-01	2.429313e-09	
5284	9.483444e-01	2.429258e-09	
5285	9.485444e-01	2.429484e-09	
5286	9.487444e-01	2.430157e-09	
5287	9.489444e-01	2.431644e-09	
5288	9.491444e-01	2.434601e-09	
5289	9.493444e-01	2.440362e-09	
5290	9.495444e-01	2.451154e-09	
5291	9.497444e-01	2.470212e-09	
5292	9.499444e-01	2.502082e-09	
5293	9.501444e-01	2.553078e-09	
5294	9.503444e-01	2.629240e-09	
5295	9.505444e-01	2.730696e-09	
5296	9.507444e-01	2.853878e-09	
5297	9.509444e-01	2.998979e-09	
5298	9.511444e-01	3.059607e-09	
5299	9.513444e-01	3.020144e-09	
5300	9.515444e-01	2.981621e-09	
5301	9.517444e-01	2.958506e-09	
5302	9.519444e-01	2.943673e-09	
5303	9.521444e-01	2.934998e-09	
5304	9.523444e-01	2.929867e-09	
5305	9.525444e-01	2.926751e-09	
5306	9.527444e-01	2.924695e-09	
5307	9.529444e-01	2.923251e-09	
5308	9.531444e-01	2.922144e-09	
5309	9.533444e-01	2.921241e-09	
5310	9.535444e-01	2.920453e-09	
5311	9.537444e-01	2.919742e-09	
5312	9.539444e-01	2.919066e-09	
5313	9.541444e-01	2.918432e-09	
5314	9.543444e-01	2.917804e-09	
5315	9.545444e-01	2.917203e-09	
5316	9.547444e-01	2.916602e-09	
5317	9.549444e-01	2.916006e-09	
5318	9.551444e-01	2.915410e-09	
5319	9.553444e-01	2.914810e-09	
5320	9.555444e-01	2.914193e-09	
5321	9.555556e-01	2.914169e-09	
5322	9.555756e-01	2.914021e-09	
5323	9.556156e-01	2.913572e-09	
5324	9.556956e-01	2.912406e-09	
5325	9.558556e-01	2.909535e-09	
5326	9.560556e-01	2.905735e-09	
5327	9.562556e-01	2.901929e-09	
5328	9.564556e-01	2.898196e-09	
5329	9.566556e-01	2.894494e-09	
5330	9.568556e-01	2.890816e-09	
5331	9.570556e-01	2.887137e-09	
5332	9.572556e-01	2.883487e-09	

Index   time            -i(vdd)         
--------------------------------------------------------------------------------
5333	9.574556e-01	2.879843e-09	
5334	9.576556e-01	2.876225e-09	
5335	9.578556e-01	2.872611e-09	
5336	9.580556e-01	2.869026e-09	
5337	9.582556e-01	2.865451e-09	
5338	9.584556e-01	2.861911e-09	
5339	9.586556e-01	2.858379e-09	
5340	9.588556e-01	2.854882e-09	
5341	9.590556e-01	2.851406e-09	
5342	9.592556e-01	2.847968e-09	
5343	9.594556e-01	2.844552e-09	
5344	9.596556e-01	2.841195e-09	
5345	9.598556e-01	2.837894e-09	
5346	9.600556e-01	2.834708e-09	
5347	9.602556e-01	2.831668e-09	
5348	9.604556e-01	2.828934e-09	
5349	9.606556e-01	2.826758e-09	
5350	9.608556e-01	2.825786e-09	
5351	9.610556e-01	2.827691e-09	
5352	9.612556e-01	2.838381e-09	
5353	9.614556e-01	2.871823e-09	
5354	9.616556e-01	2.940728e-09	
5355	9.618556e-01	3.060323e-09	
5356	9.620556e-01	3.224118e-09	
5357	9.622556e-01	3.418981e-09	
5358	9.624556e-01	4.034895e-09	
5359	9.626556e-01	4.444107e-09	
5360	9.628556e-01	4.608350e-09	
5361	9.630556e-01	4.555758e-09	
5362	9.632556e-01	4.446012e-09	
5363	9.634556e-01	4.354861e-09	
5364	9.636556e-01	4.301078e-09	
5365	9.638556e-01	4.276868e-09	
5366	9.640556e-01	4.272256e-09	
5367	9.642556e-01	4.280621e-09	
5368	9.644556e-01	4.297109e-09	
5369	9.646556e-01	4.314203e-09	
5370	9.648556e-01	4.327721e-09	
5371	9.650556e-01	4.335337e-09	
5372	9.652556e-01	4.339852e-09	
5373	9.654556e-01	4.409126e-09	
5374	9.654806e-01	4.470642e-09	
5375	9.655306e-01	4.702076e-09	
5376	9.655431e-01	4.701892e-09	
5377	9.655681e-01	4.697727e-09	
5378	9.656181e-01	4.393642e-09	
5379	9.656820e-01	4.325704e-09	
5380	9.657851e-01	4.309025e-09	
5381	9.659851e-01	4.276877e-09	
5382	9.661851e-01	4.257060e-09	
5383	9.663851e-01	4.242064e-09	
5384	9.665851e-01	4.229133e-09	
5385	9.666667e-01	4.224474e-09	
5386	9.666867e-01	4.223470e-09	
5387	9.667267e-01	4.221506e-09	
5388	9.668067e-01	4.218000e-09	
5389	9.669667e-01	4.212177e-09	
5390	9.671667e-01	4.206557e-09	

Index   time            -i(vdd)         
--------------------------------------------------------------------------------
5391	9.673667e-01	4.202171e-09	
5392	9.675667e-01	4.198491e-09	
5393	9.677667e-01	4.195023e-09	
5394	9.679667e-01	4.191404e-09	
5395	9.681667e-01	4.187345e-09	
5396	9.683667e-01	4.182665e-09	
5397	9.685667e-01	4.177250e-09	
5398	9.687667e-01	4.171108e-09	
5399	9.687889e-01	4.170398e-09	
5400	9.687989e-01	4.170850e-09	
5401	9.688189e-01	4.165004e-09	
5402	9.688589e-01	4.215283e-09	
5403	9.688889e-01	4.213742e-09	
5404	9.688969e-01	4.215891e-09	
5405	9.689129e-01	4.224322e-09	
5406	9.689449e-01	4.223331e-09	
5407	9.690089e-01	4.219055e-09	
5408	9.691369e-01	4.209501e-09	
5409	9.693369e-01	4.190377e-09	
5410	9.695369e-01	4.179528e-09	
5411	9.697369e-01	4.171220e-09	
5412	9.699369e-01	4.162799e-09	
5413	9.701369e-01	4.153894e-09	
5414	9.703369e-01	4.144646e-09	
5415	9.705369e-01	4.135274e-09	
5416	9.707369e-01	4.125923e-09	
5417	9.709369e-01	4.116716e-09	
5418	9.711369e-01	4.107671e-09	
5419	9.713369e-01	4.098878e-09	
5420	9.715369e-01	4.090350e-09	
5421	9.717369e-01	4.082129e-09	
5422	9.719369e-01	4.074224e-09	
5423	9.721369e-01	4.066664e-09	
5424	9.723369e-01	4.059425e-09	
5425	9.725369e-01	4.052535e-09	
5426	9.727369e-01	4.045973e-09	
5427	9.729369e-01	4.039742e-09	
5428	9.731369e-01	4.033811e-09	
5429	9.733369e-01	4.028197e-09	
5430	9.735369e-01	4.022859e-09	
5431	9.737369e-01	4.017799e-09	
5432	9.739369e-01	4.012981e-09	
5433	9.741369e-01	4.008423e-09	
5434	9.743369e-01	4.004082e-09	
5435	9.745369e-01	3.999956e-09	
5436	9.747369e-01	3.996019e-09	
5437	9.749369e-01	3.992272e-09	
5438	9.751369e-01	3.988698e-09	
5439	9.753369e-01	3.985286e-09	
5440	9.755369e-01	3.982009e-09	
5441	9.757369e-01	3.978883e-09	
5442	9.759369e-01	3.975877e-09	
5443	9.761369e-01	3.972998e-09	
5444	9.763369e-01	3.970220e-09	
5445	9.765369e-01	3.967553e-09	
5446	9.767369e-01	3.964979e-09	
5447	9.769369e-01	3.962493e-09	
5448	9.771369e-01	3.960086e-09	

Index   time            -i(vdd)         
--------------------------------------------------------------------------------
5449	9.773369e-01	3.957767e-09	
5450	9.775369e-01	3.955507e-09	
5451	9.777369e-01	3.953322e-09	
5452	9.777778e-01	3.952891e-09	
5453	9.777978e-01	3.952744e-09	
5454	9.778378e-01	3.952484e-09	
5455	9.779178e-01	3.952141e-09	
5456	9.780778e-01	3.951680e-09	
5457	9.782778e-01	3.951217e-09	
5458	9.784778e-01	3.950806e-09	
5459	9.786778e-01	3.950465e-09	
5460	9.788778e-01	3.950162e-09	
5461	9.790778e-01	3.949899e-09	
5462	9.792778e-01	3.949661e-09	
5463	9.794778e-01	3.949470e-09	
5464	9.796778e-01	3.949300e-09	
5465	9.798778e-01	3.949169e-09	
5466	9.800778e-01	3.949048e-09	
5467	9.802778e-01	3.948969e-09	
5468	9.804778e-01	3.948899e-09	
5469	9.806778e-01	3.948855e-09	
5470	9.808778e-01	3.948827e-09	
5471	9.810778e-01	3.948819e-09	
5472	9.812778e-01	3.948815e-09	
5473	9.814778e-01	3.948829e-09	
5474	9.816778e-01	3.948852e-09	
5475	9.818778e-01	3.948889e-09	
5476	9.820778e-01	3.948919e-09	
5477	9.822778e-01	3.948963e-09	
5478	9.824778e-01	3.948992e-09	
5479	9.826778e-01	3.949028e-09	
5480	9.828778e-01	3.949030e-09	
5481	9.830778e-01	3.949001e-09	
5482	9.832778e-01	3.948888e-09	
5483	9.834778e-01	3.948645e-09	
5484	9.836778e-01	3.948123e-09	
5485	9.838778e-01	3.947079e-09	
5486	9.840778e-01	3.944966e-09	
5487	9.842778e-01	3.940744e-09	
5488	9.844778e-01	3.932492e-09	
5489	9.846778e-01	3.916692e-09	
5490	9.848778e-01	3.887984e-09	
5491	9.850778e-01	3.847569e-09	
5492	9.852778e-01	3.808449e-09	
5493	9.854778e-01	3.761487e-09	
5494	9.856778e-01	3.685796e-09	
5495	9.858778e-01	3.620383e-09	
5496	9.860778e-01	3.569413e-09	
5497	9.862778e-01	3.535469e-09	
5498	9.864778e-01	3.513585e-09	
5499	9.866778e-01	3.499137e-09	
5500	9.868778e-01	3.489281e-09	
5501	9.870778e-01	3.482313e-09	
5502	9.872778e-01	3.477194e-09	
5503	9.874778e-01	3.473272e-09	
5504	9.876778e-01	3.470194e-09	
5505	9.878778e-01	3.467699e-09	
5506	9.880778e-01	3.465671e-09	

Index   time            -i(vdd)         
--------------------------------------------------------------------------------
5507	9.882778e-01	3.464000e-09	
5508	9.884778e-01	3.462632e-09	
5509	9.886778e-01	3.461482e-09	
5510	9.888778e-01	3.460523e-09	
5511	9.888889e-01	3.460480e-09	
5512	9.889089e-01	3.460319e-09	
5513	9.889489e-01	3.459859e-09	
5514	9.890289e-01	3.458842e-09	
5515	9.891889e-01	3.456654e-09	
5516	9.893889e-01	3.454002e-09	
5517	9.895889e-01	3.451450e-09	
5518	9.897889e-01	3.449048e-09	
5519	9.899889e-01	3.446764e-09	
5520	9.901889e-01	3.444626e-09	
5521	9.903889e-01	3.442650e-09	
5522	9.905889e-01	3.440905e-09	
5523	9.907889e-01	3.439483e-09	
5524	9.909889e-01	3.438598e-09	
5525	9.911889e-01	3.438651e-09	
5526	9.913889e-01	3.440506e-09	
5527	9.915889e-01	3.445955e-09	
5528	9.917889e-01	3.458118e-09	
5529	9.919889e-01	3.481186e-09	
5530	9.921889e-01	3.521309e-09	
5531	9.923889e-01	3.587248e-09	
5532	9.925889e-01	3.689227e-09	
5533	9.927889e-01	3.830128e-09	
5534	9.929889e-01	3.966739e-09	
5535	9.931889e-01	4.023203e-09	
5536	9.933889e-01	3.991591e-09	
5537	9.935889e-01	3.968609e-09	
5538	9.937889e-01	3.944827e-09	
5539	9.939889e-01	3.927819e-09	
5540	9.941889e-01	3.916452e-09	
5541	9.943889e-01	3.908924e-09	
5542	9.945889e-01	3.903867e-09	
5543	9.947889e-01	3.900181e-09	
5544	9.949889e-01	3.897300e-09	
5545	9.951889e-01	3.894835e-09	
5546	9.953889e-01	3.892609e-09	
5547	9.955889e-01	3.890503e-09	
5548	9.957889e-01	3.888470e-09	
5549	9.959889e-01	3.886470e-09	
5550	9.961889e-01	3.884511e-09	
5551	9.963889e-01	3.882549e-09	
5552	9.965889e-01	3.880600e-09	
5553	9.967889e-01	3.878656e-09	
5554	9.969889e-01	3.876711e-09	
5555	9.971889e-01	3.874743e-09	
5556	9.973889e-01	3.872763e-09	
5557	9.975889e-01	3.870747e-09	
5558	9.977889e-01	3.868749e-09	
5559	9.979889e-01	3.866777e-09	
5560	9.981889e-01	3.864841e-09	
5561	9.983889e-01	3.862919e-09	
5562	9.985889e-01	3.861014e-09	
5563	9.987889e-01	3.859090e-09	
5564	9.989889e-01	3.857176e-09	

Index   time            -i(vdd)         
--------------------------------------------------------------------------------
5565	9.991889e-01	3.855248e-09	
5566	9.993889e-01	3.853338e-09	
5567	9.995889e-01	3.851421e-09	
5568	9.997889e-01	3.849517e-09	
5569	9.999889e-01	3.847612e-09	
5570	1.000000e+00	3.847511e-09	
5571	1.000020e+00	3.847423e-09	
5572	1.000060e+00	3.847287e-09	
5573	1.000140e+00	3.847290e-09	
5574	1.000300e+00	3.847653e-09	
5575	1.000500e+00	3.848293e-09	
5576	1.000700e+00	3.848940e-09	
5577	1.000900e+00	3.849615e-09	
5578	1.001100e+00	3.850297e-09	
5579	1.001300e+00	3.850992e-09	
5580	1.001500e+00	3.851687e-09	
5581	1.001700e+00	3.852396e-09	
5582	1.001900e+00	3.853101e-09	
5583	1.002100e+00	3.853812e-09	
5584	1.002300e+00	3.854517e-09	
5585	1.002500e+00	3.855243e-09	
5586	1.002700e+00	3.855962e-09	
5587	1.002900e+00	3.856689e-09	
5588	1.003100e+00	3.857412e-09	
5589	1.003300e+00	3.858149e-09	
5590	1.003500e+00	3.858879e-09	
5591	1.003700e+00	3.859613e-09	
5592	1.003900e+00	3.860350e-09	
5593	1.004100e+00	3.861097e-09	
5594	1.004300e+00	3.861827e-09	
5595	1.004500e+00	3.862576e-09	
5596	1.004700e+00	3.863313e-09	
5597	1.004900e+00	3.864061e-09	
5598	1.005100e+00	3.864801e-09	
5599	1.005300e+00	3.865547e-09	
5600	1.005500e+00	3.866286e-09	
5601	1.005700e+00	3.867031e-09	
5602	1.005900e+00	3.867767e-09	
5603	1.006100e+00	3.868514e-09	
5604	1.006300e+00	3.869250e-09	
5605	1.006500e+00	3.869987e-09	
5606	1.006700e+00	3.870710e-09	
5607	1.006900e+00	3.871438e-09	
5608	1.007100e+00	3.872152e-09	
5609	1.007300e+00	3.872871e-09	
5610	1.007500e+00	3.873567e-09	
5611	1.007700e+00	3.874250e-09	
5612	1.007900e+00	3.874898e-09	
5613	1.008100e+00	3.875522e-09	
5614	1.008300e+00	3.876067e-09	
5615	1.008500e+00	3.876510e-09	
5616	1.008700e+00	3.876746e-09	
5617	1.008900e+00	3.876624e-09	
5618	1.009100e+00	3.875799e-09	
5619	1.009300e+00	3.873669e-09	
5620	1.009500e+00	3.869082e-09	
5621	1.009700e+00	3.860167e-09	
5622	1.009900e+00	3.843372e-09	

Index   time            -i(vdd)         
--------------------------------------------------------------------------------
5623	1.010100e+00	3.814309e-09	
5624	1.010300e+00	3.777283e-09	
5625	1.010500e+00	3.740958e-09	
5626	1.010700e+00	3.694277e-09	
5627	1.010900e+00	3.619600e-09	
5628	1.011100e+00	3.556214e-09	
5629	1.011111e+00	3.553324e-09	
5630	1.011131e+00	3.547368e-09	
5631	1.011171e+00	3.536291e-09	
5632	1.011251e+00	3.516808e-09	
5633	1.011411e+00	3.486218e-09	
5634	1.011611e+00	3.459739e-09	
5635	1.011811e+00	3.441874e-09	
5636	1.012011e+00	3.429504e-09	
5637	1.012211e+00	3.420576e-09	
5638	1.012411e+00	3.413910e-09	
5639	1.012611e+00	3.408743e-09	
5640	1.012811e+00	3.404643e-09	
5641	1.013011e+00	3.401270e-09	
5642	1.013211e+00	3.398462e-09	
5643	1.013411e+00	3.396068e-09	
5644	1.013611e+00	3.394011e-09	
5645	1.013811e+00	3.392197e-09	
5646	1.014011e+00	3.390604e-09	
5647	1.014211e+00	3.389167e-09	
5648	1.014411e+00	3.387885e-09	
5649	1.014611e+00	3.386709e-09	
5650	1.014811e+00	3.385641e-09	
5651	1.015011e+00	3.384649e-09	
5652	1.015211e+00	3.383737e-09	
5653	1.015411e+00	3.382876e-09	
5654	1.015611e+00	3.382082e-09	
5655	1.015811e+00	3.381331e-09	
5656	1.016011e+00	3.380626e-09	
5657	1.016211e+00	3.379943e-09	
5658	1.016411e+00	3.379310e-09	
5659	1.016611e+00	3.378698e-09	
5660	1.016811e+00	3.378122e-09	
5661	1.017011e+00	3.377553e-09	
5662	1.017211e+00	3.377018e-09	
5663	1.017411e+00	3.376493e-09	
5664	1.017611e+00	3.375999e-09	
5665	1.017811e+00	3.375508e-09	
5666	1.018011e+00	3.375043e-09	
5667	1.018211e+00	3.374585e-09	
5668	1.018411e+00	3.374146e-09	
5669	1.018611e+00	3.373706e-09	
5670	1.018811e+00	3.373290e-09	
5671	1.019011e+00	3.372874e-09	
5672	1.019211e+00	3.372476e-09	
5673	1.019411e+00	3.372081e-09	
5674	1.019611e+00	3.371698e-09	
5675	1.019811e+00	3.371317e-09	
5676	1.020011e+00	3.370953e-09	
5677	1.020211e+00	3.370587e-09	
5678	1.020411e+00	3.370234e-09	
5679	1.020611e+00	3.369878e-09	
5680	1.020811e+00	3.369538e-09	

Index   time            -i(vdd)         
--------------------------------------------------------------------------------
5681	1.021011e+00	3.369192e-09	
5682	1.021211e+00	3.368862e-09	
5683	1.021411e+00	3.368529e-09	
5684	1.021611e+00	3.368205e-09	
5685	1.021811e+00	3.367879e-09	
5686	1.022011e+00	3.367570e-09	
5687	1.022211e+00	3.367249e-09	
5688	1.022222e+00	3.367260e-09	
5689	1.022242e+00	3.367207e-09	
5690	1.022282e+00	3.367054e-09	
5691	1.022362e+00	3.366751e-09	
5692	1.022522e+00	3.366093e-09	
5693	1.022722e+00	3.365314e-09	
5694	1.022922e+00	3.364552e-09	
5695	1.023122e+00	3.363858e-09	
5696	1.023322e+00	3.363205e-09	
5697	1.023522e+00	3.362633e-09	
5698	1.023722e+00	3.362141e-09	
5699	1.023922e+00	3.361778e-09	
5700	1.024122e+00	3.361555e-09	
5701	1.024322e+00	3.361530e-09	
5702	1.024522e+00	3.361756e-09	
5703	1.024722e+00	3.362335e-09	
5704	1.024922e+00	3.363343e-09	
5705	1.025122e+00	3.364945e-09	
5706	1.025322e+00	3.367266e-09	
5707	1.025522e+00	3.370534e-09	
5708	1.025722e+00	3.374983e-09	
5709	1.025922e+00	3.380948e-09	
5710	1.026122e+00	3.388827e-09	
5711	1.026322e+00	3.399182e-09	
5712	1.026522e+00	3.412682e-09	
5713	1.026722e+00	3.430216e-09	
5714	1.026922e+00	3.452952e-09	
5715	1.027122e+00	3.482568e-09	
5716	1.027322e+00	3.521282e-09	
5717	1.027522e+00	3.571391e-09	
5718	1.027722e+00	3.632637e-09	
5719	1.027922e+00	3.699320e-09	
5720	1.028122e+00	3.760410e-09	
5721	1.028322e+00	3.806649e-09	
5722	1.028522e+00	3.837560e-09	
5723	1.028722e+00	3.851984e-09	
5724	1.028922e+00	3.853089e-09	
5725	1.029122e+00	3.859441e-09	
5726	1.029322e+00	3.860972e-09	
5727	1.029522e+00	3.860154e-09	
5728	1.029722e+00	3.857866e-09	
5729	1.029922e+00	3.854870e-09	
5730	1.030122e+00	3.851734e-09	
5731	1.030322e+00	3.848742e-09	
5732	1.030522e+00	3.846005e-09	
5733	1.030722e+00	3.843526e-09	
5734	1.030922e+00	3.841282e-09	
5735	1.031122e+00	3.839223e-09	
5736	1.031322e+00	3.837344e-09	
5737	1.031522e+00	3.835608e-09	
5738	1.031722e+00	3.834008e-09	

Index   time            -i(vdd)         
--------------------------------------------------------------------------------
5739	1.031922e+00	3.832518e-09	
5740	1.032122e+00	3.831132e-09	
5741	1.032322e+00	3.829835e-09	
5742	1.032522e+00	3.828626e-09	
5743	1.032722e+00	3.827471e-09	
5744	1.032922e+00	3.826378e-09	
5745	1.033122e+00	3.825321e-09	
5746	1.033322e+00	3.824311e-09	
5747	1.033333e+00	3.824274e-09	
5748	1.033353e+00	3.824138e-09	
5749	1.033393e+00	3.823839e-09	
5750	1.033473e+00	3.823203e-09	
5751	1.033633e+00	3.821810e-09	
5752	1.033833e+00	3.820138e-09	
5753	1.034033e+00	3.818491e-09	
5754	1.034233e+00	3.816892e-09	
5755	1.034433e+00	3.815306e-09	
5756	1.034633e+00	3.813754e-09	
5757	1.034833e+00	3.812208e-09	
5758	1.035033e+00	3.810681e-09	
5759	1.035233e+00	3.809168e-09	
5760	1.035433e+00	3.807675e-09	
5761	1.035633e+00	3.806185e-09	
5762	1.035833e+00	3.804708e-09	
5763	1.036033e+00	3.803232e-09	
5764	1.036233e+00	3.801773e-09	
5765	1.036433e+00	3.800306e-09	
5766	1.036633e+00	3.798843e-09	
5767	1.036833e+00	3.797361e-09	
5768	1.037033e+00	3.795875e-09	
5769	1.037233e+00	3.794367e-09	
5770	1.037433e+00	3.792857e-09	
5771	1.037633e+00	3.791349e-09	
5772	1.037833e+00	3.789890e-09	
5773	1.038033e+00	3.788445e-09	
5774	1.038233e+00	3.787017e-09	
5775	1.038433e+00	3.785585e-09	
5776	1.038633e+00	3.784164e-09	
5777	1.038789e+00	3.783075e-09	
5778	1.038799e+00	3.536301e-09	
5779	1.038819e+00	4.494003e-09	
5780	1.038824e+00	6.140642e-09	
5781	1.038825e+00	6.344770e-09	
5782	1.038828e+00	6.415451e-09	
5783	1.038833e+00	5.839599e-09	
5784	1.038838e+00	4.729524e-09	
5785	1.038844e+00	4.651868e-09	
5786	1.038852e+00	4.490235e-09	
5787	1.038870e+00	4.362940e-09	
5788	1.038887e+00	4.302268e-09	
5789	1.038889e+00	4.374501e-09	
5790	1.038892e+00	4.679306e-09	
5791	1.038898e+00	4.890636e-09	
5792	1.038910e+00	5.275411e-09	
5793	1.038935e+00	6.050043e-09	
5794	1.038975e+00	5.976538e-09	
5795	1.039020e+00	5.658418e-09	
5796	1.039109e+00	5.424766e-09	

Index   time            -i(vdd)         
--------------------------------------------------------------------------------
5797	1.039287e+00	6.024886e-09	
5798	1.039487e+00	8.172684e-09	
5799	1.039687e+00	8.147366e-09	
5800	1.039887e+00	8.121724e-09	
5801	1.040087e+00	8.075970e-09	
5802	1.040287e+00	7.978560e-09	
5803	1.040487e+00	7.183918e-09	
5804	1.040687e+00	6.685974e-09	
5805	1.040887e+00	6.704437e-09	
5806	1.041087e+00	6.761586e-09	
5807	1.041287e+00	6.778661e-09	
5808	1.041487e+00	6.777143e-09	
5809	1.041687e+00	6.772155e-09	
5810	1.041887e+00	6.764731e-09	
5811	1.042087e+00	6.744299e-09	
5812	1.042287e+00	6.739659e-09	
5813	1.042487e+00	6.739645e-09	
5814	1.042687e+00	6.739566e-09	
5815	1.042887e+00	6.739115e-09	
5816	1.043087e+00	6.738344e-09	
5817	1.043287e+00	6.737358e-09	
5818	1.043487e+00	6.736235e-09	
5819	1.043687e+00	6.735041e-09	
5820	1.043887e+00	6.733818e-09	
5821	1.044087e+00	6.732571e-09	
5822	1.044287e+00	6.731332e-09	
5823	1.044444e+00	6.730368e-09	
5824	1.044464e+00	6.730140e-09	
5825	1.044504e+00	6.729511e-09	
5826	1.044584e+00	6.727921e-09	
5827	1.044744e+00	6.723982e-09	
5828	1.044944e+00	6.718642e-09	
5829	1.045144e+00	6.713151e-09	
5830	1.045344e+00	6.707702e-09	
5831	1.045544e+00	6.702295e-09	
5832	1.045744e+00	6.696967e-09	
5833	1.045944e+00	6.691724e-09	
5834	1.046144e+00	6.686576e-09	
5835	1.046344e+00	6.681517e-09	
5836	1.046544e+00	6.676565e-09	
5837	1.046744e+00	6.671695e-09	
5838	1.046944e+00	6.666939e-09	
5839	1.047144e+00	6.662258e-09	
5840	1.047344e+00	6.657677e-09	
5841	1.047544e+00	6.653181e-09	
5842	1.047744e+00	6.648777e-09	
5843	1.047944e+00	6.644459e-09	
5844	1.048144e+00	6.640227e-09	
5845	1.048344e+00	6.636075e-09	
5846	1.048544e+00	6.632014e-09	
5847	1.048744e+00	6.628031e-09	
5848	1.048944e+00	6.624135e-09	
5849	1.049144e+00	6.620312e-09	
5850	1.049344e+00	6.616572e-09	
5851	1.049544e+00	6.612907e-09	
5852	1.049744e+00	6.609312e-09	
5853	1.049944e+00	6.605801e-09	
5854	1.050144e+00	6.602358e-09	

Index   time            -i(vdd)         
--------------------------------------------------------------------------------
5855	1.050344e+00	6.598982e-09	
5856	1.050544e+00	6.595690e-09	
5857	1.050744e+00	6.592454e-09	
5858	1.050944e+00	6.589296e-09	
5859	1.051144e+00	6.586200e-09	
5860	1.051344e+00	6.583175e-09	
5861	1.051544e+00	6.580212e-09	
5862	1.051744e+00	6.577317e-09	
5863	1.051944e+00	6.574482e-09	
5864	1.052144e+00	6.571708e-09	
5865	1.052344e+00	6.568991e-09	
5866	1.052544e+00	6.566335e-09	
5867	1.052744e+00	6.563738e-09	
5868	1.052944e+00	6.561200e-09	
5869	1.053144e+00	6.558714e-09	
5870	1.053344e+00	6.556282e-09	
5871	1.053544e+00	6.553906e-09	
5872	1.053744e+00	6.551583e-09	
5873	1.053944e+00	6.549309e-09	
5874	1.054144e+00	6.547093e-09	
5875	1.054344e+00	6.544912e-09	
5876	1.054544e+00	6.542794e-09	
5877	1.054744e+00	6.540717e-09	
5878	1.054944e+00	6.538691e-09	
5879	1.055144e+00	6.536703e-09	
5880	1.055344e+00	6.534771e-09	
5881	1.055544e+00	6.532874e-09	
5882	1.055556e+00	6.532768e-09	
5883	1.055576e+00	6.532646e-09	
5884	1.055616e+00	6.532471e-09	
5885	1.055696e+00	6.532311e-09	
5886	1.055856e+00	6.532564e-09	
5887	1.056056e+00	6.533926e-09	
5888	1.056256e+00	6.536130e-09	
5889	1.056456e+00	6.539026e-09	
5890	1.056656e+00	6.542406e-09	
5891	1.056856e+00	6.546169e-09	
5892	1.057056e+00	6.550237e-09	
5893	1.057256e+00	6.554616e-09	
5894	1.057456e+00	6.559295e-09	
5895	1.057656e+00	6.564306e-09	
5896	1.057856e+00	6.569653e-09	
5897	1.058056e+00	6.575371e-09	
5898	1.058256e+00	6.581460e-09	
5899	1.058456e+00	6.587950e-09	
5900	1.058656e+00	6.594836e-09	
5901	1.058856e+00	6.602164e-09	
5902	1.059056e+00	6.609899e-09	
5903	1.059256e+00	6.618082e-09	
5904	1.059456e+00	6.626707e-09	
5905	1.059656e+00	6.635773e-09	
5906	1.059856e+00	6.645252e-09	
5907	1.060056e+00	6.655151e-09	
5908	1.060256e+00	6.665451e-09	
5909	1.060456e+00	6.676171e-09	
5910	1.060656e+00	6.687216e-09	
5911	1.060856e+00	6.698387e-09	
5912	1.061056e+00	6.707981e-09	

Index   time            -i(vdd)         
--------------------------------------------------------------------------------
5913	1.061256e+00	6.690852e-09	
5914	1.061456e+00	6.478141e-09	
5915	1.061656e+00	6.445838e-09	
5916	1.061856e+00	6.399052e-09	
5917	1.062056e+00	6.358535e-09	
5918	1.062256e+00	6.337531e-09	
5919	1.062456e+00	6.330711e-09	
5920	1.062656e+00	6.331972e-09	
5921	1.062856e+00	6.337643e-09	
5922	1.063056e+00	6.345963e-09	
5923	1.063256e+00	6.355977e-09	
5924	1.063456e+00	6.367204e-09	
5925	1.063656e+00	6.379327e-09	
5926	1.063856e+00	6.392150e-09	
5927	1.064056e+00	6.405492e-09	
5928	1.064256e+00	6.419248e-09	
5929	1.064456e+00	6.433305e-09	
5930	1.064656e+00	6.447585e-09	
5931	1.064856e+00	6.462004e-09	
5932	1.065056e+00	6.476507e-09	
5933	1.065256e+00	6.491017e-09	
5934	1.065456e+00	6.505485e-09	
5935	1.065656e+00	6.519850e-09	
5936	1.065856e+00	6.534074e-09	
5937	1.066056e+00	6.548108e-09	
5938	1.066256e+00	6.561915e-09	
5939	1.066456e+00	6.575451e-09	
5940	1.066656e+00	6.588695e-09	
5941	1.066667e+00	6.589427e-09	
5942	1.066687e+00	6.591405e-09	
5943	1.066727e+00	6.595904e-09	
5944	1.066807e+00	6.605407e-09	
5945	1.066967e+00	6.623903e-09	
5946	1.067167e+00	6.645635e-09	
5947	1.067367e+00	6.665733e-09	
5948	1.067567e+00	6.684270e-09	
5949	1.067767e+00	6.701268e-09	
5950	1.067967e+00	6.716820e-09	
5951	1.068167e+00	6.731030e-09	
5952	1.068367e+00	6.744018e-09	
5953	1.068567e+00	6.755904e-09	
5954	1.068767e+00	6.766832e-09	
5955	1.068889e+00	6.773073e-09	
5956	1.068899e+00	6.781026e-09	
5957	1.068919e+00	6.783293e-09	
5958	1.068959e+00	6.774034e-09	
5959	1.068989e+00	6.756434e-09	
5960	1.068997e+00	6.750834e-09	
5961	1.069013e+00	6.745692e-09	
5962	1.069045e+00	6.743184e-09	
5963	1.069109e+00	6.744214e-09	
5964	1.069237e+00	6.749275e-09	
5965	1.069437e+00	6.757657e-09	
5966	1.069637e+00	6.765583e-09	
5967	1.069837e+00	6.772985e-09	
5968	1.070037e+00	6.779992e-09	
5969	1.070237e+00	6.786697e-09	
5970	1.070437e+00	6.793203e-09	

Index   time            -i(vdd)         
--------------------------------------------------------------------------------
5971	1.070637e+00	6.799556e-09	
5972	1.070837e+00	6.805858e-09	
5973	1.071037e+00	6.812174e-09	
5974	1.071237e+00	6.818607e-09	
5975	1.071437e+00	6.825234e-09	
5976	1.071637e+00	6.832155e-09	
5977	1.071837e+00	6.839400e-09	
5978	1.072037e+00	6.846984e-09	
5979	1.072237e+00	6.854819e-09	
5980	1.072437e+00	6.862810e-09	
5981	1.072637e+00	6.870883e-09	
5982	1.072837e+00	6.879050e-09	
5983	1.073037e+00	6.887360e-09	
5984	1.073237e+00	6.895925e-09	
5985	1.073437e+00	6.904839e-09	
5986	1.073637e+00	6.914167e-09	
5987	1.073837e+00	6.923883e-09	
5988	1.074037e+00	6.933635e-09	
5989	1.074237e+00	6.940736e-09	
5990	1.074437e+00	6.896822e-09	
5991	1.074637e+00	6.736897e-09	
5992	1.074837e+00	7.117766e-09	
5993	1.075037e+00	6.932953e-09	
5994	1.075225e+00	6.825669e-09	
5995	1.075425e+00	6.764664e-09	
5996	1.075450e+00	6.765416e-09	
5997	1.075500e+00	6.776733e-09	
5998	1.075513e+00	6.779084e-09	
5999	1.075538e+00	6.780278e-09	
6000	1.075544e+00	6.786979e-09	
6001	1.075557e+00	6.799065e-09	
6002	1.075582e+00	6.868769e-09	
6003	1.075632e+00	7.032152e-09	
6004	1.075641e+00	6.847729e-09	
6005	1.075659e+00	6.819602e-09	
6006	1.075664e+00	6.817708e-09	
6007	1.075673e+00	6.819496e-09	
6008	1.075692e+00	6.828587e-09	
6009	1.075729e+00	6.845627e-09	
6010	1.075803e+00	6.812468e-09	
6011	1.075952e+00	6.836702e-09	
6012	1.076147e+00	6.820220e-09	
6013	1.076347e+00	6.757353e-09	
6014	1.076547e+00	6.694951e-09	
6015	1.076747e+00	6.646609e-09	
6016	1.076947e+00	6.611617e-09	
6017	1.077147e+00	6.585974e-09	
6018	1.077347e+00	6.565553e-09	
6019	1.077547e+00	6.547629e-09	
6020	1.077747e+00	6.530310e-09	
6021	1.077778e+00	6.527609e-09	
6022	1.077798e+00	6.527512e-09	
6023	1.077838e+00	6.527758e-09	
6024	1.077918e+00	6.530113e-09	
6025	1.078078e+00	6.535721e-09	
6026	1.078278e+00	6.541310e-09	
6027	1.078478e+00	6.544833e-09	
6028	1.078678e+00	6.546273e-09	

Index   time            -i(vdd)         
--------------------------------------------------------------------------------
6029	1.078878e+00	6.545560e-09	
6030	1.079078e+00	6.542712e-09	
6031	1.079278e+00	6.537881e-09	
6032	1.079478e+00	6.531426e-09	
6033	1.079678e+00	6.523766e-09	
6034	1.079878e+00	6.515383e-09	
6035	1.080078e+00	6.506657e-09	
6036	1.080278e+00	6.497917e-09	
6037	1.080478e+00	6.489379e-09	
6038	1.080678e+00	6.481224e-09	
6039	1.080878e+00	6.473543e-09	
6040	1.081078e+00	6.466410e-09	
6041	1.081278e+00	6.459835e-09	
6042	1.081478e+00	6.453832e-09	
6043	1.081678e+00	6.448376e-09	
6044	1.081878e+00	6.443478e-09	
6045	1.082078e+00	6.439062e-09	
6046	1.082278e+00	6.435142e-09	
6047	1.082478e+00	6.431654e-09	
6048	1.082678e+00	6.428608e-09	
6049	1.082878e+00	6.425948e-09	
6050	1.083078e+00	6.423663e-09	
6051	1.083278e+00	6.421717e-09	
6052	1.083478e+00	6.420102e-09	
6053	1.083678e+00	6.418773e-09	
6054	1.083878e+00	6.417735e-09	
6055	1.084078e+00	6.416945e-09	
6056	1.084278e+00	6.416395e-09	
6057	1.084478e+00	6.416040e-09	
6058	1.084678e+00	6.415873e-09	
6059	1.084878e+00	6.415874e-09	
6060	1.085078e+00	6.416016e-09	
6061	1.085278e+00	6.416272e-09	
6062	1.085478e+00	6.416629e-09	
6063	1.085678e+00	6.417061e-09	
6064	1.085878e+00	6.417544e-09	
6065	1.086078e+00	6.418056e-09	
6066	1.086278e+00	6.418569e-09	
6067	1.086478e+00	6.419076e-09	
6068	1.086678e+00	6.419546e-09	
6069	1.086878e+00	6.419968e-09	
6070	1.087078e+00	6.420309e-09	
6071	1.087278e+00	6.420563e-09	
6072	1.087478e+00	6.420719e-09	
6073	1.087678e+00	6.420744e-09	
6074	1.087878e+00	6.420643e-09	
6075	1.088078e+00	6.420384e-09	
6076	1.088278e+00	6.419973e-09	
6077	1.088478e+00	6.419397e-09	
6078	1.088678e+00	6.418666e-09	
6079	1.088789e+00	6.418175e-09	
6080	1.088799e+00	6.212808e-09	
6081	1.088819e+00	6.907951e-09	
6082	1.088824e+00	8.116508e-09	
6083	1.088834e+00	9.358169e-08	
6084	1.088835e+00	1.640981e-08	
6085	1.088836e+00	8.134861e-09	
6086	1.088837e+00	8.605067e-09	

Index   time            -i(vdd)         
--------------------------------------------------------------------------------
6087	1.088838e+00	9.523412e-09	
6088	1.088841e+00	1.017603e-08	
6089	1.088845e+00	1.031590e-08	
6090	1.088848e+00	1.013752e-08	
6091	1.088851e+00	1.085444e-08	
6092	1.088852e+00	9.764654e-09	
6093	1.088853e+00	7.289654e-09	
6094	1.088854e+00	7.106566e-09	
6095	1.088855e+00	6.778889e-09	
6096	1.088855e+00	6.836358e-09	
6097	1.088856e+00	6.855388e-09	
6098	1.088856e+00	6.862968e-09	
6099	1.088857e+00	6.861069e-09	
6100	1.088858e+00	6.852561e-09	
6101	1.088859e+00	6.846466e-09	
6102	1.088861e+00	6.838716e-09	
6103	1.088866e+00	6.829926e-09	
6104	1.088875e+00	6.820539e-09	
6105	1.088889e+00	6.809698e-09	
6106	1.088889e+00	6.937462e-09	
6107	1.088889e+00	6.941121e-09	
6108	1.088889e+00	6.939837e-09	
6109	1.088889e+00	6.939370e-09	
6110	1.088889e+00	6.941257e-09	
6111	1.088889e+00	6.941390e-09	
6112	1.088889e+00	6.941302e-09	
6113	1.088889e+00	6.941174e-09	
6114	1.088889e+00	6.941185e-09	
6115	1.088890e+00	6.941470e-09	
6116	1.088890e+00	6.942232e-09	
6117	1.088891e+00	6.943794e-09	
6118	1.088893e+00	6.946989e-09	
6119	1.088897e+00	6.954215e-09	
6120	1.088905e+00	6.973895e-09	
6121	1.088922e+00	7.046041e-09	
6122	1.088955e+00	8.439049e-09	
6123	1.089009e+00	2.162182e-07	
6124	1.089050e+00	2.236883e-07	
6125	1.089090e+00	2.239908e-07	
6126	1.089117e+00	2.240706e-07	
6127	1.089142e+00	2.240929e-07	
6128	1.089193e+00	2.241054e-07	
6129	1.089294e+00	2.240918e-07	
6130	1.089487e+00	2.240273e-07	
6131	1.089687e+00	2.239371e-07	
6132	1.089887e+00	2.206749e-07	
6133	1.090087e+00	2.173902e-07	
6134	1.090287e+00	2.173143e-07	
6135	1.090487e+00	2.172354e-07	
6136	1.090687e+00	2.171763e-07	
6137	1.090887e+00	2.170089e-07	
6138	1.091087e+00	2.157262e-07	
6139	1.091258e+00	2.209001e-07	
6140	1.091434e+00	2.324276e-07	
6141	1.091609e+00	2.515826e-07	
6142	1.091779e+00	2.852515e-07	
6143	1.091979e+00	3.584804e-07	
6144	1.092179e+00	4.910686e-07	

Index   time            -i(vdd)         
--------------------------------------------------------------------------------
6145	1.092379e+00	7.131259e-07	
6146	1.092579e+00	1.052275e-06	
6147	1.092779e+00	1.478624e-06	
6148	1.092979e+00	1.903385e-06	
6149	1.093179e+00	2.309528e-06	
6150	1.093379e+00	2.718183e-06	
6151	1.093579e+00	3.151435e-06	
6152	1.093779e+00	3.599973e-06	
6153	1.093889e+00	3.833688e-06	
6154	1.093899e+00	3.736688e-06	
6155	1.093919e+00	2.092217e-06	
6156	1.093936e+00	3.142468e-07	
6157	1.093955e+00	1.268940e-08	
6158	1.093957e+00	1.134101e-08	
6159	1.093962e+00	9.429036e-09	
6160	1.093969e+00	8.391685e-09	
6161	1.093977e+00	8.002320e-09	
6162	1.093989e+00	7.641931e-09	
6163	1.093990e+00	7.382432e-09	
6164	1.093994e+00	7.317969e-09	
6165	1.094000e+00	7.205745e-09	
6166	1.094012e+00	7.033459e-09	
6167	1.094038e+00	6.806116e-09	
6168	1.094088e+00	6.566092e-09	
6169	1.094188e+00	6.418814e-09	
6170	1.094355e+00	6.408513e-09	
6171	1.094555e+00	6.729541e-09	
6172	1.094755e+00	9.342679e-09	
6173	1.094955e+00	9.320771e-09	
6174	1.095155e+00	9.302709e-09	
6175	1.095355e+00	9.278472e-09	
6176	1.095555e+00	9.250985e-09	
6177	1.095755e+00	8.612772e-09	
6178	1.095955e+00	7.111182e-09	
6179	1.096155e+00	7.257174e-09	
6180	1.096355e+00	8.254660e-09	
6181	1.096555e+00	7.212007e-09	
6182	1.096755e+00	7.123276e-09	
6183	1.096955e+00	7.047835e-09	
6184	1.097155e+00	6.983745e-09	
6185	1.097355e+00	6.924050e-09	
6186	1.097555e+00	6.866495e-09	
6187	1.097755e+00	6.811312e-09	
6188	1.097955e+00	6.759117e-09	
6189	1.098155e+00	6.709762e-09	
6190	1.098355e+00	6.663286e-09	
6191	1.098555e+00	6.619499e-09	
6192	1.098755e+00	6.578130e-09	
6193	1.098955e+00	6.539056e-09	
6194	1.099155e+00	6.502268e-09	
6195	1.099355e+00	6.468701e-09	
6196	1.099555e+00	6.449984e-09	
6197	1.099755e+00	6.791701e-09	
6198	1.099955e+00	6.946423e-09	
6199	1.100000e+00	6.952450e-09	
6200	1.100020e+00	6.967195e-09	
6201	1.100060e+00	7.010238e-09	
6202	1.100140e+00	7.171786e-09	

Index   time            -i(vdd)         
--------------------------------------------------------------------------------
6203	1.100300e+00	7.856556e-09	
6204	1.100325e+00	7.952915e-09	
6205	1.100375e+00	7.829634e-09	
6206	1.100448e+00	7.933706e-09	
6207	1.100526e+00	8.138196e-09	
6208	1.100541e+00	8.168130e-09	
6209	1.100570e+00	8.213099e-09	
6210	1.100628e+00	8.230824e-09	
6211	1.100744e+00	8.498649e-09	
6212	1.100901e+00	8.469613e-09	
6213	1.101101e+00	8.003848e-09	
6214	1.101301e+00	7.955178e-09	
6215	1.101501e+00	7.851633e-09	
6216	1.101701e+00	7.846209e-09	
6217	1.101901e+00	7.861522e-09	
6218	1.102101e+00	7.865988e-09	
6219	1.102301e+00	7.864949e-09	
6220	1.102501e+00	7.853786e-09	
6221	1.102701e+00	7.834323e-09	
6222	1.102901e+00	7.809306e-09	
6223	1.103101e+00	7.792282e-09	
6224	1.103301e+00	8.120810e-09	
6225	1.103304e+00	8.124133e-09	
6226	1.103310e+00	8.130742e-09	
6227	1.103322e+00	8.133635e-09	
6228	1.103347e+00	8.123876e-09	
6229	1.103397e+00	7.826401e-09	
6230	1.103461e+00	7.746726e-09	
6231	1.103565e+00	7.719404e-09	
6232	1.103765e+00	7.672072e-09	
6233	1.103965e+00	7.639305e-09	
6234	1.104165e+00	7.611558e-09	
6235	1.104365e+00	7.585199e-09	
6236	1.104565e+00	7.559595e-09	
6237	1.104765e+00	7.534702e-09	
6238	1.104965e+00	7.510479e-09	
6239	1.105165e+00	7.486816e-09	
6240	1.105365e+00	7.463680e-09	
6241	1.105565e+00	7.441037e-09	
6242	1.105765e+00	7.418913e-09	
6243	1.105965e+00	7.397343e-09	
6244	1.106165e+00	7.376361e-09	
6245	1.106365e+00	7.355997e-09	
6246	1.106565e+00	7.336329e-09	
6247	1.106765e+00	7.317366e-09	
6248	1.106965e+00	7.299161e-09	
6249	1.107165e+00	7.281745e-09	
6250	1.107365e+00	7.265134e-09	
6251	1.107565e+00	7.249338e-09	
6252	1.107765e+00	7.234366e-09	
6253	1.107965e+00	7.220217e-09	
6254	1.108165e+00	7.206867e-09	
6255	1.108365e+00	7.194299e-09	
6256	1.108565e+00	7.182505e-09	
6257	1.108765e+00	7.171436e-09	
6258	1.108965e+00	7.161073e-09	
6259	1.109165e+00	7.151355e-09	
6260	1.109365e+00	7.142259e-09	

Index   time            -i(vdd)         
--------------------------------------------------------------------------------
6261	1.109565e+00	7.133698e-09	
6262	1.109765e+00	7.125629e-09	
6263	1.109965e+00	7.117951e-09	
6264	1.110165e+00	7.110546e-09	
6265	1.110365e+00	7.103217e-09	
6266	1.110565e+00	7.095714e-09	
6267	1.110765e+00	7.087568e-09	
6268	1.110965e+00	7.078089e-09	
6269	1.111111e+00	7.069666e-09	
6270	1.111131e+00	7.068332e-09	
6271	1.111171e+00	7.065499e-09	
6272	1.111251e+00	7.059181e-09	
6273	1.111411e+00	7.043949e-09	
6274	1.111611e+00	7.019946e-09	
6275	1.111811e+00	6.990872e-09	
6276	1.112011e+00	6.958718e-09	
6277	1.112211e+00	6.926427e-09	
6278	1.112411e+00	6.896735e-09	
6279	1.112611e+00	6.871323e-09	
6280	1.112811e+00	6.850747e-09	
6281	1.113011e+00	6.834694e-09	
6282	1.113211e+00	6.822458e-09	
6283	1.113411e+00	6.813199e-09	
6284	1.113611e+00	6.806171e-09	
6285	1.113811e+00	6.800750e-09	
6286	1.114011e+00	6.796495e-09	
6287	1.114211e+00	6.793060e-09	
6288	1.114411e+00	6.790221e-09	
6289	1.114611e+00	6.787811e-09	
6290	1.114811e+00	6.785715e-09	
6291	1.115011e+00	6.783871e-09	
6292	1.115211e+00	6.782213e-09	
6293	1.115411e+00	6.780706e-09	
6294	1.115611e+00	6.779355e-09	
6295	1.115811e+00	6.778101e-09	
6296	1.116011e+00	6.776961e-09	
6297	1.116211e+00	6.775907e-09	
6298	1.116411e+00	6.774948e-09	
6299	1.116611e+00	6.774060e-09	
6300	1.116811e+00	6.773261e-09	
6301	1.117011e+00	6.772525e-09	
6302	1.117211e+00	6.771859e-09	
6303	1.117411e+00	6.771256e-09	
6304	1.117611e+00	6.770727e-09	
6305	1.117811e+00	6.770244e-09	
6306	1.118011e+00	6.769822e-09	
6307	1.118211e+00	6.769454e-09	
6308	1.118411e+00	6.769150e-09	
6309	1.118611e+00	6.768883e-09	
6310	1.118811e+00	6.768686e-09	
6311	1.119011e+00	6.768524e-09	
6312	1.119211e+00	6.768413e-09	
6313	1.119411e+00	6.768338e-09	
6314	1.119611e+00	6.768319e-09	
6315	1.119811e+00	6.768339e-09	
6316	1.120011e+00	6.768396e-09	
6317	1.120211e+00	6.768491e-09	
6318	1.120411e+00	6.768630e-09	

Index   time            -i(vdd)         
--------------------------------------------------------------------------------
6319	1.120611e+00	6.768802e-09	
6320	1.120811e+00	6.769018e-09	
6321	1.121011e+00	6.769266e-09	
6322	1.121211e+00	6.769553e-09	
6323	1.121411e+00	6.769863e-09	
6324	1.121611e+00	6.770226e-09	
6325	1.121811e+00	6.770594e-09	
6326	1.122011e+00	6.771016e-09	
6327	1.122211e+00	6.771452e-09	
6328	1.122222e+00	6.771498e-09	
6329	1.122242e+00	6.771461e-09	
6330	1.122282e+00	6.771250e-09	
6331	1.122362e+00	6.770564e-09	
6332	1.122522e+00	6.768744e-09	
6333	1.122722e+00	6.766278e-09	
6334	1.122922e+00	6.763772e-09	
6335	1.123122e+00	6.761286e-09	
6336	1.123322e+00	6.758796e-09	
6337	1.123522e+00	6.756305e-09	
6338	1.123722e+00	6.753820e-09	
6339	1.123922e+00	6.751351e-09	
6340	1.124122e+00	6.748895e-09	
6341	1.124322e+00	6.746459e-09	
6342	1.124522e+00	6.744037e-09	
6343	1.124722e+00	6.741630e-09	
6344	1.124922e+00	6.739241e-09	
6345	1.125122e+00	6.736876e-09	
6346	1.125322e+00	6.734519e-09	
6347	1.125522e+00	6.732189e-09	
6348	1.125722e+00	6.729871e-09	
6349	1.125922e+00	6.727573e-09	
6350	1.126122e+00	6.725284e-09	
6351	1.126322e+00	6.723018e-09	
6352	1.126522e+00	6.720767e-09	
6353	1.126722e+00	6.718529e-09	
6354	1.126922e+00	6.716306e-09	
6355	1.127122e+00	6.714107e-09	
6356	1.127322e+00	6.711914e-09	
6357	1.127522e+00	6.709748e-09	
6358	1.127722e+00	6.707591e-09	
6359	1.127922e+00	6.705443e-09	
6360	1.128122e+00	6.703314e-09	
6361	1.128322e+00	6.701203e-09	
6362	1.128522e+00	6.699102e-09	
6363	1.128722e+00	6.697020e-09	
6364	1.128922e+00	6.694947e-09	
6365	1.129122e+00	6.692896e-09	
6366	1.129322e+00	6.690850e-09	
6367	1.129522e+00	6.688826e-09	
6368	1.129722e+00	6.686804e-09	
6369	1.129922e+00	6.684805e-09	
6370	1.130122e+00	6.682820e-09	
6371	1.130322e+00	6.680844e-09	
6372	1.130522e+00	6.678879e-09	
6373	1.130722e+00	6.676937e-09	
6374	1.130922e+00	6.674999e-09	
6375	1.131122e+00	6.673078e-09	
6376	1.131322e+00	6.671166e-09	

Index   time            -i(vdd)         
--------------------------------------------------------------------------------
6377	1.131522e+00	6.669271e-09	
6378	1.131722e+00	6.667384e-09	
6379	1.131922e+00	6.665512e-09	
6380	1.132122e+00	6.663650e-09	
6381	1.132322e+00	6.661808e-09	
6382	1.132522e+00	6.659964e-09	
6383	1.132722e+00	6.658142e-09	
6384	1.132922e+00	6.656329e-09	
6385	1.133122e+00	6.654530e-09	
6386	1.133322e+00	6.652738e-09	
6387	1.133333e+00	6.652656e-09	
6388	1.133353e+00	6.652532e-09	
6389	1.133393e+00	6.652330e-09	
6390	1.133473e+00	6.652142e-09	
6391	1.133633e+00	6.652160e-09	
6392	1.133833e+00	6.652485e-09	
6393	1.134033e+00	6.652872e-09	
6394	1.134233e+00	6.653274e-09	
6395	1.134433e+00	6.653685e-09	
6396	1.134633e+00	6.654114e-09	
6397	1.134833e+00	6.654562e-09	
6398	1.135033e+00	6.655035e-09	
6399	1.135233e+00	6.655506e-09	
6400	1.135433e+00	6.656001e-09	
6401	1.135633e+00	6.656497e-09	
6402	1.135833e+00	6.657021e-09	
6403	1.136033e+00	6.657535e-09	
6404	1.136233e+00	6.658071e-09	
6405	1.136433e+00	6.658614e-09	
6406	1.136633e+00	6.659171e-09	
6407	1.136833e+00	6.659732e-09	
6408	1.137033e+00	6.660303e-09	
6409	1.137233e+00	6.660888e-09	
6410	1.137433e+00	6.661480e-09	
6411	1.137633e+00	6.662082e-09	
6412	1.137833e+00	6.662695e-09	
6413	1.138033e+00	6.663308e-09	
6414	1.138233e+00	6.663942e-09	
6415	1.138433e+00	6.664578e-09	
6416	1.138633e+00	6.665227e-09	
6417	1.138833e+00	6.665879e-09	
6418	1.139033e+00	6.666545e-09	
6419	1.139233e+00	6.667217e-09	
6420	1.139433e+00	6.667899e-09	
6421	1.139633e+00	6.668585e-09	
6422	1.139833e+00	6.669284e-09	
6423	1.140033e+00	6.669987e-09	
6424	1.140233e+00	6.670703e-09	
6425	1.140433e+00	6.671420e-09	
6426	1.140633e+00	6.672154e-09	
6427	1.140833e+00	6.672888e-09	
6428	1.141033e+00	6.673633e-09	
6429	1.141233e+00	6.674383e-09	
6430	1.141433e+00	6.675143e-09	
6431	1.141633e+00	6.675905e-09	
6432	1.141833e+00	6.676680e-09	
6433	1.142033e+00	6.677455e-09	
6434	1.142233e+00	6.678244e-09	

Index   time            -i(vdd)         
--------------------------------------------------------------------------------
6435	1.142433e+00	6.679034e-09	
6436	1.142633e+00	6.679830e-09	
6437	1.142833e+00	6.680627e-09	
6438	1.143033e+00	6.681439e-09	
6439	1.143233e+00	6.682255e-09	
6440	1.143433e+00	6.683074e-09	
6441	1.143633e+00	6.683900e-09	
6442	1.143833e+00	6.684730e-09	
6443	1.144033e+00	6.685563e-09	
6444	1.144233e+00	6.686403e-09	
6445	1.144433e+00	6.687246e-09	
6446	1.144444e+00	6.687308e-09	
6447	1.144464e+00	6.687368e-09	
6448	1.144504e+00	6.687451e-09	
6449	1.144584e+00	6.687543e-09	
6450	1.144744e+00	6.687527e-09	
6451	1.144944e+00	6.687444e-09	
6452	1.145144e+00	6.687285e-09	
6453	1.145344e+00	6.687124e-09	
6454	1.145544e+00	6.686942e-09	
6455	1.145744e+00	6.686758e-09	
6456	1.145944e+00	6.686561e-09	
6457	1.146144e+00	6.686371e-09	
6458	1.146344e+00	6.686173e-09	
6459	1.146544e+00	6.685986e-09	
6460	1.146744e+00	6.685794e-09	
6461	1.146944e+00	6.685609e-09	
6462	1.147144e+00	6.685418e-09	
6463	1.147344e+00	6.685233e-09	
6464	1.147544e+00	6.685036e-09	
6465	1.147744e+00	6.684861e-09	
6466	1.147944e+00	6.684675e-09	
6467	1.148144e+00	6.684492e-09	
6468	1.148344e+00	6.684309e-09	
6469	1.148544e+00	6.684122e-09	
6470	1.148744e+00	6.683944e-09	
6471	1.148944e+00	6.683767e-09	
6472	1.149144e+00	6.683582e-09	
6473	1.149344e+00	6.683400e-09	
6474	1.149544e+00	6.683217e-09	
6475	1.149744e+00	6.683035e-09	
6476	1.149944e+00	6.682856e-09	
6477	1.150144e+00	6.682682e-09	
6478	1.150344e+00	6.682494e-09	
6479	1.150544e+00	6.682315e-09	
6480	1.150744e+00	6.682123e-09	
6481	1.150944e+00	6.681949e-09	
6482	1.151144e+00	6.681755e-09	
6483	1.151344e+00	6.681569e-09	
6484	1.151544e+00	6.681377e-09	
6485	1.151744e+00	6.681185e-09	
6486	1.151944e+00	6.680991e-09	
6487	1.152144e+00	6.680789e-09	
6488	1.152344e+00	6.680577e-09	
6489	1.152544e+00	6.680371e-09	
6490	1.152744e+00	6.680149e-09	
6491	1.152944e+00	6.679932e-09	
6492	1.153144e+00	6.679690e-09	

Index   time            -i(vdd)         
--------------------------------------------------------------------------------
6493	1.153344e+00	6.679449e-09	
6494	1.153544e+00	6.679187e-09	
6495	1.153744e+00	6.678918e-09	
6496	1.153944e+00	6.678622e-09	
6497	1.154144e+00	6.678319e-09	
6498	1.154344e+00	6.677979e-09	
6499	1.154544e+00	6.677629e-09	
6500	1.154744e+00	6.677238e-09	
6501	1.154944e+00	6.676823e-09	
6502	1.155144e+00	6.676355e-09	
6503	1.155344e+00	6.675851e-09	
6504	1.155544e+00	6.675287e-09	
6505	1.155556e+00	6.675257e-09	
6506	1.155576e+00	6.675186e-09	
6507	1.155616e+00	6.674950e-09	
6508	1.155696e+00	6.674443e-09	
6509	1.155856e+00	6.673381e-09	
6510	1.156056e+00	6.672376e-09	
6511	1.156256e+00	6.671710e-09	
6512	1.156456e+00	6.671365e-09	
6513	1.156656e+00	6.671162e-09	
6514	1.156856e+00	6.670960e-09	
6515	1.157056e+00	6.670660e-09	
6516	1.157256e+00	6.670143e-09	
6517	1.157456e+00	6.669400e-09	
6518	1.157656e+00	6.668393e-09	
6519	1.157856e+00	6.667169e-09	
6520	1.158056e+00	6.665750e-09	
6521	1.158256e+00	6.664227e-09	
6522	1.158456e+00	6.662673e-09	
6523	1.158656e+00	6.661188e-09	
6524	1.158856e+00	6.659779e-09	
6525	1.159056e+00	6.658449e-09	
6526	1.159256e+00	6.656965e-09	
6527	1.159456e+00	6.655314e-09	
6528	1.159656e+00	6.653679e-09	
6529	1.159856e+00	6.652161e-09	
6530	1.160056e+00	6.650755e-09	
6531	1.160256e+00	6.649447e-09	
6532	1.160456e+00	6.648183e-09	
6533	1.160656e+00	6.646951e-09	
6534	1.160856e+00	6.645721e-09	
6535	1.161056e+00	6.644512e-09	
6536	1.161256e+00	6.643289e-09	
6537	1.161456e+00	6.642081e-09	
6538	1.161656e+00	6.640867e-09	
6539	1.161856e+00	6.639659e-09	
6540	1.162056e+00	6.638449e-09	
6541	1.162256e+00	6.637245e-09	
6542	1.162456e+00	6.636017e-09	
6543	1.162656e+00	6.634786e-09	
6544	1.162856e+00	6.633543e-09	
6545	1.163056e+00	6.632308e-09	
6546	1.163256e+00	6.631067e-09	
6547	1.163456e+00	6.629858e-09	
6548	1.163656e+00	6.628662e-09	
6549	1.163856e+00	6.627490e-09	
6550	1.164056e+00	6.626325e-09	

Index   time            -i(vdd)         
--------------------------------------------------------------------------------
6551	1.164256e+00	6.625166e-09	
6552	1.164456e+00	6.624008e-09	
6553	1.164656e+00	6.622847e-09	
6554	1.164856e+00	6.621687e-09	
6555	1.165056e+00	6.620541e-09	
6556	1.165256e+00	6.619381e-09	
6557	1.165456e+00	6.618236e-09	
6558	1.165656e+00	6.617088e-09	
6559	1.165856e+00	6.615949e-09	
6560	1.166056e+00	6.614812e-09	
6561	1.166256e+00	6.613686e-09	
6562	1.166456e+00	6.612554e-09	
6563	1.166656e+00	6.611430e-09	
6564	1.166667e+00	6.611388e-09	
6565	1.166687e+00	6.611315e-09	
6566	1.166727e+00	6.611204e-09	
6567	1.166807e+00	6.611143e-09	
6568	1.166967e+00	6.611316e-09	
6569	1.167167e+00	6.611830e-09	
6570	1.167367e+00	6.612398e-09	
6571	1.167567e+00	6.613005e-09	
6572	1.167767e+00	6.613621e-09	
6573	1.167967e+00	6.614262e-09	
6574	1.168167e+00	6.614906e-09	
6575	1.168367e+00	6.615569e-09	
6576	1.168567e+00	6.616240e-09	
6577	1.168767e+00	6.616923e-09	
6578	1.168967e+00	6.617609e-09	
6579	1.169167e+00	6.618310e-09	
6580	1.169367e+00	6.619002e-09	
6581	1.169567e+00	6.619710e-09	
6582	1.169767e+00	6.620416e-09	
6583	1.169967e+00	6.621132e-09	
6584	1.170167e+00	6.621844e-09	
6585	1.170367e+00	6.622570e-09	
6586	1.170567e+00	6.623298e-09	
6587	1.170767e+00	6.624026e-09	
6588	1.170967e+00	6.624767e-09	
6589	1.171167e+00	6.625511e-09	
6590	1.171367e+00	6.626246e-09	
6591	1.171567e+00	6.626997e-09	
6592	1.171767e+00	6.627743e-09	
6593	1.171967e+00	6.628504e-09	
6594	1.172167e+00	6.629256e-09	
6595	1.172367e+00	6.630017e-09	
6596	1.172567e+00	6.630777e-09	
6597	1.172767e+00	6.631550e-09	
6598	1.172967e+00	6.632314e-09	
6599	1.173167e+00	6.633092e-09	
6600	1.173367e+00	6.633859e-09	
6601	1.173567e+00	6.634639e-09	
6602	1.173767e+00	6.635417e-09	
6603	1.173967e+00	6.636204e-09	
6604	1.174167e+00	6.636982e-09	
6605	1.174367e+00	6.637764e-09	
6606	1.174567e+00	6.638549e-09	
6607	1.174767e+00	6.639335e-09	
6608	1.174967e+00	6.640119e-09	

Index   time            -i(vdd)         
--------------------------------------------------------------------------------
6609	1.175167e+00	6.640904e-09	
6610	1.175367e+00	6.641686e-09	
6611	1.175567e+00	6.642470e-09	
6612	1.175767e+00	6.643245e-09	
6613	1.175967e+00	6.644019e-09	
6614	1.176167e+00	6.644773e-09	
6615	1.176367e+00	6.645517e-09	
6616	1.176567e+00	6.646229e-09	
6617	1.176767e+00	6.646904e-09	
6618	1.176967e+00	6.647516e-09	
6619	1.177167e+00	6.648023e-09	
6620	1.177367e+00	6.648320e-09	
6621	1.177567e+00	6.648272e-09	
6622	1.177767e+00	6.647551e-09	
6623	1.177778e+00	6.647448e-09	
6624	1.177798e+00	6.647306e-09	
6625	1.177838e+00	6.646917e-09	
6626	1.177918e+00	6.645940e-09	
6627	1.178078e+00	6.642883e-09	
6628	1.178278e+00	6.635926e-09	
6629	1.178478e+00	6.623041e-09	
6630	1.178678e+00	6.609517e-09	
6631	1.178878e+00	6.584509e-09	
6632	1.179078e+00	6.546822e-09	
6633	1.179278e+00	6.509569e-09	
6634	1.179478e+00	6.458539e-09	
6635	1.179678e+00	6.387580e-09	
6636	1.179878e+00	6.319493e-09	
6637	1.180078e+00	6.269069e-09	
6638	1.180278e+00	6.235605e-09	
6639	1.180478e+00	6.213897e-09	
6640	1.180678e+00	6.199537e-09	
6641	1.180878e+00	6.189739e-09	
6642	1.181078e+00	6.182821e-09	
6643	1.181278e+00	6.177796e-09	
6644	1.181478e+00	6.174023e-09	
6645	1.181678e+00	6.171105e-09	
6646	1.181878e+00	6.168769e-09	
6647	1.182078e+00	6.166883e-09	
6648	1.182278e+00	6.165341e-09	
6649	1.182478e+00	6.164080e-09	
6650	1.182678e+00	6.163052e-09	
6651	1.182878e+00	6.162203e-09	
6652	1.183078e+00	6.161504e-09	
6653	1.183278e+00	6.160934e-09	
6654	1.183478e+00	6.160469e-09	
6655	1.183678e+00	6.160097e-09	
6656	1.183878e+00	6.159799e-09	
6657	1.184078e+00	6.159564e-09	
6658	1.184278e+00	6.159392e-09	
6659	1.184478e+00	6.159278e-09	
6660	1.184678e+00	6.159198e-09	
6661	1.184878e+00	6.159172e-09	
6662	1.185078e+00	6.159164e-09	
6663	1.185278e+00	6.159201e-09	
6664	1.185478e+00	6.159264e-09	
6665	1.185678e+00	6.159358e-09	
6666	1.185878e+00	6.159467e-09	

Index   time            -i(vdd)         
--------------------------------------------------------------------------------
6667	1.186078e+00	6.159602e-09	
6668	1.186278e+00	6.159755e-09	
6669	1.186478e+00	6.159937e-09	
6670	1.186678e+00	6.160125e-09	
6671	1.186878e+00	6.160334e-09	
6672	1.187078e+00	6.160554e-09	
6673	1.187278e+00	6.160794e-09	
6674	1.187478e+00	6.161037e-09	
6675	1.187678e+00	6.161302e-09	
6676	1.187878e+00	6.161570e-09	
6677	1.188078e+00	6.161857e-09	
6678	1.188278e+00	6.162148e-09	
6679	1.188478e+00	6.162450e-09	
6680	1.188678e+00	6.162762e-09	
6681	1.188878e+00	6.163081e-09	
6682	1.188889e+00	6.163098e-09	
6683	1.188889e+00	6.329755e-09	
6684	1.188889e+00	6.328982e-09	
6685	1.188889e+00	6.328559e-09	
6686	1.188889e+00	6.328323e-09	
6687	1.188889e+00	6.328176e-09	
6688	1.188889e+00	6.328006e-09	
6689	1.188889e+00	6.327878e-09	
6690	1.188889e+00	6.327671e-09	
6691	1.188889e+00	6.327093e-09	
6692	1.188890e+00	6.326429e-09	
6693	1.188890e+00	6.325508e-09	
6694	1.188891e+00	6.324198e-09	
6695	1.188893e+00	6.322713e-09	
6696	1.188897e+00	6.320675e-09	
6697	1.188905e+00	6.316973e-09	
6698	1.188922e+00	6.305119e-09	
6699	1.188926e+00	6.305500e-09	
6700	1.188934e+00	6.309564e-09	
6701	1.188950e+00	7.490519e-09	
6702	1.188975e+00	8.690299e-09	
6703	1.188989e+00	6.035124e-09	
6704	1.188991e+00	6.218269e-09	
6705	1.188996e+00	6.203776e-09	
6706	1.189005e+00	6.187487e-09	
6707	1.189023e+00	6.174911e-09	
6708	1.189060e+00	6.167410e-09	
6709	1.189133e+00	6.163706e-09	
6710	1.189280e+00	6.161651e-09	
6711	1.189480e+00	6.160415e-09	
6712	1.189680e+00	6.159394e-09	
6713	1.189880e+00	6.158401e-09	
6714	1.190080e+00	6.157406e-09	
6715	1.190280e+00	6.156416e-09	
6716	1.190480e+00	6.155431e-09	
6717	1.190680e+00	6.154440e-09	
6718	1.190880e+00	6.153468e-09	
6719	1.191080e+00	6.152487e-09	
6720	1.191280e+00	6.151524e-09	
6721	1.191480e+00	6.150560e-09	
6722	1.191680e+00	6.149607e-09	
6723	1.191880e+00	6.148671e-09	
6724	1.192080e+00	6.147744e-09	

Index   time            -i(vdd)         
--------------------------------------------------------------------------------
6725	1.192280e+00	6.146819e-09	
6726	1.192480e+00	6.145930e-09	
6727	1.192680e+00	6.145058e-09	
6728	1.192880e+00	6.144226e-09	
6729	1.193080e+00	6.143426e-09	
6730	1.193280e+00	6.142702e-09	
6731	1.193480e+00	6.142050e-09	
6732	1.193680e+00	6.141535e-09	
6733	1.193880e+00	6.141199e-09	
6734	1.194080e+00	6.141167e-09	
6735	1.194280e+00	6.141604e-09	
6736	1.194480e+00	6.142851e-09	
6737	1.194680e+00	6.145472e-09	
6738	1.194880e+00	6.150384e-09	
6739	1.195080e+00	6.158757e-09	
6740	1.195280e+00	6.172005e-09	
6741	1.195480e+00	6.192168e-09	
6742	1.195680e+00	6.222369e-09	
6743	1.195880e+00	6.266698e-09	
6744	1.196080e+00	6.330002e-09	
6745	1.196280e+00	6.419182e-09	
6746	1.196480e+00	6.539486e-09	
6747	1.196680e+00	6.657029e-09	
6748	1.196880e+00	6.709138e-09	
6749	1.197080e+00	6.707444e-09	
6750	1.197280e+00	6.690421e-09	
6751	1.197480e+00	6.672828e-09	
6752	1.197680e+00	6.658731e-09	
6753	1.197880e+00	6.648587e-09	
6754	1.198080e+00	6.642073e-09	
6755	1.198280e+00	6.637043e-09	
6756	1.198480e+00	6.632387e-09	
6757	1.198680e+00	6.628276e-09	
6758	1.198880e+00	6.626105e-09	
6759	1.199080e+00	6.624411e-09	
6760	1.199280e+00	6.622913e-09	
6761	1.199480e+00	6.621597e-09	
6762	1.199680e+00	6.620400e-09	
6763	1.199880e+00	6.619277e-09	
6764	1.200000e+00	6.618660e-09	
6765	1.200020e+00	6.618599e-09	
6766	1.200060e+00	6.618486e-09	
6767	1.200140e+00	6.618418e-09	
6768	1.200300e+00	6.618539e-09	
6769	1.200500e+00	6.618939e-09	
6770	1.200700e+00	6.619377e-09	
6771	1.200900e+00	6.619862e-09	
6772	1.201100e+00	6.620354e-09	
6773	1.201300e+00	6.620870e-09	
6774	1.201500e+00	6.621390e-09	
6775	1.201700e+00	6.621926e-09	
6776	1.201900e+00	6.622462e-09	
6777	1.202100e+00	6.623009e-09	
6778	1.202300e+00	6.623547e-09	
6779	1.202500e+00	6.624097e-09	
6780	1.202700e+00	6.624647e-09	
6781	1.202900e+00	6.625202e-09	
6782	1.203100e+00	6.625750e-09	

Index   time            -i(vdd)         
--------------------------------------------------------------------------------
6783	1.203300e+00	6.626310e-09	
6784	1.203500e+00	6.626863e-09	
6785	1.203700e+00	6.627427e-09	
6786	1.203900e+00	6.627981e-09	
6787	1.204100e+00	6.628541e-09	
6788	1.204300e+00	6.629099e-09	
6789	1.204500e+00	6.629664e-09	
6790	1.204700e+00	6.630223e-09	
6791	1.204900e+00	6.630791e-09	
6792	1.205100e+00	6.631351e-09	
6793	1.205300e+00	6.631924e-09	
6794	1.205500e+00	6.632479e-09	
6795	1.205700e+00	6.633048e-09	
6796	1.205900e+00	6.633612e-09	
6797	1.206100e+00	6.634180e-09	
6798	1.206300e+00	6.634737e-09	
6799	1.206500e+00	6.635310e-09	
6800	1.206700e+00	6.635866e-09	
6801	1.206900e+00	6.636434e-09	
6802	1.207100e+00	6.636989e-09	
6803	1.207300e+00	6.637544e-09	
6804	1.207500e+00	6.638088e-09	
6805	1.207700e+00	6.638633e-09	
6806	1.207900e+00	6.639161e-09	
6807	1.208100e+00	6.639682e-09	
6808	1.208300e+00	6.640178e-09	
6809	1.208500e+00	6.640647e-09	
6810	1.208700e+00	6.641058e-09	
6811	1.208900e+00	6.641412e-09	
6812	1.209100e+00	6.641643e-09	
6813	1.209300e+00	6.641701e-09	
6814	1.209500e+00	6.641461e-09	
6815	1.209700e+00	6.640755e-09	
6816	1.209900e+00	6.639272e-09	
6817	1.210100e+00	6.636512e-09	
6818	1.210300e+00	6.631676e-09	
6819	1.210500e+00	6.622135e-09	
6820	1.210700e+00	6.607851e-09	
6821	1.210900e+00	6.591006e-09	
6822	1.211100e+00	6.565274e-09	
6823	1.211111e+00	6.563948e-09	
6824	1.211131e+00	6.561078e-09	
6825	1.211171e+00	6.555668e-09	
6826	1.211251e+00	6.545374e-09	
6827	1.211411e+00	6.521947e-09	
6828	1.211611e+00	6.478082e-09	
6829	1.211811e+00	6.415561e-09	
6830	1.212011e+00	6.350289e-09	
6831	1.212211e+00	6.296185e-09	
6832	1.212411e+00	6.256446e-09	
6833	1.212611e+00	6.228782e-09	
6834	1.212811e+00	6.209745e-09	
6835	1.213011e+00	6.196556e-09	
6836	1.213211e+00	6.187272e-09	
6837	1.213411e+00	6.180572e-09	
6838	1.213611e+00	6.175653e-09	
6839	1.213811e+00	6.171965e-09	
6840	1.214011e+00	6.169153e-09	

Index   time            -i(vdd)         
--------------------------------------------------------------------------------
6841	1.214211e+00	6.166946e-09	
6842	1.214411e+00	6.165203e-09	
6843	1.214611e+00	6.163791e-09	
6844	1.214811e+00	6.162653e-09	
6845	1.215011e+00	6.161731e-09	
6846	1.215211e+00	6.161002e-09	
6847	1.215411e+00	6.160415e-09	
6848	1.215611e+00	6.159956e-09	
6849	1.215811e+00	6.159604e-09	
6850	1.216011e+00	6.159344e-09	
6851	1.216211e+00	6.159154e-09	
6852	1.216411e+00	6.159044e-09	
6853	1.216611e+00	6.158974e-09	
6854	1.216811e+00	6.158972e-09	
6855	1.217011e+00	6.159007e-09	
6856	1.217211e+00	6.159084e-09	
6857	1.217411e+00	6.159196e-09	
6858	1.217611e+00	6.159344e-09	
6859	1.217811e+00	6.159519e-09	
6860	1.218011e+00	6.159723e-09	
6861	1.218211e+00	6.159947e-09	
6862	1.218411e+00	6.160192e-09	
6863	1.218611e+00	6.160462e-09	
6864	1.218811e+00	6.160752e-09	
6865	1.219011e+00	6.161047e-09	
6866	1.219211e+00	6.161375e-09	
6867	1.219411e+00	6.161704e-09	
6868	1.219611e+00	6.162055e-09	
6869	1.219811e+00	6.162414e-09	
6870	1.220011e+00	6.162788e-09	
6871	1.220211e+00	6.163167e-09	
6872	1.220411e+00	6.163565e-09	
6873	1.220611e+00	6.163966e-09	
6874	1.220811e+00	6.164380e-09	
6875	1.221011e+00	6.164804e-09	
6876	1.221211e+00	6.165239e-09	
6877	1.221411e+00	6.165671e-09	
6878	1.221611e+00	6.166123e-09	
6879	1.221811e+00	6.166575e-09	
6880	1.222011e+00	6.167038e-09	
6881	1.222211e+00	6.167498e-09	
6882	1.222222e+00	6.167553e-09	
6883	1.222242e+00	6.167564e-09	
6884	1.222282e+00	6.167504e-09	
6885	1.222362e+00	6.167316e-09	
6886	1.222522e+00	6.166711e-09	
6887	1.222722e+00	6.165838e-09	
6888	1.222922e+00	6.164875e-09	
6889	1.223122e+00	6.163908e-09	
6890	1.223322e+00	6.162918e-09	
6891	1.223522e+00	6.161931e-09	
6892	1.223722e+00	6.160934e-09	
6893	1.223922e+00	6.159947e-09	
6894	1.224122e+00	6.158954e-09	
6895	1.224322e+00	6.157978e-09	
6896	1.224522e+00	6.156995e-09	
6897	1.224722e+00	6.156030e-09	
6898	1.224922e+00	6.155059e-09	

Index   time            -i(vdd)         
--------------------------------------------------------------------------------
6899	1.225122e+00	6.154105e-09	
6900	1.225322e+00	6.153148e-09	
6901	1.225522e+00	6.152207e-09	
6902	1.225722e+00	6.151262e-09	
6903	1.225922e+00	6.150332e-09	
6904	1.226122e+00	6.149414e-09	
6905	1.226322e+00	6.148502e-09	
6906	1.226522e+00	6.147607e-09	
6907	1.226722e+00	6.146729e-09	
6908	1.226922e+00	6.145868e-09	
6909	1.227122e+00	6.145024e-09	
6910	1.227322e+00	6.144211e-09	
6911	1.227522e+00	6.143441e-09	
6912	1.227722e+00	6.142711e-09	
6913	1.227922e+00	6.142041e-09	
6914	1.228122e+00	6.141455e-09	
6915	1.228322e+00	6.140988e-09	
6916	1.228522e+00	6.140682e-09	
6917	1.228722e+00	6.140621e-09	
6918	1.228922e+00	6.140912e-09	
6919	1.229122e+00	6.141752e-09	
6920	1.229322e+00	6.143401e-09	
6921	1.229522e+00	6.146266e-09	
6922	1.229722e+00	6.150790e-09	
6923	1.229922e+00	6.157597e-09	
6924	1.230122e+00	6.167442e-09	
6925	1.230322e+00	6.181483e-09	
6926	1.230522e+00	6.201285e-09	
6927	1.230722e+00	6.228899e-09	
6928	1.230922e+00	6.266945e-09	
6929	1.231122e+00	6.318997e-09	
6930	1.231322e+00	6.391067e-09	
6931	1.231522e+00	6.487484e-09	
6932	1.231722e+00	6.590105e-09	
6933	1.231922e+00	6.657939e-09	
6934	1.232122e+00	6.680697e-09	
6935	1.232322e+00	6.681597e-09	
6936	1.232522e+00	6.674454e-09	
6937	1.232722e+00	6.665144e-09	
6938	1.232922e+00	6.656067e-09	
6939	1.233122e+00	6.648963e-09	
6940	1.233322e+00	6.644455e-09	
6941	1.233333e+00	6.644155e-09	
6942	1.233353e+00	6.643583e-09	
6943	1.233393e+00	6.641914e-09	
6944	1.233473e+00	6.637630e-09	
6945	1.233633e+00	6.633916e-09	
6946	1.233833e+00	6.631063e-09	
6947	1.234033e+00	6.628460e-09	
6948	1.234233e+00	6.626442e-09	
6949	1.234433e+00	6.624888e-09	
6950	1.234633e+00	6.623686e-09	
6951	1.234833e+00	6.622696e-09	
6952	1.235033e+00	6.621873e-09	
6953	1.235233e+00	6.621154e-09	
6954	1.235433e+00	6.620507e-09	
6955	1.235633e+00	6.619901e-09	
6956	1.235833e+00	6.619346e-09	

Index   time            -i(vdd)         
--------------------------------------------------------------------------------
6957	1.236033e+00	6.618802e-09	
6958	1.236233e+00	6.618283e-09	
6959	1.236433e+00	6.617772e-09	
6960	1.236633e+00	6.617279e-09	
6961	1.236833e+00	6.616784e-09	
6962	1.237033e+00	6.616307e-09	
6963	1.237233e+00	6.615820e-09	
6964	1.237433e+00	6.615352e-09	
6965	1.237633e+00	6.614874e-09	
6966	1.237833e+00	6.614409e-09	
6967	1.238033e+00	6.613938e-09	
6968	1.238233e+00	6.613475e-09	
6969	1.238433e+00	6.612999e-09	
6970	1.238633e+00	6.612542e-09	
6971	1.238833e+00	6.612068e-09	
6972	1.239033e+00	6.611610e-09	
6973	1.239233e+00	6.611139e-09	
6974	1.239433e+00	6.610679e-09	
6975	1.239633e+00	6.610209e-09	
6976	1.239833e+00	6.609746e-09	
6977	1.240033e+00	6.609273e-09	
6978	1.240233e+00	6.608809e-09	
6979	1.240433e+00	6.608329e-09	
6980	1.240633e+00	6.607864e-09	
6981	1.240833e+00	6.607379e-09	
6982	1.241033e+00	6.606913e-09	
6983	1.241233e+00	6.606427e-09	
6984	1.241433e+00	6.605960e-09	
6985	1.241633e+00	6.605481e-09	
6986	1.241833e+00	6.605017e-09	
6987	1.242033e+00	6.604542e-09	
6988	1.242233e+00	6.604078e-09	
6989	1.242433e+00	6.603608e-09	
6990	1.242633e+00	6.603151e-09	
6991	1.242833e+00	6.602680e-09	
6992	1.243033e+00	6.602222e-09	
6993	1.243233e+00	6.601752e-09	
6994	1.243433e+00	6.601293e-09	
6995	1.243633e+00	6.600827e-09	
6996	1.243833e+00	6.600371e-09	
6997	1.244033e+00	6.599906e-09	
6998	1.244233e+00	6.599453e-09	
6999	1.244433e+00	6.598990e-09	
7000	1.244444e+00	6.598995e-09	
7001	1.244464e+00	6.598979e-09	
7002	1.244504e+00	6.598969e-09	
7003	1.244584e+00	6.599096e-09	
7004	1.244744e+00	6.599602e-09	
7005	1.244944e+00	6.600460e-09	
7006	1.245144e+00	6.601331e-09	
7007	1.245344e+00	6.602231e-09	
7008	1.245544e+00	6.603117e-09	
7009	1.245744e+00	6.604015e-09	
7010	1.245944e+00	6.604910e-09	
7011	1.246144e+00	6.605817e-09	
7012	1.246344e+00	6.606722e-09	
7013	1.246544e+00	6.607645e-09	
7014	1.246744e+00	6.608560e-09	

Index   time            -i(vdd)         
--------------------------------------------------------------------------------
7015	1.246944e+00	6.609486e-09	
7016	1.247144e+00	6.610407e-09	
7017	1.247344e+00	6.611346e-09	
7018	1.247544e+00	6.612274e-09	
7019	1.247744e+00	6.613219e-09	
7020	1.247944e+00	6.614157e-09	
7021	1.248144e+00	6.615104e-09	
7022	1.248344e+00	6.616046e-09	
7023	1.248544e+00	6.616996e-09	
7024	1.248744e+00	6.617944e-09	
7025	1.248944e+00	6.618901e-09	
7026	1.249144e+00	6.619853e-09	
7027	1.249344e+00	6.620807e-09	
7028	1.249544e+00	6.621754e-09	
7029	1.249744e+00	6.622707e-09	
7030	1.249944e+00	6.623654e-09	
7031	1.250144e+00	6.624600e-09	
7032	1.250344e+00	6.625524e-09	
7033	1.250544e+00	6.626445e-09	
7034	1.250744e+00	6.627331e-09	
7035	1.250944e+00	6.628186e-09	
7036	1.251144e+00	6.628962e-09	
7037	1.251344e+00	6.629617e-09	
7038	1.251544e+00	6.630013e-09	
7039	1.251744e+00	6.629903e-09	
7040	1.251944e+00	6.628709e-09	
7041	1.252144e+00	6.625188e-09	
7042	1.252344e+00	6.616751e-09	
7043	1.252544e+00	6.597679e-09	
7044	1.252744e+00	6.552790e-09	
7045	1.252944e+00	6.503694e-09	
7046	1.253144e+00	6.451548e-09	
7047	1.253344e+00	6.377019e-09	
7048	1.253544e+00	6.299869e-09	
7049	1.253744e+00	6.245722e-09	
7050	1.253944e+00	6.213238e-09	
7051	1.254144e+00	6.193961e-09	
7052	1.254344e+00	6.182071e-09	
7053	1.254544e+00	6.174426e-09	
7054	1.254744e+00	6.169210e-09	
7055	1.254944e+00	6.165423e-09	
7056	1.255144e+00	6.162653e-09	
7057	1.255344e+00	6.160587e-09	
7058	1.255544e+00	6.159095e-09	
7059	1.255556e+00	6.159038e-09	
7060	1.255576e+00	6.158858e-09	
7061	1.255616e+00	6.158428e-09	
7062	1.255696e+00	6.157449e-09	
7063	1.255856e+00	6.155324e-09	
7064	1.256056e+00	6.152761e-09	
7065	1.256256e+00	6.150372e-09	
7066	1.256456e+00	6.148207e-09	
7067	1.256656e+00	6.146190e-09	
7068	1.256856e+00	6.144325e-09	
7069	1.257056e+00	6.142553e-09	
7070	1.257256e+00	6.140883e-09	
7071	1.257456e+00	6.139291e-09	
7072	1.257656e+00	6.137781e-09	

Index   time            -i(vdd)         
--------------------------------------------------------------------------------
7073	1.257856e+00	6.136330e-09	
7074	1.258056e+00	6.134943e-09	
7075	1.258256e+00	6.133612e-09	
7076	1.258456e+00	6.132341e-09	
7077	1.258656e+00	6.131128e-09	
7078	1.258856e+00	6.129993e-09	
7079	1.259056e+00	6.128927e-09	
7080	1.259256e+00	6.127972e-09	
7081	1.259456e+00	6.127140e-09	
7082	1.259656e+00	6.126512e-09	
7083	1.259856e+00	6.126164e-09	
7084	1.260056e+00	6.126310e-09	
7085	1.260256e+00	6.127278e-09	
7086	1.260456e+00	6.129780e-09	
7087	1.260656e+00	6.135129e-09	
7088	1.260856e+00	6.145340e-09	
7089	1.261056e+00	6.162794e-09	
7090	1.261256e+00	6.190920e-09	
7091	1.261456e+00	6.235097e-09	
7092	1.261656e+00	6.302408e-09	
7093	1.261856e+00	6.401257e-09	
7094	1.262056e+00	6.533595e-09	
7095	1.262256e+00	6.657115e-09	
7096	1.262456e+00	6.705363e-09	
7097	1.262656e+00	6.697673e-09	
7098	1.262856e+00	6.674318e-09	
7099	1.263056e+00	6.654701e-09	
7100	1.263256e+00	6.639717e-09	
7101	1.263456e+00	6.624066e-09	
7102	1.263656e+00	6.618554e-09	
7103	1.263856e+00	6.613936e-09	
7104	1.264056e+00	6.610710e-09	
7105	1.264256e+00	6.608416e-09	
7106	1.264456e+00	6.606668e-09	
7107	1.264656e+00	6.605248e-09	
7108	1.264856e+00	6.604009e-09	
7109	1.265056e+00	6.602897e-09	
7110	1.265256e+00	6.601833e-09	
7111	1.265456e+00	6.600828e-09	
7112	1.265656e+00	6.599832e-09	
7113	1.265856e+00	6.598871e-09	
7114	1.266056e+00	6.597912e-09	
7115	1.266256e+00	6.596977e-09	
7116	1.266456e+00	6.596029e-09	
7117	1.266656e+00	6.595090e-09	
7118	1.266667e+00	6.595063e-09	
7119	1.266687e+00	6.594979e-09	
7120	1.266727e+00	6.594801e-09	
7121	1.266807e+00	6.594496e-09	
7122	1.266967e+00	6.593928e-09	
7123	1.267167e+00	6.593259e-09	
7124	1.267367e+00	6.592539e-09	
7125	1.267567e+00	6.591825e-09	
7126	1.267767e+00	6.591113e-09	
7127	1.267967e+00	6.590430e-09	
7128	1.268167e+00	6.589758e-09	
7129	1.268367e+00	6.589093e-09	
7130	1.268567e+00	6.588421e-09	

Index   time            -i(vdd)         
--------------------------------------------------------------------------------
7131	1.268767e+00	6.587746e-09	
7132	1.268967e+00	6.587064e-09	
7133	1.269167e+00	6.586391e-09	
7134	1.269367e+00	6.585704e-09	
7135	1.269567e+00	6.585032e-09	
7136	1.269767e+00	6.584350e-09	
7137	1.269967e+00	6.583685e-09	
7138	1.270167e+00	6.583004e-09	
7139	1.270367e+00	6.582340e-09	
7140	1.270567e+00	6.581667e-09	
7141	1.270767e+00	6.581004e-09	
7142	1.270967e+00	6.580336e-09	
7143	1.271167e+00	6.579677e-09	
7144	1.271367e+00	6.579012e-09	
7145	1.271567e+00	6.578363e-09	
7146	1.271767e+00	6.577697e-09	
7147	1.271967e+00	6.577049e-09	
7148	1.272167e+00	6.576392e-09	
7149	1.272367e+00	6.575745e-09	
7150	1.272567e+00	6.575093e-09	
7151	1.272767e+00	6.574452e-09	
7152	1.272967e+00	6.573794e-09	
7153	1.273167e+00	6.573158e-09	
7154	1.273367e+00	6.572513e-09	
7155	1.273567e+00	6.571873e-09	
7156	1.273767e+00	6.571233e-09	
7157	1.273967e+00	6.570601e-09	
7158	1.274167e+00	6.569959e-09	
7159	1.274367e+00	6.569334e-09	
7160	1.274567e+00	6.568698e-09	
7161	1.274767e+00	6.568074e-09	
7162	1.274967e+00	6.567441e-09	
7163	1.275167e+00	6.566819e-09	
7164	1.275367e+00	6.566197e-09	
7165	1.275567e+00	6.565577e-09	
7166	1.275767e+00	6.564956e-09	
7167	1.275967e+00	6.564341e-09	
7168	1.276167e+00	6.563718e-09	
7169	1.276367e+00	6.563112e-09	
7170	1.276567e+00	6.562496e-09	
7171	1.276767e+00	6.561891e-09	
7172	1.276967e+00	6.561278e-09	
7173	1.277167e+00	6.560675e-09	
7174	1.277367e+00	6.560064e-09	
7175	1.277567e+00	6.559466e-09	
7176	1.277767e+00	6.558863e-09	
7177	1.277778e+00	6.558856e-09	
7178	1.277798e+00	6.558808e-09	
7179	1.277838e+00	6.558718e-09	
7180	1.277918e+00	6.558607e-09	
7181	1.278078e+00	6.558497e-09	
7182	1.278278e+00	6.558518e-09	
7183	1.278478e+00	6.558536e-09	
7184	1.278678e+00	6.558583e-09	
7185	1.278878e+00	6.558619e-09	
7186	1.279078e+00	6.558652e-09	
7187	1.279278e+00	6.558678e-09	
7188	1.279478e+00	6.558711e-09	

Index   time            -i(vdd)         
--------------------------------------------------------------------------------
7189	1.279678e+00	6.558735e-09	
7190	1.279878e+00	6.558769e-09	
7191	1.280078e+00	6.558799e-09	
7192	1.280278e+00	6.558836e-09	
7193	1.280478e+00	6.558866e-09	
7194	1.280678e+00	6.558903e-09	
7195	1.280878e+00	6.558936e-09	
7196	1.281078e+00	6.558974e-09	
7197	1.281278e+00	6.559008e-09	
7198	1.281478e+00	6.559055e-09	
7199	1.281678e+00	6.559091e-09	
7200	1.281878e+00	6.559132e-09	
7201	1.282078e+00	6.559173e-09	
7202	1.282278e+00	6.559216e-09	
7203	1.282478e+00	6.559260e-09	
7204	1.282678e+00	6.559309e-09	
7205	1.282878e+00	6.559355e-09	
7206	1.283078e+00	6.559408e-09	
7207	1.283278e+00	6.559449e-09	
7208	1.283478e+00	6.559501e-09	
7209	1.283678e+00	6.559550e-09	
7210	1.283878e+00	6.559607e-09	
7211	1.284078e+00	6.559655e-09	
7212	1.284278e+00	6.559714e-09	
7213	1.284478e+00	6.559765e-09	
7214	1.284678e+00	6.559822e-09	
7215	1.284878e+00	6.559872e-09	
7216	1.285078e+00	6.559936e-09	
7217	1.285278e+00	6.559992e-09	
7218	1.285478e+00	6.560058e-09	
7219	1.285678e+00	6.560106e-09	
7220	1.285878e+00	6.560174e-09	
7221	1.286078e+00	6.560232e-09	
7222	1.286278e+00	6.560297e-09	
7223	1.286478e+00	6.560358e-09	
7224	1.286678e+00	6.560427e-09	
7225	1.286878e+00	6.560485e-09	
7226	1.287078e+00	6.560557e-09	
7227	1.287278e+00	6.560624e-09	
7228	1.287478e+00	6.560693e-09	
7229	1.287678e+00	6.560759e-09	
7230	1.287878e+00	6.560828e-09	
7231	1.288078e+00	6.560897e-09	
7232	1.288278e+00	6.560973e-09	
7233	1.288478e+00	6.561037e-09	
7234	1.288678e+00	6.561117e-09	
7235	1.288789e+00	6.561173e-09	
7236	1.288799e+00	6.742053e-09	
7237	1.288819e+00	6.694565e-09	
7238	1.288859e+00	1.196105e-08	
7239	1.288889e+00	2.440630e-08	
7240	1.288889e+00	2.423590e-08	
7241	1.288889e+00	2.420045e-08	
7242	1.288889e+00	2.417483e-08	
7243	1.288889e+00	2.416843e-08	
7244	1.288889e+00	2.416773e-08	
7245	1.288889e+00	2.416610e-08	
7246	1.288889e+00	2.416285e-08	

Index   time            -i(vdd)         
--------------------------------------------------------------------------------
7247	1.288889e+00	2.415739e-08	
7248	1.288889e+00	2.414850e-08	
7249	1.288890e+00	2.413347e-08	
7250	1.288890e+00	2.410451e-08	
7251	1.288891e+00	2.403437e-08	
7252	1.288893e+00	2.320573e-08	
7253	1.288897e+00	2.123147e-08	
7254	1.288901e+00	2.099866e-08	
7255	1.288909e+00	2.065311e-08	
7256	1.288921e+00	1.997545e-08	
7257	1.288946e+00	1.852892e-08	
7258	1.288995e+00	1.577426e-08	
7259	1.289095e+00	1.192510e-08	
7260	1.289293e+00	9.452148e-09	
7261	1.289493e+00	9.449374e-09	
7262	1.289693e+00	8.598725e-09	
7263	1.289893e+00	5.598280e-09	
7264	1.290093e+00	4.164310e-09	
7265	1.290293e+00	4.088082e-09	
7266	1.290493e+00	4.255927e-09	
7267	1.290693e+00	4.346417e-09	
7268	1.290889e+00	4.371896e-09	
7269	1.290899e+00	4.283526e-09	
7270	1.290919e+00	4.250341e-09	
7271	1.290959e+00	4.245122e-09	
7272	1.290989e+00	4.189080e-09	
7273	1.290997e+00	4.366913e-09	
7274	1.291013e+00	4.366569e-09	
7275	1.291045e+00	4.366084e-09	
7276	1.291109e+00	4.365065e-09	
7277	1.291237e+00	4.362562e-09	
7278	1.291437e+00	4.357055e-09	
7279	1.291637e+00	4.348410e-09	
7280	1.291837e+00	4.334914e-09	
7281	1.292037e+00	4.315096e-09	
7282	1.292237e+00	4.288881e-09	
7283	1.292437e+00	4.258488e-09	
7284	1.292637e+00	4.227466e-09	
7285	1.292837e+00	4.199092e-09	
7286	1.293037e+00	4.175107e-09	
7287	1.293237e+00	4.155866e-09	
7288	1.293437e+00	4.140819e-09	
7289	1.293637e+00	4.129216e-09	
7290	1.293837e+00	4.120243e-09	
7291	1.294037e+00	4.113290e-09	
7292	1.294237e+00	4.107814e-09	
7293	1.294437e+00	4.103469e-09	
7294	1.294637e+00	4.099932e-09	
7295	1.294837e+00	4.097020e-09	
7296	1.295037e+00	4.094548e-09	
7297	1.295237e+00	4.092433e-09	
7298	1.295437e+00	4.090551e-09	
7299	1.295637e+00	4.088874e-09	
7300	1.295837e+00	4.087324e-09	
7301	1.296037e+00	4.085893e-09	
7302	1.296237e+00	4.084530e-09	
7303	1.296437e+00	4.083245e-09	
7304	1.296637e+00	4.081996e-09	

Index   time            -i(vdd)         
--------------------------------------------------------------------------------
7305	1.296837e+00	4.080797e-09	
7306	1.297037e+00	4.079615e-09	
7307	1.297237e+00	4.078471e-09	
7308	1.297437e+00	4.077328e-09	
7309	1.297637e+00	4.076217e-09	
7310	1.297837e+00	4.075113e-09	
7311	1.298037e+00	4.074031e-09	
7312	1.298237e+00	4.072949e-09	
7313	1.298437e+00	4.071888e-09	
7314	1.298637e+00	4.070826e-09	
7315	1.298837e+00	4.069784e-09	
7316	1.299037e+00	4.068736e-09	
7317	1.299237e+00	4.067712e-09	
7318	1.299437e+00	4.066683e-09	
7319	1.299637e+00	4.065678e-09	
7320	1.299837e+00	4.064664e-09	
7321	1.300000e+00	4.063861e-09	
7322	1.300020e+00	4.063771e-09	
7323	1.300060e+00	4.063582e-09	
7324	1.300140e+00	4.063229e-09	
7325	1.300300e+00	4.062564e-09	
7326	1.300500e+00	4.061831e-09	
7327	1.300700e+00	4.061110e-09	
7328	1.300900e+00	4.060448e-09	
7329	1.301100e+00	4.059791e-09	
7330	1.301300e+00	4.059161e-09	
7331	1.301500e+00	4.058524e-09	
7332	1.301700e+00	4.057911e-09	
7333	1.301900e+00	4.057295e-09	
7334	1.302100e+00	4.056693e-09	
7335	1.302300e+00	4.056089e-09	
7336	1.302500e+00	4.055497e-09	
7337	1.302700e+00	4.054899e-09	
7338	1.302900e+00	4.054318e-09	
7339	1.303100e+00	4.053729e-09	
7340	1.303300e+00	4.053155e-09	
7341	1.303500e+00	4.052574e-09	
7342	1.303700e+00	4.052006e-09	
7343	1.303900e+00	4.051434e-09	
7344	1.304100e+00	4.050875e-09	
7345	1.304300e+00	4.050304e-09	
7346	1.304500e+00	4.049749e-09	
7347	1.304700e+00	4.049191e-09	
7348	1.304900e+00	4.048648e-09	
7349	1.305100e+00	4.048097e-09	
7350	1.305300e+00	4.047560e-09	
7351	1.305500e+00	4.047015e-09	
7352	1.305700e+00	4.046484e-09	
7353	1.305900e+00	4.045947e-09	
7354	1.306100e+00	4.045427e-09	
7355	1.306300e+00	4.044899e-09	
7356	1.306500e+00	4.044383e-09	
7357	1.306700e+00	4.043858e-09	
7358	1.306900e+00	4.043349e-09	
7359	1.307100e+00	4.042831e-09	
7360	1.307300e+00	4.042332e-09	
7361	1.307500e+00	4.041826e-09	
7362	1.307700e+00	4.041332e-09	

Index   time            -i(vdd)         
--------------------------------------------------------------------------------
7363	1.307900e+00	4.040830e-09	
7364	1.308100e+00	4.040346e-09	
7365	1.308300e+00	4.039850e-09	
7366	1.308500e+00	4.039369e-09	
7367	1.308700e+00	4.038882e-09	
7368	1.308900e+00	4.038409e-09	
7369	1.309100e+00	4.037931e-09	
7370	1.309300e+00	4.037461e-09	
7371	1.309500e+00	4.036988e-09	
7372	1.309700e+00	4.036525e-09	
7373	1.309900e+00	4.036063e-09	
7374	1.310100e+00	4.035607e-09	
7375	1.310300e+00	4.035144e-09	
7376	1.310500e+00	4.034695e-09	
7377	1.310700e+00	4.034249e-09	
7378	1.310900e+00	4.033804e-09	
7379	1.311100e+00	4.033356e-09	
7380	1.311111e+00	4.033353e-09	
7381	1.311131e+00	4.033314e-09	
7382	1.311171e+00	4.033233e-09	
7383	1.311251e+00	4.033108e-09	
7384	1.311411e+00	4.032883e-09	
7385	1.311611e+00	4.032714e-09	
7386	1.311811e+00	4.032569e-09	
7387	1.312011e+00	4.032481e-09	
7388	1.312211e+00	4.032409e-09	
7389	1.312411e+00	4.032348e-09	
7390	1.312611e+00	4.032285e-09	
7391	1.312811e+00	4.032236e-09	
7392	1.313011e+00	4.032171e-09	
7393	1.313211e+00	4.032116e-09	
7394	1.313411e+00	4.032058e-09	
7395	1.313611e+00	4.032003e-09	
7396	1.313811e+00	4.031944e-09	
7397	1.314011e+00	4.031896e-09	
7398	1.314211e+00	4.031837e-09	
7399	1.314411e+00	4.031784e-09	
7400	1.314611e+00	4.031731e-09	
7401	1.314811e+00	4.031688e-09	
7402	1.315011e+00	4.031628e-09	
7403	1.315211e+00	4.031586e-09	
7404	1.315411e+00	4.031535e-09	
7405	1.315611e+00	4.031491e-09	
7406	1.315811e+00	4.031441e-09	
7407	1.316011e+00	4.031398e-09	
7408	1.316211e+00	4.031351e-09	
7409	1.316411e+00	4.031309e-09	
7410	1.316611e+00	4.031262e-09	
7411	1.316811e+00	4.031221e-09	
7412	1.317011e+00	4.031175e-09	
7413	1.317211e+00	4.031140e-09	
7414	1.317411e+00	4.031093e-09	
7415	1.317611e+00	4.031063e-09	
7416	1.317811e+00	4.031017e-09	
7417	1.318011e+00	4.030983e-09	
7418	1.318211e+00	4.030943e-09	
7419	1.318411e+00	4.030913e-09	
7420	1.318611e+00	4.030874e-09	

Index   time            -i(vdd)         
--------------------------------------------------------------------------------
7421	1.318811e+00	4.030842e-09	
7422	1.319011e+00	4.030808e-09	
7423	1.319211e+00	4.030773e-09	
7424	1.319411e+00	4.030738e-09	
7425	1.319611e+00	4.030711e-09	
7426	1.319811e+00	4.030675e-09	
7427	1.320011e+00	4.030651e-09	
7428	1.320211e+00	4.030613e-09	
7429	1.320411e+00	4.030590e-09	
7430	1.320611e+00	4.030560e-09	
7431	1.320811e+00	4.030540e-09	
7432	1.321011e+00	4.030507e-09	
7433	1.321211e+00	4.030486e-09	
7434	1.321411e+00	4.030458e-09	
7435	1.321611e+00	4.030436e-09	
7436	1.321811e+00	4.030405e-09	
7437	1.322011e+00	4.030387e-09	
7438	1.322211e+00	4.030364e-09	
7439	1.322222e+00	4.030390e-09	
7440	1.322242e+00	4.030376e-09	
7441	1.322282e+00	4.030308e-09	
7442	1.322362e+00	4.030172e-09	
7443	1.322522e+00	4.029763e-09	
7444	1.322722e+00	4.029074e-09	
7445	1.322922e+00	4.028203e-09	
7446	1.323122e+00	4.027266e-09	
7447	1.323322e+00	4.026265e-09	
7448	1.323522e+00	4.025267e-09	
7449	1.323722e+00	4.024243e-09	
7450	1.323922e+00	4.023235e-09	
7451	1.324122e+00	4.022226e-09	
7452	1.324322e+00	4.021241e-09	
7453	1.324522e+00	4.020254e-09	
7454	1.324722e+00	4.019281e-09	
7455	1.324922e+00	4.018314e-09	
7456	1.325122e+00	4.017350e-09	
7457	1.325322e+00	4.016398e-09	
7458	1.325522e+00	4.015461e-09	
7459	1.325722e+00	4.014519e-09	
7460	1.325922e+00	4.013596e-09	
7461	1.326122e+00	4.012674e-09	
7462	1.326322e+00	4.011763e-09	
7463	1.326522e+00	4.010853e-09	
7464	1.326722e+00	4.009961e-09	
7465	1.326922e+00	4.009065e-09	
7466	1.327122e+00	4.008186e-09	
7467	1.327322e+00	4.007303e-09	
7468	1.327522e+00	4.006438e-09	
7469	1.327722e+00	4.005567e-09	
7470	1.327922e+00	4.004715e-09	
7471	1.328122e+00	4.003858e-09	
7472	1.328322e+00	4.003020e-09	
7473	1.328522e+00	4.002177e-09	
7474	1.328722e+00	4.001354e-09	
7475	1.328922e+00	4.000528e-09	
7476	1.329122e+00	3.999717e-09	
7477	1.329322e+00	3.998906e-09	
7478	1.329522e+00	3.998110e-09	

Index   time            -i(vdd)         
--------------------------------------------------------------------------------
7479	1.329722e+00	3.997316e-09	
7480	1.329922e+00	3.996536e-09	
7481	1.330122e+00	3.995755e-09	
7482	1.330322e+00	3.994992e-09	
7483	1.330522e+00	3.994224e-09	
7484	1.330722e+00	3.993476e-09	
7485	1.330922e+00	3.992724e-09	
7486	1.331122e+00	3.991987e-09	
7487	1.331322e+00	3.991243e-09	
7488	1.331522e+00	3.990521e-09	
7489	1.331722e+00	3.989794e-09	
7490	1.331922e+00	3.989084e-09	
7491	1.332122e+00	3.988372e-09	
7492	1.332322e+00	3.987673e-09	
7493	1.332522e+00	3.986970e-09	
7494	1.332722e+00	3.986280e-09	
7495	1.332922e+00	3.985592e-09	
7496	1.333122e+00	3.984917e-09	
7497	1.333322e+00	3.984233e-09	
7498	1.333333e+00	3.984226e-09	
7499	1.333353e+00	3.984158e-09	
7500	1.333393e+00	3.984030e-09	
7501	1.333473e+00	3.983832e-09	
7502	1.333633e+00	3.983440e-09	
7503	1.333833e+00	3.983059e-09	
7504	1.334033e+00	3.982721e-09	
7505	1.334233e+00	3.982480e-09	
7506	1.334433e+00	3.982271e-09	
7507	1.334633e+00	3.982117e-09	
7508	1.334833e+00	3.981981e-09	
7509	1.335033e+00	3.981884e-09	
7510	1.335233e+00	3.981795e-09	
7511	1.335433e+00	3.981725e-09	
7512	1.335633e+00	3.981652e-09	
7513	1.335833e+00	3.981596e-09	
7514	1.336033e+00	3.981537e-09	
7515	1.336233e+00	3.981492e-09	
7516	1.336433e+00	3.981438e-09	
7517	1.336633e+00	3.981393e-09	
7518	1.336833e+00	3.981345e-09	
7519	1.337033e+00	3.981306e-09	
7520	1.337233e+00	3.981255e-09	
7521	1.337433e+00	3.981219e-09	
7522	1.337633e+00	3.981169e-09	
7523	1.337833e+00	3.981136e-09	
7524	1.338033e+00	3.981093e-09	
7525	1.338233e+00	3.981061e-09	
7526	1.338433e+00	3.981022e-09	
7527	1.338633e+00	3.980992e-09	
7528	1.338833e+00	3.980955e-09	
7529	1.339033e+00	3.980928e-09	
7530	1.339233e+00	3.980896e-09	
7531	1.339433e+00	3.980866e-09	
7532	1.339633e+00	3.980830e-09	
7533	1.339833e+00	3.980804e-09	
7534	1.340033e+00	3.980775e-09	
7535	1.340233e+00	3.980758e-09	
7536	1.340433e+00	3.980727e-09	

Index   time            -i(vdd)         
--------------------------------------------------------------------------------
7537	1.340633e+00	3.980710e-09	
7538	1.340833e+00	3.980681e-09	
7539	1.341033e+00	3.980667e-09	
7540	1.341233e+00	3.980642e-09	
7541	1.341433e+00	3.980628e-09	
7542	1.341633e+00	3.980607e-09	
7543	1.341833e+00	3.980598e-09	
7544	1.342033e+00	3.980577e-09	
7545	1.342233e+00	3.980567e-09	
7546	1.342433e+00	3.980550e-09	
7547	1.342633e+00	3.980543e-09	
7548	1.342833e+00	3.980521e-09	
7549	1.343033e+00	3.980520e-09	
7550	1.343233e+00	3.980507e-09	
7551	1.343433e+00	3.980507e-09	
7552	1.343633e+00	3.980498e-09	
7553	1.343833e+00	3.980497e-09	
7554	1.344033e+00	3.980486e-09	
7555	1.344233e+00	3.980489e-09	
7556	1.344433e+00	3.980488e-09	
7557	1.344444e+00	3.980515e-09	
7558	1.344464e+00	3.980513e-09	
7559	1.344504e+00	3.980493e-09	
7560	1.344584e+00	3.980481e-09	
7561	1.344744e+00	3.980437e-09	
7562	1.344944e+00	3.980388e-09	
7563	1.345144e+00	3.980289e-09	
7564	1.345344e+00	3.980198e-09	
7565	1.345544e+00	3.980091e-09	
7566	1.345744e+00	3.979998e-09	
7567	1.345944e+00	3.979886e-09	
7568	1.346144e+00	3.979791e-09	
7569	1.346344e+00	3.979682e-09	
7570	1.346544e+00	3.979585e-09	
7571	1.346744e+00	3.979486e-09	
7572	1.346944e+00	3.979392e-09	
7573	1.347144e+00	3.979292e-09	
7574	1.347344e+00	3.979207e-09	
7575	1.347544e+00	3.979110e-09	
7576	1.347744e+00	3.979025e-09	
7577	1.347944e+00	3.978935e-09	
7578	1.348144e+00	3.978848e-09	
7579	1.348344e+00	3.978755e-09	
7580	1.348544e+00	3.978677e-09	
7581	1.348744e+00	3.978591e-09	
7582	1.348944e+00	3.978518e-09	
7583	1.349144e+00	3.978436e-09	
7584	1.349344e+00	3.978363e-09	
7585	1.349544e+00	3.978283e-09	
7586	1.349744e+00	3.978215e-09	
7587	1.349944e+00	3.978143e-09	
7588	1.350144e+00	3.978078e-09	
7589	1.350344e+00	3.978001e-09	
7590	1.350544e+00	3.977937e-09	
7591	1.350744e+00	3.977873e-09	
7592	1.350944e+00	3.977816e-09	
7593	1.351144e+00	3.977747e-09	
7594	1.351344e+00	3.977696e-09	

Index   time            -i(vdd)         
--------------------------------------------------------------------------------
7595	1.351544e+00	3.977631e-09	
7596	1.351744e+00	3.977585e-09	
7597	1.351944e+00	3.977525e-09	
7598	1.352144e+00	3.977482e-09	
7599	1.352344e+00	3.977425e-09	
7600	1.352544e+00	3.977382e-09	
7601	1.352744e+00	3.977332e-09	
7602	1.352944e+00	3.977290e-09	
7603	1.353144e+00	3.977242e-09	
7604	1.353344e+00	3.977209e-09	
7605	1.353544e+00	3.977163e-09	
7606	1.353744e+00	3.977134e-09	
7607	1.353944e+00	3.977092e-09	
7608	1.354144e+00	3.977067e-09	
7609	1.354344e+00	3.977026e-09	
7610	1.354544e+00	3.977002e-09	
7611	1.354744e+00	3.976970e-09	
7612	1.354944e+00	3.976954e-09	
7613	1.355144e+00	3.976925e-09	
7614	1.355344e+00	3.976905e-09	
7615	1.355544e+00	3.976880e-09	
7616	1.355556e+00	3.976891e-09	
7617	1.355576e+00	3.976902e-09	
7618	1.355616e+00	3.976891e-09	
7619	1.355696e+00	3.976894e-09	
7620	1.355856e+00	3.976903e-09	
7621	1.356056e+00	3.976951e-09	
7622	1.356256e+00	3.976980e-09	
7623	1.356456e+00	3.977053e-09	
7624	1.356656e+00	3.977126e-09	
7625	1.356856e+00	3.977213e-09	
7626	1.357056e+00	3.977301e-09	
7627	1.357256e+00	3.977405e-09	
7628	1.357456e+00	3.977505e-09	
7629	1.357656e+00	3.977608e-09	
7630	1.357856e+00	3.977714e-09	
7631	1.358056e+00	3.977831e-09	
7632	1.358256e+00	3.977938e-09	
7633	1.358456e+00	3.978059e-09	
7634	1.358656e+00	3.978171e-09	
7635	1.358856e+00	3.978295e-09	
7636	1.359056e+00	3.978410e-09	
7637	1.359256e+00	3.978540e-09	
7638	1.359456e+00	3.978658e-09	
7639	1.359656e+00	3.978789e-09	
7640	1.359856e+00	3.978918e-09	
7641	1.360056e+00	3.979050e-09	
7642	1.360256e+00	3.979179e-09	
7643	1.360456e+00	3.979317e-09	
7644	1.360656e+00	3.979446e-09	
7645	1.360856e+00	3.979587e-09	
7646	1.361056e+00	3.979726e-09	
7647	1.361256e+00	3.979871e-09	
7648	1.361456e+00	3.980008e-09	
7649	1.361656e+00	3.980162e-09	
7650	1.361856e+00	3.980301e-09	
7651	1.362056e+00	3.980459e-09	
7652	1.362256e+00	3.980605e-09	

Index   time            -i(vdd)         
--------------------------------------------------------------------------------
7653	1.362456e+00	3.980765e-09	
7654	1.362656e+00	3.980917e-09	
7655	1.362856e+00	3.981075e-09	
7656	1.363056e+00	3.981232e-09	
7657	1.363256e+00	3.981395e-09	
7658	1.363456e+00	3.981556e-09	
7659	1.363656e+00	3.981727e-09	
7660	1.363856e+00	3.981887e-09	
7661	1.364056e+00	3.982063e-09	
7662	1.364256e+00	3.982231e-09	
7663	1.364456e+00	3.982410e-09	
7664	1.364656e+00	3.982576e-09	
7665	1.364856e+00	3.982761e-09	
7666	1.365056e+00	3.982933e-09	
7667	1.365256e+00	3.983118e-09	
7668	1.365456e+00	3.983299e-09	
7669	1.365656e+00	3.983488e-09	
7670	1.365856e+00	3.983672e-09	
7671	1.366056e+00	3.983869e-09	
7672	1.366256e+00	3.984058e-09	
7673	1.366456e+00	3.984254e-09	
7674	1.366656e+00	3.984447e-09	
7675	1.366667e+00	3.984484e-09	
7676	1.366687e+00	3.984511e-09	
7677	1.366727e+00	3.984565e-09	
7678	1.366807e+00	3.984737e-09	
7679	1.366967e+00	3.985145e-09	
7680	1.367167e+00	3.985823e-09	
7681	1.367367e+00	3.986597e-09	
7682	1.367567e+00	3.987478e-09	
7683	1.367767e+00	3.988412e-09	
7684	1.367967e+00	3.989399e-09	
7685	1.368167e+00	3.990402e-09	
7686	1.368367e+00	3.991441e-09	
7687	1.368567e+00	3.992487e-09	
7688	1.368767e+00	3.993566e-09	
7689	1.368967e+00	3.994651e-09	
7690	1.369167e+00	3.995765e-09	
7691	1.369367e+00	3.996884e-09	
7692	1.369567e+00	3.998026e-09	
7693	1.369767e+00	3.999184e-09	
7694	1.369967e+00	4.000367e-09	
7695	1.370167e+00	4.001558e-09	
7696	1.370367e+00	4.002782e-09	
7697	1.370567e+00	4.004006e-09	
7698	1.370767e+00	4.005260e-09	
7699	1.370967e+00	4.006517e-09	
7700	1.371167e+00	4.007802e-09	
7701	1.371367e+00	4.009094e-09	
7702	1.371567e+00	4.010404e-09	
7703	1.371767e+00	4.011707e-09	
7704	1.371967e+00	4.013025e-09	
7705	1.372167e+00	4.014325e-09	
7706	1.372367e+00	4.015612e-09	
7707	1.372567e+00	4.016819e-09	
7708	1.372767e+00	4.017889e-09	
7709	1.372967e+00	4.018592e-09	
7710	1.373167e+00	4.018432e-09	

Index   time            -i(vdd)         
--------------------------------------------------------------------------------
7711	1.373367e+00	4.015907e-09	
7712	1.373567e+00	4.006302e-09	
7713	1.373767e+00	3.979237e-09	
7714	1.373967e+00	3.914122e-09	
7715	1.373992e+00	3.904028e-09	
7716	1.374042e+00	3.883424e-09	
7717	1.374054e+00	3.874975e-09	
7718	1.374079e+00	3.857683e-09	
7719	1.374129e+00	3.834841e-09	
7720	1.374142e+00	3.835960e-09	
7721	1.374167e+00	3.837641e-09	
7722	1.374217e+00	3.822008e-09	
7723	1.374317e+00	3.779859e-09	
7724	1.374517e+00	3.693929e-09	
7725	1.374717e+00	3.634912e-09	
7726	1.374917e+00	3.601623e-09	
7727	1.375117e+00	3.582729e-09	
7728	1.375317e+00	3.571795e-09	
7729	1.375517e+00	3.565095e-09	
7730	1.375717e+00	3.560626e-09	
7731	1.375917e+00	3.557570e-09	
7732	1.376117e+00	3.555510e-09	
7733	1.376317e+00	3.554194e-09	
7734	1.376517e+00	3.553436e-09	
7735	1.376717e+00	3.553115e-09	
7736	1.376917e+00	3.553118e-09	
7737	1.377117e+00	3.553407e-09	
7738	1.377317e+00	3.553899e-09	
7739	1.377517e+00	3.554585e-09	
7740	1.377717e+00	3.555425e-09	
7741	1.377778e+00	3.555712e-09	
7742	1.377798e+00	3.555816e-09	
7743	1.377838e+00	3.555970e-09	
7744	1.377918e+00	3.556295e-09	
7745	1.378078e+00	3.556921e-09	
7746	1.378278e+00	3.557735e-09	
7747	1.378478e+00	3.558560e-09	
7748	1.378678e+00	3.559476e-09	
7749	1.378878e+00	3.560444e-09	
7750	1.379078e+00	3.561469e-09	
7751	1.379278e+00	3.562539e-09	
7752	1.379478e+00	3.563671e-09	
7753	1.379678e+00	3.564819e-09	
7754	1.379878e+00	3.566020e-09	
7755	1.380078e+00	3.567234e-09	
7756	1.380278e+00	3.568478e-09	
7757	1.380478e+00	3.569721e-09	
7758	1.380678e+00	3.570962e-09	
7759	1.380878e+00	3.572169e-09	
7760	1.381078e+00	3.573336e-09	
7761	1.381278e+00	3.574395e-09	
7762	1.381478e+00	3.575319e-09	
7763	1.381678e+00	3.575994e-09	
7764	1.381878e+00	3.576316e-09	
7765	1.382078e+00	3.576070e-09	
7766	1.382278e+00	3.574974e-09	
7767	1.382478e+00	3.572535e-09	
7768	1.382678e+00	3.568062e-09	

Index   time            -i(vdd)         
--------------------------------------------------------------------------------
7769	1.382878e+00	3.560437e-09	
7770	1.383078e+00	3.547954e-09	
7771	1.383278e+00	3.527749e-09	
7772	1.383478e+00	3.494658e-09	
7773	1.383678e+00	3.439529e-09	
7774	1.383703e+00	3.432011e-09	
7775	1.383753e+00	3.425082e-09	
7776	1.383853e+00	3.491301e-09	
7777	1.383878e+00	3.602378e-09	
7778	1.383928e+00	4.014087e-09	
7779	1.384028e+00	4.257883e-09	
7780	1.384176e+00	4.035427e-09	
7781	1.384201e+00	4.020086e-09	
7782	1.384251e+00	4.010144e-09	
7783	1.384264e+00	4.016671e-09	
7784	1.384289e+00	4.030570e-09	
7785	1.384339e+00	4.062486e-09	
7786	1.384439e+00	4.025387e-09	
7787	1.384588e+00	3.939305e-09	
7788	1.384613e+00	3.928669e-09	
7789	1.384663e+00	3.914299e-09	
7790	1.384763e+00	3.893357e-09	
7791	1.384788e+00	3.887331e-09	
7792	1.384838e+00	4.208647e-09	
7793	1.384938e+00	3.928081e-09	
7794	1.385070e+00	3.737486e-09	
7795	1.385205e+00	3.708811e-09	
7796	1.385405e+00	3.608616e-09	
7797	1.385605e+00	3.481921e-09	
7798	1.385805e+00	3.369050e-09	
7799	1.386005e+00	3.278766e-09	
7800	1.386205e+00	3.207778e-09	
7801	1.386405e+00	3.149511e-09	
7802	1.386605e+00	3.099642e-09	
7803	1.386805e+00	3.054412e-09	
7804	1.387005e+00	3.011415e-09	
7805	1.387205e+00	2.969451e-09	
7806	1.387405e+00	2.928368e-09	
7807	1.387605e+00	2.888543e-09	
7808	1.387805e+00	2.850827e-09	
7809	1.388005e+00	2.815924e-09	
7810	1.388205e+00	2.784345e-09	
7811	1.388405e+00	2.756202e-09	
7812	1.388605e+00	2.731434e-09	
7813	1.388805e+00	2.709774e-09	
7814	1.388889e+00	2.701597e-09	
7815	1.388909e+00	2.699657e-09	
7816	1.388949e+00	2.695730e-09	
7817	1.389029e+00	2.687959e-09	
7818	1.389189e+00	2.673140e-09	
7819	1.389389e+00	2.656327e-09	
7820	1.389589e+00	2.641328e-09	
7821	1.389789e+00	2.627972e-09	
7822	1.389989e+00	2.616005e-09	
7823	1.390189e+00	2.605266e-09	
7824	1.390389e+00	2.595563e-09	
7825	1.390589e+00	2.586783e-09	
7826	1.390789e+00	2.578796e-09	

Index   time            -i(vdd)         
--------------------------------------------------------------------------------
7827	1.390989e+00	2.571510e-09	
7828	1.391189e+00	2.564829e-09	
7829	1.391389e+00	2.558697e-09	
7830	1.391589e+00	2.553036e-09	
7831	1.391789e+00	2.547814e-09	
7832	1.391989e+00	2.542955e-09	
7833	1.392189e+00	2.538444e-09	
7834	1.392389e+00	2.534226e-09	
7835	1.392589e+00	2.530299e-09	
7836	1.392789e+00	2.526610e-09	
7837	1.392989e+00	2.523156e-09	
7838	1.393189e+00	2.519892e-09	
7839	1.393389e+00	2.516830e-09	
7840	1.393589e+00	2.513932e-09	
7841	1.393789e+00	2.511203e-09	
7842	1.393989e+00	2.508611e-09	
7843	1.394189e+00	2.506162e-09	
7844	1.394389e+00	2.503836e-09	
7845	1.394589e+00	2.501627e-09	
7846	1.394789e+00	2.499520e-09	
7847	1.394989e+00	2.497528e-09	
7848	1.395189e+00	2.495614e-09	
7849	1.395389e+00	2.493798e-09	
7850	1.395589e+00	2.492060e-09	
7851	1.395789e+00	2.490408e-09	
7852	1.395989e+00	2.488821e-09	
7853	1.396189e+00	2.487322e-09	
7854	1.396389e+00	2.485863e-09	
7855	1.396589e+00	2.484483e-09	
7856	1.396789e+00	2.483151e-09	
7857	1.396989e+00	2.481885e-09	
7858	1.397189e+00	2.480660e-09	
7859	1.397389e+00	2.479487e-09	
7860	1.397589e+00	2.478363e-09	
7861	1.397789e+00	2.477296e-09	
7862	1.397989e+00	2.476256e-09	
7863	1.398189e+00	2.475265e-09	
7864	1.398389e+00	2.474303e-09	
7865	1.398589e+00	2.473392e-09	
7866	1.398789e+00	2.472507e-09	
7867	1.398989e+00	2.471663e-09	
7868	1.399189e+00	2.470837e-09	
7869	1.399389e+00	2.470054e-09	
7870	1.399589e+00	2.469295e-09	
7871	1.399789e+00	2.468572e-09	
7872	1.399989e+00	2.467861e-09	
7873	1.400000e+00	2.467842e-09	
7874	1.400020e+00	2.467800e-09	
7875	1.400060e+00	2.467724e-09	
7876	1.400140e+00	2.467667e-09	
7877	1.400300e+00	2.467663e-09	
7878	1.400500e+00	2.467795e-09	
7879	1.400700e+00	2.467980e-09	
7880	1.400900e+00	2.468227e-09	
7881	1.401100e+00	2.468493e-09	
7882	1.401300e+00	2.468804e-09	
7883	1.401500e+00	2.469131e-09	
7884	1.401700e+00	2.469493e-09	

Index   time            -i(vdd)         
--------------------------------------------------------------------------------
7885	1.401900e+00	2.469868e-09	
7886	1.402100e+00	2.470273e-09	
7887	1.402300e+00	2.470699e-09	
7888	1.402500e+00	2.471153e-09	
7889	1.402700e+00	2.471622e-09	
7890	1.402900e+00	2.472115e-09	
7891	1.403100e+00	2.472626e-09	
7892	1.403300e+00	2.473164e-09	
7893	1.403500e+00	2.473712e-09	
7894	1.403700e+00	2.474292e-09	
7895	1.403900e+00	2.474878e-09	
7896	1.404100e+00	2.475490e-09	
7897	1.404300e+00	2.476119e-09	
7898	1.404500e+00	2.476767e-09	
7899	1.404700e+00	2.477435e-09	
7900	1.404900e+00	2.478122e-09	
7901	1.405100e+00	2.478816e-09	
7902	1.405300e+00	2.479539e-09	
7903	1.405500e+00	2.480266e-09	
7904	1.405700e+00	2.481022e-09	
7905	1.405900e+00	2.481776e-09	
7906	1.406100e+00	2.482563e-09	
7907	1.406300e+00	2.483351e-09	
7908	1.406500e+00	2.484170e-09	
7909	1.406700e+00	2.484986e-09	
7910	1.406900e+00	2.485835e-09	
7911	1.407100e+00	2.486681e-09	
7912	1.407300e+00	2.487550e-09	
7913	1.407500e+00	2.488432e-09	
7914	1.407700e+00	2.489331e-09	
7915	1.407900e+00	2.490236e-09	
7916	1.408100e+00	2.491165e-09	
7917	1.408300e+00	2.492093e-09	
7918	1.408500e+00	2.493053e-09	
7919	1.408700e+00	2.494008e-09	
7920	1.408900e+00	2.494991e-09	
7921	1.409100e+00	2.495974e-09	
7922	1.409300e+00	2.496980e-09	
7923	1.409500e+00	2.497989e-09	
7924	1.409700e+00	2.499017e-09	
7925	1.409900e+00	2.500052e-09	
7926	1.410100e+00	2.501105e-09	
7927	1.410300e+00	2.502164e-09	
7928	1.410500e+00	2.503242e-09	
7929	1.410700e+00	2.504320e-09	
7930	1.410900e+00	2.505417e-09	
7931	1.411100e+00	2.506527e-09	
7932	1.411111e+00	2.506605e-09	
7933	1.411131e+00	2.506715e-09	
7934	1.411171e+00	2.506921e-09	
7935	1.411251e+00	2.507370e-09	
7936	1.411411e+00	2.508181e-09	
7937	1.411611e+00	2.509160e-09	
7938	1.411811e+00	2.510074e-09	
7939	1.412011e+00	2.510999e-09	
7940	1.412211e+00	2.511925e-09	
7941	1.412411e+00	2.512873e-09	
7942	1.412611e+00	2.513821e-09	

Index   time            -i(vdd)         
--------------------------------------------------------------------------------
7943	1.412811e+00	2.514785e-09	
7944	1.413011e+00	2.515747e-09	
7945	1.413211e+00	2.516724e-09	
7946	1.413411e+00	2.517699e-09	
7947	1.413611e+00	2.518690e-09	
7948	1.413811e+00	2.519676e-09	
7949	1.414011e+00	2.520682e-09	
7950	1.414211e+00	2.521688e-09	
7951	1.414411e+00	2.522702e-09	
7952	1.414611e+00	2.523716e-09	
7953	1.414811e+00	2.524749e-09	
7954	1.415011e+00	2.525774e-09	
7955	1.415211e+00	2.526820e-09	
7956	1.415411e+00	2.527860e-09	
7957	1.415611e+00	2.528915e-09	
7958	1.415811e+00	2.529962e-09	
7959	1.416011e+00	2.531030e-09	
7960	1.416211e+00	2.532089e-09	
7961	1.416411e+00	2.533168e-09	
7962	1.416611e+00	2.534246e-09	
7963	1.416811e+00	2.535332e-09	
7964	1.417011e+00	2.536419e-09	
7965	1.417211e+00	2.537520e-09	
7966	1.417411e+00	2.538616e-09	
7967	1.417611e+00	2.539726e-09	
7968	1.417811e+00	2.540829e-09	
7969	1.418011e+00	2.541954e-09	
7970	1.418211e+00	2.543069e-09	
7971	1.418411e+00	2.544202e-09	
7972	1.418611e+00	2.545329e-09	
7973	1.418811e+00	2.546470e-09	
7974	1.419011e+00	2.547611e-09	
7975	1.419211e+00	2.548760e-09	
7976	1.419411e+00	2.549906e-09	
7977	1.419611e+00	2.551069e-09	
7978	1.419811e+00	2.552217e-09	
7979	1.420011e+00	2.553389e-09	
7980	1.420211e+00	2.554552e-09	
7981	1.420411e+00	2.555739e-09	
7982	1.420611e+00	2.556915e-09	
7983	1.420811e+00	2.558100e-09	
7984	1.421011e+00	2.559281e-09	
7985	1.421211e+00	2.560478e-09	
7986	1.421411e+00	2.561672e-09	
7987	1.421611e+00	2.562872e-09	
7988	1.421811e+00	2.564073e-09	
7989	1.422011e+00	2.565285e-09	
7990	1.422211e+00	2.566496e-09	
7991	1.422222e+00	2.566579e-09	
7992	1.422242e+00	2.566606e-09	
7993	1.422282e+00	2.566546e-09	
7994	1.422362e+00	2.566224e-09	
7995	1.422522e+00	2.565228e-09	
7996	1.422722e+00	2.563852e-09	
7997	1.422922e+00	2.562435e-09	
7998	1.423122e+00	2.561037e-09	
7999	1.423322e+00	2.559629e-09	
8000	1.423522e+00	2.558233e-09	

Index   time            -i(vdd)         
--------------------------------------------------------------------------------
8001	1.423722e+00	2.556832e-09	
8002	1.423922e+00	2.555433e-09	
8003	1.424122e+00	2.554021e-09	
8004	1.424322e+00	2.552621e-09	
8005	1.424522e+00	2.551203e-09	
8006	1.424722e+00	2.549805e-09	
8007	1.424922e+00	2.548390e-09	
8008	1.425122e+00	2.546987e-09	
8009	1.425322e+00	2.545568e-09	
8010	1.425522e+00	2.544156e-09	
8011	1.425722e+00	2.542739e-09	
8012	1.425922e+00	2.541322e-09	
8013	1.426122e+00	2.539904e-09	
8014	1.426322e+00	2.538489e-09	
8015	1.426522e+00	2.537065e-09	
8016	1.426722e+00	2.535651e-09	
8017	1.426922e+00	2.534222e-09	
8018	1.427122e+00	2.532802e-09	
8019	1.427322e+00	2.531374e-09	
8020	1.427522e+00	2.529962e-09	
8021	1.427722e+00	2.528532e-09	
8022	1.427922e+00	2.527110e-09	
8023	1.428122e+00	2.525683e-09	
8024	1.428322e+00	2.524263e-09	
8025	1.428522e+00	2.522836e-09	
8026	1.428722e+00	2.521419e-09	
8027	1.428922e+00	2.519997e-09	
8028	1.429122e+00	2.518576e-09	
8029	1.429322e+00	2.517155e-09	
8030	1.429522e+00	2.515736e-09	
8031	1.429722e+00	2.514315e-09	
8032	1.429922e+00	2.512906e-09	
8033	1.430122e+00	2.511490e-09	
8034	1.430322e+00	2.510092e-09	
8035	1.430522e+00	2.508684e-09	
8036	1.430722e+00	2.507290e-09	
8037	1.430922e+00	2.505904e-09	
8038	1.431122e+00	2.504528e-09	
8039	1.431322e+00	2.503156e-09	
8040	1.431522e+00	2.501815e-09	
8041	1.431722e+00	2.500486e-09	
8042	1.431922e+00	2.499191e-09	
8043	1.432122e+00	2.497933e-09	
8044	1.432322e+00	2.496743e-09	
8045	1.432522e+00	2.495621e-09	
8046	1.432722e+00	2.494642e-09	
8047	1.432922e+00	2.493839e-09	
8048	1.433122e+00	2.493344e-09	
8049	1.433322e+00	2.493349e-09	
8050	1.433333e+00	2.493387e-09	
8051	1.433353e+00	2.493482e-09	
8052	1.433393e+00	2.493728e-09	
8053	1.433473e+00	2.494454e-09	
8054	1.433633e+00	2.496514e-09	
8055	1.433833e+00	2.500041e-09	
8056	1.434033e+00	2.504328e-09	
8057	1.434233e+00	2.508903e-09	
8058	1.434433e+00	2.513348e-09	

Index   time            -i(vdd)         
--------------------------------------------------------------------------------
8059	1.434633e+00	2.517535e-09	
8060	1.434833e+00	2.521480e-09	
8061	1.435033e+00	2.525218e-09	
8062	1.435233e+00	2.528716e-09	
8063	1.435433e+00	2.531979e-09	
8064	1.435633e+00	2.534968e-09	
8065	1.435833e+00	2.537708e-09	
8066	1.436033e+00	2.540194e-09	
8067	1.436233e+00	2.542511e-09	
8068	1.436433e+00	2.544697e-09	
8069	1.436633e+00	2.546859e-09	
8070	1.436833e+00	2.549049e-09	
8071	1.437033e+00	2.551352e-09	
8072	1.437233e+00	2.553736e-09	
8073	1.437433e+00	2.556153e-09	
8074	1.437633e+00	2.558506e-09	
8075	1.437833e+00	2.560728e-09	
8076	1.438033e+00	2.562746e-09	
8077	1.438233e+00	2.564527e-09	
8078	1.438433e+00	2.566003e-09	
8079	1.438633e+00	2.567162e-09	
8080	1.438833e+00	2.567943e-09	
8081	1.439033e+00	2.568378e-09	
8082	1.439233e+00	2.568441e-09	
8083	1.439433e+00	2.568189e-09	
8084	1.439633e+00	2.567617e-09	
8085	1.439833e+00	2.566809e-09	
8086	1.440033e+00	2.565771e-09	
8087	1.440233e+00	2.564561e-09	
8088	1.440433e+00	2.563208e-09	
8089	1.440633e+00	2.561752e-09	
8090	1.440833e+00	2.560217e-09	
8091	1.441033e+00	2.558639e-09	
8092	1.441233e+00	2.557017e-09	
8093	1.441433e+00	2.555395e-09	
8094	1.441633e+00	2.553770e-09	
8095	1.441833e+00	2.552157e-09	
8096	1.442033e+00	2.550570e-09	
8097	1.442233e+00	2.549017e-09	
8098	1.442433e+00	2.547496e-09	
8099	1.442633e+00	2.546023e-09	
8100	1.442833e+00	2.544586e-09	
8101	1.443033e+00	2.543202e-09	
8102	1.443233e+00	2.541861e-09	
8103	1.443433e+00	2.540575e-09	
8104	1.443633e+00	2.539329e-09	
8105	1.443833e+00	2.538143e-09	
8106	1.444033e+00	2.536999e-09	
8107	1.444233e+00	2.535913e-09	
8108	1.444433e+00	2.534863e-09	
8109	1.444444e+00	2.534825e-09	
8110	1.444464e+00	2.534733e-09	
8111	1.444504e+00	2.534525e-09	
8112	1.444584e+00	2.534137e-09	
8113	1.444744e+00	2.533126e-09	
8114	1.444944e+00	2.531433e-09	
8115	1.445144e+00	2.529349e-09	
8116	1.445344e+00	2.527070e-09	

Index   time            -i(vdd)         
--------------------------------------------------------------------------------
8117	1.445544e+00	2.524718e-09	
8118	1.445744e+00	2.522438e-09	
8119	1.445944e+00	2.520288e-09	
8120	1.446144e+00	2.518337e-09	
8121	1.446344e+00	2.516597e-09	
8122	1.446544e+00	2.515078e-09	
8123	1.446744e+00	2.513760e-09	
8124	1.446944e+00	2.512642e-09	
8125	1.447144e+00	2.511681e-09	
8126	1.447344e+00	2.510871e-09	
8127	1.447544e+00	2.510174e-09	
8128	1.447744e+00	2.509578e-09	
8129	1.447944e+00	2.509061e-09	
8130	1.448144e+00	2.508616e-09	
8131	1.448344e+00	2.508228e-09	
8132	1.448544e+00	2.507888e-09	
8133	1.448744e+00	2.507589e-09	
8134	1.448944e+00	2.507339e-09	
8135	1.449144e+00	2.507117e-09	
8136	1.449344e+00	2.506932e-09	
8137	1.449544e+00	2.506775e-09	
8138	1.449744e+00	2.506647e-09	
8139	1.449944e+00	2.506541e-09	
8140	1.450144e+00	2.506458e-09	
8141	1.450344e+00	2.506394e-09	
8142	1.450544e+00	2.506357e-09	
8143	1.450744e+00	2.506330e-09	
8144	1.450944e+00	2.506325e-09	
8145	1.451144e+00	2.506332e-09	
8146	1.451344e+00	2.506362e-09	
8147	1.451544e+00	2.506396e-09	
8148	1.451744e+00	2.506449e-09	
8149	1.451944e+00	2.506514e-09	
8150	1.452144e+00	2.506593e-09	
8151	1.452344e+00	2.506674e-09	
8152	1.452544e+00	2.506767e-09	
8153	1.452744e+00	2.506878e-09	
8154	1.452944e+00	2.506997e-09	
8155	1.453144e+00	2.507113e-09	
8156	1.453344e+00	2.507255e-09	
8157	1.453544e+00	2.507395e-09	
8158	1.453744e+00	2.507544e-09	
8159	1.453944e+00	2.507700e-09	
8160	1.454144e+00	2.507871e-09	
8161	1.454344e+00	2.508037e-09	
8162	1.454544e+00	2.508218e-09	
8163	1.454744e+00	2.508408e-09	
8164	1.454944e+00	2.508597e-09	
8165	1.455144e+00	2.508791e-09	
8166	1.455344e+00	2.508997e-09	
8167	1.455544e+00	2.509205e-09	
8168	1.455556e+00	2.509219e-09	
8169	1.455576e+00	2.509189e-09	
8170	1.455616e+00	2.509023e-09	
8171	1.455696e+00	2.508545e-09	
8172	1.455856e+00	2.507360e-09	
8173	1.456056e+00	2.505775e-09	
8174	1.456256e+00	2.504167e-09	

Index   time            -i(vdd)         
--------------------------------------------------------------------------------
8175	1.456456e+00	2.502573e-09	
8176	1.456656e+00	2.500989e-09	
8177	1.456856e+00	2.499415e-09	
8178	1.457056e+00	2.497841e-09	
8179	1.457256e+00	2.496282e-09	
8180	1.457456e+00	2.494728e-09	
8181	1.457656e+00	2.493188e-09	
8182	1.457856e+00	2.491654e-09	
8183	1.458056e+00	2.490142e-09	
8184	1.458256e+00	2.488647e-09	
8185	1.458456e+00	2.487185e-09	
8186	1.458656e+00	2.485751e-09	
8187	1.458856e+00	2.484370e-09	
8188	1.459056e+00	2.483047e-09	
8189	1.459256e+00	2.481827e-09	
8190	1.459456e+00	2.480741e-09	
8191	1.459656e+00	2.479870e-09	
8192	1.459856e+00	2.479338e-09	
8193	1.460056e+00	2.479377e-09	
8194	1.460256e+00	2.480382e-09	
8195	1.460456e+00	2.483119e-09	
8196	1.460656e+00	2.488766e-09	
8197	1.460856e+00	2.498865e-09	
8198	1.461056e+00	2.515339e-09	
8199	1.461256e+00	2.541124e-09	
8200	1.461456e+00	2.580384e-09	
8201	1.461656e+00	2.638099e-09	
8202	1.461856e+00	2.720047e-09	
8203	1.462056e+00	2.834105e-09	
8204	1.462256e+00	2.965513e-09	
8205	1.462456e+00	3.042513e-09	
8206	1.462656e+00	3.047729e-09	
8207	1.462856e+00	3.031368e-09	
8208	1.463056e+00	2.999724e-09	
8209	1.463256e+00	2.986676e-09	
8210	1.463456e+00	2.975034e-09	
8211	1.463656e+00	2.966601e-09	
8212	1.463856e+00	2.960595e-09	
8213	1.464056e+00	2.956114e-09	
8214	1.464256e+00	2.952691e-09	
8215	1.464456e+00	2.949985e-09	
8216	1.464656e+00	2.947765e-09	
8217	1.464856e+00	2.945863e-09	
8218	1.465056e+00	2.944202e-09	
8219	1.465256e+00	2.942704e-09	
8220	1.465456e+00	2.941365e-09	
8221	1.465656e+00	2.940166e-09	
8222	1.465856e+00	2.939162e-09	
8223	1.466056e+00	2.938381e-09	
8224	1.466256e+00	2.937922e-09	
8225	1.466456e+00	2.937888e-09	
8226	1.466656e+00	2.938450e-09	
8227	1.466667e+00	2.938510e-09	
8228	1.466687e+00	2.938659e-09	
8229	1.466727e+00	2.939016e-09	
8230	1.466807e+00	2.939964e-09	
8231	1.466967e+00	2.942551e-09	
8232	1.467167e+00	2.946651e-09	

Index   time            -i(vdd)         
--------------------------------------------------------------------------------
8233	1.467367e+00	2.951436e-09	
8234	1.467567e+00	2.956656e-09	
8235	1.467767e+00	2.962100e-09	
8236	1.467967e+00	2.967659e-09	
8237	1.468167e+00	2.973210e-09	
8238	1.468367e+00	2.978674e-09	
8239	1.468567e+00	2.983977e-09	
8240	1.468767e+00	2.989083e-09	
8241	1.468967e+00	2.993985e-09	
8242	1.469167e+00	2.998747e-09	
8243	1.469367e+00	3.003456e-09	
8244	1.469567e+00	3.008300e-09	
8245	1.469767e+00	3.013480e-09	
8246	1.469967e+00	3.019232e-09	
8247	1.470167e+00	3.025708e-09	
8248	1.470367e+00	3.032904e-09	
8249	1.470567e+00	3.040538e-09	
8250	1.470767e+00	3.048190e-09	
8251	1.470967e+00	3.055419e-09	
8252	1.471167e+00	3.061942e-09	
8253	1.471367e+00	3.067507e-09	
8254	1.471567e+00	3.071869e-09	
8255	1.471767e+00	3.074458e-09	
8256	1.471967e+00	3.074322e-09	
8257	1.472167e+00	3.069584e-09	
8258	1.472367e+00	3.051180e-09	
8259	1.472567e+00	2.991776e-09	
8260	1.472767e+00	2.873444e-09	
8261	1.472967e+00	2.795568e-09	
8262	1.473167e+00	2.719473e-09	
8263	1.473367e+00	2.615334e-09	
8264	1.473567e+00	2.506450e-09	
8265	1.473767e+00	2.403738e-09	
8266	1.473967e+00	2.308331e-09	
8267	1.474167e+00	2.237652e-09	
8268	1.474367e+00	2.192546e-09	
8269	1.474567e+00	2.163079e-09	
8270	1.474767e+00	2.140002e-09	
8271	1.474967e+00	2.120017e-09	
8272	1.475167e+00	2.103368e-09	
8273	1.475367e+00	2.093434e-09	
8274	1.475567e+00	2.141185e-09	
8275	1.475592e+00	2.187724e-09	
8276	1.475642e+00	2.416232e-09	
8277	1.475654e+00	2.451773e-09	
8278	1.475679e+00	2.443357e-09	
8279	1.475729e+00	2.234245e-09	
8280	1.475803e+00	2.073104e-09	
8281	1.475920e+00	2.065714e-09	
8282	1.476069e+00	2.046028e-09	
8283	1.476269e+00	2.032575e-09	
8284	1.476469e+00	2.024748e-09	
8285	1.476669e+00	2.018443e-09	
8286	1.476869e+00	2.012636e-09	
8287	1.477069e+00	2.007389e-09	
8288	1.477269e+00	2.002731e-09	
8289	1.477469e+00	1.998586e-09	
8290	1.477669e+00	1.994940e-09	

Index   time            -i(vdd)         
--------------------------------------------------------------------------------
8291	1.477778e+00	1.993136e-09	
8292	1.477798e+00	1.992853e-09	
8293	1.477838e+00	1.992269e-09	
8294	1.477918e+00	1.991225e-09	
8295	1.478078e+00	1.989430e-09	
8296	1.478278e+00	1.987593e-09	
8297	1.478478e+00	1.986257e-09	
8298	1.478678e+00	1.985586e-09	
8299	1.478878e+00	1.985755e-09	
8300	1.479078e+00	1.987025e-09	
8301	1.479278e+00	1.989718e-09	
8302	1.479478e+00	1.994256e-09	
8303	1.479678e+00	2.001141e-09	
8304	1.479878e+00	2.011080e-09	
8305	1.480078e+00	2.024924e-09	
8306	1.480278e+00	2.043720e-09	
8307	1.480478e+00	2.068596e-09	
8308	1.480678e+00	2.100574e-09	
8309	1.480878e+00	2.140174e-09	
8310	1.481078e+00	2.186903e-09	
8311	1.481278e+00	2.238445e-09	
8312	1.481478e+00	2.290022e-09	
8313	1.481678e+00	2.334665e-09	
8314	1.481878e+00	2.366217e-09	
8315	1.482078e+00	2.382594e-09	
8316	1.482278e+00	2.384517e-09	
8317	1.482478e+00	2.371092e-09	
8318	1.482678e+00	2.339007e-09	
8319	1.482878e+00	2.291826e-09	
8320	1.483078e+00	2.234906e-09	
8321	1.483103e+00	2.226267e-09	
8322	1.483153e+00	2.216466e-09	
8323	1.483253e+00	2.180459e-09	
8324	1.483453e+00	2.088089e-09	
8325	1.483653e+00	2.002533e-09	
8326	1.483853e+00	1.938396e-09	
8327	1.484053e+00	1.892279e-09	
8328	1.484253e+00	1.858045e-09	
8329	1.484453e+00	1.831519e-09	
8330	1.484653e+00	1.810357e-09	
8331	1.484853e+00	1.793139e-09	
8332	1.485053e+00	1.778946e-09	
8333	1.485253e+00	1.767225e-09	
8334	1.485453e+00	1.757580e-09	
8335	1.485653e+00	1.749756e-09	
8336	1.485853e+00	1.743517e-09	
8337	1.486053e+00	1.738724e-09	
8338	1.486253e+00	1.735239e-09	
8339	1.486453e+00	1.732977e-09	
8340	1.486653e+00	1.731860e-09	
8341	1.486853e+00	1.731874e-09	
8342	1.487053e+00	1.732970e-09	
8343	1.487253e+00	1.735191e-09	
8344	1.487453e+00	1.738601e-09	
8345	1.487653e+00	1.743340e-09	
8346	1.487853e+00	1.749559e-09	
8347	1.488053e+00	1.757453e-09	
8348	1.488253e+00	1.767257e-09	

Index   time            -i(vdd)         
--------------------------------------------------------------------------------
8349	1.488453e+00	1.779244e-09	
8350	1.488653e+00	1.793721e-09	
8351	1.488853e+00	1.811064e-09	
8352	1.488889e+00	1.814529e-09	
8353	1.488909e+00	1.816430e-09	
8354	1.488949e+00	1.820207e-09	
8355	1.489029e+00	1.827980e-09	
8356	1.489189e+00	1.845066e-09	
8357	1.489389e+00	1.870061e-09	
8358	1.489589e+00	1.899832e-09	
8359	1.489789e+00	1.934995e-09	
8360	1.489989e+00	1.975878e-09	
8361	1.490189e+00	2.022061e-09	
8362	1.490389e+00	2.068244e-09	
8363	1.490589e+00	2.132388e-09	
8364	1.490614e+00	2.162769e-09	
8365	1.490664e+00	2.375873e-09	
8366	1.490676e+00	2.486594e-09	
8367	1.490701e+00	2.532233e-09	
8368	1.490751e+00	2.170325e-09	
8369	1.490800e+00	2.127417e-09	
8370	1.490898e+00	2.141033e-09	
8371	1.491043e+00	2.153497e-09	
8372	1.491243e+00	2.136356e-09	
8373	1.491443e+00	2.130231e-09	
8374	1.491643e+00	2.110043e-09	
8375	1.491843e+00	2.078745e-09	
8376	1.492043e+00	2.044042e-09	
8377	1.492243e+00	2.016656e-09	
8378	1.492443e+00	2.005945e-09	
8379	1.492643e+00	2.014605e-09	
8380	1.492843e+00	2.041060e-09	
8381	1.493043e+00	2.085163e-09	
8382	1.493243e+00	2.152078e-09	
8383	1.493443e+00	2.241231e-09	
8384	1.493643e+00	2.153292e-09	
8385	1.493843e+00	2.320032e-09	
8386	1.494043e+00	2.741967e-09	
8387	1.494243e+00	2.809514e-09	
8388	1.494443e+00	3.079007e-09	
8389	1.494643e+00	3.243823e-09	
8390	1.494843e+00	3.340870e-09	
8391	1.495043e+00	3.413417e-09	
8392	1.495243e+00	3.504375e-09	
8393	1.495443e+00	3.594921e-09	
8394	1.495643e+00	3.685506e-09	
8395	1.495843e+00	3.773133e-09	
8396	1.496043e+00	3.856035e-09	
8397	1.496243e+00	3.934634e-09	
8398	1.496443e+00	4.002138e-09	
8399	1.496643e+00	4.061276e-09	
8400	1.496843e+00	4.118526e-09	
8401	1.497043e+00	4.168118e-09	
8402	1.497243e+00	4.210278e-09	
8403	1.497443e+00	4.244383e-09	
8404	1.497643e+00	4.270235e-09	
8405	1.497843e+00	4.288502e-09	
8406	1.498043e+00	4.300639e-09	

Index   time            -i(vdd)         
--------------------------------------------------------------------------------
8407	1.498243e+00	4.309148e-09	
8408	1.498443e+00	4.314067e-09	
8409	1.498643e+00	4.312963e-09	
8410	1.498843e+00	4.314186e-09	
8411	1.499043e+00	4.315508e-09	
8412	1.499243e+00	4.316569e-09	
8413	1.499443e+00	4.317670e-09	
8414	1.499643e+00	4.318836e-09	
8415	1.499843e+00	4.319897e-09	
8416	1.500000e+00	4.320560e-09	
8417	1.500020e+00	4.320680e-09	
8418	1.500060e+00	4.320905e-09	
8419	1.500140e+00	4.321454e-09	
8420	1.500300e+00	4.322414e-09	
8421	1.500500e+00	4.322967e-09	
8422	1.500700e+00	4.322492e-09	
8423	1.500900e+00	4.320916e-09	
8424	1.501100e+00	4.318223e-09	
8425	1.501300e+00	4.314496e-09	
8426	1.501500e+00	4.309806e-09	
8427	1.501700e+00	4.304267e-09	
8428	1.501900e+00	4.297996e-09	
8429	1.502100e+00	4.291116e-09	
8430	1.502300e+00	4.283736e-09	
8431	1.502500e+00	4.275979e-09	
8432	1.502700e+00	4.267928e-09	
8433	1.502900e+00	4.259711e-09	
8434	1.503100e+00	4.251384e-09	
8435	1.503300e+00	4.243034e-09	
8436	1.503500e+00	4.234718e-09	
8437	1.503700e+00	4.226512e-09	
8438	1.503900e+00	4.218436e-09	
8439	1.504100e+00	4.210537e-09	
8440	1.504300e+00	4.202835e-09	
8441	1.504500e+00	4.195330e-09	
8442	1.504700e+00	4.188022e-09	
8443	1.504900e+00	4.180920e-09	
8444	1.505100e+00	4.173992e-09	
8445	1.505300e+00	4.167229e-09	
8446	1.505500e+00	4.160574e-09	
8447	1.505700e+00	4.154026e-09	
8448	1.505900e+00	4.147503e-09	
8449	1.506100e+00	4.140962e-09	
8450	1.506300e+00	4.134340e-09	
8451	1.506500e+00	4.127562e-09	
8452	1.506700e+00	4.120524e-09	
8453	1.506900e+00	4.113133e-09	
8454	1.507100e+00	4.105251e-09	
8455	1.507300e+00	4.096730e-09	
8456	1.507500e+00	4.087374e-09	
8457	1.507700e+00	4.076971e-09	
8458	1.507900e+00	4.065246e-09	
8459	1.508100e+00	4.051938e-09	
8460	1.508300e+00	4.036743e-09	
8461	1.508500e+00	4.019620e-09	
8462	1.508700e+00	4.001866e-09	
8463	1.508900e+00	3.996208e-09	
8464	1.509100e+00	4.298233e-09	

Index   time            -i(vdd)         
--------------------------------------------------------------------------------
8465	1.509300e+00	4.911044e-09	
8466	1.509500e+00	4.880403e-09	
8467	1.509700e+00	4.904199e-09	
8468	1.509900e+00	5.205269e-09	
8469	1.510100e+00	5.076155e-09	
8470	1.510300e+00	5.081380e-09	
8471	1.510500e+00	5.029542e-09	
8472	1.510700e+00	4.911833e-09	
8473	1.510725e+00	4.897042e-09	
8474	1.510775e+00	4.868491e-09	
8475	1.510875e+00	4.804715e-09	
8476	1.511075e+00	4.675382e-09	
8477	1.511111e+00	4.652607e-09	
8478	1.511131e+00	4.640037e-09	
8479	1.511171e+00	4.614831e-09	
8480	1.511251e+00	4.564563e-09	
8481	1.511411e+00	4.465108e-09	
8482	1.511611e+00	4.344708e-09	
8483	1.511811e+00	4.230800e-09	
8484	1.512011e+00	4.125334e-09	
8485	1.512211e+00	4.029535e-09	
8486	1.512411e+00	3.943958e-09	
8487	1.512611e+00	3.868566e-09	
8488	1.512811e+00	3.802940e-09	
8489	1.513011e+00	3.746411e-09	
8490	1.513211e+00	3.698304e-09	
8491	1.513411e+00	3.657946e-09	
8492	1.513611e+00	3.624788e-09	
8493	1.513811e+00	3.598420e-09	
8494	1.514011e+00	3.578600e-09	
8495	1.514211e+00	3.565237e-09	
8496	1.514411e+00	3.558453e-09	
8497	1.514611e+00	3.558550e-09	
8498	1.514811e+00	3.566054e-09	
8499	1.515011e+00	3.581762e-09	
8500	1.515211e+00	3.606713e-09	
8501	1.515411e+00	3.642230e-09	
8502	1.515611e+00	3.689896e-09	
8503	1.515811e+00	3.751383e-09	
8504	1.516011e+00	3.828428e-09	
8505	1.516211e+00	3.922657e-09	
8506	1.516411e+00	4.034394e-09	
8507	1.516611e+00	4.089348e-09	
8508	1.516811e+00	4.029698e-09	
8509	1.517011e+00	4.153152e-09	
8510	1.517211e+00	4.204470e-09	
8511	1.517411e+00	4.046536e-09	
8512	1.517611e+00	4.130215e-09	
8513	1.517811e+00	4.216562e-09	
8514	1.518011e+00	4.285036e-09	
8515	1.518211e+00	4.355973e-09	
8516	1.518411e+00	4.411115e-09	
8517	1.518611e+00	4.449908e-09	
8518	1.518811e+00	4.472158e-09	
8519	1.519011e+00	4.481329e-09	
8520	1.519211e+00	4.474096e-09	
8521	1.519411e+00	4.477781e-09	
8522	1.519611e+00	4.742455e-09	

Index   time            -i(vdd)         
--------------------------------------------------------------------------------
8523	1.519636e+00	4.841450e-09	
8524	1.519686e+00	4.749156e-09	
8525	1.519772e+00	4.453056e-09	
8526	1.519858e+00	4.449340e-09	
8527	1.520000e+00	4.422244e-09	
8528	1.520200e+00	4.395836e-09	
8529	1.520400e+00	4.376511e-09	
8530	1.520600e+00	4.358854e-09	
8531	1.520800e+00	4.341497e-09	
8532	1.521000e+00	4.324708e-09	
8533	1.521200e+00	4.308675e-09	
8534	1.521400e+00	4.293458e-09	
8535	1.521600e+00	4.279080e-09	
8536	1.521800e+00	4.265520e-09	
8537	1.522000e+00	4.252735e-09	
8538	1.522200e+00	4.240743e-09	
8539	1.522222e+00	4.239499e-09	
8540	1.522242e+00	4.238349e-09	
8541	1.522282e+00	4.236046e-09	
8542	1.522362e+00	4.231501e-09	
8543	1.522522e+00	4.222663e-09	
8544	1.522722e+00	4.212192e-09	
8545	1.522922e+00	4.202380e-09	
8546	1.523122e+00	4.193223e-09	
8547	1.523322e+00	4.184642e-09	
8548	1.523522e+00	4.176643e-09	
8549	1.523722e+00	4.169156e-09	
8550	1.523922e+00	4.162175e-09	
8551	1.524122e+00	4.155643e-09	
8552	1.524322e+00	4.149551e-09	
8553	1.524522e+00	4.143844e-09	
8554	1.524722e+00	4.138513e-09	
8555	1.524922e+00	4.133521e-09	
8556	1.525122e+00	4.128847e-09	
8557	1.525322e+00	4.124457e-09	
8558	1.525522e+00	4.120344e-09	
8559	1.525722e+00	4.116466e-09	
8560	1.525922e+00	4.112834e-09	
8561	1.526122e+00	4.109403e-09	
8562	1.526322e+00	4.106171e-09	
8563	1.526522e+00	4.103108e-09	
8564	1.526722e+00	4.100225e-09	
8565	1.526922e+00	4.097479e-09	
8566	1.527122e+00	4.094886e-09	
8567	1.527322e+00	4.092412e-09	
8568	1.527522e+00	4.090074e-09	
8569	1.527722e+00	4.087833e-09	
8570	1.527922e+00	4.085706e-09	
8571	1.528122e+00	4.083663e-09	
8572	1.528322e+00	4.081717e-09	
8573	1.528522e+00	4.079846e-09	
8574	1.528722e+00	4.078058e-09	
8575	1.528922e+00	4.076318e-09	
8576	1.529122e+00	4.074662e-09	
8577	1.529322e+00	4.073054e-09	
8578	1.529522e+00	4.071509e-09	
8579	1.529722e+00	4.070007e-09	
8580	1.529922e+00	4.068557e-09	

Index   time            -i(vdd)         
--------------------------------------------------------------------------------
8581	1.530122e+00	4.067147e-09	
8582	1.530322e+00	4.065784e-09	
8583	1.530522e+00	4.064447e-09	
8584	1.530722e+00	4.063169e-09	
8585	1.530922e+00	4.061910e-09	
8586	1.531122e+00	4.060703e-09	
8587	1.531322e+00	4.059513e-09	
8588	1.531522e+00	4.058361e-09	
8589	1.531722e+00	4.057234e-09	
8590	1.531922e+00	4.056142e-09	
8591	1.532122e+00	4.055064e-09	
8592	1.532322e+00	4.054021e-09	
8593	1.532522e+00	4.052987e-09	
8594	1.532722e+00	4.051977e-09	
8595	1.532922e+00	4.050976e-09	
8596	1.533122e+00	4.050003e-09	
8597	1.533322e+00	4.049036e-09	
8598	1.533333e+00	4.049009e-09	
8599	1.533353e+00	4.048920e-09	
8600	1.533393e+00	4.048752e-09	
8601	1.533473e+00	4.048486e-09	
8602	1.533633e+00	4.048039e-09	
8603	1.533833e+00	4.047592e-09	
8604	1.534033e+00	4.047162e-09	
8605	1.534233e+00	4.046778e-09	
8606	1.534433e+00	4.046394e-09	
8607	1.534633e+00	4.046032e-09	
8608	1.534833e+00	4.045669e-09	
8609	1.535033e+00	4.045325e-09	
8610	1.535233e+00	4.044975e-09	
8611	1.535433e+00	4.044648e-09	
8612	1.535633e+00	4.044313e-09	
8613	1.535833e+00	4.043996e-09	
8614	1.536033e+00	4.043677e-09	
8615	1.536233e+00	4.043376e-09	
8616	1.536433e+00	4.043067e-09	
8617	1.536633e+00	4.042772e-09	
8618	1.536833e+00	4.042475e-09	
8619	1.537033e+00	4.042193e-09	
8620	1.537233e+00	4.041911e-09	
8621	1.537433e+00	4.041642e-09	
8622	1.537633e+00	4.041365e-09	
8623	1.537833e+00	4.041102e-09	
8624	1.538033e+00	4.040834e-09	
8625	1.538233e+00	4.040572e-09	
8626	1.538433e+00	4.040306e-09	
8627	1.538633e+00	4.040059e-09	
8628	1.538833e+00	4.039798e-09	
8629	1.539033e+00	4.039558e-09	
8630	1.539233e+00	4.039310e-09	
8631	1.539433e+00	4.039071e-09	
8632	1.539633e+00	4.038829e-09	
8633	1.539833e+00	4.038596e-09	
8634	1.540033e+00	4.038355e-09	
8635	1.540233e+00	4.038136e-09	
8636	1.540433e+00	4.037894e-09	
8637	1.540633e+00	4.037672e-09	
8638	1.540833e+00	4.037449e-09	

Index   time            -i(vdd)         
--------------------------------------------------------------------------------
8639	1.541033e+00	4.037230e-09	
8640	1.541233e+00	4.037005e-09	
8641	1.541433e+00	4.036790e-09	
8642	1.541633e+00	4.036570e-09	
8643	1.541833e+00	4.036360e-09	
8644	1.542033e+00	4.036140e-09	
8645	1.542233e+00	4.035937e-09	
8646	1.542433e+00	4.035722e-09	
8647	1.542633e+00	4.035521e-09	
8648	1.542833e+00	4.035308e-09	
8649	1.543033e+00	4.035109e-09	
8650	1.543233e+00	4.034902e-09	
8651	1.543433e+00	4.034702e-09	
8652	1.543633e+00	4.034502e-09	
8653	1.543833e+00	4.034308e-09	
8654	1.544033e+00	4.034108e-09	
8655	1.544233e+00	4.033913e-09	
8656	1.544433e+00	4.033717e-09	
8657	1.544444e+00	4.033727e-09	
8658	1.544464e+00	4.033720e-09	
8659	1.544504e+00	4.033707e-09	
8660	1.544584e+00	4.033765e-09	
8661	1.544744e+00	4.033947e-09	
8662	1.544944e+00	4.034284e-09	
8663	1.545144e+00	4.034614e-09	
8664	1.545344e+00	4.034944e-09	
8665	1.545544e+00	4.035263e-09	
8666	1.545744e+00	4.035587e-09	
8667	1.545944e+00	4.035907e-09	
8668	1.546144e+00	4.036236e-09	
8669	1.546344e+00	4.036563e-09	
8670	1.546544e+00	4.036895e-09	
8671	1.546744e+00	4.037230e-09	
8672	1.546944e+00	4.037575e-09	
8673	1.547144e+00	4.037902e-09	
8674	1.547344e+00	4.038246e-09	
8675	1.547544e+00	4.038589e-09	
8676	1.547744e+00	4.038937e-09	
8677	1.547944e+00	4.039276e-09	
8678	1.548144e+00	4.039632e-09	
8679	1.548344e+00	4.039973e-09	
8680	1.548544e+00	4.040332e-09	
8681	1.548744e+00	4.040674e-09	
8682	1.548944e+00	4.041031e-09	
8683	1.549144e+00	4.041375e-09	
8684	1.549344e+00	4.041730e-09	
8685	1.549544e+00	4.042070e-09	
8686	1.549744e+00	4.042419e-09	
8687	1.549944e+00	4.042752e-09	
8688	1.550144e+00	4.043083e-09	
8689	1.550344e+00	4.043392e-09	
8690	1.550544e+00	4.043693e-09	
8691	1.550744e+00	4.043949e-09	
8692	1.550944e+00	4.044166e-09	
8693	1.551144e+00	4.044285e-09	
8694	1.551344e+00	4.044271e-09	
8695	1.551544e+00	4.043988e-09	
8696	1.551744e+00	4.043246e-09	

Index   time            -i(vdd)         
--------------------------------------------------------------------------------
8697	1.551944e+00	4.041623e-09	
8698	1.552144e+00	4.038410e-09	
8699	1.552344e+00	4.032302e-09	
8700	1.552544e+00	4.020908e-09	
8701	1.552744e+00	4.000289e-09	
8702	1.552944e+00	3.966714e-09	
8703	1.553144e+00	3.929342e-09	
8704	1.553344e+00	3.881691e-09	
8705	1.553369e+00	3.873692e-09	
8706	1.553419e+00	3.864190e-09	
8707	1.553519e+00	3.829828e-09	
8708	1.553719e+00	3.751309e-09	
8709	1.553919e+00	3.687511e-09	
8710	1.554119e+00	3.644770e-09	
8711	1.554319e+00	3.617817e-09	
8712	1.554519e+00	3.600646e-09	
8713	1.554719e+00	3.589336e-09	
8714	1.554919e+00	3.581580e-09	
8715	1.555119e+00	3.576063e-09	
8716	1.555319e+00	3.571981e-09	
8717	1.555519e+00	3.568824e-09	
8718	1.555556e+00	3.568359e-09	
8719	1.555576e+00	3.568044e-09	
8720	1.555616e+00	3.567383e-09	
8721	1.555696e+00	3.566012e-09	
8722	1.555856e+00	3.563230e-09	
8723	1.556056e+00	3.559984e-09	
8724	1.556256e+00	3.557033e-09	
8725	1.556456e+00	3.554369e-09	
8726	1.556656e+00	3.551923e-09	
8727	1.556856e+00	3.549666e-09	
8728	1.557056e+00	3.547553e-09	
8729	1.557256e+00	3.545571e-09	
8730	1.557456e+00	3.543700e-09	
8731	1.557656e+00	3.541939e-09	
8732	1.557856e+00	3.540254e-09	
8733	1.558056e+00	3.538681e-09	
8734	1.558256e+00	3.537189e-09	
8735	1.558456e+00	3.535811e-09	
8736	1.558656e+00	3.534541e-09	
8737	1.558856e+00	3.533448e-09	
8738	1.559056e+00	3.532557e-09	
8739	1.559256e+00	3.532006e-09	
8740	1.559456e+00	3.531964e-09	
8741	1.559656e+00	3.532814e-09	
8742	1.559856e+00	3.535237e-09	
8743	1.560056e+00	3.540516e-09	
8744	1.560256e+00	3.550430e-09	
8745	1.560456e+00	3.567178e-09	
8746	1.560656e+00	3.593898e-09	
8747	1.560856e+00	3.635585e-09	
8748	1.561056e+00	3.698842e-09	
8749	1.561256e+00	3.791757e-09	
8750	1.561456e+00	3.916956e-09	
8751	1.561656e+00	4.039754e-09	
8752	1.561856e+00	4.097790e-09	
8753	1.562056e+00	4.101030e-09	
8754	1.562256e+00	4.069628e-09	

Index   time            -i(vdd)         
--------------------------------------------------------------------------------
8755	1.562456e+00	4.053735e-09	
8756	1.562656e+00	4.038333e-09	
8757	1.562856e+00	4.027165e-09	
8758	1.563056e+00	4.019355e-09	
8759	1.563256e+00	4.014051e-09	
8760	1.563456e+00	4.010291e-09	
8761	1.563656e+00	4.007565e-09	
8762	1.563856e+00	4.005472e-09	
8763	1.564056e+00	4.003771e-09	
8764	1.564256e+00	4.002291e-09	
8765	1.564456e+00	4.000958e-09	
8766	1.564656e+00	3.999703e-09	
8767	1.564856e+00	3.998508e-09	
8768	1.565056e+00	3.997337e-09	
8769	1.565256e+00	3.996196e-09	
8770	1.565456e+00	3.995057e-09	
8771	1.565656e+00	3.993951e-09	
8772	1.565856e+00	3.992831e-09	
8773	1.566056e+00	3.991734e-09	
8774	1.566256e+00	3.990623e-09	
8775	1.566456e+00	3.989525e-09	
8776	1.566656e+00	3.988398e-09	
8777	1.566667e+00	3.988360e-09	
8778	1.566687e+00	3.988274e-09	
8779	1.566727e+00	3.988124e-09	
8780	1.566807e+00	3.987955e-09	
8781	1.566967e+00	3.987838e-09	
8782	1.567167e+00	3.988000e-09	
8783	1.567367e+00	3.988263e-09	
8784	1.567567e+00	3.988605e-09	
8785	1.567767e+00	3.988959e-09	
8786	1.567967e+00	3.989332e-09	
8787	1.568167e+00	3.989687e-09	
8788	1.568367e+00	3.990050e-09	
8789	1.568567e+00	3.990402e-09	
8790	1.568767e+00	3.990763e-09	
8791	1.568967e+00	3.991118e-09	
8792	1.569167e+00	3.991488e-09	
8793	1.569367e+00	3.991844e-09	
8794	1.569567e+00	3.992217e-09	
8795	1.569767e+00	3.992581e-09	
8796	1.569967e+00	3.992955e-09	
8797	1.570167e+00	3.993323e-09	
8798	1.570367e+00	3.993702e-09	
8799	1.570567e+00	3.994084e-09	
8800	1.570767e+00	3.994464e-09	
8801	1.570967e+00	3.994849e-09	
8802	1.571167e+00	3.995234e-09	
8803	1.571367e+00	3.995616e-09	
8804	1.571567e+00	3.996017e-09	
8805	1.571767e+00	3.996397e-09	
8806	1.571967e+00	3.996800e-09	
8807	1.572167e+00	3.997189e-09	
8808	1.572367e+00	3.997595e-09	
8809	1.572567e+00	3.997992e-09	
8810	1.572767e+00	3.998396e-09	
8811	1.572967e+00	3.998796e-09	
8812	1.573167e+00	3.999207e-09	

Index   time            -i(vdd)         
--------------------------------------------------------------------------------
8813	1.573367e+00	3.999611e-09	
8814	1.573567e+00	4.000022e-09	
8815	1.573767e+00	4.000433e-09	
8816	1.573967e+00	4.000851e-09	
8817	1.574167e+00	4.001260e-09	
8818	1.574367e+00	4.001683e-09	
8819	1.574567e+00	4.002100e-09	
8820	1.574767e+00	4.002524e-09	
8821	1.574967e+00	4.002940e-09	
8822	1.575167e+00	4.003369e-09	
8823	1.575367e+00	4.003787e-09	
8824	1.575567e+00	4.004218e-09	
8825	1.575767e+00	4.004644e-09	
8826	1.575967e+00	4.005074e-09	
8827	1.576167e+00	4.005499e-09	
8828	1.576367e+00	4.005934e-09	
8829	1.576567e+00	4.006366e-09	
8830	1.576767e+00	4.006802e-09	
8831	1.576967e+00	4.007230e-09	
8832	1.577167e+00	4.007667e-09	
8833	1.577367e+00	4.008095e-09	
8834	1.577567e+00	4.008531e-09	
8835	1.577767e+00	4.008972e-09	
8836	1.577778e+00	4.009015e-09	
8837	1.577798e+00	4.009055e-09	
8838	1.577838e+00	4.009114e-09	
8839	1.577918e+00	4.009256e-09	
8840	1.578078e+00	4.009476e-09	
8841	1.578278e+00	4.009724e-09	
8842	1.578478e+00	4.009909e-09	
8843	1.578678e+00	4.010079e-09	
8844	1.578878e+00	4.010235e-09	
8845	1.579078e+00	4.010384e-09	
8846	1.579278e+00	4.010529e-09	
8847	1.579478e+00	4.010674e-09	
8848	1.579678e+00	4.010810e-09	
8849	1.579878e+00	4.010947e-09	
8850	1.580078e+00	4.011068e-09	
8851	1.580278e+00	4.011187e-09	
8852	1.580478e+00	4.011279e-09	
8853	1.580678e+00	4.011357e-09	
8854	1.580878e+00	4.011396e-09	
8855	1.581078e+00	4.011398e-09	
8856	1.581278e+00	4.011316e-09	
8857	1.581478e+00	4.011137e-09	
8858	1.581678e+00	4.010771e-09	
8859	1.581878e+00	4.010147e-09	
8860	1.582078e+00	4.009084e-09	
8861	1.582278e+00	4.007344e-09	
8862	1.582478e+00	4.004528e-09	
8863	1.582678e+00	4.000080e-09	
8864	1.582878e+00	3.993111e-09	
8865	1.583078e+00	3.982250e-09	
8866	1.583278e+00	3.965152e-09	
8867	1.583478e+00	3.942062e-09	
8868	1.583678e+00	3.917328e-09	
8869	1.583878e+00	3.891076e-09	
8870	1.584078e+00	3.838879e-09	

Index   time            -i(vdd)         
--------------------------------------------------------------------------------
8871	1.584103e+00	3.835028e-09	
8872	1.584153e+00	3.824083e-09	
8873	1.584253e+00	3.791539e-09	
8874	1.584453e+00	3.725352e-09	
8875	1.584653e+00	3.669486e-09	
8876	1.584853e+00	3.627620e-09	
8877	1.585053e+00	3.598048e-09	
8878	1.585253e+00	3.577461e-09	
8879	1.585453e+00	3.563079e-09	
8880	1.585653e+00	3.552867e-09	
8881	1.585853e+00	3.545426e-09	
8882	1.586053e+00	3.539888e-09	
8883	1.586253e+00	3.535659e-09	
8884	1.586453e+00	3.532372e-09	
8885	1.586653e+00	3.529758e-09	
8886	1.586853e+00	3.527635e-09	
8887	1.587053e+00	3.525862e-09	
8888	1.587253e+00	3.524375e-09	
8889	1.587453e+00	3.523105e-09	
8890	1.587653e+00	3.522036e-09	
8891	1.587853e+00	3.521109e-09	
8892	1.588053e+00	3.520322e-09	
8893	1.588253e+00	3.519638e-09	
8894	1.588453e+00	3.519057e-09	
8895	1.588653e+00	3.518542e-09	
8896	1.588853e+00	3.518105e-09	
8897	1.588889e+00	3.518039e-09	
8898	1.588909e+00	3.517964e-09	
8899	1.588949e+00	3.517753e-09	
8900	1.589029e+00	3.517244e-09	
8901	1.589189e+00	3.515984e-09	
8902	1.589389e+00	3.514356e-09	
8903	1.589589e+00	3.512734e-09	
8904	1.589789e+00	3.511192e-09	
8905	1.589989e+00	3.509699e-09	
8906	1.590189e+00	3.508269e-09	
8907	1.590389e+00	3.506869e-09	
8908	1.590589e+00	3.505532e-09	
8909	1.590789e+00	3.504225e-09	
8910	1.590989e+00	3.502987e-09	
8911	1.591189e+00	3.501804e-09	
8912	1.591389e+00	3.500716e-09	
8913	1.591589e+00	3.499741e-09	
8914	1.591789e+00	3.498942e-09	
8915	1.591989e+00	3.498414e-09	
8916	1.592189e+00	3.498342e-09	
8917	1.592389e+00	3.499056e-09	
8918	1.592589e+00	3.501286e-09	
8919	1.592789e+00	3.506511e-09	
8920	1.592989e+00	3.517221e-09	
8921	1.593189e+00	3.536302e-09	
8922	1.593389e+00	3.567779e-09	
8923	1.593589e+00	3.618013e-09	
8924	1.593789e+00	3.695097e-09	
8925	1.593989e+00	3.807748e-09	
8926	1.594189e+00	3.952032e-09	
8927	1.594389e+00	4.064752e-09	
8928	1.594589e+00	4.093228e-09	

Index   time            -i(vdd)         
--------------------------------------------------------------------------------
8929	1.594789e+00	4.055939e-09	
8930	1.594989e+00	4.033479e-09	
8931	1.595189e+00	4.013340e-09	
8932	1.595389e+00	3.999289e-09	
8933	1.595589e+00	3.990091e-09	
8934	1.595789e+00	3.984274e-09	
8935	1.595989e+00	3.980436e-09	
8936	1.596189e+00	3.977800e-09	
8937	1.596389e+00	3.975837e-09	
8938	1.596589e+00	3.974265e-09	
8939	1.596789e+00	3.972886e-09	
8940	1.596989e+00	3.971642e-09	
8941	1.597189e+00	3.970452e-09	
8942	1.597389e+00	3.969311e-09	
8943	1.597589e+00	3.968189e-09	
8944	1.597789e+00	3.967100e-09	
8945	1.597989e+00	3.966012e-09	
8946	1.598189e+00	3.964941e-09	
8947	1.598389e+00	3.963868e-09	
8948	1.598589e+00	3.962799e-09	
8949	1.598789e+00	3.961703e-09	
8950	1.598989e+00	3.960590e-09	
8951	1.599189e+00	3.959448e-09	
8952	1.599389e+00	3.958334e-09	
8953	1.599589e+00	3.957264e-09	
8954	1.599789e+00	3.956249e-09	
8955	1.599989e+00	3.955249e-09	
8956	1.600000e+00	3.955220e-09	
8957	1.600020e+00	3.955159e-09	
8958	1.600060e+00	3.955076e-09	
8959	1.600140e+00	3.955043e-09	
8960	1.600300e+00	3.955319e-09	
8961	1.600500e+00	3.956075e-09	
8962	1.600700e+00	3.956966e-09	
8963	1.600900e+00	3.957919e-09	
8964	1.601100e+00	3.958858e-09	
8965	1.601300e+00	3.959802e-09	
8966	1.601500e+00	3.960746e-09	
8967	1.601700e+00	3.961706e-09	
8968	1.601900e+00	3.962663e-09	
8969	1.602100e+00	3.963640e-09	
8970	1.602300e+00	3.964621e-09	
8971	1.602500e+00	3.965612e-09	
8972	1.602700e+00	3.966615e-09	
8973	1.602900e+00	3.967628e-09	
8974	1.603100e+00	3.968647e-09	
8975	1.603300e+00	3.969681e-09	
8976	1.603500e+00	3.970715e-09	
8977	1.603700e+00	3.971771e-09	
8978	1.603900e+00	3.972824e-09	
8979	1.604100e+00	3.973902e-09	
8980	1.604300e+00	3.974972e-09	
8981	1.604500e+00	3.976061e-09	
8982	1.604700e+00	3.977149e-09	
8983	1.604900e+00	3.978255e-09	
8984	1.605100e+00	3.979363e-09	
8985	1.605300e+00	3.980482e-09	
8986	1.605500e+00	3.981602e-09	

Index   time            -i(vdd)         
--------------------------------------------------------------------------------
8987	1.605700e+00	3.982742e-09	
8988	1.605900e+00	3.983873e-09	
8989	1.606100e+00	3.985018e-09	
8990	1.606300e+00	3.986170e-09	
8991	1.606500e+00	3.987328e-09	
8992	1.606700e+00	3.988484e-09	
8993	1.606900e+00	3.989649e-09	
8994	1.607100e+00	3.990816e-09	
8995	1.607300e+00	3.991993e-09	
8996	1.607500e+00	3.993157e-09	
8997	1.607700e+00	3.994326e-09	
8998	1.607900e+00	3.995480e-09	
8999	1.608100e+00	3.996623e-09	
9000	1.608300e+00	3.997728e-09	
9001	1.608500e+00	3.998787e-09	
9002	1.608700e+00	3.999725e-09	
9003	1.608900e+00	4.000439e-09	
9004	1.609100e+00	4.000643e-09	
9005	1.609300e+00	3.999664e-09	
9006	1.609500e+00	3.995706e-09	
9007	1.609700e+00	3.983937e-09	
9008	1.609900e+00	3.954748e-09	
9009	1.610100e+00	3.894578e-09	
9010	1.610300e+00	3.832261e-09	
9011	1.610500e+00	3.755129e-09	
9012	1.610525e+00	3.744229e-09	
9013	1.610575e+00	3.726551e-09	
9014	1.610675e+00	3.684751e-09	
9015	1.610875e+00	3.622551e-09	
9016	1.611075e+00	3.587201e-09	
9017	1.611111e+00	3.582833e-09	
9018	1.611131e+00	3.580646e-09	
9019	1.611171e+00	3.576503e-09	
9020	1.611251e+00	3.569330e-09	
9021	1.611411e+00	3.558258e-09	
9022	1.611611e+00	3.548502e-09	
9023	1.611811e+00	3.541391e-09	
9024	1.612011e+00	3.535956e-09	
9025	1.612211e+00	3.531735e-09	
9026	1.612411e+00	3.528386e-09	
9027	1.612611e+00	3.525678e-09	
9028	1.612811e+00	3.523438e-09	
9029	1.613011e+00	3.521564e-09	
9030	1.613211e+00	3.519953e-09	
9031	1.613411e+00	3.518570e-09	
9032	1.613611e+00	3.517366e-09	
9033	1.613811e+00	3.516310e-09	
9034	1.614011e+00	3.515366e-09	
9035	1.614211e+00	3.514526e-09	
9036	1.614411e+00	3.513759e-09	
9037	1.614611e+00	3.513077e-09	
9038	1.614811e+00	3.512446e-09	
9039	1.615011e+00	3.511874e-09	
9040	1.615211e+00	3.511342e-09	
9041	1.615411e+00	3.510852e-09	
9042	1.615611e+00	3.510384e-09	
9043	1.615811e+00	3.509954e-09	
9044	1.616011e+00	3.509538e-09	

Index   time            -i(vdd)         
--------------------------------------------------------------------------------
9045	1.616211e+00	3.509140e-09	
9046	1.616411e+00	3.508753e-09	
9047	1.616611e+00	3.508384e-09	
9048	1.616811e+00	3.508005e-09	
9049	1.617011e+00	3.507639e-09	
9050	1.617211e+00	3.507258e-09	
9051	1.617411e+00	3.506882e-09	
9052	1.617611e+00	3.506478e-09	
9053	1.617811e+00	3.506061e-09	
9054	1.618011e+00	3.505608e-09	
9055	1.618211e+00	3.505121e-09	
9056	1.618411e+00	3.504583e-09	
9057	1.618611e+00	3.503985e-09	
9058	1.618811e+00	3.503297e-09	
9059	1.619011e+00	3.502528e-09	
9060	1.619211e+00	3.501626e-09	
9061	1.619411e+00	3.500589e-09	
9062	1.619611e+00	3.499364e-09	
9063	1.619811e+00	3.497922e-09	
9064	1.620011e+00	3.496210e-09	
9065	1.620211e+00	3.494176e-09	
9066	1.620411e+00	3.491718e-09	
9067	1.620611e+00	3.488785e-09	
9068	1.620811e+00	3.485232e-09	
9069	1.621011e+00	3.480948e-09	
9070	1.621211e+00	3.475749e-09	
9071	1.621411e+00	3.469433e-09	
9072	1.621611e+00	3.461713e-09	
9073	1.621811e+00	3.452251e-09	
9074	1.622011e+00	3.440583e-09	
9075	1.622211e+00	3.426202e-09	
9076	1.622222e+00	3.425350e-09	
9077	1.622242e+00	3.423696e-09	
9078	1.622282e+00	3.420218e-09	
9079	1.622362e+00	3.412840e-09	
9080	1.622522e+00	3.396554e-09	
9081	1.622722e+00	3.376858e-09	
9082	1.622922e+00	3.427828e-09	
9083	1.623122e+00	3.888615e-09	
9084	1.623322e+00	4.252925e-09	
9085	1.623522e+00	4.212364e-09	
9086	1.623722e+00	4.243726e-09	
9087	1.623747e+00	4.256900e-09	
9088	1.623797e+00	4.282848e-09	
9089	1.623897e+00	4.338660e-09	
9090	1.623922e+00	4.352899e-09	
9091	1.623972e+00	4.388846e-09	
9092	1.623984e+00	4.397624e-09	
9093	1.624009e+00	4.412441e-09	
9094	1.624059e+00	4.663695e-09	
9095	1.624072e+00	4.866463e-09	
9096	1.624097e+00	4.663045e-09	
9097	1.624103e+00	4.509316e-09	
9098	1.624116e+00	4.494113e-09	
9099	1.624119e+00	4.494832e-09	
9100	1.624125e+00	4.483279e-09	
9101	1.624138e+00	4.475733e-09	
9102	1.624163e+00	4.496932e-09	

Index   time            -i(vdd)         
--------------------------------------------------------------------------------
9103	1.624213e+00	4.523225e-09	
9104	1.624304e+00	4.502951e-09	
9105	1.624476e+00	4.555483e-09	
9106	1.624670e+00	4.538690e-09	
9107	1.624870e+00	4.489017e-09	
9108	1.625070e+00	4.443921e-09	
9109	1.625270e+00	4.413145e-09	
9110	1.625470e+00	4.395567e-09	
9111	1.625670e+00	4.387941e-09	
9112	1.625870e+00	4.387452e-09	
9113	1.626070e+00	4.391990e-09	
9114	1.626270e+00	4.400463e-09	
9115	1.626470e+00	4.412606e-09	
9116	1.626670e+00	4.428441e-09	
9117	1.626870e+00	4.438510e-09	
9118	1.627070e+00	4.224685e-09	
9119	1.627270e+00	4.223363e-09	
9120	1.627470e+00	4.219572e-09	
9121	1.627670e+00	4.160809e-09	
9122	1.627870e+00	3.814265e-09	
9123	1.628070e+00	3.813397e-09	
9124	1.628270e+00	3.826387e-09	
9125	1.628470e+00	3.848227e-09	
9126	1.628670e+00	3.888397e-09	
9127	1.628870e+00	3.943066e-09	
9128	1.629070e+00	4.014059e-09	
9129	1.629270e+00	4.109732e-09	
9130	1.629470e+00	4.220089e-09	
9131	1.629670e+00	4.293354e-09	
9132	1.629870e+00	4.369041e-09	
9133	1.629895e+00	4.409394e-09	
9134	1.629945e+00	4.642306e-09	
9135	1.629958e+00	4.662508e-09	
9136	1.629983e+00	4.649697e-09	
9137	1.630033e+00	4.416270e-09	
9138	1.630105e+00	4.272846e-09	
9139	1.630232e+00	4.251991e-09	
9140	1.630389e+00	4.218646e-09	
9141	1.630589e+00	4.189706e-09	
9142	1.630789e+00	4.167923e-09	
9143	1.630989e+00	4.149434e-09	
9144	1.631189e+00	4.133024e-09	
9145	1.631389e+00	4.118504e-09	
9146	1.631589e+00	4.105547e-09	
9147	1.631789e+00	4.093877e-09	
9148	1.631989e+00	4.083282e-09	
9149	1.632189e+00	4.073584e-09	
9150	1.632389e+00	4.064681e-09	
9151	1.632589e+00	4.056441e-09	
9152	1.632789e+00	4.048822e-09	
9153	1.632989e+00	4.041742e-09	
9154	1.633189e+00	4.035161e-09	
9155	1.633333e+00	4.030719e-09	
9156	1.633353e+00	4.030137e-09	
9157	1.633393e+00	4.029002e-09	
9158	1.633473e+00	4.026856e-09	
9159	1.633633e+00	4.022907e-09	
9160	1.633833e+00	4.018471e-09	

Index   time            -i(vdd)         
--------------------------------------------------------------------------------
9161	1.634033e+00	4.014479e-09	
9162	1.634233e+00	4.010854e-09	
9163	1.634433e+00	4.007531e-09	
9164	1.634633e+00	4.004495e-09	
9165	1.634833e+00	4.001684e-09	
9166	1.635033e+00	3.999109e-09	
9167	1.635233e+00	3.996719e-09	
9168	1.635433e+00	3.994516e-09	
9169	1.635633e+00	3.992465e-09	
9170	1.635833e+00	3.990579e-09	
9171	1.636033e+00	3.988823e-09	
9172	1.636233e+00	3.987200e-09	
9173	1.636433e+00	3.985679e-09	
9174	1.636633e+00	3.984271e-09	
9175	1.636833e+00	3.982968e-09	
9176	1.637033e+00	3.981773e-09	
9177	1.637233e+00	3.980649e-09	
9178	1.637433e+00	3.979616e-09	
9179	1.637633e+00	3.978650e-09	
9180	1.637833e+00	3.977760e-09	
9181	1.638033e+00	3.976924e-09	
9182	1.638233e+00	3.976152e-09	
9183	1.638433e+00	3.975429e-09	
9184	1.638633e+00	3.974762e-09	
9185	1.638833e+00	3.974131e-09	
9186	1.639033e+00	3.973556e-09	
9187	1.639233e+00	3.973006e-09	
9188	1.639433e+00	3.972501e-09	
9189	1.639633e+00	3.972026e-09	
9190	1.639833e+00	3.971589e-09	
9191	1.640033e+00	3.971177e-09	
9192	1.640233e+00	3.970788e-09	
9193	1.640433e+00	3.970419e-09	
9194	1.640633e+00	3.970079e-09	
9195	1.640833e+00	3.969747e-09	
9196	1.641033e+00	3.969428e-09	
9197	1.641233e+00	3.969118e-09	
9198	1.641433e+00	3.968809e-09	
9199	1.641633e+00	3.968487e-09	
9200	1.641833e+00	3.968156e-09	
9201	1.642033e+00	3.967786e-09	
9202	1.642233e+00	3.967365e-09	
9203	1.642433e+00	3.966857e-09	
9204	1.642633e+00	3.966221e-09	
9205	1.642833e+00	3.965377e-09	
9206	1.643033e+00	3.964221e-09	
9207	1.643233e+00	3.962570e-09	
9208	1.643433e+00	3.960149e-09	
9209	1.643633e+00	3.956455e-09	
9210	1.643833e+00	3.950751e-09	
9211	1.644033e+00	3.941739e-09	
9212	1.644233e+00	3.927293e-09	
9213	1.644433e+00	3.903384e-09	
9214	1.644444e+00	3.901657e-09	
9215	1.644464e+00	3.898473e-09	
9216	1.644504e+00	3.891555e-09	
9217	1.644584e+00	3.875415e-09	
9218	1.644744e+00	3.831645e-09	

Index   time            -i(vdd)         
--------------------------------------------------------------------------------
9219	1.644944e+00	3.847621e-09	
9220	1.644969e+00	3.914843e-09	
9221	1.645019e+00	4.254981e-09	
9222	1.645119e+00	4.631013e-09	
9223	1.645296e+00	4.351399e-09	
9224	1.645321e+00	4.348066e-09	
9225	1.645371e+00	4.370523e-09	
9226	1.645471e+00	4.416078e-09	
9227	1.645623e+00	4.368412e-09	
9228	1.645791e+00	4.694261e-09	
9229	1.645991e+00	4.241457e-09	
9230	1.646016e+00	4.183252e-09	
9231	1.646066e+00	4.160063e-09	
9232	1.646166e+00	4.122709e-09	
9233	1.646366e+00	4.003265e-09	
9234	1.646566e+00	3.864339e-09	
9235	1.646766e+00	3.739704e-09	
9236	1.646966e+00	3.637400e-09	
9237	1.647166e+00	3.553898e-09	
9238	1.647366e+00	3.482637e-09	
9239	1.647566e+00	3.419866e-09	
9240	1.647766e+00	3.362905e-09	
9241	1.647966e+00	3.310486e-09	
9242	1.648166e+00	3.262332e-09	
9243	1.648366e+00	3.218454e-09	
9244	1.648566e+00	3.178864e-09	
9245	1.648766e+00	3.143433e-09	
9246	1.648966e+00	3.111904e-09	
9247	1.649166e+00	3.083908e-09	
9248	1.649366e+00	3.059099e-09	
9249	1.649566e+00	3.037084e-09	
9250	1.649766e+00	3.017522e-09	
9251	1.649966e+00	3.000096e-09	
9252	1.650166e+00	2.984529e-09	
9253	1.650366e+00	2.970591e-09	
9254	1.650566e+00	2.958066e-09	
9255	1.650766e+00	2.946765e-09	
9256	1.650966e+00	2.936558e-09	
9257	1.651166e+00	2.927283e-09	
9258	1.651366e+00	2.918862e-09	
9259	1.651566e+00	2.911160e-09	
9260	1.651766e+00	2.904115e-09	
9261	1.651966e+00	2.897620e-09	
9262	1.652166e+00	2.891632e-09	
9263	1.652366e+00	2.886048e-09	
9264	1.652566e+00	2.880815e-09	
9265	1.652766e+00	2.875809e-09	
9266	1.652966e+00	2.870879e-09	
9267	1.653166e+00	2.865743e-09	
9268	1.653366e+00	2.859856e-09	
9269	1.653566e+00	2.852150e-09	
9270	1.653766e+00	2.840642e-09	
9271	1.653966e+00	2.821124e-09	
9272	1.654166e+00	2.786761e-09	
9273	1.654366e+00	2.737632e-09	
9274	1.654566e+00	2.688355e-09	
9275	1.654591e+00	2.682477e-09	
9276	1.654641e+00	2.669893e-09	

Index   time            -i(vdd)         
--------------------------------------------------------------------------------
9277	1.654741e+00	2.624449e-09	
9278	1.654766e+00	2.613528e-09	
9279	1.654816e+00	2.601020e-09	
9280	1.654916e+00	2.558739e-09	
9281	1.655116e+00	2.482957e-09	
9282	1.655316e+00	2.433689e-09	
9283	1.655516e+00	2.403297e-09	
9284	1.655556e+00	2.398769e-09	
9285	1.655576e+00	2.396662e-09	
9286	1.655616e+00	2.392597e-09	
9287	1.655696e+00	2.385269e-09	
9288	1.655856e+00	2.373043e-09	
9289	1.656056e+00	2.361213e-09	
9290	1.656256e+00	2.351922e-09	
9291	1.656456e+00	2.344271e-09	
9292	1.656656e+00	2.337728e-09	
9293	1.656856e+00	2.332019e-09	
9294	1.657056e+00	2.326939e-09	
9295	1.657256e+00	2.322368e-09	
9296	1.657456e+00	2.318212e-09	
9297	1.657656e+00	2.314388e-09	
9298	1.657856e+00	2.310850e-09	
9299	1.658056e+00	2.307574e-09	
9300	1.658256e+00	2.304520e-09	
9301	1.658456e+00	2.301690e-09	
9302	1.658656e+00	2.299071e-09	
9303	1.658856e+00	2.296697e-09	
9304	1.659056e+00	2.294607e-09	
9305	1.659256e+00	2.292897e-09	
9306	1.659456e+00	2.291717e-09	
9307	1.659656e+00	2.291426e-09	
9308	1.659856e+00	2.292684e-09	
9309	1.660056e+00	2.296862e-09	
9310	1.660256e+00	2.306149e-09	
9311	1.660456e+00	2.323241e-09	
9312	1.660656e+00	2.351826e-09	
9313	1.660856e+00	2.397867e-09	
9314	1.661056e+00	2.469315e-09	
9315	1.661256e+00	2.574939e-09	
9316	1.661456e+00	2.710919e-09	
9317	1.661656e+00	2.824416e-09	
9318	1.661856e+00	2.863351e-09	
9319	1.662056e+00	2.835895e-09	
9320	1.662256e+00	2.817764e-09	
9321	1.662456e+00	2.797612e-09	
9322	1.662656e+00	2.782580e-09	
9323	1.662856e+00	2.772225e-09	
9324	1.663056e+00	2.765236e-09	
9325	1.663256e+00	2.760556e-09	
9326	1.663456e+00	2.757271e-09	
9327	1.663656e+00	2.754828e-09	
9328	1.663856e+00	2.752883e-09	
9329	1.664056e+00	2.751224e-09	
9330	1.664256e+00	2.749746e-09	
9331	1.664456e+00	2.748361e-09	
9332	1.664656e+00	2.747057e-09	
9333	1.664856e+00	2.745791e-09	
9334	1.665056e+00	2.744572e-09	

Index   time            -i(vdd)         
--------------------------------------------------------------------------------
9335	1.665256e+00	2.743384e-09	
9336	1.665456e+00	2.742225e-09	
9337	1.665656e+00	2.741082e-09	
9338	1.665856e+00	2.739966e-09	
9339	1.666056e+00	2.738856e-09	
9340	1.666256e+00	2.737748e-09	
9341	1.666456e+00	2.736618e-09	
9342	1.666656e+00	2.735491e-09	
9343	1.666667e+00	2.735420e-09	
9344	1.666687e+00	2.735357e-09	
9345	1.666727e+00	2.735295e-09	
9346	1.666807e+00	2.735329e-09	
9347	1.666967e+00	2.735943e-09	
9348	1.667167e+00	2.737312e-09	
9349	1.667367e+00	2.738975e-09	
9350	1.667567e+00	2.740754e-09	
9351	1.667767e+00	2.742544e-09	
9352	1.667967e+00	2.744364e-09	
9353	1.668167e+00	2.746192e-09	
9354	1.668367e+00	2.748064e-09	
9355	1.668567e+00	2.749958e-09	
9356	1.668767e+00	2.751909e-09	
9357	1.668967e+00	2.753879e-09	
9358	1.669167e+00	2.755905e-09	
9359	1.669367e+00	2.757951e-09	
9360	1.669567e+00	2.760044e-09	
9361	1.669767e+00	2.762160e-09	
9362	1.669967e+00	2.764329e-09	
9363	1.670167e+00	2.766518e-09	
9364	1.670367e+00	2.768750e-09	
9365	1.670567e+00	2.770999e-09	
9366	1.670767e+00	2.773302e-09	
9367	1.670967e+00	2.775622e-09	
9368	1.671167e+00	2.777982e-09	
9369	1.671367e+00	2.780370e-09	
9370	1.671567e+00	2.782787e-09	
9371	1.671767e+00	2.785218e-09	
9372	1.671967e+00	2.787677e-09	
9373	1.672167e+00	2.790130e-09	
9374	1.672367e+00	2.792582e-09	
9375	1.672567e+00	2.794972e-09	
9376	1.672767e+00	2.797228e-09	
9377	1.672967e+00	2.799087e-09	
9378	1.673167e+00	2.799804e-09	
9379	1.673367e+00	2.796254e-09	
9380	1.673567e+00	2.779559e-09	
9381	1.673767e+00	2.720991e-09	
9382	1.673967e+00	2.628191e-09	
9383	1.674167e+00	2.557972e-09	
9384	1.674192e+00	2.540185e-09	
9385	1.674242e+00	2.513876e-09	
9386	1.674254e+00	2.512629e-09	
9387	1.674279e+00	2.506986e-09	
9388	1.674329e+00	2.488131e-09	
9389	1.674429e+00	2.453076e-09	
9390	1.674629e+00	2.407505e-09	
9391	1.674829e+00	2.383081e-09	
9392	1.675029e+00	2.370059e-09	

Index   time            -i(vdd)         
--------------------------------------------------------------------------------
9393	1.675229e+00	2.362577e-09	
9394	1.675429e+00	2.358052e-09	
9395	1.675629e+00	2.355485e-09	
9396	1.675829e+00	2.354244e-09	
9397	1.676029e+00	2.353928e-09	
9398	1.676229e+00	2.354285e-09	
9399	1.676429e+00	2.355139e-09	
9400	1.676629e+00	2.356384e-09	
9401	1.676829e+00	2.357943e-09	
9402	1.677029e+00	2.359765e-09	
9403	1.677229e+00	2.361803e-09	
9404	1.677429e+00	2.364033e-09	
9405	1.677629e+00	2.366413e-09	
9406	1.677778e+00	2.368278e-09	
9407	1.677798e+00	2.368483e-09	
9408	1.677838e+00	2.368747e-09	
9409	1.677918e+00	2.369094e-09	
9410	1.678078e+00	2.369377e-09	
9411	1.678278e+00	2.369558e-09	
9412	1.678478e+00	2.369743e-09	
9413	1.678678e+00	2.370020e-09	
9414	1.678878e+00	2.370356e-09	
9415	1.679078e+00	2.370744e-09	
9416	1.679278e+00	2.371176e-09	
9417	1.679478e+00	2.371649e-09	
9418	1.679678e+00	2.372146e-09	
9419	1.679878e+00	2.372680e-09	
9420	1.680078e+00	2.373228e-09	
9421	1.680278e+00	2.373823e-09	
9422	1.680478e+00	2.374428e-09	
9423	1.680678e+00	2.375064e-09	
9424	1.680878e+00	2.375710e-09	
9425	1.681078e+00	2.376383e-09	
9426	1.681278e+00	2.377066e-09	
9427	1.681478e+00	2.377776e-09	
9428	1.681678e+00	2.378492e-09	
9429	1.681878e+00	2.379238e-09	
9430	1.682078e+00	2.379977e-09	
9431	1.682278e+00	2.380747e-09	
9432	1.682478e+00	2.381519e-09	
9433	1.682678e+00	2.382316e-09	
9434	1.682878e+00	2.383108e-09	
9435	1.683078e+00	2.383926e-09	
9436	1.683278e+00	2.384747e-09	
9437	1.683478e+00	2.385582e-09	
9438	1.683678e+00	2.386418e-09	
9439	1.683878e+00	2.387278e-09	
9440	1.684078e+00	2.388135e-09	
9441	1.684278e+00	2.389008e-09	
9442	1.684478e+00	2.389879e-09	
9443	1.684678e+00	2.390771e-09	
9444	1.684878e+00	2.391660e-09	
9445	1.685078e+00	2.392572e-09	
9446	1.685278e+00	2.393475e-09	
9447	1.685478e+00	2.394394e-09	
9448	1.685678e+00	2.395314e-09	
9449	1.685878e+00	2.396254e-09	
9450	1.686078e+00	2.397186e-09	

Index   time            -i(vdd)         
--------------------------------------------------------------------------------
9451	1.686278e+00	2.398139e-09	
9452	1.686478e+00	2.399081e-09	
9453	1.686678e+00	2.400045e-09	
9454	1.686878e+00	2.401010e-09	
9455	1.687078e+00	2.401985e-09	
9456	1.687278e+00	2.402961e-09	
9457	1.687478e+00	2.403944e-09	
9458	1.687678e+00	2.404926e-09	
9459	1.687878e+00	2.405927e-09	
9460	1.688078e+00	2.406925e-09	
9461	1.688278e+00	2.407938e-09	
9462	1.688478e+00	2.408946e-09	
9463	1.688678e+00	2.409966e-09	
9464	1.688878e+00	2.410985e-09	
9465	1.688889e+00	2.411050e-09	
9466	1.688909e+00	2.411097e-09	
9467	1.688949e+00	2.411111e-09	
9468	1.689029e+00	2.411006e-09	
9469	1.689189e+00	2.410447e-09	
9470	1.689389e+00	2.409602e-09	
9471	1.689589e+00	2.408714e-09	
9472	1.689789e+00	2.407858e-09	
9473	1.689989e+00	2.407004e-09	
9474	1.690189e+00	2.406160e-09	
9475	1.690389e+00	2.405308e-09	
9476	1.690589e+00	2.404474e-09	
9477	1.690789e+00	2.403630e-09	
9478	1.690989e+00	2.402793e-09	
9479	1.691189e+00	2.401954e-09	
9480	1.691389e+00	2.401122e-09	
9481	1.691589e+00	2.400280e-09	
9482	1.691789e+00	2.399454e-09	
9483	1.691989e+00	2.398614e-09	
9484	1.692189e+00	2.397789e-09	
9485	1.692389e+00	2.396956e-09	
9486	1.692589e+00	2.396128e-09	
9487	1.692789e+00	2.395299e-09	
9488	1.692989e+00	2.394479e-09	
9489	1.693189e+00	2.393647e-09	
9490	1.693389e+00	2.392830e-09	
9491	1.693589e+00	2.391998e-09	
9492	1.693789e+00	2.391186e-09	
9493	1.693989e+00	2.390359e-09	
9494	1.694189e+00	2.389543e-09	
9495	1.694389e+00	2.388717e-09	
9496	1.694589e+00	2.387906e-09	
9497	1.694789e+00	2.387085e-09	
9498	1.694989e+00	2.386271e-09	
9499	1.695189e+00	2.385454e-09	
9500	1.695389e+00	2.384640e-09	
9501	1.695589e+00	2.383819e-09	
9502	1.695789e+00	2.383014e-09	
9503	1.695989e+00	2.382199e-09	
9504	1.696189e+00	2.381391e-09	
9505	1.696389e+00	2.380571e-09	
9506	1.696589e+00	2.379763e-09	
9507	1.696789e+00	2.378950e-09	
9508	1.696989e+00	2.378139e-09	

Index   time            -i(vdd)         
--------------------------------------------------------------------------------
9509	1.697189e+00	2.377336e-09	
9510	1.697389e+00	2.376525e-09	
9511	1.697589e+00	2.375714e-09	
9512	1.697789e+00	2.374910e-09	
9513	1.697989e+00	2.374099e-09	
9514	1.698189e+00	2.373299e-09	
9515	1.698389e+00	2.372494e-09	
9516	1.698589e+00	2.371690e-09	
9517	1.698789e+00	2.370882e-09	
9518	1.698989e+00	2.370080e-09	
9519	1.699189e+00	2.369269e-09	
9520	1.699389e+00	2.368478e-09	
9521	1.699589e+00	2.367673e-09	
9522	1.699789e+00	2.366879e-09	
9523	1.699989e+00	2.366072e-09	
9524	1.700000e+00	2.366051e-09	
9525	1.700020e+00	2.365992e-09	
9526	1.700060e+00	2.365872e-09	
9527	1.700140e+00	2.365727e-09	
9528	1.700300e+00	2.365539e-09	
9529	1.700500e+00	2.365420e-09	
9530	1.700700e+00	2.365288e-09	
9531	1.700900e+00	2.365174e-09	
9532	1.701100e+00	2.365044e-09	
9533	1.701300e+00	2.364923e-09	
9534	1.701500e+00	2.364794e-09	
9535	1.701700e+00	2.364671e-09	
9536	1.701900e+00	2.364545e-09	
9537	1.702100e+00	2.364418e-09	
9538	1.702300e+00	2.364283e-09	
9539	1.702500e+00	2.364164e-09	
9540	1.702700e+00	2.364026e-09	
9541	1.702900e+00	2.363905e-09	
9542	1.703100e+00	2.363773e-09	
9543	1.703300e+00	2.363649e-09	
9544	1.703500e+00	2.363514e-09	
9545	1.703700e+00	2.363385e-09	
9546	1.703900e+00	2.363255e-09	
9547	1.704100e+00	2.363128e-09	
9548	1.704300e+00	2.362994e-09	
9549	1.704500e+00	2.362869e-09	
9550	1.704700e+00	2.362730e-09	
9551	1.704900e+00	2.362599e-09	
9552	1.705100e+00	2.362462e-09	
9553	1.705300e+00	2.362338e-09	
9554	1.705500e+00	2.362198e-09	
9555	1.705700e+00	2.362067e-09	
9556	1.705900e+00	2.361930e-09	
9557	1.706100e+00	2.361798e-09	
9558	1.706300e+00	2.361659e-09	
9559	1.706500e+00	2.361529e-09	
9560	1.706700e+00	2.361391e-09	
9561	1.706900e+00	2.361262e-09	
9562	1.707100e+00	2.361121e-09	
9563	1.707300e+00	2.360987e-09	
9564	1.707500e+00	2.360846e-09	
9565	1.707700e+00	2.360713e-09	
9566	1.707900e+00	2.360572e-09	

Index   time            -i(vdd)         
--------------------------------------------------------------------------------
9567	1.708100e+00	2.360438e-09	
9568	1.708300e+00	2.360295e-09	
9569	1.708500e+00	2.360157e-09	
9570	1.708700e+00	2.360018e-09	
9571	1.708900e+00	2.359888e-09	
9572	1.709100e+00	2.359743e-09	
9573	1.709300e+00	2.359608e-09	
9574	1.709500e+00	2.359463e-09	
9575	1.709700e+00	2.359330e-09	
9576	1.709900e+00	2.359182e-09	
9577	1.710100e+00	2.359045e-09	
9578	1.710300e+00	2.358900e-09	
9579	1.710500e+00	2.358760e-09	
9580	1.710700e+00	2.358617e-09	
9581	1.710900e+00	2.358482e-09	
9582	1.711100e+00	2.358333e-09	
9583	1.711111e+00	2.358344e-09	
9584	1.711131e+00	2.358333e-09	
9585	1.711171e+00	2.358307e-09	
9586	1.711251e+00	2.358295e-09	
9587	1.711411e+00	2.358282e-09	
9588	1.711611e+00	2.358281e-09	
9589	1.711811e+00	2.358264e-09	
9590	1.712011e+00	2.358257e-09	
9591	1.712211e+00	2.358241e-09	
9592	1.712411e+00	2.358239e-09	
9593	1.712611e+00	2.358224e-09	
9594	1.712811e+00	2.358227e-09	
9595	1.713011e+00	2.358210e-09	
9596	1.713211e+00	2.358211e-09	
9597	1.713411e+00	2.358204e-09	
9598	1.713611e+00	2.358203e-09	
9599	1.713811e+00	2.358198e-09	
9600	1.714011e+00	2.358205e-09	
9601	1.714211e+00	2.358196e-09	
9602	1.714411e+00	2.358200e-09	
9603	1.714611e+00	2.358198e-09	
9604	1.714811e+00	2.358210e-09	
9605	1.715011e+00	2.358209e-09	
9606	1.715211e+00	2.358220e-09	
9607	1.715411e+00	2.358218e-09	
9608	1.715611e+00	2.358237e-09	
9609	1.715811e+00	2.358244e-09	
9610	1.716011e+00	2.358267e-09	
9611	1.716211e+00	2.358279e-09	
9612	1.716411e+00	2.358304e-09	
9613	1.716611e+00	2.358319e-09	
9614	1.716811e+00	2.358344e-09	
9615	1.717011e+00	2.358365e-09	
9616	1.717211e+00	2.358402e-09	
9617	1.717411e+00	2.358431e-09	
9618	1.717611e+00	2.358472e-09	
9619	1.717811e+00	2.358515e-09	
9620	1.718011e+00	2.358560e-09	
9621	1.718211e+00	2.358610e-09	
9622	1.718411e+00	2.358673e-09	
9623	1.718611e+00	2.358730e-09	
9624	1.718811e+00	2.358803e-09	

Index   time            -i(vdd)         
--------------------------------------------------------------------------------
9625	1.719011e+00	2.358879e-09	
9626	1.719211e+00	2.358969e-09	
9627	1.719411e+00	2.359058e-09	
9628	1.719611e+00	2.359178e-09	
9629	1.719811e+00	2.359290e-09	
9630	1.720011e+00	2.359433e-09	
9631	1.720211e+00	2.359587e-09	
9632	1.720411e+00	2.359771e-09	
9633	1.720611e+00	2.359972e-09	
9634	1.720811e+00	2.360215e-09	
9635	1.721011e+00	2.360485e-09	
9636	1.721211e+00	2.360803e-09	
9637	1.721411e+00	2.361166e-09	
9638	1.721611e+00	2.361600e-09	
9639	1.721811e+00	2.362106e-09	
9640	1.722011e+00	2.362699e-09	
9641	1.722211e+00	2.363399e-09	
9642	1.722222e+00	2.363460e-09	
9643	1.722242e+00	2.363484e-09	
9644	1.722282e+00	2.363467e-09	
9645	1.722362e+00	2.363348e-09	
9646	1.722522e+00	2.362926e-09	
9647	1.722722e+00	2.362563e-09	
9648	1.722922e+00	2.362656e-09	
9649	1.723122e+00	2.363565e-09	
9650	1.723322e+00	2.365642e-09	
9651	1.723522e+00	2.369509e-09	
9652	1.723722e+00	2.375970e-09	
9653	1.723922e+00	2.386217e-09	
9654	1.724122e+00	2.401860e-09	
9655	1.724322e+00	2.425258e-09	
9656	1.724522e+00	2.459623e-09	
9657	1.724722e+00	2.509620e-09	
9658	1.724922e+00	2.582807e-09	
9659	1.725122e+00	2.699280e-09	
9660	1.725322e+00	2.940767e-09	
9661	1.725522e+00	3.477900e-09	
9662	1.725547e+00	3.444911e-09	
9663	1.725597e+00	3.303358e-09	
9664	1.725685e+00	3.503095e-09	
9665	1.725775e+00	3.719008e-09	
9666	1.725934e+00	3.970485e-09	
9667	1.726089e+00	4.027021e-09	
9668	1.726289e+00	3.956707e-09	
9669	1.726489e+00	3.893349e-09	
9670	1.726689e+00	3.851398e-09	
9671	1.726889e+00	3.833314e-09	
9672	1.727089e+00	3.833349e-09	
9673	1.727289e+00	3.847809e-09	
9674	1.727489e+00	3.873951e-09	
9675	1.727689e+00	3.906541e-09	
9676	1.727889e+00	3.945578e-09	
9677	1.728089e+00	3.990984e-09	
9678	1.728289e+00	4.053888e-09	
9679	1.728489e+00	4.418623e-09	
9680	1.728689e+00	4.225819e-09	
9681	1.728889e+00	4.279305e-09	
9682	1.729089e+00	4.394926e-09	

Index   time            -i(vdd)         
--------------------------------------------------------------------------------
9683	1.729289e+00	4.436361e-09	
9684	1.729489e+00	4.394095e-09	
9685	1.729689e+00	4.365623e-09	
9686	1.729889e+00	4.338177e-09	
9687	1.730089e+00	4.318145e-09	
9688	1.730289e+00	4.304023e-09	
9689	1.730489e+00	4.293913e-09	
9690	1.730689e+00	4.286181e-09	
9691	1.730889e+00	4.279761e-09	
9692	1.731089e+00	4.273918e-09	
9693	1.731289e+00	4.268112e-09	
9694	1.731489e+00	4.261995e-09	
9695	1.731689e+00	4.255371e-09	
9696	1.731889e+00	4.248178e-09	
9697	1.732089e+00	4.240410e-09	
9698	1.732289e+00	4.232136e-09	
9699	1.732489e+00	4.223412e-09	
9700	1.732689e+00	4.214310e-09	
9701	1.732889e+00	4.204907e-09	
9702	1.733089e+00	4.195314e-09	
9703	1.733289e+00	4.185590e-09	
9704	1.733333e+00	4.183438e-09	
9705	1.733353e+00	4.182472e-09	
9706	1.733393e+00	4.180453e-09	
9707	1.733473e+00	4.176388e-09	
9708	1.733633e+00	4.168159e-09	
9709	1.733833e+00	4.157893e-09	
9710	1.734033e+00	4.147786e-09	
9711	1.734233e+00	4.137913e-09	
9712	1.734433e+00	4.128271e-09	
9713	1.734633e+00	4.118907e-09	
9714	1.734833e+00	4.109825e-09	
9715	1.735033e+00	4.101100e-09	
9716	1.735233e+00	4.092741e-09	
9717	1.735433e+00	4.084792e-09	
9718	1.735633e+00	4.077191e-09	
9719	1.735833e+00	4.069939e-09	
9720	1.736033e+00	4.063003e-09	
9721	1.736233e+00	4.056390e-09	
9722	1.736433e+00	4.050077e-09	
9723	1.736633e+00	4.044052e-09	
9724	1.736833e+00	4.038298e-09	
9725	1.737033e+00	4.032825e-09	
9726	1.737233e+00	4.027578e-09	
9727	1.737433e+00	4.022577e-09	
9728	1.737633e+00	4.017779e-09	
9729	1.737833e+00	4.013200e-09	
9730	1.738033e+00	4.008798e-09	
9731	1.738233e+00	4.004589e-09	
9732	1.738433e+00	4.000529e-09	
9733	1.738633e+00	3.996633e-09	
9734	1.738833e+00	3.992875e-09	
9735	1.739033e+00	3.989265e-09	
9736	1.739233e+00	3.985760e-09	
9737	1.739433e+00	3.982399e-09	
9738	1.739633e+00	3.979121e-09	
9739	1.739833e+00	3.975963e-09	
9740	1.740033e+00	3.972896e-09	

Index   time            -i(vdd)         
--------------------------------------------------------------------------------
9741	1.740233e+00	3.969922e-09	
9742	1.740433e+00	3.967029e-09	
9743	1.740633e+00	3.964225e-09	
9744	1.740833e+00	3.961481e-09	
9745	1.741011e+00	3.959112e-09	
9746	1.741021e+00	3.959635e-09	
9747	1.741041e+00	3.952529e-09	
9748	1.741081e+00	3.995254e-09	
9749	1.741111e+00	3.994032e-09	
9750	1.741119e+00	3.995371e-09	
9751	1.741135e+00	4.002511e-09	
9752	1.741167e+00	4.002544e-09	
9753	1.741231e+00	4.000913e-09	
9754	1.741359e+00	3.999477e-09	
9755	1.741559e+00	3.997308e-09	
9756	1.741759e+00	3.994716e-09	
9757	1.741959e+00	3.991390e-09	
9758	1.742159e+00	3.987482e-09	
9759	1.742359e+00	3.984040e-09	
9760	1.742559e+00	3.981186e-09	
9761	1.742759e+00	3.978737e-09	
9762	1.742959e+00	3.976489e-09	
9763	1.743159e+00	3.974377e-09	
9764	1.743359e+00	3.972309e-09	
9765	1.743559e+00	3.970271e-09	
9766	1.743759e+00	3.968273e-09	
9767	1.743959e+00	3.966291e-09	
9768	1.744159e+00	3.964343e-09	
9769	1.744359e+00	3.962413e-09	
9770	1.744444e+00	3.961620e-09	
9771	1.744464e+00	3.961452e-09	
9772	1.744504e+00	3.961143e-09	
9773	1.744584e+00	3.960645e-09	
9774	1.744744e+00	3.959905e-09	
9775	1.744944e+00	3.959264e-09	
9776	1.745144e+00	3.958742e-09	
9777	1.745344e+00	3.958282e-09	
9778	1.745544e+00	3.957824e-09	
9779	1.745744e+00	3.957386e-09	
9780	1.745944e+00	3.956945e-09	
9781	1.746144e+00	3.956520e-09	
9782	1.746344e+00	3.956099e-09	
9783	1.746544e+00	3.955696e-09	
9784	1.746744e+00	3.955294e-09	
9785	1.746944e+00	3.954910e-09	
9786	1.747144e+00	3.954527e-09	
9787	1.747344e+00	3.954161e-09	
9788	1.747544e+00	3.953787e-09	
9789	1.747744e+00	3.953440e-09	
9790	1.747944e+00	3.953087e-09	
9791	1.748144e+00	3.952749e-09	
9792	1.748344e+00	3.952416e-09	
9793	1.748544e+00	3.952090e-09	
9794	1.748744e+00	3.951763e-09	
9795	1.748944e+00	3.951456e-09	
9796	1.749144e+00	3.951143e-09	
9797	1.749344e+00	3.950838e-09	
9798	1.749544e+00	3.950534e-09	

Index   time            -i(vdd)         
--------------------------------------------------------------------------------
9799	1.749744e+00	3.950250e-09	
9800	1.749944e+00	3.949959e-09	
9801	1.750144e+00	3.949676e-09	
9802	1.750344e+00	3.949394e-09	
9803	1.750544e+00	3.949122e-09	
9804	1.750744e+00	3.948844e-09	
9805	1.750944e+00	3.948582e-09	
9806	1.751144e+00	3.948319e-09	
9807	1.751344e+00	3.948060e-09	
9808	1.751544e+00	3.947805e-09	
9809	1.751744e+00	3.947552e-09	
9810	1.751944e+00	3.947299e-09	
9811	1.752144e+00	3.947060e-09	
9812	1.752344e+00	3.946820e-09	
9813	1.752544e+00	3.946586e-09	
9814	1.752744e+00	3.946349e-09	
9815	1.752944e+00	3.946121e-09	
9816	1.753144e+00	3.945889e-09	
9817	1.753344e+00	3.945671e-09	
9818	1.753544e+00	3.945441e-09	
9819	1.753744e+00	3.945226e-09	
9820	1.753944e+00	3.945009e-09	
9821	1.754144e+00	3.944799e-09	
9822	1.754344e+00	3.944587e-09	
9823	1.754544e+00	3.944378e-09	
9824	1.754744e+00	3.944176e-09	
9825	1.754944e+00	3.943978e-09	
9826	1.755144e+00	3.943770e-09	
9827	1.755344e+00	3.943584e-09	
9828	1.755544e+00	3.943384e-09	
9829	1.755556e+00	3.943382e-09	
9830	1.755576e+00	3.943373e-09	
9831	1.755616e+00	3.943330e-09	
9832	1.755696e+00	3.943264e-09	
9833	1.755856e+00	3.943136e-09	
9834	1.756056e+00	3.943020e-09	
9835	1.756256e+00	3.942892e-09	
9836	1.756456e+00	3.942800e-09	
9837	1.756656e+00	3.942704e-09	
9838	1.756856e+00	3.942621e-09	
9839	1.757056e+00	3.942533e-09	
9840	1.757256e+00	3.942455e-09	
9841	1.757456e+00	3.942373e-09	
9842	1.757656e+00	3.942293e-09	
9843	1.757856e+00	3.942214e-09	
9844	1.758056e+00	3.942144e-09	
9845	1.758256e+00	3.942064e-09	
9846	1.758456e+00	3.941996e-09	
9847	1.758656e+00	3.941920e-09	
9848	1.758856e+00	3.941856e-09	
9849	1.759056e+00	3.941789e-09	
9850	1.759256e+00	3.941726e-09	
9851	1.759456e+00	3.941656e-09	
9852	1.759656e+00	3.941598e-09	
9853	1.759856e+00	3.941534e-09	
9854	1.760056e+00	3.941487e-09	
9855	1.760256e+00	3.941417e-09	
9856	1.760456e+00	3.941368e-09	

Index   time            -i(vdd)         
--------------------------------------------------------------------------------
9857	1.760656e+00	3.941309e-09	
9858	1.760856e+00	3.941261e-09	
9859	1.761056e+00	3.941206e-09	
9860	1.761256e+00	3.941162e-09	
9861	1.761456e+00	3.941105e-09	
9862	1.761656e+00	3.941062e-09	
9863	1.761856e+00	3.941008e-09	
9864	1.762056e+00	3.940970e-09	
9865	1.762256e+00	3.940921e-09	
9866	1.762456e+00	3.940891e-09	
9867	1.762656e+00	3.940836e-09	
9868	1.762856e+00	3.940809e-09	
9869	1.763056e+00	3.940761e-09	
9870	1.763256e+00	3.940728e-09	
9871	1.763456e+00	3.940686e-09	
9872	1.763656e+00	3.940659e-09	
9873	1.763856e+00	3.940620e-09	
9874	1.764056e+00	3.940593e-09	
9875	1.764256e+00	3.940556e-09	
9876	1.764456e+00	3.940531e-09	
9877	1.764656e+00	3.940499e-09	
9878	1.764856e+00	3.940478e-09	
9879	1.765056e+00	3.940450e-09	
9880	1.765256e+00	3.940424e-09	
9881	1.765456e+00	3.940401e-09	
9882	1.765656e+00	3.940381e-09	
9883	1.765856e+00	3.940355e-09	
9884	1.766056e+00	3.940342e-09	
9885	1.766256e+00	3.940317e-09	
9886	1.766456e+00	3.940299e-09	
9887	1.766656e+00	3.940277e-09	
9888	1.766667e+00	3.940301e-09	
9889	1.766687e+00	3.940291e-09	
9890	1.766727e+00	3.940249e-09	
9891	1.766807e+00	3.940170e-09	
9892	1.766967e+00	3.939931e-09	
9893	1.767167e+00	3.939586e-09	
9894	1.767367e+00	3.939200e-09	
9895	1.767567e+00	3.938829e-09	
9896	1.767767e+00	3.938455e-09	
9897	1.767967e+00	3.938091e-09	
9898	1.768167e+00	3.937712e-09	
9899	1.768367e+00	3.937354e-09	
9900	1.768567e+00	3.936986e-09	
9901	1.768767e+00	3.936626e-09	
9902	1.768967e+00	3.936252e-09	
9903	1.769167e+00	3.935892e-09	
9904	1.769367e+00	3.935526e-09	
9905	1.769567e+00	3.935166e-09	
9906	1.769767e+00	3.934798e-09	
9907	1.769967e+00	3.934441e-09	
9908	1.770167e+00	3.934077e-09	
9909	1.770367e+00	3.933719e-09	
9910	1.770567e+00	3.933359e-09	
9911	1.770767e+00	3.933000e-09	
9912	1.770967e+00	3.932640e-09	
9913	1.771167e+00	3.932283e-09	
9914	1.771367e+00	3.931922e-09	

Index   time            -i(vdd)         
--------------------------------------------------------------------------------
9915	1.771567e+00	3.931567e-09	
9916	1.771767e+00	3.931205e-09	
9917	1.771967e+00	3.930856e-09	
9918	1.772167e+00	3.930493e-09	
9919	1.772367e+00	3.930143e-09	
9920	1.772567e+00	3.929783e-09	
9921	1.772767e+00	3.929434e-09	
9922	1.772967e+00	3.929077e-09	
9923	1.773167e+00	3.928728e-09	
9924	1.773367e+00	3.928369e-09	
9925	1.773567e+00	3.928028e-09	
9926	1.773767e+00	3.927668e-09	
9927	1.773967e+00	3.927319e-09	
9928	1.774167e+00	3.926965e-09	
9929	1.774367e+00	3.926622e-09	
9930	1.774567e+00	3.926266e-09	
9931	1.774767e+00	3.925918e-09	
9932	1.774967e+00	3.925568e-09	
9933	1.775167e+00	3.925224e-09	
9934	1.775367e+00	3.924872e-09	
9935	1.775567e+00	3.924528e-09	
9936	1.775767e+00	3.924176e-09	
9937	1.775967e+00	3.923833e-09	
9938	1.776167e+00	3.923486e-09	
9939	1.776367e+00	3.923143e-09	
9940	1.776567e+00	3.922796e-09	
9941	1.776767e+00	3.922461e-09	
9942	1.776967e+00	3.922111e-09	
9943	1.777167e+00	3.921770e-09	
9944	1.777367e+00	3.921423e-09	
9945	1.777567e+00	3.921087e-09	
9946	1.777767e+00	3.920742e-09	
9947	1.777778e+00	3.920749e-09	
9948	1.777798e+00	3.920716e-09	
9949	1.777838e+00	3.920610e-09	
9950	1.777918e+00	3.920440e-09	
9951	1.778078e+00	3.920026e-09	
9952	1.778278e+00	3.919495e-09	
9953	1.778478e+00	3.918910e-09	
9954	1.778678e+00	3.918342e-09	
9955	1.778878e+00	3.917752e-09	
9956	1.779078e+00	3.917179e-09	
9957	1.779278e+00	3.916592e-09	
9958	1.779478e+00	3.916015e-09	
9959	1.779678e+00	3.915429e-09	
9960	1.779878e+00	3.914857e-09	
9961	1.780078e+00	3.914270e-09	
9962	1.780278e+00	3.913701e-09	
9963	1.780478e+00	3.913119e-09	
9964	1.780678e+00	3.912551e-09	
9965	1.780878e+00	3.911974e-09	
9966	1.781078e+00	3.911410e-09	
9967	1.781278e+00	3.910831e-09	
9968	1.781478e+00	3.910267e-09	
9969	1.781678e+00	3.909696e-09	
9970	1.781878e+00	3.909130e-09	
9971	1.782078e+00	3.908563e-09	
9972	1.782278e+00	3.908003e-09	

Index   time            -i(vdd)         
--------------------------------------------------------------------------------
9973	1.782478e+00	3.907436e-09	
9974	1.782678e+00	3.906877e-09	
9975	1.782878e+00	3.906318e-09	
9976	1.783078e+00	3.905758e-09	
9977	1.783278e+00	3.905195e-09	
9978	1.783478e+00	3.904646e-09	
9979	1.783678e+00	3.904079e-09	
9980	1.783878e+00	3.903531e-09	
9981	1.784078e+00	3.902972e-09	
9982	1.784278e+00	3.902425e-09	
9983	1.784478e+00	3.901869e-09	
9984	1.784678e+00	3.901326e-09	
9985	1.784878e+00	3.900772e-09	
9986	1.785078e+00	3.900228e-09	
9987	1.785278e+00	3.899675e-09	
9988	1.785478e+00	3.899137e-09	
9989	1.785678e+00	3.898591e-09	
9990	1.785878e+00	3.898052e-09	
9991	1.786078e+00	3.897505e-09	
9992	1.786278e+00	3.896971e-09	
9993	1.786478e+00	3.896423e-09	
9994	1.786678e+00	3.895890e-09	
9995	1.786878e+00	3.895349e-09	
9996	1.787078e+00	3.894819e-09	
9997	1.787278e+00	3.894278e-09	
9998	1.787478e+00	3.893748e-09	
9999	1.787678e+00	3.893214e-09	
10000	1.787878e+00	3.892688e-09	
10001	1.788078e+00	3.892151e-09	
10002	1.788278e+00	3.891627e-09	
10003	1.788478e+00	3.891094e-09	
10004	1.788678e+00	3.890569e-09	
10005	1.788878e+00	3.890043e-09	
10006	1.788889e+00	3.890037e-09	
10007	1.788909e+00	3.889979e-09	
10008	1.788949e+00	3.889858e-09	
10009	1.789029e+00	3.889623e-09	
10010	1.789189e+00	3.889126e-09	
10011	1.789389e+00	3.888504e-09	
10012	1.789589e+00	3.887859e-09	
10013	1.789789e+00	3.887227e-09	
10014	1.789989e+00	3.886593e-09	
10015	1.790189e+00	3.885971e-09	
10016	1.790389e+00	3.885349e-09	
10017	1.790589e+00	3.884734e-09	
10018	1.790789e+00	3.884112e-09	
10019	1.790989e+00	3.883502e-09	
10020	1.791189e+00	3.882881e-09	
10021	1.791389e+00	3.882277e-09	
10022	1.791589e+00	3.881664e-09	
10023	1.791789e+00	3.881057e-09	
10024	1.791989e+00	3.880448e-09	
10025	1.792189e+00	3.879849e-09	
10026	1.792389e+00	3.879242e-09	
10027	1.792589e+00	3.878648e-09	
10028	1.792789e+00	3.878042e-09	
10029	1.792989e+00	3.877445e-09	
10030	1.793189e+00	3.876849e-09	

Index   time            -i(vdd)         
--------------------------------------------------------------------------------
10031	1.793389e+00	3.876256e-09	
10032	1.793589e+00	3.875661e-09	
10033	1.793789e+00	3.875078e-09	
10034	1.793989e+00	3.874485e-09	
10035	1.794189e+00	3.873903e-09	
10036	1.794389e+00	3.873310e-09	
10037	1.794589e+00	3.872734e-09	
10038	1.794789e+00	3.872143e-09	
10039	1.794989e+00	3.871568e-09	
10040	1.795189e+00	3.870986e-09	
10041	1.795389e+00	3.870416e-09	
10042	1.795589e+00	3.869834e-09	
10043	1.795789e+00	3.869266e-09	
10044	1.795989e+00	3.868694e-09	
10045	1.796189e+00	3.868126e-09	
10046	1.796389e+00	3.867552e-09	
10047	1.796589e+00	3.866989e-09	
10048	1.796789e+00	3.866423e-09	
10049	1.796989e+00	3.865867e-09	
10050	1.797189e+00	3.865296e-09	
10051	1.797389e+00	3.864741e-09	
10052	1.797589e+00	3.864181e-09	
10053	1.797789e+00	3.863635e-09	
10054	1.797989e+00	3.863070e-09	
10055	1.798189e+00	3.862520e-09	
10056	1.798389e+00	3.861966e-09	
10057	1.798589e+00	3.861423e-09	
10058	1.798789e+00	3.860872e-09	
10059	1.798989e+00	3.860329e-09	
10060	1.799189e+00	3.859781e-09	
10061	1.799389e+00	3.859242e-09	
10062	1.799589e+00	3.858699e-09	
10063	1.799789e+00	3.858163e-09	
10064	1.799989e+00	3.857620e-09	
10065	1.800000e+00	3.857608e-09	
10066	1.800020e+00	3.857567e-09	
10067	1.800060e+00	3.857480e-09	
10068	1.800140e+00	3.857355e-09	
10069	1.800300e+00	3.857180e-09	
10070	1.800500e+00	3.857109e-09	
10071	1.800700e+00	3.857095e-09	
10072	1.800900e+00	3.857137e-09	
10073	1.801100e+00	3.857189e-09	
10074	1.801300e+00	3.857256e-09	
10075	1.801500e+00	3.857319e-09	
10076	1.801700e+00	3.857399e-09	
10077	1.801900e+00	3.857469e-09	
10078	1.802100e+00	3.857557e-09	
10079	1.802300e+00	3.857631e-09	
10080	1.802500e+00	3.857720e-09	
10081	1.802700e+00	3.857802e-09	
10082	1.802900e+00	3.857892e-09	
10083	1.803100e+00	3.857968e-09	
10084	1.803300e+00	3.858066e-09	
10085	1.803500e+00	3.858148e-09	
10086	1.803700e+00	3.858240e-09	
10087	1.803900e+00	3.858322e-09	
10088	1.804100e+00	3.858424e-09	

Index   time            -i(vdd)         
--------------------------------------------------------------------------------
10089	1.804300e+00	3.858506e-09	
10090	1.804500e+00	3.858609e-09	
10091	1.804700e+00	3.858698e-09	
10092	1.804900e+00	3.858800e-09	
10093	1.805100e+00	3.858892e-09	
10094	1.805300e+00	3.858994e-09	
10095	1.805500e+00	3.859089e-09	
10096	1.805700e+00	3.859195e-09	
10097	1.805900e+00	3.859291e-09	
10098	1.806100e+00	3.859396e-09	
10099	1.806300e+00	3.859493e-09	
10100	1.806500e+00	3.859605e-09	
10101	1.806700e+00	3.859703e-09	
10102	1.806900e+00	3.859811e-09	
10103	1.807100e+00	3.859913e-09	
10104	1.807300e+00	3.860029e-09	
10105	1.807500e+00	3.860135e-09	
10106	1.807700e+00	3.860251e-09	
10107	1.807900e+00	3.860356e-09	
10108	1.808100e+00	3.860474e-09	
10109	1.808300e+00	3.860582e-09	
10110	1.808500e+00	3.860704e-09	
10111	1.808700e+00	3.860811e-09	
10112	1.808900e+00	3.860934e-09	
10113	1.809100e+00	3.861041e-09	
10114	1.809300e+00	3.861165e-09	
10115	1.809500e+00	3.861281e-09	
10116	1.809700e+00	3.861402e-09	
10117	1.809900e+00	3.861516e-09	
10118	1.810100e+00	3.861651e-09	
10119	1.810300e+00	3.861764e-09	
10120	1.810500e+00	3.861895e-09	
10121	1.810700e+00	3.862015e-09	
10122	1.810900e+00	3.862149e-09	
10123	1.811011e+00	3.862226e-09	
10124	1.811021e+00	3.615498e-09	
10125	1.811041e+00	4.566795e-09	
10126	1.811075e+00	5.126895e-09	
10127	1.811108e+00	4.312660e-09	
10128	1.811111e+00	4.303523e-09	
10129	1.811111e+00	4.296859e-09	
10130	1.811111e+00	4.300639e-09	
10131	1.811111e+00	4.300152e-09	
10132	1.811111e+00	4.300352e-09	
10133	1.811111e+00	4.471902e-09	
10134	1.811111e+00	4.471829e-09	
10135	1.811111e+00	4.471560e-09	
10136	1.811111e+00	4.471398e-09	
10137	1.811111e+00	4.471728e-09	
10138	1.811112e+00	4.473568e-09	
10139	1.811112e+00	4.479739e-09	
10140	1.811113e+00	4.500477e-09	
10141	1.811115e+00	4.576712e-09	
10142	1.811119e+00	4.882280e-09	
10143	1.811127e+00	5.675705e-09	
10144	1.811144e+00	6.337449e-09	
10145	1.811175e+00	6.429414e-09	
10146	1.811215e+00	6.489556e-09	

Index   time            -i(vdd)         
--------------------------------------------------------------------------------
10147	1.811295e+00	7.763675e-09	
10148	1.811455e+00	7.984809e-09	
10149	1.811655e+00	7.951814e-09	
10150	1.811855e+00	7.941177e-09	
10151	1.812055e+00	7.909520e-09	
10152	1.812255e+00	7.701430e-09	
10153	1.812455e+00	6.779937e-09	
10154	1.812655e+00	6.470815e-09	
10155	1.812855e+00	6.522415e-09	
10156	1.813055e+00	6.569075e-09	
10157	1.813255e+00	6.578966e-09	
10158	1.813455e+00	6.575289e-09	
10159	1.813655e+00	6.570015e-09	
10160	1.813855e+00	6.565511e-09	
10161	1.814055e+00	6.559378e-09	
10162	1.814255e+00	6.540664e-09	
10163	1.814455e+00	6.532972e-09	
10164	1.814655e+00	6.532463e-09	
10165	1.814855e+00	6.532333e-09	
10166	1.815055e+00	6.531853e-09	
10167	1.815255e+00	6.531051e-09	
10168	1.815455e+00	6.530044e-09	
10169	1.815655e+00	6.528888e-09	
10170	1.815855e+00	6.527680e-09	
10171	1.816055e+00	6.526440e-09	
10172	1.816255e+00	6.525189e-09	
10173	1.816455e+00	6.523951e-09	
10174	1.816655e+00	6.522723e-09	
10175	1.816855e+00	6.521506e-09	
10176	1.817055e+00	6.520314e-09	
10177	1.817255e+00	6.519133e-09	
10178	1.817455e+00	6.517975e-09	
10179	1.817655e+00	6.516829e-09	
10180	1.817855e+00	6.515706e-09	
10181	1.818055e+00	6.514588e-09	
10182	1.818255e+00	6.513500e-09	
10183	1.818455e+00	6.512418e-09	
10184	1.818655e+00	6.511360e-09	
10185	1.818855e+00	6.510314e-09	
10186	1.819055e+00	6.509279e-09	
10187	1.819255e+00	6.508263e-09	
10188	1.819455e+00	6.507270e-09	
10189	1.819655e+00	6.506273e-09	
10190	1.819855e+00	6.505308e-09	
10191	1.820055e+00	6.504348e-09	
10192	1.820255e+00	6.503404e-09	
10193	1.820455e+00	6.502467e-09	
10194	1.820655e+00	6.501555e-09	
10195	1.820855e+00	6.500647e-09	
10196	1.821055e+00	6.499771e-09	
10197	1.821255e+00	6.498891e-09	
10198	1.821455e+00	6.498026e-09	
10199	1.821655e+00	6.497174e-09	
10200	1.821855e+00	6.496338e-09	
10201	1.822055e+00	6.495505e-09	
10202	1.822222e+00	6.494837e-09	
10203	1.822242e+00	6.494776e-09	
10204	1.822282e+00	6.494639e-09	

Index   time            -i(vdd)         
--------------------------------------------------------------------------------
10205	1.822362e+00	6.494389e-09	
10206	1.822522e+00	6.493956e-09	
10207	1.822722e+00	6.493592e-09	
10208	1.822922e+00	6.493300e-09	
10209	1.823122e+00	6.493138e-09	
10210	1.823322e+00	6.493022e-09	
10211	1.823522e+00	6.492965e-09	
10212	1.823722e+00	6.492920e-09	
10213	1.823922e+00	6.492917e-09	
10214	1.824122e+00	6.492918e-09	
10215	1.824322e+00	6.492937e-09	
10216	1.824522e+00	6.492963e-09	
10217	1.824722e+00	6.493005e-09	
10218	1.824922e+00	6.493049e-09	
10219	1.825122e+00	6.493118e-09	
10220	1.825322e+00	6.493184e-09	
10221	1.825522e+00	6.493271e-09	
10222	1.825722e+00	6.493361e-09	
10223	1.825922e+00	6.493469e-09	
10224	1.826122e+00	6.493580e-09	
10225	1.826322e+00	6.493706e-09	
10226	1.826522e+00	6.493843e-09	
10227	1.826722e+00	6.493999e-09	
10228	1.826922e+00	6.494160e-09	
10229	1.827122e+00	6.494338e-09	
10230	1.827322e+00	6.494516e-09	
10231	1.827522e+00	6.494715e-09	
10232	1.827722e+00	6.494915e-09	
10233	1.827922e+00	6.495137e-09	
10234	1.828122e+00	6.495357e-09	
10235	1.828322e+00	6.495601e-09	
10236	1.828522e+00	6.495848e-09	
10237	1.828722e+00	6.496111e-09	
10238	1.828922e+00	6.496374e-09	
10239	1.829122e+00	6.496659e-09	
10240	1.829322e+00	6.496946e-09	
10241	1.829522e+00	6.497252e-09	
10242	1.829722e+00	6.497562e-09	
10243	1.829922e+00	6.497891e-09	
10244	1.830122e+00	6.498221e-09	
10245	1.830322e+00	6.498563e-09	
10246	1.830522e+00	6.498911e-09	
10247	1.830722e+00	6.499281e-09	
10248	1.830922e+00	6.499656e-09	
10249	1.831122e+00	6.500041e-09	
10250	1.831322e+00	6.500429e-09	
10251	1.831522e+00	6.500834e-09	
10252	1.831722e+00	6.501245e-09	
10253	1.831922e+00	6.501671e-09	
10254	1.832122e+00	6.502101e-09	
10255	1.832322e+00	6.502551e-09	
10256	1.832522e+00	6.503000e-09	
10257	1.832722e+00	6.503470e-09	
10258	1.832922e+00	6.503938e-09	
10259	1.833122e+00	6.504422e-09	
10260	1.833322e+00	6.504915e-09	
10261	1.833333e+00	6.504961e-09	
10262	1.833353e+00	6.505056e-09	

Index   time            -i(vdd)         
--------------------------------------------------------------------------------
10263	1.833393e+00	6.505434e-09	
10264	1.833473e+00	6.506445e-09	
10265	1.833633e+00	6.509459e-09	
10266	1.833833e+00	6.515060e-09	
10267	1.834033e+00	6.522384e-09	
10268	1.834233e+00	6.531132e-09	
10269	1.834433e+00	6.540974e-09	
10270	1.834633e+00	6.551767e-09	
10271	1.834833e+00	6.563467e-09	
10272	1.835033e+00	6.576139e-09	
10273	1.835233e+00	6.589692e-09	
10274	1.835433e+00	6.603471e-09	
10275	1.835633e+00	6.609510e-09	
10276	1.835833e+00	6.427268e-09	
10277	1.836033e+00	6.362682e-09	
10278	1.836233e+00	6.321353e-09	
10279	1.836433e+00	6.281880e-09	
10280	1.836633e+00	6.263033e-09	
10281	1.836833e+00	6.260422e-09	
10282	1.837033e+00	6.267778e-09	
10283	1.837233e+00	6.280968e-09	
10284	1.837433e+00	6.297820e-09	
10285	1.837633e+00	6.317094e-09	
10286	1.837833e+00	6.338153e-09	
10287	1.838033e+00	6.360526e-09	
10288	1.838233e+00	6.383868e-09	
10289	1.838433e+00	6.407867e-09	
10290	1.838633e+00	6.432261e-09	
10291	1.838833e+00	6.456796e-09	
10292	1.839033e+00	6.481240e-09	
10293	1.839233e+00	6.505372e-09	
10294	1.839433e+00	6.529007e-09	
10295	1.839633e+00	6.551955e-09	
10296	1.839833e+00	6.574095e-09	
10297	1.840033e+00	6.595289e-09	
10298	1.840233e+00	6.615475e-09	
10299	1.840433e+00	6.634566e-09	
10300	1.840633e+00	6.652567e-09	
10301	1.840833e+00	6.669459e-09	
10302	1.841033e+00	6.685299e-09	
10303	1.841111e+00	6.691202e-09	
10304	1.841121e+00	6.699418e-09	
10305	1.841141e+00	6.702182e-09	
10306	1.841181e+00	6.693925e-09	
10307	1.841211e+00	6.677050e-09	
10308	1.841219e+00	6.671659e-09	
10309	1.841235e+00	6.666920e-09	
10310	1.841267e+00	6.665194e-09	
10311	1.841331e+00	6.667764e-09	
10312	1.841459e+00	6.675824e-09	
10313	1.841659e+00	6.688760e-09	
10314	1.841859e+00	6.701088e-09	
10315	1.842059e+00	6.712751e-09	
10316	1.842259e+00	6.723901e-09	
10317	1.842459e+00	6.734647e-09	
10318	1.842659e+00	6.745090e-09	
10319	1.842859e+00	6.755311e-09	
10320	1.843059e+00	6.765366e-09	

Index   time            -i(vdd)         
--------------------------------------------------------------------------------
10321	1.843259e+00	6.775312e-09	
10322	1.843459e+00	6.785198e-09	
10323	1.843659e+00	6.795049e-09	
10324	1.843859e+00	6.804886e-09	
10325	1.844059e+00	6.814656e-09	
10326	1.844259e+00	6.824202e-09	
10327	1.844444e+00	6.832039e-09	
10328	1.844464e+00	6.832935e-09	
10329	1.844504e+00	6.834950e-09	
10330	1.844584e+00	6.839031e-09	
10331	1.844744e+00	6.836183e-09	
10332	1.844944e+00	6.607591e-09	
10333	1.845144e+00	7.232181e-09	
10334	1.845344e+00	6.917482e-09	
10335	1.845544e+00	6.877718e-09	
10336	1.845744e+00	6.817800e-09	
10337	1.845769e+00	6.814531e-09	
10338	1.845819e+00	6.822783e-09	
10339	1.845919e+00	6.923399e-09	
10340	1.845944e+00	7.267965e-09	
10341	1.845994e+00	6.963323e-09	
10342	1.846094e+00	6.877452e-09	
10343	1.846199e+00	6.914653e-09	
10344	1.846350e+00	6.961885e-09	
10345	1.846550e+00	6.953815e-09	
10346	1.846750e+00	6.919447e-09	
10347	1.846950e+00	6.890894e-09	
10348	1.847150e+00	6.874479e-09	
10349	1.847350e+00	6.866617e-09	
10350	1.847550e+00	6.862284e-09	
10351	1.847750e+00	6.857153e-09	
10352	1.847950e+00	6.848540e-09	
10353	1.848150e+00	6.835091e-09	
10354	1.848350e+00	6.816719e-09	
10355	1.848550e+00	6.794401e-09	
10356	1.848750e+00	6.769648e-09	
10357	1.848950e+00	6.744053e-09	
10358	1.849150e+00	6.718966e-09	
10359	1.849350e+00	6.695279e-09	
10360	1.849550e+00	6.673482e-09	
10361	1.849750e+00	6.653783e-09	
10362	1.849950e+00	6.636132e-09	
10363	1.850150e+00	6.620426e-09	
10364	1.850350e+00	6.606478e-09	
10365	1.850550e+00	6.594104e-09	
10366	1.850750e+00	6.583101e-09	
10367	1.850950e+00	6.573317e-09	
10368	1.851150e+00	6.564580e-09	
10369	1.851350e+00	6.556776e-09	
10370	1.851550e+00	6.549771e-09	
10371	1.851750e+00	6.543485e-09	
10372	1.851950e+00	6.537816e-09	
10373	1.852150e+00	6.532719e-09	
10374	1.852350e+00	6.528108e-09	
10375	1.852550e+00	6.523943e-09	
10376	1.852750e+00	6.520175e-09	
10377	1.852950e+00	6.516770e-09	
10378	1.853150e+00	6.513679e-09	

Index   time            -i(vdd)         
--------------------------------------------------------------------------------
10379	1.853350e+00	6.510900e-09	
10380	1.853550e+00	6.508372e-09	
10381	1.853750e+00	6.506080e-09	
10382	1.853950e+00	6.504010e-09	
10383	1.854150e+00	6.502134e-09	
10384	1.854350e+00	6.500416e-09	
10385	1.854550e+00	6.498859e-09	
10386	1.854750e+00	6.497420e-09	
10387	1.854950e+00	6.496092e-09	
10388	1.855150e+00	6.494844e-09	
10389	1.855350e+00	6.493689e-09	
10390	1.855550e+00	6.492556e-09	
10391	1.855556e+00	6.492527e-09	
10392	1.855567e+00	6.495673e-09	
10393	1.855589e+00	6.496914e-09	
10394	1.855633e+00	6.497202e-09	
10395	1.855721e+00	6.496566e-09	
10396	1.855898e+00	6.495404e-09	
10397	1.856098e+00	6.494232e-09	
10398	1.856298e+00	6.493004e-09	
10399	1.856498e+00	6.491727e-09	
10400	1.856698e+00	6.490351e-09	
10401	1.856898e+00	6.488879e-09	
10402	1.857098e+00	6.487268e-09	
10403	1.857298e+00	6.485488e-09	
10404	1.857498e+00	6.483503e-09	
10405	1.857698e+00	6.481290e-09	
10406	1.857898e+00	6.478788e-09	
10407	1.858098e+00	6.475950e-09	
10408	1.858298e+00	6.472698e-09	
10409	1.858498e+00	6.468957e-09	
10410	1.858698e+00	6.464619e-09	
10411	1.858898e+00	6.459564e-09	
10412	1.859098e+00	6.453600e-09	
10413	1.859298e+00	6.446544e-09	
10414	1.859498e+00	6.438114e-09	
10415	1.859698e+00	6.428033e-09	
10416	1.859898e+00	6.415922e-09	
10417	1.860098e+00	6.401402e-09	
10418	1.860298e+00	6.384141e-09	
10419	1.860498e+00	6.364210e-09	
10420	1.860698e+00	6.343707e-09	
10421	1.860898e+00	6.413442e-09	
10422	1.861011e+00	6.783150e-09	
10423	1.861021e+00	6.586085e-09	
10424	1.861041e+00	7.282768e-09	
10425	1.861046e+00	8.490908e-09	
10426	1.861056e+00	9.395197e-08	
10427	1.861058e+00	1.678031e-08	
10428	1.861058e+00	8.505229e-09	
10429	1.861059e+00	8.974942e-09	
10430	1.861060e+00	9.893009e-09	
10431	1.861063e+00	1.054596e-08	
10432	1.861067e+00	1.068759e-08	
10433	1.861071e+00	1.051421e-08	
10434	1.861073e+00	1.121113e-08	
10435	1.861075e+00	1.023701e-08	
10436	1.861075e+00	7.676712e-09	

Index   time            -i(vdd)         
--------------------------------------------------------------------------------
10437	1.861076e+00	7.522113e-09	
10438	1.861077e+00	7.148244e-09	
10439	1.861078e+00	7.200343e-09	
10440	1.861078e+00	7.217345e-09	
10441	1.861078e+00	7.226223e-09	
10442	1.861079e+00	7.225274e-09	
10443	1.861080e+00	7.217144e-09	
10444	1.861081e+00	7.210348e-09	
10445	1.861083e+00	7.201544e-09	
10446	1.861088e+00	7.191148e-09	
10447	1.861096e+00	7.179321e-09	
10448	1.861111e+00	7.164362e-09	
10449	1.861113e+00	7.295000e-09	
10450	1.861116e+00	7.298526e-09	
10451	1.861123e+00	7.309744e-09	
10452	1.861137e+00	7.353131e-09	
10453	1.861165e+00	7.555760e-09	
10454	1.861221e+00	1.467504e-07	
10455	1.861277e+00	2.248528e-07	
10456	1.861326e+00	2.242739e-07	
10457	1.861359e+00	2.244747e-07	
10458	1.861391e+00	2.247465e-07	
10459	1.861456e+00	3.977625e-07	
10460	1.861577e+00	3.078462e-06	
10461	1.861700e+00	5.353865e-06	
10462	1.861832e+00	6.307833e-06	
10463	1.862032e+00	6.787738e-06	
10464	1.862232e+00	6.853385e-06	
10465	1.862432e+00	6.778119e-06	
10466	1.862632e+00	6.656899e-06	
10467	1.862832e+00	6.522194e-06	
10468	1.863032e+00	6.384863e-06	
10469	1.863232e+00	6.248546e-06	
10470	1.863432e+00	6.113811e-06	
10471	1.863632e+00	5.982215e-06	
10472	1.863832e+00	5.862027e-06	
10473	1.864018e+00	5.756409e-06	
10474	1.864186e+00	5.669206e-06	
10475	1.864386e+00	5.583545e-06	
10476	1.864586e+00	5.528162e-06	
10477	1.864786e+00	5.519127e-06	
10478	1.864986e+00	5.576703e-06	
10479	1.865186e+00	5.722605e-06	
10480	1.865386e+00	5.968969e-06	
10481	1.865586e+00	6.269891e-06	
10482	1.865786e+00	6.562284e-06	
10483	1.865986e+00	6.839516e-06	
10484	1.866111e+00	7.010431e-06	
10485	1.866121e+00	6.711324e-06	
10486	1.866141e+00	2.701097e-06	
10487	1.866145e+00	1.593771e-06	
10488	1.866153e+00	5.594780e-07	
10489	1.866154e+00	4.798064e-07	
10490	1.866157e+00	3.737241e-07	
10491	1.866163e+00	2.578671e-07	
10492	1.866171e+00	2.109064e-07	
10493	1.866179e+00	9.211822e-09	
10494	1.866186e+00	6.282278e-09	

Index   time            -i(vdd)         
--------------------------------------------------------------------------------
10495	1.866191e+00	6.281930e-09	
10496	1.866196e+00	6.348157e-09	
10497	1.866206e+00	6.420779e-09	
10498	1.866211e+00	6.487288e-09	
10499	1.866213e+00	6.268876e-09	
10500	1.866217e+00	6.285393e-09	
10501	1.866225e+00	6.306453e-09	
10502	1.866240e+00	6.328753e-09	
10503	1.866271e+00	6.337549e-09	
10504	1.866333e+00	6.330610e-09	
10505	1.866427e+00	6.323752e-09	
10506	1.866613e+00	6.348498e-09	
10507	1.866667e+00	6.389521e-09	
10508	1.866687e+00	6.414582e-09	
10509	1.866727e+00	6.488135e-09	
10510	1.866807e+00	6.825834e-09	
10511	1.866967e+00	9.282255e-09	
10512	1.867167e+00	9.264701e-09	
10513	1.867367e+00	9.254666e-09	
10514	1.867567e+00	9.237657e-09	
10515	1.867767e+00	9.177409e-09	
10516	1.867967e+00	8.221731e-09	
10517	1.868167e+00	6.635166e-09	
10518	1.868367e+00	6.465535e-09	
10519	1.868567e+00	6.594600e-09	
10520	1.868767e+00	6.646839e-09	
10521	1.868967e+00	6.636387e-09	
10522	1.869167e+00	6.603494e-09	
10523	1.869367e+00	6.563472e-09	
10524	1.869567e+00	6.519815e-09	
10525	1.869767e+00	6.475289e-09	
10526	1.869967e+00	6.432348e-09	
10527	1.870167e+00	6.392523e-09	
10528	1.870367e+00	6.356919e-09	
10529	1.870567e+00	6.337477e-09	
10530	1.870767e+00	6.714784e-09	
10531	1.870967e+00	6.835181e-09	
10532	1.871167e+00	7.079777e-09	
10533	1.871367e+00	7.558887e-09	
10534	1.871392e+00	7.573608e-09	
10535	1.871442e+00	7.750340e-09	
10536	1.871522e+00	8.026834e-09	
10537	1.871607e+00	8.540033e-09	
10538	1.871752e+00	8.843325e-09	
10539	1.871777e+00	8.434313e-09	
10540	1.871827e+00	7.941622e-09	
10541	1.871927e+00	7.826940e-09	
10542	1.871952e+00	7.820827e-09	
10543	1.872002e+00	7.799756e-09	
10544	1.872102e+00	7.754330e-09	
10545	1.872302e+00	7.699764e-09	
10546	1.872502e+00	7.665751e-09	
10547	1.872702e+00	7.636839e-09	
10548	1.872902e+00	7.620841e-09	
10549	1.873102e+00	7.618884e-09	
10550	1.873302e+00	7.602736e-09	
10551	1.873502e+00	7.575017e-09	
10552	1.873702e+00	7.546988e-09	

Index   time            -i(vdd)         
--------------------------------------------------------------------------------
10553	1.873902e+00	7.518579e-09	
10554	1.874102e+00	7.527069e-09	
10555	1.874127e+00	7.556817e-09	
10556	1.874177e+00	7.716837e-09	
10557	1.874189e+00	7.790411e-09	
10558	1.874214e+00	7.846552e-09	
10559	1.874264e+00	7.721409e-09	
10560	1.874362e+00	7.434922e-09	
10561	1.874456e+00	7.430495e-09	
10562	1.874607e+00	7.393115e-09	
10563	1.874807e+00	7.358085e-09	
10564	1.875007e+00	7.330917e-09	
10565	1.875207e+00	7.307117e-09	
10566	1.875407e+00	7.285247e-09	
10567	1.875607e+00	7.265054e-09	
10568	1.875807e+00	7.246230e-09	
10569	1.876007e+00	7.228490e-09	
10570	1.876207e+00	7.211554e-09	
10571	1.876407e+00	7.195259e-09	
10572	1.876607e+00	7.179448e-09	
10573	1.876807e+00	7.164061e-09	
10574	1.877007e+00	7.149039e-09	
10575	1.877207e+00	7.134353e-09	
10576	1.877407e+00	7.120015e-09	
10577	1.877607e+00	7.106042e-09	
10578	1.877778e+00	7.094414e-09	
10579	1.877798e+00	7.093034e-09	
10580	1.877838e+00	7.090391e-09	
10581	1.877918e+00	7.085148e-09	
10582	1.878078e+00	7.074812e-09	
10583	1.878278e+00	7.062222e-09	
10584	1.878478e+00	7.049986e-09	
10585	1.878678e+00	7.038149e-09	
10586	1.878878e+00	7.026726e-09	
10587	1.879078e+00	7.015731e-09	
10588	1.879278e+00	7.005177e-09	
10589	1.879478e+00	6.995077e-09	
10590	1.879678e+00	6.985405e-09	
10591	1.879878e+00	6.976182e-09	
10592	1.880078e+00	6.967374e-09	
10593	1.880278e+00	6.958992e-09	
10594	1.880478e+00	6.951000e-09	
10595	1.880678e+00	6.943399e-09	
10596	1.880878e+00	6.936143e-09	
10597	1.881078e+00	6.929223e-09	
10598	1.881278e+00	6.922603e-09	
10599	1.881478e+00	6.916270e-09	
10600	1.881678e+00	6.910172e-09	
10601	1.881878e+00	6.904266e-09	
10602	1.882078e+00	6.898482e-09	
10603	1.882278e+00	6.892756e-09	
10604	1.882478e+00	6.886937e-09	
10605	1.882678e+00	6.880844e-09	
10606	1.882878e+00	6.874151e-09	
10607	1.883078e+00	6.866338e-09	
10608	1.883278e+00	6.856545e-09	
10609	1.883478e+00	6.843553e-09	
10610	1.883678e+00	6.825936e-09	

Index   time            -i(vdd)         
--------------------------------------------------------------------------------
10611	1.883878e+00	6.802777e-09	
10612	1.884078e+00	6.774604e-09	
10613	1.884278e+00	6.743654e-09	
10614	1.884478e+00	6.712924e-09	
10615	1.884678e+00	6.685062e-09	
10616	1.884878e+00	6.661543e-09	
10617	1.885078e+00	6.642783e-09	
10618	1.885278e+00	6.628388e-09	
10619	1.885478e+00	6.617604e-09	
10620	1.885678e+00	6.609605e-09	
10621	1.885878e+00	6.603682e-09	
10622	1.886078e+00	6.599235e-09	
10623	1.886278e+00	6.595846e-09	
10624	1.886478e+00	6.593196e-09	
10625	1.886678e+00	6.591073e-09	
10626	1.886878e+00	6.589333e-09	
10627	1.887078e+00	6.587869e-09	
10628	1.887278e+00	6.586607e-09	
10629	1.887478e+00	6.585517e-09	
10630	1.887678e+00	6.584553e-09	
10631	1.887878e+00	6.583708e-09	
10632	1.888078e+00	6.582955e-09	
10633	1.888278e+00	6.582298e-09	
10634	1.888478e+00	6.581706e-09	
10635	1.888678e+00	6.581200e-09	
10636	1.888878e+00	6.580754e-09	
10637	1.888889e+00	6.580753e-09	
10638	1.888909e+00	6.580703e-09	
10639	1.888949e+00	6.580548e-09	
10640	1.889029e+00	6.580201e-09	
10641	1.889189e+00	6.579338e-09	
10642	1.889389e+00	6.578073e-09	
10643	1.889589e+00	6.576623e-09	
10644	1.889789e+00	6.575108e-09	
10645	1.889989e+00	6.573546e-09	
10646	1.890189e+00	6.572000e-09	
10647	1.890389e+00	6.570442e-09	
10648	1.890589e+00	6.568908e-09	
10649	1.890789e+00	6.567390e-09	
10650	1.890989e+00	6.565895e-09	
10651	1.891189e+00	6.564420e-09	
10652	1.891389e+00	6.562972e-09	
10653	1.891589e+00	6.561541e-09	
10654	1.891789e+00	6.560143e-09	
10655	1.891989e+00	6.558751e-09	
10656	1.892189e+00	6.557390e-09	
10657	1.892389e+00	6.556049e-09	
10658	1.892589e+00	6.554738e-09	
10659	1.892789e+00	6.553439e-09	
10660	1.892989e+00	6.552164e-09	
10661	1.893189e+00	6.550908e-09	
10662	1.893389e+00	6.549671e-09	
10663	1.893589e+00	6.548442e-09	
10664	1.893789e+00	6.547249e-09	
10665	1.893989e+00	6.546065e-09	
10666	1.894189e+00	6.544902e-09	
10667	1.894389e+00	6.543750e-09	
10668	1.894589e+00	6.542624e-09	

Index   time            -i(vdd)         
--------------------------------------------------------------------------------
10669	1.894789e+00	6.541503e-09	
10670	1.894989e+00	6.540400e-09	
10671	1.895189e+00	6.539313e-09	
10672	1.895389e+00	6.538250e-09	
10673	1.895589e+00	6.537188e-09	
10674	1.895789e+00	6.536149e-09	
10675	1.895989e+00	6.535117e-09	
10676	1.896189e+00	6.534102e-09	
10677	1.896389e+00	6.533096e-09	
10678	1.896589e+00	6.532107e-09	
10679	1.896789e+00	6.531128e-09	
10680	1.896989e+00	6.530163e-09	
10681	1.897189e+00	6.529205e-09	
10682	1.897389e+00	6.528271e-09	
10683	1.897589e+00	6.527328e-09	
10684	1.897789e+00	6.526415e-09	
10685	1.897989e+00	6.525503e-09	
10686	1.898189e+00	6.524603e-09	
10687	1.898389e+00	6.523715e-09	
10688	1.898589e+00	6.522840e-09	
10689	1.898789e+00	6.521967e-09	
10690	1.898989e+00	6.521113e-09	
10691	1.899189e+00	6.520256e-09	
10692	1.899389e+00	6.519424e-09	
10693	1.899589e+00	6.518595e-09	
10694	1.899789e+00	6.517769e-09	
10695	1.899989e+00	6.516952e-09	
10696	1.900000e+00	6.516927e-09	
10697	1.900020e+00	6.516854e-09	
10698	1.900060e+00	6.516696e-09	
10699	1.900140e+00	6.516412e-09	
10700	1.900300e+00	6.515864e-09	
10701	1.900500e+00	6.515279e-09	
10702	1.900700e+00	6.514701e-09	
10703	1.900900e+00	6.514203e-09	
10704	1.901100e+00	6.513705e-09	
10705	1.901300e+00	6.513242e-09	
10706	1.901500e+00	6.512789e-09	
10707	1.901700e+00	6.512354e-09	
10708	1.901900e+00	6.511920e-09	
10709	1.902100e+00	6.511499e-09	
10710	1.902300e+00	6.511080e-09	
10711	1.902500e+00	6.510672e-09	
10712	1.902700e+00	6.510270e-09	
10713	1.902900e+00	6.509878e-09	
10714	1.903100e+00	6.509482e-09	
10715	1.903300e+00	6.509102e-09	
10716	1.903500e+00	6.508722e-09	
10717	1.903700e+00	6.508351e-09	
10718	1.903900e+00	6.507984e-09	
10719	1.904100e+00	6.507628e-09	
10720	1.904300e+00	6.507267e-09	
10721	1.904500e+00	6.506921e-09	
10722	1.904700e+00	6.506571e-09	
10723	1.904900e+00	6.506232e-09	
10724	1.905100e+00	6.505895e-09	
10725	1.905300e+00	6.505565e-09	
10726	1.905500e+00	6.505231e-09	

Index   time            -i(vdd)         
--------------------------------------------------------------------------------
10727	1.905700e+00	6.504917e-09	
10728	1.905900e+00	6.504590e-09	
10729	1.906100e+00	6.504278e-09	
10730	1.906300e+00	6.503969e-09	
10731	1.906500e+00	6.503663e-09	
10732	1.906700e+00	6.503362e-09	
10733	1.906900e+00	6.503064e-09	
10734	1.907100e+00	6.502762e-09	
10735	1.907300e+00	6.502481e-09	
10736	1.907500e+00	6.502188e-09	
10737	1.907700e+00	6.501907e-09	
10738	1.907900e+00	6.501625e-09	
10739	1.908100e+00	6.501357e-09	
10740	1.908300e+00	6.501078e-09	
10741	1.908500e+00	6.500817e-09	
10742	1.908700e+00	6.500549e-09	
10743	1.908900e+00	6.500289e-09	
10744	1.909100e+00	6.500028e-09	
10745	1.909300e+00	6.499778e-09	
10746	1.909500e+00	6.499520e-09	
10747	1.909700e+00	6.499276e-09	
10748	1.909900e+00	6.499024e-09	
10749	1.910100e+00	6.498790e-09	
10750	1.910300e+00	6.498543e-09	
10751	1.910500e+00	6.498310e-09	
10752	1.910700e+00	6.498072e-09	
10753	1.910900e+00	6.497846e-09	
10754	1.911100e+00	6.497616e-09	
10755	1.911111e+00	6.497625e-09	
10756	1.911131e+00	6.497612e-09	
10757	1.911171e+00	6.497568e-09	
10758	1.911251e+00	6.497518e-09	
10759	1.911411e+00	6.497448e-09	
10760	1.911611e+00	6.497460e-09	
10761	1.911811e+00	6.497510e-09	
10762	1.912011e+00	6.497609e-09	
10763	1.912211e+00	6.497735e-09	
10764	1.912411e+00	6.497884e-09	
10765	1.912611e+00	6.498041e-09	
10766	1.912811e+00	6.498212e-09	
10767	1.913011e+00	6.498384e-09	
10768	1.913211e+00	6.498579e-09	
10769	1.913411e+00	6.498763e-09	
10770	1.913611e+00	6.498959e-09	
10771	1.913811e+00	6.499153e-09	
10772	1.914011e+00	6.499367e-09	
10773	1.914211e+00	6.499578e-09	
10774	1.914411e+00	6.499798e-09	
10775	1.914611e+00	6.500025e-09	
10776	1.914811e+00	6.500257e-09	
10777	1.915011e+00	6.500492e-09	
10778	1.915211e+00	6.500739e-09	
10779	1.915411e+00	6.500983e-09	
10780	1.915611e+00	6.501237e-09	
10781	1.915811e+00	6.501500e-09	
10782	1.916011e+00	6.501768e-09	
10783	1.916211e+00	6.502033e-09	
10784	1.916411e+00	6.502315e-09	

Index   time            -i(vdd)         
--------------------------------------------------------------------------------
10785	1.916611e+00	6.502588e-09	
10786	1.916811e+00	6.502882e-09	
10787	1.917011e+00	6.503173e-09	
10788	1.917211e+00	6.503476e-09	
10789	1.917411e+00	6.503779e-09	
10790	1.917611e+00	6.504089e-09	
10791	1.917811e+00	6.504399e-09	
10792	1.918011e+00	6.504724e-09	
10793	1.918211e+00	6.505050e-09	
10794	1.918411e+00	6.505386e-09	
10795	1.918611e+00	6.505723e-09	
10796	1.918811e+00	6.506067e-09	
10797	1.919011e+00	6.506408e-09	
10798	1.919211e+00	6.506769e-09	
10799	1.919411e+00	6.507125e-09	
10800	1.919611e+00	6.507492e-09	
10801	1.919811e+00	6.507859e-09	
10802	1.920011e+00	6.508241e-09	
10803	1.920211e+00	6.508616e-09	
10804	1.920411e+00	6.509009e-09	
10805	1.920611e+00	6.509401e-09	
10806	1.920811e+00	6.509802e-09	
10807	1.921011e+00	6.510209e-09	
10808	1.921211e+00	6.510620e-09	
10809	1.921411e+00	6.511036e-09	
10810	1.921611e+00	6.511455e-09	
10811	1.921811e+00	6.511881e-09	
10812	1.922011e+00	6.512320e-09	
10813	1.922211e+00	6.512749e-09	
10814	1.922222e+00	6.512792e-09	
10815	1.922242e+00	6.512831e-09	
10816	1.922282e+00	6.512864e-09	
10817	1.922362e+00	6.512912e-09	
10818	1.922522e+00	6.512860e-09	
10819	1.922722e+00	6.512654e-09	
10820	1.922922e+00	6.512280e-09	
10821	1.923122e+00	6.511859e-09	
10822	1.923322e+00	6.511410e-09	
10823	1.923522e+00	6.510945e-09	
10824	1.923722e+00	6.510477e-09	
10825	1.923922e+00	6.510019e-09	
10826	1.924122e+00	6.509549e-09	
10827	1.924322e+00	6.509089e-09	
10828	1.924522e+00	6.508622e-09	
10829	1.924722e+00	6.508156e-09	
10830	1.924922e+00	6.507694e-09	
10831	1.925122e+00	6.507235e-09	
10832	1.925322e+00	6.506774e-09	
10833	1.925522e+00	6.506327e-09	
10834	1.925722e+00	6.505860e-09	
10835	1.925922e+00	6.505417e-09	
10836	1.926122e+00	6.504960e-09	
10837	1.926322e+00	6.504517e-09	
10838	1.926522e+00	6.504064e-09	
10839	1.926722e+00	6.503620e-09	
10840	1.926922e+00	6.503178e-09	
10841	1.927122e+00	6.502740e-09	
10842	1.927322e+00	6.502301e-09	

Index   time            -i(vdd)         
--------------------------------------------------------------------------------
10843	1.927522e+00	6.501865e-09	
10844	1.927722e+00	6.501425e-09	
10845	1.927922e+00	6.500996e-09	
10846	1.928122e+00	6.500560e-09	
10847	1.928322e+00	6.500135e-09	
10848	1.928522e+00	6.499705e-09	
10849	1.928722e+00	6.499285e-09	
10850	1.928922e+00	6.498858e-09	
10851	1.929122e+00	6.498437e-09	
10852	1.929322e+00	6.498011e-09	
10853	1.929522e+00	6.497597e-09	
10854	1.929722e+00	6.497180e-09	
10855	1.929922e+00	6.496768e-09	
10856	1.930122e+00	6.496351e-09	
10857	1.930322e+00	6.495947e-09	
10858	1.930522e+00	6.495530e-09	
10859	1.930722e+00	6.495125e-09	
10860	1.930922e+00	6.494719e-09	
10861	1.931122e+00	6.494314e-09	
10862	1.931322e+00	6.493909e-09	
10863	1.931522e+00	6.493515e-09	
10864	1.931722e+00	6.493108e-09	
10865	1.931922e+00	6.492716e-09	
10866	1.932122e+00	6.492315e-09	
10867	1.932322e+00	6.491920e-09	
10868	1.932522e+00	6.491528e-09	
10869	1.932722e+00	6.491140e-09	
10870	1.932922e+00	6.490750e-09	
10871	1.933122e+00	6.490366e-09	
10872	1.933322e+00	6.489974e-09	
10873	1.933333e+00	6.489972e-09	
10874	1.933353e+00	6.489946e-09	
10875	1.933393e+00	6.489876e-09	
10876	1.933473e+00	6.489785e-09	
10877	1.933633e+00	6.489627e-09	
10878	1.933833e+00	6.489575e-09	
10879	1.934033e+00	6.489551e-09	
10880	1.934233e+00	6.489601e-09	
10881	1.934433e+00	6.489661e-09	
10882	1.934633e+00	6.489750e-09	
10883	1.934833e+00	6.489847e-09	
10884	1.935033e+00	6.489949e-09	
10885	1.935233e+00	6.490046e-09	
10886	1.935433e+00	6.490165e-09	
10887	1.935633e+00	6.490272e-09	
10888	1.935833e+00	6.490393e-09	
10889	1.936033e+00	6.490502e-09	
10890	1.936233e+00	6.490626e-09	
10891	1.936433e+00	6.490741e-09	
10892	1.936633e+00	6.490868e-09	
10893	1.936833e+00	6.490989e-09	
10894	1.937033e+00	6.491115e-09	
10895	1.937233e+00	6.491245e-09	
10896	1.937433e+00	6.491373e-09	
10897	1.937633e+00	6.491496e-09	
10898	1.937833e+00	6.491636e-09	
10899	1.938033e+00	6.491760e-09	
10900	1.938233e+00	6.491896e-09	

Index   time            -i(vdd)         
--------------------------------------------------------------------------------
10901	1.938433e+00	6.492026e-09	
10902	1.938633e+00	6.492167e-09	
10903	1.938833e+00	6.492298e-09	
10904	1.939033e+00	6.492443e-09	
10905	1.939233e+00	6.492581e-09	
10906	1.939433e+00	6.492724e-09	
10907	1.939633e+00	6.492865e-09	
10908	1.939833e+00	6.493013e-09	
10909	1.940033e+00	6.493156e-09	
10910	1.940233e+00	6.493303e-09	
10911	1.940433e+00	6.493446e-09	
10912	1.940633e+00	6.493597e-09	
10913	1.940833e+00	6.493747e-09	
10914	1.941033e+00	6.493899e-09	
10915	1.941233e+00	6.494046e-09	
10916	1.941433e+00	6.494207e-09	
10917	1.941633e+00	6.494358e-09	
10918	1.941833e+00	6.494520e-09	
10919	1.942033e+00	6.494673e-09	
10920	1.942233e+00	6.494836e-09	
10921	1.942433e+00	6.494990e-09	
10922	1.942633e+00	6.495159e-09	
10923	1.942833e+00	6.495318e-09	
10924	1.943033e+00	6.495484e-09	
10925	1.943233e+00	6.495643e-09	
10926	1.943433e+00	6.495815e-09	
10927	1.943633e+00	6.495981e-09	
10928	1.943833e+00	6.496150e-09	
10929	1.944033e+00	6.496316e-09	
10930	1.944233e+00	6.496493e-09	
10931	1.944433e+00	6.496662e-09	
10932	1.944444e+00	6.496691e-09	
10933	1.944464e+00	6.496713e-09	
10934	1.944504e+00	6.496717e-09	
10935	1.944584e+00	6.496740e-09	
10936	1.944744e+00	6.496721e-09	
10937	1.944944e+00	6.496672e-09	
10938	1.945144e+00	6.496532e-09	
10939	1.945344e+00	6.496384e-09	
10940	1.945544e+00	6.496205e-09	
10941	1.945744e+00	6.496031e-09	
10942	1.945944e+00	6.495845e-09	
10943	1.946144e+00	6.495659e-09	
10944	1.946344e+00	6.495470e-09	
10945	1.946544e+00	6.495287e-09	
10946	1.946744e+00	6.495095e-09	
10947	1.946944e+00	6.494904e-09	
10948	1.947144e+00	6.494715e-09	
10949	1.947344e+00	6.494533e-09	
10950	1.947544e+00	6.494336e-09	
10951	1.947744e+00	6.494154e-09	
10952	1.947944e+00	6.493958e-09	
10953	1.948144e+00	6.493779e-09	
10954	1.948344e+00	6.493586e-09	
10955	1.948544e+00	6.493401e-09	
10956	1.948744e+00	6.493210e-09	
10957	1.948944e+00	6.493029e-09	
10958	1.949144e+00	6.492842e-09	

Index   time            -i(vdd)         
--------------------------------------------------------------------------------
10959	1.949344e+00	6.492658e-09	
10960	1.949544e+00	6.492471e-09	
10961	1.949744e+00	6.492291e-09	
10962	1.949944e+00	6.492102e-09	
10963	1.950144e+00	6.491924e-09	
10964	1.950344e+00	6.491738e-09	
10965	1.950544e+00	6.491558e-09	
10966	1.950744e+00	6.491368e-09	
10967	1.950944e+00	6.491190e-09	
10968	1.951144e+00	6.491006e-09	
10969	1.951344e+00	6.490826e-09	
10970	1.951544e+00	6.490644e-09	
10971	1.951744e+00	6.490469e-09	
10972	1.951944e+00	6.490285e-09	
10973	1.952144e+00	6.490109e-09	
10974	1.952344e+00	6.489923e-09	
10975	1.952544e+00	6.489749e-09	
10976	1.952744e+00	6.489565e-09	
10977	1.952944e+00	6.489392e-09	
10978	1.953144e+00	6.489210e-09	
10979	1.953344e+00	6.489038e-09	
10980	1.953544e+00	6.488856e-09	
10981	1.953744e+00	6.488682e-09	
10982	1.953944e+00	6.488504e-09	
10983	1.954144e+00	6.488332e-09	
10984	1.954344e+00	6.488148e-09	
10985	1.954544e+00	6.487981e-09	
10986	1.954744e+00	6.487804e-09	
10987	1.954944e+00	6.487634e-09	
10988	1.955144e+00	6.487454e-09	
10989	1.955344e+00	6.487285e-09	
10990	1.955544e+00	6.487108e-09	
10991	1.955556e+00	6.487102e-09	
10992	1.955576e+00	6.487107e-09	
10993	1.955616e+00	6.487051e-09	
10994	1.955696e+00	6.486957e-09	
10995	1.955856e+00	6.486724e-09	
10996	1.956056e+00	6.486453e-09	
10997	1.956256e+00	6.486108e-09	
10998	1.956456e+00	6.485778e-09	
10999	1.956656e+00	6.485427e-09	
11000	1.956856e+00	6.485083e-09	
11001	1.957056e+00	6.484732e-09	
11002	1.957256e+00	6.484391e-09	
11003	1.957456e+00	6.484035e-09	
11004	1.957656e+00	6.483697e-09	
11005	1.957856e+00	6.483348e-09	
11006	1.958056e+00	6.483008e-09	
11007	1.958256e+00	6.482661e-09	
11008	1.958456e+00	6.482328e-09	
11009	1.958656e+00	6.481983e-09	
11010	1.958856e+00	6.481646e-09	
11011	1.959056e+00	6.481307e-09	
11012	1.959256e+00	6.480975e-09	
11013	1.959456e+00	6.480638e-09	
11014	1.959656e+00	6.480309e-09	
11015	1.959856e+00	6.479973e-09	
11016	1.960056e+00	6.479648e-09	

Index   time            -i(vdd)         
--------------------------------------------------------------------------------
11017	1.960256e+00	6.479308e-09	
11018	1.960456e+00	6.478989e-09	
11019	1.960656e+00	6.478657e-09	
11020	1.960856e+00	6.478335e-09	
11021	1.961056e+00	6.478004e-09	
11022	1.961111e+00	6.477934e-09	
11023	1.961121e+00	6.649661e-09	
11024	1.961141e+00	6.622503e-09	
11025	1.961174e+00	8.401843e-09	
11026	1.961211e+00	8.115919e-09	
11027	1.961218e+00	6.567744e-09	
11028	1.961231e+00	6.507489e-09	
11029	1.961257e+00	6.485996e-09	
11030	1.961309e+00	6.479252e-09	
11031	1.961412e+00	6.477200e-09	
11032	1.961612e+00	6.476513e-09	
11033	1.961812e+00	6.476373e-09	
11034	1.962012e+00	6.476161e-09	
11035	1.962212e+00	6.475893e-09	
11036	1.962412e+00	6.475594e-09	
11037	1.962612e+00	6.475294e-09	
11038	1.962812e+00	6.474999e-09	
11039	1.963012e+00	6.474710e-09	
11040	1.963212e+00	6.474417e-09	
11041	1.963412e+00	6.474132e-09	
11042	1.963612e+00	6.473838e-09	
11043	1.963812e+00	6.473551e-09	
11044	1.964012e+00	6.473263e-09	
11045	1.964212e+00	6.472968e-09	
11046	1.964412e+00	6.472672e-09	
11047	1.964612e+00	6.472377e-09	
11048	1.964812e+00	6.472079e-09	
11049	1.965012e+00	6.471781e-09	
11050	1.965212e+00	6.471482e-09	
11051	1.965412e+00	6.471182e-09	
11052	1.965612e+00	6.470887e-09	
11053	1.965812e+00	6.470591e-09	
11054	1.966012e+00	6.470292e-09	
11055	1.966212e+00	6.470002e-09	
11056	1.966412e+00	6.469704e-09	
11057	1.966612e+00	6.469416e-09	
11058	1.966667e+00	6.469344e-09	
11059	1.966687e+00	6.469334e-09	
11060	1.966727e+00	6.469277e-09	
11061	1.966807e+00	6.469190e-09	
11062	1.966967e+00	6.469055e-09	
11063	1.967167e+00	6.468977e-09	
11064	1.967367e+00	6.468907e-09	
11065	1.967567e+00	6.468897e-09	
11066	1.967767e+00	6.468902e-09	
11067	1.967967e+00	6.468932e-09	
11068	1.968167e+00	6.468963e-09	
11069	1.968367e+00	6.469002e-09	
11070	1.968567e+00	6.469046e-09	
11071	1.968767e+00	6.469105e-09	
11072	1.968967e+00	6.469147e-09	
11073	1.969167e+00	6.469200e-09	
11074	1.969367e+00	6.469252e-09	

Index   time            -i(vdd)         
--------------------------------------------------------------------------------
11075	1.969567e+00	6.469314e-09	
11076	1.969767e+00	6.469370e-09	
11077	1.969967e+00	6.469428e-09	
11078	1.970167e+00	6.469485e-09	
11079	1.970367e+00	6.469549e-09	
11080	1.970567e+00	6.469604e-09	
11081	1.970767e+00	6.469669e-09	
11082	1.970967e+00	6.469725e-09	
11083	1.971167e+00	6.469798e-09	
11084	1.971367e+00	6.469854e-09	
11085	1.971567e+00	6.469925e-09	
11086	1.971767e+00	6.469983e-09	
11087	1.971967e+00	6.470052e-09	
11088	1.972167e+00	6.470112e-09	
11089	1.972367e+00	6.470181e-09	
11090	1.972567e+00	6.470242e-09	
11091	1.972767e+00	6.470316e-09	
11092	1.972967e+00	6.470378e-09	
11093	1.973167e+00	6.470449e-09	
11094	1.973367e+00	6.470512e-09	
11095	1.973567e+00	6.470583e-09	
11096	1.973767e+00	6.470652e-09	
11097	1.973967e+00	6.470721e-09	
11098	1.974167e+00	6.470786e-09	
11099	1.974367e+00	6.470862e-09	
11100	1.974567e+00	6.470925e-09	
11101	1.974767e+00	6.471002e-09	
11102	1.974967e+00	6.471069e-09	
11103	1.975167e+00	6.471144e-09	
11104	1.975367e+00	6.471209e-09	
11105	1.975567e+00	6.471292e-09	
11106	1.975767e+00	6.471357e-09	
11107	1.975967e+00	6.471432e-09	
11108	1.976167e+00	6.471500e-09	
11109	1.976367e+00	6.471585e-09	
11110	1.976567e+00	6.471651e-09	
11111	1.976767e+00	6.471729e-09	
11112	1.976967e+00	6.471798e-09	
11113	1.977167e+00	6.471880e-09	
11114	1.977367e+00	6.471952e-09	
11115	1.977567e+00	6.472031e-09	
11116	1.977767e+00	6.472106e-09	
11117	1.977778e+00	6.472143e-09	
11118	1.977798e+00	6.472152e-09	
11119	1.977838e+00	6.472161e-09	
11120	1.977918e+00	6.472215e-09	
11121	1.978078e+00	6.472317e-09	
11122	1.978278e+00	6.472508e-09	
11123	1.978478e+00	6.472695e-09	
11124	1.978678e+00	6.472925e-09	
11125	1.978878e+00	6.473153e-09	
11126	1.979078e+00	6.473398e-09	
11127	1.979278e+00	6.473640e-09	
11128	1.979478e+00	6.473890e-09	
11129	1.979678e+00	6.474134e-09	
11130	1.979878e+00	6.474393e-09	
11131	1.980078e+00	6.474641e-09	
11132	1.980278e+00	6.474903e-09	

Index   time            -i(vdd)         
--------------------------------------------------------------------------------
11133	1.980478e+00	6.475153e-09	
11134	1.980678e+00	6.475419e-09	
11135	1.980878e+00	6.475673e-09	
11136	1.981078e+00	6.475943e-09	
11137	1.981278e+00	6.476200e-09	
11138	1.981478e+00	6.476471e-09	
11139	1.981678e+00	6.476735e-09	
11140	1.981878e+00	6.477008e-09	
11141	1.982078e+00	6.477273e-09	
11142	1.982278e+00	6.477547e-09	
11143	1.982478e+00	6.477820e-09	
11144	1.982678e+00	6.478096e-09	
11145	1.982878e+00	6.478371e-09	
11146	1.983078e+00	6.478647e-09	
11147	1.983278e+00	6.478922e-09	
11148	1.983478e+00	6.479211e-09	
11149	1.983678e+00	6.479493e-09	
11150	1.983878e+00	6.479781e-09	
11151	1.984078e+00	6.480063e-09	
11152	1.984278e+00	6.480358e-09	
11153	1.984478e+00	6.480638e-09	
11154	1.984678e+00	6.480934e-09	
11155	1.984878e+00	6.481223e-09	
11156	1.985078e+00	6.481520e-09	
11157	1.985278e+00	6.481816e-09	
11158	1.985478e+00	6.482114e-09	
11159	1.985678e+00	6.482412e-09	
11160	1.985878e+00	6.482718e-09	
11161	1.986078e+00	6.483015e-09	
11162	1.986278e+00	6.483326e-09	
11163	1.986478e+00	6.483623e-09	
11164	1.986678e+00	6.483936e-09	
11165	1.986878e+00	6.484242e-09	
11166	1.987078e+00	6.484554e-09	
11167	1.987278e+00	6.484861e-09	
11168	1.987478e+00	6.485180e-09	
11169	1.987678e+00	6.485488e-09	
11170	1.987878e+00	6.485813e-09	
11171	1.988078e+00	6.486128e-09	
11172	1.988278e+00	6.486454e-09	
11173	1.988478e+00	6.486764e-09	
11174	1.988678e+00	6.487095e-09	
11175	1.988878e+00	6.487414e-09	
11176	1.988889e+00	6.487458e-09	
11177	1.988909e+00	6.487485e-09	
11178	1.988949e+00	6.487503e-09	
11179	1.989029e+00	6.487564e-09	
11180	1.989189e+00	6.487569e-09	
11181	1.989389e+00	6.487505e-09	
11182	1.989589e+00	6.487315e-09	
11183	1.989789e+00	6.487093e-09	
11184	1.989989e+00	6.486840e-09	
11185	1.990189e+00	6.486574e-09	
11186	1.990389e+00	6.486294e-09	
11187	1.990589e+00	6.486019e-09	
11188	1.990789e+00	6.485729e-09	
11189	1.990989e+00	6.485451e-09	
11190	1.991189e+00	6.485163e-09	

Index   time            -i(vdd)         
--------------------------------------------------------------------------------
11191	1.991389e+00	6.484878e-09	
11192	1.991589e+00	6.484589e-09	
11193	1.991789e+00	6.484308e-09	
11194	1.991989e+00	6.484019e-09	
11195	1.992189e+00	6.483737e-09	
11196	1.992389e+00	6.483450e-09	
11197	1.992589e+00	6.483173e-09	
11198	1.992789e+00	6.482886e-09	
11199	1.992989e+00	6.482604e-09	
11200	1.993189e+00	6.482320e-09	
11201	1.993389e+00	6.482044e-09	
11202	1.993589e+00	6.481761e-09	
11203	1.993789e+00	6.481484e-09	
11204	1.993989e+00	6.481206e-09	
11205	1.994189e+00	6.480931e-09	
11206	1.994389e+00	6.480652e-09	
11207	1.994589e+00	6.480382e-09	
11208	1.994789e+00	6.480101e-09	
11209	1.994989e+00	6.479831e-09	
11210	1.995189e+00	6.479556e-09	
11211	1.995389e+00	6.479285e-09	
11212	1.995589e+00	6.479010e-09	
11213	1.995789e+00	6.478744e-09	
11214	1.995989e+00	6.478463e-09	
11215	1.996189e+00	6.478200e-09	
11216	1.996389e+00	6.477928e-09	
11217	1.996589e+00	6.477664e-09	
11218	1.996789e+00	6.477391e-09	
11219	1.996989e+00	6.477131e-09	
11220	1.997189e+00	6.476863e-09	
11221	1.997389e+00	6.476596e-09	
11222	1.997589e+00	6.476332e-09	
11223	1.997789e+00	6.476072e-09	
11224	1.997989e+00	6.475801e-09	
11225	1.998189e+00	6.475547e-09	
11226	1.998389e+00	6.475281e-09	
11227	1.998589e+00	6.475026e-09	
11228	1.998789e+00	6.474763e-09	
11229	1.998989e+00	6.474506e-09	
11230	1.999189e+00	6.474243e-09	
11231	1.999389e+00	6.473992e-09	
11232	1.999589e+00	6.473731e-09	
11233	1.999789e+00	6.473486e-09	
11234	1.999989e+00	6.473226e-09	
11235	2.000000e+00	6.473233e-09	
11236	2.000020e+00	6.473218e-09	
11237	2.000060e+00	6.473150e-09	
11238	2.000140e+00	6.473065e-09	
11239	2.000300e+00	6.472883e-09	
11240	2.000500e+00	6.472718e-09	
11241	2.000700e+00	6.472529e-09	
11242	2.000900e+00	6.472375e-09	
11243	2.001100e+00	6.472219e-09	
11244	2.001300e+00	6.472072e-09	
11245	2.001500e+00	6.471923e-09	
11246	2.001700e+00	6.471788e-09	
11247	2.001900e+00	6.471646e-09	
11248	2.002100e+00	6.471512e-09	

Index   time            -i(vdd)         
--------------------------------------------------------------------------------
11249	2.002300e+00	6.471363e-09	
11250	2.002500e+00	6.471231e-09	
11251	2.002700e+00	6.471087e-09	
11252	2.002900e+00	6.470953e-09	
11253	2.003100e+00	6.470817e-09	
11254	2.003300e+00	6.470686e-09	
11255	2.003500e+00	6.470544e-09	
11256	2.003700e+00	6.470414e-09	
11257	2.003900e+00	6.470275e-09	
11258	2.004100e+00	6.470144e-09	
11259	2.004300e+00	6.470006e-09	
11260	2.004500e+00	6.469880e-09	
11261	2.004700e+00	6.469740e-09	
11262	2.004900e+00	6.469611e-09	
11263	2.005100e+00	6.469475e-09	
11264	2.005300e+00	6.469346e-09	
11265	2.005500e+00	6.469206e-09	
11266	2.005700e+00	6.469080e-09	
11267	2.005900e+00	6.468942e-09	
11268	2.006100e+00	6.468815e-09	
11269	2.006300e+00	6.468678e-09	
11270	2.006500e+00	6.468554e-09	
11271	2.006700e+00	6.468419e-09	
11272	2.006900e+00	6.468287e-09	
11273	2.007100e+00	6.468152e-09	
11274	2.007300e+00	6.468027e-09	
11275	2.007500e+00	6.467891e-09	
11276	2.007700e+00	6.467765e-09	
11277	2.007900e+00	6.467628e-09	
11278	2.008100e+00	6.467504e-09	
11279	2.008300e+00	6.467367e-09	
11280	2.008500e+00	6.467244e-09	
11281	2.008700e+00	6.467107e-09	
11282	2.008900e+00	6.466985e-09	
11283	2.009100e+00	6.466853e-09	
11284	2.009300e+00	6.466728e-09	
11285	2.009500e+00	6.466594e-09	
11286	2.009700e+00	6.466471e-09	
11287	2.009900e+00	6.466336e-09	
11288	2.010100e+00	6.466212e-09	
11289	2.010300e+00	6.466080e-09	
11290	2.010500e+00	6.465962e-09	
11291	2.010700e+00	6.465832e-09	
11292	2.010900e+00	6.465702e-09	
11293	2.011100e+00	6.465574e-09	
11294	2.011111e+00	6.465596e-09	
11295	2.011131e+00	6.465586e-09	
11296	2.011171e+00	6.465559e-09	
11297	2.011251e+00	6.465543e-09	
11298	2.011411e+00	6.465522e-09	
11299	2.011611e+00	6.465581e-09	
11300	2.011811e+00	6.465643e-09	
11301	2.012011e+00	6.465762e-09	
11302	2.012211e+00	6.465885e-09	
11303	2.012411e+00	6.466036e-09	
11304	2.012611e+00	6.466185e-09	
11305	2.012811e+00	6.466347e-09	
11306	2.013011e+00	6.466502e-09	

Index   time            -i(vdd)         
--------------------------------------------------------------------------------
11307	2.013211e+00	6.466677e-09	
11308	2.013411e+00	6.466842e-09	
11309	2.013611e+00	6.467014e-09	
11310	2.013811e+00	6.467185e-09	
11311	2.014011e+00	6.467365e-09	
11312	2.014211e+00	6.467541e-09	
11313	2.014411e+00	6.467727e-09	
11314	2.014611e+00	6.467903e-09	
11315	2.014811e+00	6.468090e-09	
11316	2.015011e+00	6.468268e-09	
11317	2.015211e+00	6.468457e-09	
11318	2.015411e+00	6.468638e-09	
11319	2.015611e+00	6.468824e-09	
11320	2.015811e+00	6.469008e-09	
11321	2.016011e+00	6.469203e-09	
11322	2.016211e+00	6.469383e-09	
11323	2.016411e+00	6.469579e-09	
11324	2.016611e+00	6.469762e-09	
11325	2.016811e+00	6.469959e-09	
11326	2.017011e+00	6.470148e-09	
11327	2.017211e+00	6.470350e-09	
11328	2.017411e+00	6.470539e-09	
11329	2.017611e+00	6.470737e-09	
11330	2.017811e+00	6.470928e-09	
11331	2.018011e+00	6.471130e-09	
11332	2.018211e+00	6.471319e-09	
11333	2.018411e+00	6.471523e-09	
11334	2.018611e+00	6.471720e-09	
11335	2.018811e+00	6.471924e-09	
11336	2.019011e+00	6.472120e-09	
11337	2.019211e+00	6.472325e-09	
11338	2.019411e+00	6.472521e-09	
11339	2.019611e+00	6.472730e-09	
11340	2.019811e+00	6.472927e-09	
11341	2.020011e+00	6.473134e-09	
11342	2.020211e+00	6.473337e-09	
11343	2.020411e+00	6.473546e-09	
11344	2.020611e+00	6.473750e-09	
11345	2.020811e+00	6.473964e-09	
11346	2.021011e+00	6.474166e-09	
11347	2.021211e+00	6.474381e-09	
11348	2.021411e+00	6.474583e-09	
11349	2.021611e+00	6.474802e-09	
11350	2.021811e+00	6.475007e-09	
11351	2.022011e+00	6.475224e-09	
11352	2.022211e+00	6.475431e-09	
11353	2.022222e+00	6.475469e-09	
11354	2.022242e+00	6.475488e-09	
11355	2.022282e+00	6.475485e-09	
11356	2.022362e+00	6.475495e-09	
11357	2.022522e+00	6.475418e-09	
11358	2.022722e+00	6.475258e-09	
11359	2.022922e+00	6.474967e-09	
11360	2.023122e+00	6.474646e-09	
11361	2.023322e+00	6.474295e-09	
11362	2.023522e+00	6.473936e-09	
11363	2.023722e+00	6.473562e-09	
11364	2.023922e+00	6.473189e-09	

Index   time            -i(vdd)         
--------------------------------------------------------------------------------
11365	2.024122e+00	6.472809e-09	
11366	2.024322e+00	6.472433e-09	
11367	2.024522e+00	6.472054e-09	
11368	2.024722e+00	6.471679e-09	
11369	2.024922e+00	6.471299e-09	
11370	2.025122e+00	6.470929e-09	
11371	2.025322e+00	6.470551e-09	
11372	2.025522e+00	6.470183e-09	
11373	2.025722e+00	6.469807e-09	
11374	2.025922e+00	6.469439e-09	
11375	2.026122e+00	6.469071e-09	
11376	2.026322e+00	6.468700e-09	
11377	2.026522e+00	6.468333e-09	
11378	2.026722e+00	6.467968e-09	
11379	2.026922e+00	6.467602e-09	
11380	2.027122e+00	6.467245e-09	
11381	2.027322e+00	6.466879e-09	
11382	2.027522e+00	6.466525e-09	
11383	2.027722e+00	6.466162e-09	
11384	2.027922e+00	6.465811e-09	
11385	2.028122e+00	6.465451e-09	
11386	2.028322e+00	6.465104e-09	
11387	2.028522e+00	6.464749e-09	
11388	2.028722e+00	6.464406e-09	
11389	2.028922e+00	6.464055e-09	
11390	2.029122e+00	6.463717e-09	
11391	2.029322e+00	6.463365e-09	
11392	2.029522e+00	6.463032e-09	
11393	2.029722e+00	6.462686e-09	
11394	2.029922e+00	6.462353e-09	
11395	2.030122e+00	6.462010e-09	
11396	2.030322e+00	6.461680e-09	
11397	2.030522e+00	6.461345e-09	
11398	2.030722e+00	6.461018e-09	
11399	2.030922e+00	6.460687e-09	
11400	2.031122e+00	6.460362e-09	
11401	2.031322e+00	6.460032e-09	
11402	2.031522e+00	6.459711e-09	
11403	2.031722e+00	6.459388e-09	
11404	2.031922e+00	6.459075e-09	
11405	2.032122e+00	6.458749e-09	
11406	2.032322e+00	6.458438e-09	
11407	2.032522e+00	6.458117e-09	
11408	2.032722e+00	6.457806e-09	
11409	2.032922e+00	6.457487e-09	
11410	2.033122e+00	6.457188e-09	
11411	2.033322e+00	6.456870e-09	
11412	2.033333e+00	6.456875e-09	
11413	2.033353e+00	6.456853e-09	
11414	2.033393e+00	6.456780e-09	
11415	2.033473e+00	6.456677e-09	
11416	2.033633e+00	6.456481e-09	
11417	2.033833e+00	6.456295e-09	
11418	2.034033e+00	6.456093e-09	
11419	2.034233e+00	6.455937e-09	
11420	2.034433e+00	6.455795e-09	
11421	2.034633e+00	6.455667e-09	
11422	2.034833e+00	6.455536e-09	

Index   time            -i(vdd)         
--------------------------------------------------------------------------------
11423	2.035033e+00	6.455419e-09	
11424	2.035233e+00	6.455307e-09	
11425	2.035433e+00	6.455200e-09	
11426	2.035633e+00	6.455088e-09	
11427	2.035833e+00	6.454987e-09	
11428	2.036033e+00	6.454877e-09	
11429	2.036233e+00	6.454784e-09	
11430	2.036433e+00	6.454677e-09	
11431	2.036633e+00	6.454583e-09	
11432	2.036833e+00	6.454479e-09	
11433	2.037033e+00	6.454389e-09	
11434	2.037233e+00	6.454287e-09	
11435	2.037433e+00	6.454196e-09	
11436	2.037633e+00	6.454098e-09	
11437	2.037833e+00	6.454008e-09	
11438	2.038033e+00	6.453910e-09	
11439	2.038233e+00	6.453823e-09	
11440	2.038433e+00	6.453726e-09	
11441	2.038633e+00	6.453637e-09	
11442	2.038833e+00	6.453540e-09	
11443	2.039033e+00	6.453453e-09	
11444	2.039233e+00	6.453358e-09	
11445	2.039433e+00	6.453271e-09	
11446	2.039633e+00	6.453173e-09	
11447	2.039833e+00	6.453090e-09	
11448	2.040033e+00	6.453001e-09	
11449	2.040233e+00	6.452912e-09	
11450	2.040433e+00	6.452820e-09	
11451	2.040633e+00	6.452739e-09	
11452	2.040833e+00	6.452645e-09	
11453	2.041033e+00	6.452568e-09	
11454	2.041233e+00	6.452475e-09	
11455	2.041433e+00	6.452391e-09	
11456	2.041633e+00	6.452304e-09	
11457	2.041833e+00	6.452219e-09	
11458	2.042033e+00	6.452131e-09	
11459	2.042233e+00	6.452049e-09	
11460	2.042433e+00	6.451959e-09	
11461	2.042633e+00	6.451888e-09	
11462	2.042833e+00	6.451799e-09	
11463	2.043033e+00	6.451715e-09	
11464	2.043233e+00	6.451633e-09	
11465	2.043433e+00	6.451554e-09	
11466	2.043633e+00	6.451473e-09	
11467	2.043833e+00	6.451395e-09	
11468	2.044033e+00	6.451308e-09	
11469	2.044233e+00	6.451234e-09	
11470	2.044433e+00	6.451149e-09	
11471	2.044444e+00	6.451173e-09	
11472	2.044464e+00	6.451167e-09	
11473	2.044504e+00	6.451146e-09	
11474	2.044584e+00	6.451146e-09	
11475	2.044744e+00	6.451123e-09	
11476	2.044944e+00	6.451182e-09	
11477	2.045144e+00	6.451226e-09	
11478	2.045344e+00	6.451321e-09	
11479	2.045544e+00	6.451425e-09	
11480	2.045744e+00	6.451550e-09	

Index   time            -i(vdd)         
--------------------------------------------------------------------------------
11481	2.045944e+00	6.451675e-09	
11482	2.046144e+00	6.451812e-09	
11483	2.046344e+00	6.451952e-09	
11484	2.046544e+00	6.452096e-09	
11485	2.046744e+00	6.452238e-09	
11486	2.046944e+00	6.452385e-09	
11487	2.047144e+00	6.452527e-09	
11488	2.047344e+00	6.452678e-09	
11489	2.047544e+00	6.452821e-09	
11490	2.047744e+00	6.452972e-09	
11491	2.047944e+00	6.453119e-09	
11492	2.048144e+00	6.453274e-09	
11493	2.048344e+00	6.453417e-09	
11494	2.048544e+00	6.453571e-09	
11495	2.048744e+00	6.453719e-09	
11496	2.048944e+00	6.453877e-09	
11497	2.049144e+00	6.454026e-09	
11498	2.049344e+00	6.454185e-09	
11499	2.049544e+00	6.454332e-09	
11500	2.049744e+00	6.454490e-09	
11501	2.049944e+00	6.454641e-09	
11502	2.050144e+00	6.454800e-09	
11503	2.050344e+00	6.454955e-09	
11504	2.050544e+00	6.455113e-09	
11505	2.050744e+00	6.455269e-09	
11506	2.050944e+00	6.455435e-09	
11507	2.051144e+00	6.455591e-09	
11508	2.051344e+00	6.455758e-09	
11509	2.051544e+00	6.455912e-09	
11510	2.051744e+00	6.456079e-09	
11511	2.051944e+00	6.456237e-09	
11512	2.052144e+00	6.456410e-09	
11513	2.052344e+00	6.456566e-09	
11514	2.052544e+00	6.456733e-09	
11515	2.052744e+00	6.456891e-09	
11516	2.052944e+00	6.457068e-09	
11517	2.053144e+00	6.457228e-09	
11518	2.053344e+00	6.457402e-09	
11519	2.053544e+00	6.457564e-09	
11520	2.053744e+00	6.457740e-09	
11521	2.053944e+00	6.457906e-09	
11522	2.054144e+00	6.458073e-09	
11523	2.054344e+00	6.458247e-09	
11524	2.054544e+00	6.458423e-09	
11525	2.054744e+00	6.458592e-09	
11526	2.054944e+00	6.458771e-09	
11527	2.055144e+00	6.458937e-09	
11528	2.055344e+00	6.459119e-09	
11529	2.055544e+00	6.459290e-09	
11530	2.055556e+00	6.459311e-09	
11531	2.055576e+00	6.459346e-09	
11532	2.055616e+00	6.459340e-09	
11533	2.055696e+00	6.459356e-09	
11534	2.055856e+00	6.459309e-09	
11535	2.056056e+00	6.459210e-09	
11536	2.056256e+00	6.458986e-09	
11537	2.056456e+00	6.458731e-09	
11538	2.056656e+00	6.458428e-09	

Index   time            -i(vdd)         
--------------------------------------------------------------------------------
11539	2.056856e+00	6.458107e-09	
11540	2.057056e+00	6.457765e-09	
11541	2.057256e+00	6.457427e-09	
11542	2.057456e+00	6.457073e-09	
11543	2.057656e+00	6.456726e-09	
11544	2.057856e+00	6.456371e-09	
11545	2.058056e+00	6.456023e-09	
11546	2.058256e+00	6.455676e-09	
11547	2.058456e+00	6.455331e-09	
11548	2.058656e+00	6.454983e-09	
11549	2.058856e+00	6.454645e-09	
11550	2.059056e+00	6.454295e-09	
11551	2.059256e+00	6.453964e-09	
11552	2.059456e+00	6.453623e-09	
11553	2.059656e+00	6.453294e-09	
11554	2.059856e+00	6.452953e-09	
11555	2.060056e+00	6.452629e-09	
11556	2.060256e+00	6.452300e-09	
11557	2.060456e+00	6.451976e-09	
11558	2.060656e+00	6.451644e-09	
11559	2.060856e+00	6.451330e-09	
11560	2.061011e+00	6.451089e-09	
11561	2.061021e+00	6.631939e-09	
11562	2.061041e+00	6.584143e-09	
11563	2.061081e+00	6.719467e-09	
11564	2.061111e+00	7.179203e-09	
11565	2.061119e+00	7.063031e-09	
11566	2.061135e+00	7.009435e-09	
11567	2.061167e+00	6.919864e-09	
11568	2.061229e+00	6.801700e-09	
11569	2.061311e+00	6.725308e-09	
11570	2.061464e+00	6.682615e-09	
11571	2.061664e+00	6.682308e-09	
11572	2.061864e+00	6.689631e-09	
11573	2.062064e+00	6.692687e-09	
11574	2.062264e+00	6.692530e-09	
11575	2.062464e+00	6.691209e-09	
11576	2.062664e+00	6.689642e-09	
11577	2.062864e+00	6.688015e-09	
11578	2.063064e+00	6.686314e-09	
11579	2.063111e+00	6.685908e-09	
11580	2.063121e+00	6.598213e-09	
11581	2.063141e+00	6.566053e-09	
11582	2.063181e+00	6.560381e-09	
11583	2.063211e+00	6.503431e-09	
11584	2.063219e+00	6.680955e-09	
11585	2.063235e+00	6.679957e-09	
11586	2.063267e+00	6.678059e-09	
11587	2.063331e+00	6.673846e-09	
11588	2.063459e+00	6.663357e-09	
11589	2.063659e+00	6.641520e-09	
11590	2.063859e+00	6.614095e-09	
11591	2.064059e+00	6.583960e-09	
11592	2.064259e+00	6.554797e-09	
11593	2.064459e+00	6.529249e-09	
11594	2.064659e+00	6.508402e-09	
11595	2.064859e+00	6.492108e-09	
11596	2.065059e+00	6.479689e-09	

Index   time            -i(vdd)         
--------------------------------------------------------------------------------
11597	2.065259e+00	6.470313e-09	
11598	2.065459e+00	6.463288e-09	
11599	2.065659e+00	6.458001e-09	
11600	2.065859e+00	6.454041e-09	
11601	2.066059e+00	6.451017e-09	
11602	2.066259e+00	6.448730e-09	
11603	2.066459e+00	6.446959e-09	
11604	2.066659e+00	6.445596e-09	
11605	2.066667e+00	6.445546e-09	
11606	2.066683e+00	6.445445e-09	
11607	2.066714e+00	6.445297e-09	
11608	2.066778e+00	6.444952e-09	
11609	2.066904e+00	6.444381e-09	
11610	2.067104e+00	6.443658e-09	
11611	2.067304e+00	6.443050e-09	
11612	2.067504e+00	6.442599e-09	
11613	2.067704e+00	6.442248e-09	
11614	2.067904e+00	6.441979e-09	
11615	2.068104e+00	6.441758e-09	
11616	2.068304e+00	6.441589e-09	
11617	2.068504e+00	6.441446e-09	
11618	2.068704e+00	6.441330e-09	
11619	2.068904e+00	6.441230e-09	
11620	2.069104e+00	6.441148e-09	
11621	2.069304e+00	6.441067e-09	
11622	2.069504e+00	6.441004e-09	
11623	2.069704e+00	6.440935e-09	
11624	2.069904e+00	6.440879e-09	
11625	2.070104e+00	6.440824e-09	
11626	2.070304e+00	6.440768e-09	
11627	2.070504e+00	6.440714e-09	
11628	2.070704e+00	6.440664e-09	
11629	2.070904e+00	6.440612e-09	
11630	2.071104e+00	6.440566e-09	
11631	2.071304e+00	6.440515e-09	
11632	2.071504e+00	6.440470e-09	
11633	2.071704e+00	6.440420e-09	
11634	2.071904e+00	6.440376e-09	
11635	2.072104e+00	6.440330e-09	
11636	2.072304e+00	6.440291e-09	
11637	2.072504e+00	6.440241e-09	
11638	2.072704e+00	6.440202e-09	
11639	2.072904e+00	6.440154e-09	
11640	2.073104e+00	6.440115e-09	
11641	2.073304e+00	6.440068e-09	
11642	2.073504e+00	6.440029e-09	
11643	2.073704e+00	6.439986e-09	
11644	2.073904e+00	6.439944e-09	
11645	2.074104e+00	6.439901e-09	
11646	2.074304e+00	6.439857e-09	
11647	2.074504e+00	6.439817e-09	
11648	2.074704e+00	6.439778e-09	
11649	2.074904e+00	6.439740e-09	
11650	2.075104e+00	6.439701e-09	
11651	2.075304e+00	6.439652e-09	
11652	2.075504e+00	6.439621e-09	
11653	2.075704e+00	6.439578e-09	
11654	2.075904e+00	6.439545e-09	

Index   time            -i(vdd)         
--------------------------------------------------------------------------------
11655	2.076104e+00	6.439503e-09	
11656	2.076304e+00	6.439466e-09	
11657	2.076504e+00	6.439428e-09	
11658	2.076704e+00	6.439392e-09	
11659	2.076904e+00	6.439350e-09	
11660	2.077104e+00	6.439319e-09	
11661	2.077304e+00	6.439279e-09	
11662	2.077504e+00	6.439246e-09	
11663	2.077704e+00	6.439210e-09	
11664	2.077778e+00	6.439219e-09	
11665	2.077798e+00	6.439222e-09	
11666	2.077838e+00	6.439195e-09	
11667	2.077918e+00	6.439170e-09	
11668	2.078078e+00	6.439112e-09	
11669	2.078278e+00	6.439069e-09	
11670	2.078478e+00	6.438966e-09	
11671	2.078678e+00	6.438887e-09	
11672	2.078878e+00	6.438797e-09	
11673	2.079078e+00	6.438705e-09	
11674	2.079278e+00	6.438602e-09	
11675	2.079478e+00	6.438498e-09	
11676	2.079678e+00	6.438384e-09	
11677	2.079878e+00	6.438280e-09	
11678	2.080078e+00	6.438164e-09	
11679	2.080278e+00	6.438054e-09	
11680	2.080478e+00	6.437946e-09	
11681	2.080678e+00	6.437837e-09	
11682	2.080878e+00	6.437721e-09	
11683	2.081078e+00	6.437616e-09	
11684	2.081278e+00	6.437497e-09	
11685	2.081478e+00	6.437391e-09	
11686	2.081678e+00	6.437277e-09	
11687	2.081878e+00	6.437172e-09	
11688	2.082078e+00	6.437060e-09	
11689	2.082278e+00	6.436950e-09	
11690	2.082478e+00	6.436838e-09	
11691	2.082678e+00	6.436728e-09	
11692	2.082878e+00	6.436613e-09	
11693	2.083078e+00	6.436511e-09	
11694	2.083278e+00	6.436396e-09	
11695	2.083478e+00	6.436297e-09	
11696	2.083678e+00	6.436181e-09	
11697	2.083878e+00	6.436074e-09	
11698	2.084078e+00	6.435965e-09	
11699	2.084278e+00	6.435859e-09	
11700	2.084478e+00	6.435753e-09	
11701	2.084678e+00	6.435649e-09	
11702	2.084878e+00	6.435536e-09	
11703	2.085078e+00	6.435437e-09	
11704	2.085278e+00	6.435321e-09	
11705	2.085478e+00	6.435223e-09	
11706	2.085678e+00	6.435106e-09	
11707	2.085878e+00	6.435006e-09	
11708	2.086078e+00	6.434904e-09	
11709	2.086278e+00	6.434801e-09	
11710	2.086478e+00	6.434692e-09	
11711	2.086678e+00	6.434588e-09	
11712	2.086878e+00	6.434483e-09	

Index   time            -i(vdd)         
--------------------------------------------------------------------------------
11713	2.087078e+00	6.434384e-09	
11714	2.087278e+00	6.434276e-09	
11715	2.087478e+00	6.434176e-09	
11716	2.087678e+00	6.434072e-09	
11717	2.087878e+00	6.433970e-09	
11718	2.088078e+00	6.433866e-09	
11719	2.088278e+00	6.433767e-09	
11720	2.088478e+00	6.433664e-09	
11721	2.088678e+00	6.433563e-09	
11722	2.088878e+00	6.433458e-09	
11723	2.088889e+00	6.433481e-09	
11724	2.088909e+00	6.433469e-09	
11725	2.088949e+00	6.433422e-09	
11726	2.089029e+00	6.433363e-09	
11727	2.089189e+00	6.433196e-09	
11728	2.089389e+00	6.433010e-09	
11729	2.089589e+00	6.432751e-09	
11730	2.089789e+00	6.432501e-09	
11731	2.089989e+00	6.432222e-09	
11732	2.090189e+00	6.431933e-09	
11733	2.090389e+00	6.431624e-09	
11734	2.090589e+00	6.431313e-09	
11735	2.090789e+00	6.430991e-09	
11736	2.090989e+00	6.430670e-09	
11737	2.091189e+00	6.430340e-09	
11738	2.091389e+00	6.430024e-09	
11739	2.091589e+00	6.429692e-09	
11740	2.091789e+00	6.429373e-09	
11741	2.091989e+00	6.429045e-09	
11742	2.092189e+00	6.428733e-09	
11743	2.092389e+00	6.428415e-09	
11744	2.092589e+00	6.428107e-09	
11745	2.092789e+00	6.427798e-09	
11746	2.092989e+00	6.427490e-09	
11747	2.093189e+00	6.427188e-09	
11748	2.093389e+00	6.426890e-09	
11749	2.093589e+00	6.426592e-09	
11750	2.093789e+00	6.426301e-09	
11751	2.093989e+00	6.426006e-09	
11752	2.094189e+00	6.425723e-09	
11753	2.094389e+00	6.425433e-09	
11754	2.094589e+00	6.425161e-09	
11755	2.094789e+00	6.424878e-09	
11756	2.094989e+00	6.424611e-09	
11757	2.095189e+00	6.424335e-09	
11758	2.095389e+00	6.424072e-09	
11759	2.095589e+00	6.423799e-09	
11760	2.095789e+00	6.423541e-09	
11761	2.095989e+00	6.423281e-09	
11762	2.096189e+00	6.423025e-09	
11763	2.096389e+00	6.422770e-09	
11764	2.096589e+00	6.422523e-09	
11765	2.096789e+00	6.422265e-09	
11766	2.096989e+00	6.422033e-09	
11767	2.097189e+00	6.421784e-09	
11768	2.097389e+00	6.421550e-09	
11769	2.097589e+00	6.421304e-09	
11770	2.097789e+00	6.421080e-09	

Index   time            -i(vdd)         
--------------------------------------------------------------------------------
11771	2.097989e+00	6.420842e-09	
11772	2.098189e+00	6.420612e-09	
11773	2.098389e+00	6.420383e-09	
11774	2.098589e+00	6.420164e-09	
11775	2.098789e+00	6.419937e-09	
11776	2.098989e+00	6.419718e-09	
11777	2.099189e+00	6.419498e-09	
11778	2.099389e+00	6.419286e-09	
11779	2.099589e+00	6.419066e-09	
11780	2.099789e+00	6.418865e-09	
11781	2.099989e+00	6.418647e-09	
11782	2.100000e+00	6.418670e-09	
11783	2.100020e+00	6.418642e-09	
11784	2.100060e+00	6.418596e-09	
11785	2.100140e+00	6.418529e-09	
11786	2.100300e+00	6.418373e-09	
11787	2.100500e+00	6.418222e-09	
11788	2.100700e+00	6.418043e-09	
11789	2.100900e+00	6.417896e-09	
11790	2.101100e+00	6.417750e-09	
11791	2.101300e+00	6.417623e-09	
11792	2.101500e+00	6.417489e-09	
11793	2.101700e+00	6.417377e-09	
11794	2.101900e+00	6.417256e-09	
11795	2.102100e+00	6.417155e-09	
11796	2.102300e+00	6.417048e-09	
11797	2.102500e+00	6.416952e-09	
11798	2.102700e+00	6.416853e-09	
11799	2.102900e+00	6.416764e-09	
11800	2.103100e+00	6.416672e-09	
11801	2.103300e+00	6.416590e-09	
11802	2.103500e+00	6.416499e-09	
11803	2.103700e+00	6.416421e-09	
11804	2.103900e+00	6.416336e-09	
11805	2.104100e+00	6.416268e-09	
11806	2.104300e+00	6.416184e-09	
11807	2.104500e+00	6.416111e-09	
11808	2.104700e+00	6.416035e-09	
11809	2.104900e+00	6.415958e-09	
11810	2.105100e+00	6.415891e-09	
11811	2.105300e+00	6.415814e-09	
11812	2.105500e+00	6.415746e-09	
11813	2.105700e+00	6.415680e-09	
11814	2.105900e+00	6.415607e-09	
11815	2.106100e+00	6.415544e-09	
11816	2.106300e+00	6.415473e-09	
11817	2.106500e+00	6.415409e-09	
11818	2.106700e+00	6.415332e-09	
11819	2.106900e+00	6.415271e-09	
11820	2.107100e+00	6.415203e-09	
11821	2.107300e+00	6.415144e-09	
11822	2.107500e+00	6.415075e-09	
11823	2.107700e+00	6.415017e-09	
11824	2.107900e+00	6.414944e-09	
11825	2.108100e+00	6.414885e-09	
11826	2.108300e+00	6.414817e-09	
11827	2.108500e+00	6.414755e-09	
11828	2.108700e+00	6.414691e-09	

Index   time            -i(vdd)         
--------------------------------------------------------------------------------
11829	2.108900e+00	6.414635e-09	
11830	2.109100e+00	6.414569e-09	
11831	2.109300e+00	6.414511e-09	
11832	2.109500e+00	6.414450e-09	
11833	2.109700e+00	6.414394e-09	
11834	2.109900e+00	6.414326e-09	
11835	2.110100e+00	6.414272e-09	
11836	2.110300e+00	6.414207e-09	
11837	2.110500e+00	6.414156e-09	
11838	2.110700e+00	6.414091e-09	
11839	2.110900e+00	6.414038e-09	
11840	2.111100e+00	6.413978e-09	
11841	2.111111e+00	6.414008e-09	
11842	2.111131e+00	6.414000e-09	
11843	2.111171e+00	6.413971e-09	
11844	2.111251e+00	6.413952e-09	
11845	2.111411e+00	6.413892e-09	
11846	2.111611e+00	6.413857e-09	
11847	2.111811e+00	6.413775e-09	
11848	2.112011e+00	6.413720e-09	
11849	2.112211e+00	6.413660e-09	
11850	2.112411e+00	6.413606e-09	
11851	2.112611e+00	6.413540e-09	
11852	2.112811e+00	6.413491e-09	
11853	2.113011e+00	6.413423e-09	
11854	2.113211e+00	6.413365e-09	
11855	2.113411e+00	6.413305e-09	
11856	2.113611e+00	6.413252e-09	
11857	2.113811e+00	6.413189e-09	
11858	2.114011e+00	6.413136e-09	
11859	2.114211e+00	6.413075e-09	
11860	2.114411e+00	6.413022e-09	
11861	2.114611e+00	6.412964e-09	
11862	2.114811e+00	6.412910e-09	
11863	2.115011e+00	6.412852e-09	
11864	2.115211e+00	6.412799e-09	
11865	2.115411e+00	6.412740e-09	
11866	2.115611e+00	6.412689e-09	
11867	2.115811e+00	6.412628e-09	
11868	2.116011e+00	6.412579e-09	
11869	2.116211e+00	6.412521e-09	
11870	2.116411e+00	6.412476e-09	
11871	2.116611e+00	6.412420e-09	
11872	2.116811e+00	6.412374e-09	
11873	2.117011e+00	6.412317e-09	
11874	2.117211e+00	6.412270e-09	
11875	2.117411e+00	6.412218e-09	
11876	2.117611e+00	6.412170e-09	
11877	2.117811e+00	6.412117e-09	
11878	2.118011e+00	6.412069e-09	
11879	2.118211e+00	6.412012e-09	
11880	2.118411e+00	6.411969e-09	
11881	2.118611e+00	6.411917e-09	
11882	2.118811e+00	6.411870e-09	
11883	2.119011e+00	6.411815e-09	
11884	2.119211e+00	6.411771e-09	
11885	2.119411e+00	6.411719e-09	
11886	2.119611e+00	6.411677e-09	

Index   time            -i(vdd)         
--------------------------------------------------------------------------------
11887	2.119811e+00	6.411630e-09	
11888	2.120011e+00	6.411584e-09	
11889	2.120211e+00	6.411529e-09	
11890	2.120411e+00	6.411490e-09	
11891	2.120611e+00	6.411436e-09	
11892	2.120811e+00	6.411397e-09	
11893	2.121011e+00	6.411344e-09	
11894	2.121211e+00	6.411297e-09	
11895	2.121411e+00	6.411250e-09	
11896	2.121611e+00	6.411208e-09	
11897	2.121811e+00	6.411153e-09	
11898	2.122011e+00	6.411112e-09	
11899	2.122211e+00	6.411062e-09	
11900	2.122222e+00	6.411095e-09	
11901	2.122242e+00	6.411090e-09	
11902	2.122282e+00	6.411064e-09	
11903	2.122362e+00	6.411051e-09	
11904	2.122522e+00	6.411000e-09	
11905	2.122722e+00	6.410975e-09	
11906	2.122922e+00	6.410913e-09	
11907	2.123122e+00	6.410877e-09	
11908	2.123322e+00	6.410837e-09	
11909	2.123522e+00	6.410798e-09	
11910	2.123722e+00	6.410755e-09	
11911	2.123922e+00	6.410724e-09	
11912	2.124122e+00	6.410681e-09	
11913	2.124322e+00	6.410654e-09	
11914	2.124522e+00	6.410613e-09	
11915	2.124722e+00	6.410583e-09	
11916	2.124922e+00	6.410544e-09	
11917	2.125122e+00	6.410515e-09	
11918	2.125322e+00	6.410476e-09	
11919	2.125522e+00	6.410448e-09	
11920	2.125722e+00	6.410408e-09	
11921	2.125922e+00	6.410380e-09	
11922	2.126122e+00	6.410348e-09	
11923	2.126322e+00	6.410314e-09	
11924	2.126522e+00	6.410279e-09	
11925	2.126722e+00	6.410252e-09	
11926	2.126922e+00	6.410217e-09	
11927	2.127122e+00	6.410185e-09	
11928	2.127322e+00	6.410152e-09	
11929	2.127522e+00	6.410125e-09	
11930	2.127722e+00	6.410087e-09	
11931	2.127922e+00	6.410058e-09	
11932	2.128122e+00	6.410021e-09	
11933	2.128322e+00	6.409998e-09	
11934	2.128522e+00	6.409956e-09	
11935	2.128722e+00	6.409930e-09	
11936	2.128922e+00	6.409895e-09	
11937	2.129122e+00	6.409864e-09	
11938	2.129322e+00	6.409829e-09	
11939	2.129522e+00	6.409802e-09	
11940	2.129722e+00	6.409765e-09	
11941	2.129922e+00	6.409737e-09	
11942	2.130122e+00	6.409701e-09	
11943	2.130322e+00	6.409670e-09	
11944	2.130522e+00	6.409636e-09	

Index   time            -i(vdd)         
--------------------------------------------------------------------------------
11945	2.130722e+00	6.409607e-09	
11946	2.130922e+00	6.409574e-09	
11947	2.131122e+00	6.409548e-09	
11948	2.131322e+00	6.409506e-09	
11949	2.131522e+00	6.409482e-09	
11950	2.131722e+00	6.409446e-09	
11951	2.131922e+00	6.409422e-09	
11952	2.132122e+00	6.409385e-09	
11953	2.132322e+00	6.409356e-09	
11954	2.132522e+00	6.409322e-09	
11955	2.132722e+00	6.409297e-09	
11956	2.132922e+00	6.409264e-09	
11957	2.133122e+00	6.409236e-09	
11958	2.133322e+00	6.409204e-09	
11959	2.133333e+00	6.409231e-09	
11960	2.133353e+00	6.409226e-09	
11961	2.133393e+00	6.409199e-09	
11962	2.133473e+00	6.409202e-09	
11963	2.133633e+00	6.409179e-09	
11964	2.133833e+00	6.409193e-09	
11965	2.134033e+00	6.409156e-09	
11966	2.134233e+00	6.409165e-09	
11967	2.134433e+00	6.409161e-09	
11968	2.134633e+00	6.409172e-09	
11969	2.134833e+00	6.409180e-09	
11970	2.135033e+00	6.409195e-09	
11971	2.135233e+00	6.409204e-09	
11972	2.135433e+00	6.409224e-09	
11973	2.135633e+00	6.409243e-09	
11974	2.135833e+00	6.409274e-09	
11975	2.136033e+00	6.409295e-09	
11976	2.136233e+00	6.409334e-09	
11977	2.136433e+00	6.409362e-09	
11978	2.136633e+00	6.409399e-09	
11979	2.136833e+00	6.409428e-09	
11980	2.137033e+00	6.409475e-09	
11981	2.137233e+00	6.409515e-09	
11982	2.137433e+00	6.409562e-09	
11983	2.137633e+00	6.409604e-09	
11984	2.137833e+00	6.409658e-09	
11985	2.138033e+00	6.409704e-09	
11986	2.138233e+00	6.409761e-09	
11987	2.138433e+00	6.409811e-09	
11988	2.138633e+00	6.409872e-09	
11989	2.138833e+00	6.409928e-09	
11990	2.139033e+00	6.409994e-09	
11991	2.139233e+00	6.410052e-09	
11992	2.139433e+00	6.410123e-09	
11993	2.139633e+00	6.410188e-09	
11994	2.139833e+00	6.410259e-09	
11995	2.140033e+00	6.410323e-09	
11996	2.140233e+00	6.410404e-09	
11997	2.140433e+00	6.410469e-09	
11998	2.140633e+00	6.410552e-09	
11999	2.140833e+00	6.410626e-09	
12000	2.141033e+00	6.410709e-09	
12001	2.141233e+00	6.410785e-09	
12002	2.141433e+00	6.410875e-09	

Index   time            -i(vdd)         
--------------------------------------------------------------------------------
12003	2.141633e+00	6.410960e-09	
12004	2.141833e+00	6.411054e-09	
12005	2.142033e+00	6.411141e-09	
12006	2.142233e+00	6.411233e-09	
12007	2.142433e+00	6.411322e-09	
12008	2.142633e+00	6.411424e-09	
12009	2.142833e+00	6.411519e-09	
12010	2.143033e+00	6.411620e-09	
12011	2.143233e+00	6.411719e-09	
12012	2.143433e+00	6.411826e-09	
12013	2.143633e+00	6.411930e-09	
12014	2.143833e+00	6.412040e-09	
12015	2.144033e+00	6.412147e-09	
12016	2.144233e+00	6.412260e-09	
12017	2.144433e+00	6.412376e-09	
12018	2.144444e+00	6.412408e-09	
12019	2.144464e+00	6.412417e-09	
12020	2.144504e+00	6.412416e-09	
12021	2.144584e+00	6.412477e-09	
12022	2.144744e+00	6.412567e-09	
12023	2.144944e+00	6.412723e-09	
12024	2.145144e+00	6.412825e-09	
12025	2.145344e+00	6.412965e-09	
12026	2.145544e+00	6.413104e-09	
12027	2.145744e+00	6.413257e-09	
12028	2.145944e+00	6.413405e-09	
12029	2.146144e+00	6.413565e-09	
12030	2.146344e+00	6.413719e-09	
12031	2.146544e+00	6.413895e-09	
12032	2.146744e+00	6.414063e-09	
12033	2.146944e+00	6.414246e-09	
12034	2.147144e+00	6.414432e-09	
12035	2.147344e+00	6.414628e-09	
12036	2.147544e+00	6.414826e-09	
12037	2.147744e+00	6.415036e-09	
12038	2.147944e+00	6.415243e-09	
12039	2.148144e+00	6.415469e-09	
12040	2.148344e+00	6.415694e-09	
12041	2.148544e+00	6.415933e-09	
12042	2.148744e+00	6.416167e-09	
12043	2.148944e+00	6.416420e-09	
12044	2.149144e+00	6.416671e-09	
12045	2.149344e+00	6.416942e-09	
12046	2.149544e+00	6.417206e-09	
12047	2.149744e+00	6.417487e-09	
12048	2.149944e+00	6.417763e-09	
12049	2.150144e+00	6.418064e-09	
12050	2.150344e+00	6.418357e-09	
12051	2.150544e+00	6.418669e-09	
12052	2.150744e+00	6.418976e-09	
12053	2.150944e+00	6.419302e-09	
12054	2.151144e+00	6.419622e-09	
12055	2.151344e+00	6.419965e-09	
12056	2.151544e+00	6.420303e-09	
12057	2.151744e+00	6.420654e-09	
12058	2.151944e+00	6.421007e-09	
12059	2.152144e+00	6.421375e-09	
12060	2.152344e+00	6.421738e-09	

Index   time            -i(vdd)         
--------------------------------------------------------------------------------
12061	2.152544e+00	6.422125e-09	
12062	2.152744e+00	6.422507e-09	
12063	2.152944e+00	6.422908e-09	
12064	2.153144e+00	6.423306e-09	
12065	2.153344e+00	6.423717e-09	
12066	2.153544e+00	6.424139e-09	
12067	2.153744e+00	6.424567e-09	
12068	2.153944e+00	6.425002e-09	
12069	2.154144e+00	6.425452e-09	
12070	2.154344e+00	6.425903e-09	
12071	2.154544e+00	6.426376e-09	
12072	2.154744e+00	6.426843e-09	
12073	2.154944e+00	6.427329e-09	
12074	2.155144e+00	6.427819e-09	
12075	2.155344e+00	6.428324e-09	
12076	2.155544e+00	6.428832e-09	
12077	2.155556e+00	6.428877e-09	
12078	2.155576e+00	6.428945e-09	
12079	2.155616e+00	6.429025e-09	
12080	2.155696e+00	6.429207e-09	
12081	2.155856e+00	6.429539e-09	
12082	2.156056e+00	6.429959e-09	
12083	2.156256e+00	6.430296e-09	
12084	2.156456e+00	6.430633e-09	
12085	2.156656e+00	6.430929e-09	
12086	2.156856e+00	6.431219e-09	
12087	2.157056e+00	6.431482e-09	
12088	2.157256e+00	6.431748e-09	
12089	2.157456e+00	6.432005e-09	
12090	2.157656e+00	6.432264e-09	
12091	2.157856e+00	6.432516e-09	
12092	2.158056e+00	6.432787e-09	
12093	2.158256e+00	6.433045e-09	
12094	2.158456e+00	6.433320e-09	
12095	2.158656e+00	6.433585e-09	
12096	2.158856e+00	6.433868e-09	
12097	2.159056e+00	6.434138e-09	
12098	2.159256e+00	6.434425e-09	
12099	2.159456e+00	6.434704e-09	
12100	2.159656e+00	6.434996e-09	
12101	2.159856e+00	6.435283e-09	
12102	2.160056e+00	6.435578e-09	
12103	2.160256e+00	6.435870e-09	
12104	2.160456e+00	6.436175e-09	
12105	2.160656e+00	6.436473e-09	
12106	2.160856e+00	6.436781e-09	
12107	2.161056e+00	6.437080e-09	
12108	2.161256e+00	6.437395e-09	
12109	2.161456e+00	6.437700e-09	
12110	2.161656e+00	6.438020e-09	
12111	2.161856e+00	6.438336e-09	
12112	2.162056e+00	6.438658e-09	
12113	2.162256e+00	6.438972e-09	
12114	2.162456e+00	6.439300e-09	
12115	2.162656e+00	6.439624e-09	
12116	2.162856e+00	6.439962e-09	
12117	2.163056e+00	6.440283e-09	
12118	2.163256e+00	6.440624e-09	

Index   time            -i(vdd)         
--------------------------------------------------------------------------------
12119	2.163456e+00	6.440955e-09	
12120	2.163656e+00	6.441303e-09	
12121	2.163856e+00	6.441642e-09	
12122	2.164056e+00	6.441991e-09	
12123	2.164256e+00	6.442338e-09	
12124	2.164456e+00	6.442692e-09	
12125	2.164656e+00	6.443043e-09	
12126	2.164856e+00	6.443402e-09	
12127	2.165056e+00	6.443755e-09	
12128	2.165256e+00	6.444120e-09	
12129	2.165456e+00	6.444481e-09	
12130	2.165656e+00	6.444851e-09	
12131	2.165856e+00	6.445217e-09	
12132	2.166056e+00	6.445598e-09	
12133	2.166256e+00	6.445970e-09	
12134	2.166456e+00	6.446348e-09	
12135	2.166656e+00	6.446720e-09	
12136	2.166667e+00	6.446775e-09	
12137	2.166687e+00	6.446809e-09	
12138	2.166727e+00	6.446898e-09	
12139	2.166807e+00	6.447107e-09	
12140	2.166967e+00	6.447553e-09	
12141	2.167167e+00	6.448235e-09	
12142	2.167367e+00	6.448959e-09	
12143	2.167567e+00	6.449792e-09	
12144	2.167767e+00	6.450672e-09	
12145	2.167967e+00	6.451602e-09	
12146	2.168167e+00	6.452557e-09	
12147	2.168367e+00	6.453554e-09	
12148	2.168567e+00	6.454551e-09	
12149	2.168767e+00	6.455578e-09	
12150	2.168967e+00	6.456604e-09	
12151	2.169167e+00	6.457641e-09	
12152	2.169367e+00	6.458673e-09	
12153	2.169567e+00	6.459695e-09	
12154	2.169767e+00	6.460668e-09	
12155	2.169967e+00	6.461582e-09	
12156	2.170167e+00	6.462326e-09	
12157	2.170367e+00	6.462765e-09	
12158	2.170567e+00	6.462522e-09	
12159	2.170767e+00	6.460834e-09	
12160	2.170967e+00	6.455982e-09	
12161	2.171167e+00	6.443791e-09	
12162	2.171367e+00	6.416315e-09	
12163	2.171567e+00	6.363302e-09	
12164	2.171767e+00	6.303890e-09	
12165	2.171967e+00	6.232809e-09	
12166	2.172167e+00	6.149965e-09	
12167	2.172367e+00	6.088137e-09	
12168	2.172567e+00	6.051602e-09	
12169	2.172767e+00	6.030528e-09	
12170	2.172967e+00	6.017621e-09	
12171	2.173167e+00	6.009588e-09	
12172	2.173367e+00	6.004458e-09	
12173	2.173567e+00	6.000989e-09	
12174	2.173767e+00	5.998557e-09	
12175	2.173967e+00	5.996865e-09	
12176	2.174167e+00	5.995707e-09	

Index   time            -i(vdd)         
--------------------------------------------------------------------------------
12177	2.174367e+00	5.994989e-09	
12178	2.174567e+00	5.994580e-09	
12179	2.174767e+00	5.994429e-09	
12180	2.174967e+00	5.994434e-09	
12181	2.175167e+00	5.994553e-09	
12182	2.175367e+00	5.994684e-09	
12183	2.175567e+00	5.994751e-09	
12184	2.175767e+00	5.994603e-09	
12185	2.175967e+00	5.994073e-09	
12186	2.176167e+00	5.992854e-09	
12187	2.176367e+00	5.990481e-09	
12188	2.176567e+00	5.986198e-09	
12189	2.176767e+00	5.978815e-09	
12190	2.176967e+00	5.966336e-09	
12191	2.177167e+00	5.945430e-09	
12192	2.177367e+00	5.909631e-09	
12193	2.177567e+00	5.852508e-09	
12194	2.177592e+00	5.845014e-09	
12195	2.177642e+00	5.833808e-09	
12196	2.177742e+00	5.938195e-09	
12197	2.177778e+00	6.202716e-09	
12198	2.177798e+00	6.404786e-09	
12199	2.177838e+00	6.663128e-09	
12200	2.177848e+00	6.674550e-09	
12201	2.177868e+00	6.645352e-09	
12202	2.177908e+00	6.580793e-09	
12203	2.177988e+00	6.462896e-09	
12204	2.178148e+00	6.356455e-09	
12205	2.178167e+00	6.374917e-09	
12206	2.178204e+00	6.408062e-09	
12207	2.178278e+00	6.388894e-09	
12208	2.178426e+00	6.290134e-09	
12209	2.178451e+00	6.274910e-09	
12210	2.178501e+00	6.253790e-09	
12211	2.178601e+00	6.224558e-09	
12212	2.178626e+00	6.217114e-09	
12213	2.178676e+00	6.511022e-09	
12214	2.178776e+00	6.257679e-09	
12215	2.178795e+00	6.164748e-09	
12216	2.178834e+00	6.135200e-09	
12217	2.178911e+00	6.075505e-09	
12218	2.179064e+00	6.044924e-09	
12219	2.179246e+00	5.955462e-09	
12220	2.179446e+00	5.837278e-09	
12221	2.179646e+00	5.731821e-09	
12222	2.179846e+00	5.647168e-09	
12223	2.180046e+00	5.580197e-09	
12224	2.180246e+00	5.524637e-09	
12225	2.180446e+00	5.476784e-09	
12226	2.180646e+00	5.432876e-09	
12227	2.180846e+00	5.390669e-09	
12228	2.181046e+00	5.349016e-09	
12229	2.181246e+00	5.307718e-09	
12230	2.181446e+00	5.267354e-09	
12231	2.181646e+00	5.228771e-09	
12232	2.181846e+00	5.192801e-09	
12233	2.182046e+00	5.159945e-09	
12234	2.182246e+00	5.130429e-09	

Index   time            -i(vdd)         
--------------------------------------------------------------------------------
12235	2.182446e+00	5.104189e-09	
12236	2.182646e+00	5.081008e-09	
12237	2.182846e+00	5.060589e-09	
12238	2.183046e+00	5.042613e-09	
12239	2.183246e+00	5.026761e-09	
12240	2.183446e+00	5.012759e-09	
12241	2.183646e+00	5.000340e-09	
12242	2.183846e+00	4.989319e-09	
12243	2.184046e+00	4.979480e-09	
12244	2.184246e+00	4.970684e-09	
12245	2.184446e+00	4.962774e-09	
12246	2.184646e+00	4.955659e-09	
12247	2.184846e+00	4.949226e-09	
12248	2.185046e+00	4.943404e-09	
12249	2.185246e+00	4.938107e-09	
12250	2.185446e+00	4.933289e-09	
12251	2.185646e+00	4.928880e-09	
12252	2.185846e+00	4.924863e-09	
12253	2.186046e+00	4.921166e-09	
12254	2.186246e+00	4.917782e-09	
12255	2.186446e+00	4.914671e-09	
12256	2.186646e+00	4.911804e-09	
12257	2.186846e+00	4.909160e-09	
12258	2.187046e+00	4.906735e-09	
12259	2.187246e+00	4.904490e-09	
12260	2.187446e+00	4.902427e-09	
12261	2.187646e+00	4.900515e-09	
12262	2.187846e+00	4.898762e-09	
12263	2.188046e+00	4.897138e-09	
12264	2.188246e+00	4.895647e-09	
12265	2.188446e+00	4.894274e-09	
12266	2.188646e+00	4.893018e-09	
12267	2.188846e+00	4.891856e-09	
12268	2.188889e+00	4.891644e-09	
12269	2.188909e+00	4.891505e-09	
12270	2.188949e+00	4.891208e-09	
12271	2.189029e+00	4.890554e-09	
12272	2.189189e+00	4.889099e-09	
12273	2.189389e+00	4.887219e-09	
12274	2.189589e+00	4.885337e-09	
12275	2.189789e+00	4.883535e-09	
12276	2.189989e+00	4.881797e-09	
12277	2.190189e+00	4.880126e-09	
12278	2.190389e+00	4.878512e-09	
12279	2.190589e+00	4.876964e-09	
12280	2.190789e+00	4.875464e-09	
12281	2.190989e+00	4.874031e-09	
12282	2.191189e+00	4.872630e-09	
12283	2.191389e+00	4.871288e-09	
12284	2.191589e+00	4.869987e-09	
12285	2.191789e+00	4.868738e-09	
12286	2.191989e+00	4.867517e-09	
12287	2.192189e+00	4.866345e-09	
12288	2.192389e+00	4.865209e-09	
12289	2.192589e+00	4.864116e-09	
12290	2.192789e+00	4.863046e-09	
12291	2.192989e+00	4.862014e-09	
12292	2.193189e+00	4.861005e-09	

Index   time            -i(vdd)         
--------------------------------------------------------------------------------
12293	2.193389e+00	4.860037e-09	
12294	2.193589e+00	4.859088e-09	
12295	2.193789e+00	4.858174e-09	
12296	2.193989e+00	4.857283e-09	
12297	2.194189e+00	4.856425e-09	
12298	2.194389e+00	4.855583e-09	
12299	2.194589e+00	4.854772e-09	
12300	2.194789e+00	4.853975e-09	
12301	2.194989e+00	4.853201e-09	
12302	2.195189e+00	4.852452e-09	
12303	2.195389e+00	4.851723e-09	
12304	2.195589e+00	4.851011e-09	
12305	2.195789e+00	4.850320e-09	
12306	2.195989e+00	4.849645e-09	
12307	2.196189e+00	4.849000e-09	
12308	2.196389e+00	4.848358e-09	
12309	2.196589e+00	4.847740e-09	
12310	2.196789e+00	4.847130e-09	
12311	2.196989e+00	4.846544e-09	
12312	2.197189e+00	4.845960e-09	
12313	2.197389e+00	4.845400e-09	
12314	2.197589e+00	4.844852e-09	
12315	2.197789e+00	4.844320e-09	
12316	2.197989e+00	4.843798e-09	
12317	2.198189e+00	4.843288e-09	
12318	2.198389e+00	4.842790e-09	
12319	2.198589e+00	4.842312e-09	
12320	2.198789e+00	4.841838e-09	
12321	2.198989e+00	4.841380e-09	
12322	2.199189e+00	4.840921e-09	
12323	2.199389e+00	4.840487e-09	
12324	2.199589e+00	4.840054e-09	
12325	2.199789e+00	4.839642e-09	
12326	2.199989e+00	4.839224e-09	
12327	2.200000e+00	4.839223e-09	
12328	2.200020e+00	4.839190e-09	
12329	2.200060e+00	4.839119e-09	
12330	2.200140e+00	4.839040e-09	
12331	2.200300e+00	4.838923e-09	
12332	2.200500e+00	4.838853e-09	
12333	2.200700e+00	4.838783e-09	
12334	2.200900e+00	4.838741e-09	
12335	2.201100e+00	4.838691e-09	
12336	2.201300e+00	4.838661e-09	
12337	2.201500e+00	4.838631e-09	
12338	2.201700e+00	4.838617e-09	
12339	2.201900e+00	4.838602e-09	
12340	2.202100e+00	4.838606e-09	
12341	2.202300e+00	4.838604e-09	
12342	2.202500e+00	4.838620e-09	
12343	2.202700e+00	4.838637e-09	
12344	2.202900e+00	4.838668e-09	
12345	2.203100e+00	4.838699e-09	
12346	2.203300e+00	4.838744e-09	
12347	2.203500e+00	4.838781e-09	
12348	2.203700e+00	4.838840e-09	
12349	2.203900e+00	4.838894e-09	
12350	2.204100e+00	4.838961e-09	

Index   time            -i(vdd)         
--------------------------------------------------------------------------------
12351	2.204300e+00	4.839029e-09	
12352	2.204500e+00	4.839108e-09	
12353	2.204700e+00	4.839189e-09	
12354	2.204900e+00	4.839274e-09	
12355	2.205100e+00	4.839366e-09	
12356	2.205300e+00	4.839468e-09	
12357	2.205500e+00	4.839570e-09	
12358	2.205700e+00	4.839685e-09	
12359	2.205900e+00	4.839790e-09	
12360	2.206100e+00	4.839916e-09	
12361	2.206300e+00	4.840037e-09	
12362	2.206500e+00	4.840173e-09	
12363	2.206700e+00	4.840297e-09	
12364	2.206900e+00	4.840440e-09	
12365	2.207100e+00	4.840582e-09	
12366	2.207300e+00	4.840737e-09	
12367	2.207500e+00	4.840881e-09	
12368	2.207700e+00	4.841047e-09	
12369	2.207900e+00	4.841198e-09	
12370	2.208100e+00	4.841372e-09	
12371	2.208300e+00	4.841536e-09	
12372	2.208500e+00	4.841718e-09	
12373	2.208700e+00	4.841890e-09	
12374	2.208900e+00	4.842078e-09	
12375	2.209100e+00	4.842257e-09	
12376	2.209300e+00	4.842450e-09	
12377	2.209500e+00	4.842636e-09	
12378	2.209700e+00	4.842840e-09	
12379	2.209900e+00	4.843034e-09	
12380	2.210100e+00	4.843244e-09	
12381	2.210300e+00	4.843442e-09	
12382	2.210500e+00	4.843660e-09	
12383	2.210700e+00	4.843866e-09	
12384	2.210900e+00	4.844093e-09	
12385	2.211100e+00	4.844307e-09	
12386	2.211111e+00	4.844335e-09	
12387	2.211131e+00	4.844367e-09	
12388	2.211171e+00	4.844453e-09	
12389	2.211251e+00	4.844692e-09	
12390	2.211411e+00	4.845251e-09	
12391	2.211611e+00	4.846062e-09	
12392	2.211811e+00	4.846867e-09	
12393	2.212011e+00	4.847689e-09	
12394	2.212211e+00	4.848505e-09	
12395	2.212411e+00	4.849336e-09	
12396	2.212611e+00	4.850166e-09	
12397	2.212811e+00	4.851016e-09	
12398	2.213011e+00	4.851866e-09	
12399	2.213211e+00	4.852730e-09	
12400	2.213411e+00	4.853599e-09	
12401	2.213611e+00	4.854479e-09	
12402	2.213811e+00	4.855361e-09	
12403	2.214011e+00	4.856268e-09	
12404	2.214211e+00	4.857172e-09	
12405	2.214411e+00	4.858089e-09	
12406	2.214611e+00	4.859008e-09	
12407	2.214811e+00	4.859946e-09	
12408	2.215011e+00	4.860883e-09	

Index   time            -i(vdd)         
--------------------------------------------------------------------------------
12409	2.215211e+00	4.861838e-09	
12410	2.215411e+00	4.862796e-09	
12411	2.215611e+00	4.863764e-09	
12412	2.215811e+00	4.864736e-09	
12413	2.216011e+00	4.865725e-09	
12414	2.216211e+00	4.866715e-09	
12415	2.216411e+00	4.867724e-09	
12416	2.216611e+00	4.868729e-09	
12417	2.216811e+00	4.869754e-09	
12418	2.217011e+00	4.870782e-09	
12419	2.217211e+00	4.871822e-09	
12420	2.217411e+00	4.872865e-09	
12421	2.217611e+00	4.873921e-09	
12422	2.217811e+00	4.874985e-09	
12423	2.218011e+00	4.876066e-09	
12424	2.218211e+00	4.877139e-09	
12425	2.218411e+00	4.878237e-09	
12426	2.218611e+00	4.879336e-09	
12427	2.218811e+00	4.880442e-09	
12428	2.219011e+00	4.881555e-09	
12429	2.219211e+00	4.882690e-09	
12430	2.219411e+00	4.883821e-09	
12431	2.219611e+00	4.884976e-09	
12432	2.219811e+00	4.886122e-09	
12433	2.220011e+00	4.887288e-09	
12434	2.220211e+00	4.888455e-09	
12435	2.220411e+00	4.889639e-09	
12436	2.220611e+00	4.890824e-09	
12437	2.220811e+00	4.892027e-09	
12438	2.221011e+00	4.893230e-09	
12439	2.221211e+00	4.894454e-09	
12440	2.221411e+00	4.895674e-09	
12441	2.221611e+00	4.896911e-09	
12442	2.221811e+00	4.898150e-09	
12443	2.222011e+00	4.899409e-09	
12444	2.222211e+00	4.900670e-09	
12445	2.222222e+00	4.900755e-09	
12446	2.222242e+00	4.900823e-09	
12447	2.222282e+00	4.900879e-09	
12448	2.222362e+00	4.900861e-09	
12449	2.222522e+00	4.900476e-09	
12450	2.222722e+00	4.899846e-09	
12451	2.222922e+00	4.899181e-09	
12452	2.223122e+00	4.898547e-09	
12453	2.223322e+00	4.897915e-09	
12454	2.223522e+00	4.897293e-09	
12455	2.223722e+00	4.896668e-09	
12456	2.223922e+00	4.896046e-09	
12457	2.224122e+00	4.895424e-09	
12458	2.224322e+00	4.894812e-09	
12459	2.224522e+00	4.894189e-09	
12460	2.224722e+00	4.893575e-09	
12461	2.224922e+00	4.892959e-09	
12462	2.225122e+00	4.892358e-09	
12463	2.225322e+00	4.891744e-09	
12464	2.225522e+00	4.891138e-09	
12465	2.225722e+00	4.890529e-09	
12466	2.225922e+00	4.889929e-09	

Index   time            -i(vdd)         
--------------------------------------------------------------------------------
12467	2.226122e+00	4.889322e-09	
12468	2.226322e+00	4.888723e-09	
12469	2.226522e+00	4.888120e-09	
12470	2.226722e+00	4.887527e-09	
12471	2.226922e+00	4.886928e-09	
12472	2.227122e+00	4.886335e-09	
12473	2.227322e+00	4.885738e-09	
12474	2.227522e+00	4.885153e-09	
12475	2.227722e+00	4.884560e-09	
12476	2.227922e+00	4.883975e-09	
12477	2.228122e+00	4.883381e-09	
12478	2.228322e+00	4.882799e-09	
12479	2.228522e+00	4.882207e-09	
12480	2.228722e+00	4.881625e-09	
12481	2.228922e+00	4.881039e-09	
12482	2.229122e+00	4.880457e-09	
12483	2.229322e+00	4.879873e-09	
12484	2.229522e+00	4.879300e-09	
12485	2.229722e+00	4.878716e-09	
12486	2.229922e+00	4.878141e-09	
12487	2.230122e+00	4.877561e-09	
12488	2.230322e+00	4.876990e-09	
12489	2.230522e+00	4.876411e-09	
12490	2.230722e+00	4.875837e-09	
12491	2.230922e+00	4.875261e-09	
12492	2.231122e+00	4.874694e-09	
12493	2.231322e+00	4.874115e-09	
12494	2.231522e+00	4.873553e-09	
12495	2.231722e+00	4.872978e-09	
12496	2.231922e+00	4.872415e-09	
12497	2.232122e+00	4.871843e-09	
12498	2.232322e+00	4.871282e-09	
12499	2.232522e+00	4.870710e-09	
12500	2.232722e+00	4.870152e-09	
12501	2.232922e+00	4.869580e-09	
12502	2.233122e+00	4.869024e-09	
12503	2.233322e+00	4.868459e-09	
12504	2.233333e+00	4.868441e-09	
12505	2.233353e+00	4.868406e-09	
12506	2.233393e+00	4.868350e-09	
12507	2.233473e+00	4.868313e-09	
12508	2.233633e+00	4.868375e-09	
12509	2.233833e+00	4.868578e-09	
12510	2.234033e+00	4.868795e-09	
12511	2.234233e+00	4.869049e-09	
12512	2.234433e+00	4.869290e-09	
12513	2.234633e+00	4.869544e-09	
12514	2.234833e+00	4.869788e-09	
12515	2.235033e+00	4.870039e-09	
12516	2.235233e+00	4.870281e-09	
12517	2.235433e+00	4.870535e-09	
12518	2.235633e+00	4.870777e-09	
12519	2.235833e+00	4.871036e-09	
12520	2.236033e+00	4.871279e-09	
12521	2.236233e+00	4.871538e-09	
12522	2.236433e+00	4.871783e-09	
12523	2.236633e+00	4.872043e-09	
12524	2.236833e+00	4.872292e-09	

Index   time            -i(vdd)         
--------------------------------------------------------------------------------
12525	2.237033e+00	4.872552e-09	
12526	2.237233e+00	4.872806e-09	
12527	2.237433e+00	4.873067e-09	
12528	2.237633e+00	4.873317e-09	
12529	2.237833e+00	4.873580e-09	
12530	2.238033e+00	4.873839e-09	
12531	2.238233e+00	4.874097e-09	
12532	2.238433e+00	4.874354e-09	
12533	2.238633e+00	4.874618e-09	
12534	2.238833e+00	4.874875e-09	
12535	2.239033e+00	4.875137e-09	
12536	2.239233e+00	4.875399e-09	
12537	2.239433e+00	4.875670e-09	
12538	2.239633e+00	4.875925e-09	
12539	2.239833e+00	4.876198e-09	
12540	2.240033e+00	4.876455e-09	
12541	2.240233e+00	4.876732e-09	
12542	2.240433e+00	4.876991e-09	
12543	2.240633e+00	4.877264e-09	
12544	2.240833e+00	4.877529e-09	
12545	2.241033e+00	4.877800e-09	
12546	2.241233e+00	4.878065e-09	
12547	2.241433e+00	4.878341e-09	
12548	2.241633e+00	4.878606e-09	
12549	2.241833e+00	4.878883e-09	
12550	2.242033e+00	4.879152e-09	
12551	2.242233e+00	4.879429e-09	
12552	2.242433e+00	4.879700e-09	
12553	2.242633e+00	4.879980e-09	
12554	2.242833e+00	4.880249e-09	
12555	2.243033e+00	4.880529e-09	
12556	2.243233e+00	4.880804e-09	
12557	2.243433e+00	4.881080e-09	
12558	2.243633e+00	4.881355e-09	
12559	2.243833e+00	4.881637e-09	
12560	2.244033e+00	4.881913e-09	
12561	2.244233e+00	4.882196e-09	
12562	2.244433e+00	4.882470e-09	
12563	2.244444e+00	4.882515e-09	
12564	2.244464e+00	4.882534e-09	
12565	2.244504e+00	4.882553e-09	
12566	2.244584e+00	4.882616e-09	
12567	2.244744e+00	4.882670e-09	
12568	2.244944e+00	4.882674e-09	
12569	2.245144e+00	4.882604e-09	
12570	2.245344e+00	4.882525e-09	
12571	2.245544e+00	4.882443e-09	
12572	2.245744e+00	4.882366e-09	
12573	2.245944e+00	4.882285e-09	
12574	2.246144e+00	4.882221e-09	
12575	2.246344e+00	4.882150e-09	
12576	2.246544e+00	4.882085e-09	
12577	2.246744e+00	4.882020e-09	
12578	2.246944e+00	4.881958e-09	
12579	2.247144e+00	4.881896e-09	
12580	2.247344e+00	4.881840e-09	
12581	2.247544e+00	4.881783e-09	
12582	2.247744e+00	4.881728e-09	

Index   time            -i(vdd)         
--------------------------------------------------------------------------------
12583	2.247944e+00	4.881672e-09	
12584	2.248144e+00	4.881623e-09	
12585	2.248344e+00	4.881568e-09	
12586	2.248544e+00	4.881527e-09	
12587	2.248744e+00	4.881476e-09	
12588	2.248944e+00	4.881441e-09	
12589	2.249144e+00	4.881391e-09	
12590	2.249344e+00	4.881357e-09	
12591	2.249544e+00	4.881311e-09	
12592	2.249744e+00	4.881280e-09	
12593	2.249944e+00	4.881244e-09	
12594	2.250144e+00	4.881214e-09	
12595	2.250344e+00	4.881183e-09	
12596	2.250544e+00	4.881154e-09	
12597	2.250744e+00	4.881119e-09	
12598	2.250944e+00	4.881102e-09	
12599	2.251144e+00	4.881074e-09	
12600	2.251344e+00	4.881062e-09	
12601	2.251544e+00	4.881036e-09	
12602	2.251744e+00	4.881024e-09	
12603	2.251944e+00	4.880998e-09	
12604	2.252144e+00	4.880987e-09	
12605	2.252344e+00	4.880973e-09	
12606	2.252544e+00	4.880966e-09	
12607	2.252744e+00	4.880948e-09	
12608	2.252944e+00	4.880946e-09	
12609	2.253144e+00	4.880935e-09	
12610	2.253344e+00	4.880933e-09	
12611	2.253544e+00	4.880927e-09	
12612	2.253744e+00	4.880926e-09	
12613	2.253944e+00	4.880924e-09	
12614	2.254144e+00	4.880930e-09	
12615	2.254344e+00	4.880924e-09	
12616	2.254544e+00	4.880936e-09	
12617	2.254744e+00	4.880938e-09	
12618	2.254944e+00	4.880951e-09	
12619	2.255144e+00	4.880956e-09	
12620	2.255344e+00	4.880976e-09	
12621	2.255544e+00	4.880987e-09	
12622	2.255556e+00	4.880995e-09	
12623	2.255576e+00	4.880985e-09	
12624	2.255616e+00	4.880935e-09	
12625	2.255696e+00	4.880796e-09	
12626	2.255856e+00	4.880429e-09	
12627	2.256056e+00	4.879928e-09	
12628	2.256256e+00	4.879420e-09	
12629	2.256456e+00	4.878933e-09	
12630	2.256656e+00	4.878442e-09	
12631	2.256856e+00	4.877969e-09	
12632	2.257056e+00	4.877480e-09	
12633	2.257256e+00	4.877000e-09	
12634	2.257456e+00	4.876512e-09	
12635	2.257656e+00	4.876032e-09	
12636	2.257856e+00	4.875551e-09	
12637	2.258056e+00	4.875068e-09	
12638	2.258256e+00	4.874584e-09	
12639	2.258456e+00	4.874103e-09	
12640	2.258656e+00	4.873620e-09	

Index   time            -i(vdd)         
--------------------------------------------------------------------------------
12641	2.258856e+00	4.873141e-09	
12642	2.259056e+00	4.872656e-09	
12643	2.259256e+00	4.872177e-09	
12644	2.259456e+00	4.871691e-09	
12645	2.259656e+00	4.871215e-09	
12646	2.259856e+00	4.870730e-09	
12647	2.260056e+00	4.870250e-09	
12648	2.260256e+00	4.869763e-09	
12649	2.260456e+00	4.869290e-09	
12650	2.260656e+00	4.868805e-09	
12651	2.260856e+00	4.868331e-09	
12652	2.261056e+00	4.867849e-09	
12653	2.261256e+00	4.867375e-09	
12654	2.261456e+00	4.866888e-09	
12655	2.261656e+00	4.866413e-09	
12656	2.261856e+00	4.865932e-09	
12657	2.262056e+00	4.865464e-09	
12658	2.262256e+00	4.864984e-09	
12659	2.262456e+00	4.864508e-09	
12660	2.262656e+00	4.864033e-09	
12661	2.262856e+00	4.863564e-09	
12662	2.263056e+00	4.863094e-09	
12663	2.263256e+00	4.862633e-09	
12664	2.263456e+00	4.862155e-09	
12665	2.263656e+00	4.861696e-09	
12666	2.263856e+00	4.861230e-09	
12667	2.264056e+00	4.860775e-09	
12668	2.264256e+00	4.860310e-09	
12669	2.264456e+00	4.859857e-09	
12670	2.264656e+00	4.859400e-09	
12671	2.264856e+00	4.858956e-09	
12672	2.265056e+00	4.858503e-09	
12673	2.265256e+00	4.858069e-09	
12674	2.265456e+00	4.857628e-09	
12675	2.265656e+00	4.857202e-09	
12676	2.265856e+00	4.856773e-09	
12677	2.266056e+00	4.856364e-09	
12678	2.266256e+00	4.855955e-09	
12679	2.266456e+00	4.855567e-09	
12680	2.266656e+00	4.855189e-09	
12681	2.266667e+00	4.855197e-09	
12682	2.266687e+00	4.855166e-09	
12683	2.266727e+00	4.855108e-09	
12684	2.266807e+00	4.855051e-09	
12685	2.266967e+00	4.854989e-09	
12686	2.267167e+00	4.855006e-09	
12687	2.267367e+00	4.855042e-09	
12688	2.267567e+00	4.855132e-09	
12689	2.267767e+00	4.855236e-09	
12690	2.267967e+00	4.855364e-09	
12691	2.268167e+00	4.855499e-09	
12692	2.268367e+00	4.855669e-09	
12693	2.268567e+00	4.855847e-09	
12694	2.268767e+00	4.856064e-09	
12695	2.268967e+00	4.856303e-09	
12696	2.269167e+00	4.856593e-09	
12697	2.269367e+00	4.856917e-09	
12698	2.269567e+00	4.857301e-09	

Index   time            -i(vdd)         
--------------------------------------------------------------------------------
12699	2.269767e+00	4.857739e-09	
12700	2.269967e+00	4.858245e-09	
12701	2.270167e+00	4.858822e-09	
12702	2.270367e+00	4.859499e-09	
12703	2.270567e+00	4.860270e-09	
12704	2.270767e+00	4.861160e-09	
12705	2.270967e+00	4.862183e-09	
12706	2.271167e+00	4.863367e-09	
12707	2.271367e+00	4.864722e-09	
12708	2.271567e+00	4.866291e-09	
12709	2.271767e+00	4.868087e-09	
12710	2.271967e+00	4.870166e-09	
12711	2.272167e+00	4.872550e-09	
12712	2.272367e+00	4.875306e-09	
12713	2.272567e+00	4.878477e-09	
12714	2.272767e+00	4.882127e-09	
12715	2.272967e+00	4.886322e-09	
12716	2.273167e+00	4.891165e-09	
12717	2.273367e+00	4.896728e-09	
12718	2.273567e+00	4.903144e-09	
12719	2.273767e+00	4.910520e-09	
12720	2.273967e+00	4.919056e-09	
12721	2.274167e+00	4.928946e-09	
12722	2.274367e+00	4.940535e-09	
12723	2.274567e+00	4.954309e-09	
12724	2.274767e+00	4.971122e-09	
12725	2.274967e+00	4.992056e-09	
12726	2.275167e+00	5.018085e-09	
12727	2.275367e+00	5.049404e-09	
12728	2.275567e+00	5.085302e-09	
12729	2.275767e+00	5.123737e-09	
12730	2.275967e+00	5.161922e-09	
12731	2.276167e+00	5.197482e-09	
12732	2.276367e+00	5.229326e-09	
12733	2.276567e+00	5.257301e-09	
12734	2.276767e+00	5.281659e-09	
12735	2.276967e+00	5.302540e-09	
12736	2.277167e+00	5.320057e-09	
12737	2.277367e+00	5.334314e-09	
12738	2.277567e+00	5.345607e-09	
12739	2.277767e+00	5.354291e-09	
12740	2.277778e+00	5.354706e-09	
12741	2.277798e+00	5.355432e-09	
12742	2.277838e+00	5.356830e-09	
12743	2.277918e+00	5.359333e-09	
12744	2.278078e+00	5.362842e-09	
12745	2.278278e+00	5.364866e-09	
12746	2.278478e+00	5.365077e-09	
12747	2.278678e+00	5.364313e-09	
12748	2.278878e+00	5.363094e-09	
12749	2.279078e+00	5.361707e-09	
12750	2.279278e+00	5.360264e-09	
12751	2.279478e+00	5.358811e-09	
12752	2.279678e+00	5.357328e-09	
12753	2.279878e+00	5.355811e-09	
12754	2.280078e+00	5.354215e-09	
12755	2.280278e+00	5.352516e-09	
12756	2.280478e+00	5.350675e-09	

Index   time            -i(vdd)         
--------------------------------------------------------------------------------
12757	2.280678e+00	5.348662e-09	
12758	2.280878e+00	5.346435e-09	
12759	2.281078e+00	5.343961e-09	
12760	2.281278e+00	5.341176e-09	
12761	2.281478e+00	5.338044e-09	
12762	2.281678e+00	5.334458e-09	
12763	2.281878e+00	5.330342e-09	
12764	2.282078e+00	5.325543e-09	
12765	2.282278e+00	5.319873e-09	
12766	2.282478e+00	5.313077e-09	
12767	2.282678e+00	5.304858e-09	
12768	2.282878e+00	5.294875e-09	
12769	2.283078e+00	5.282792e-09	
12770	2.283278e+00	5.268323e-09	
12771	2.283478e+00	5.251360e-09	
12772	2.283678e+00	5.231934e-09	
12773	2.283878e+00	5.210352e-09	
12774	2.284078e+00	5.187048e-09	
12775	2.284278e+00	5.162604e-09	
12776	2.284478e+00	5.137610e-09	
12777	2.284678e+00	5.112677e-09	
12778	2.284878e+00	5.088319e-09	
12779	2.285078e+00	5.064976e-09	
12780	2.285278e+00	5.042972e-09	
12781	2.285478e+00	5.022567e-09	
12782	2.285678e+00	5.003880e-09	
12783	2.285878e+00	4.986994e-09	
12784	2.286078e+00	4.971882e-09	
12785	2.286278e+00	4.958494e-09	
12786	2.286478e+00	4.946728e-09	
12787	2.286678e+00	4.936457e-09	
12788	2.286878e+00	4.927536e-09	
12789	2.287078e+00	4.919839e-09	
12790	2.287278e+00	4.913209e-09	
12791	2.287478e+00	4.907522e-09	
12792	2.287678e+00	4.902642e-09	
12793	2.287878e+00	4.898467e-09	
12794	2.288078e+00	4.894888e-09	
12795	2.288278e+00	4.891824e-09	
12796	2.288478e+00	4.889190e-09	
12797	2.288678e+00	4.886935e-09	
12798	2.288878e+00	4.884991e-09	
12799	2.288889e+00	4.884903e-09	
12800	2.288909e+00	4.884701e-09	
12801	2.288949e+00	4.884253e-09	
12802	2.289029e+00	4.883356e-09	
12803	2.289189e+00	4.881504e-09	
12804	2.289389e+00	4.879334e-09	
12805	2.289589e+00	4.877343e-09	
12806	2.289789e+00	4.875575e-09	
12807	2.289989e+00	4.874000e-09	
12808	2.290189e+00	4.872630e-09	
12809	2.290389e+00	4.871476e-09	
12810	2.290589e+00	4.870596e-09	
12811	2.290789e+00	4.870041e-09	
12812	2.290989e+00	4.869972e-09	
12813	2.291189e+00	4.870572e-09	
12814	2.291389e+00	4.872221e-09	

Index   time            -i(vdd)         
--------------------------------------------------------------------------------
12815	2.291589e+00	4.875455e-09	
12816	2.291789e+00	4.881069e-09	
12817	2.291989e+00	4.890087e-09	
12818	2.292189e+00	4.903940e-09	
12819	2.292389e+00	4.924644e-09	
12820	2.292589e+00	4.955155e-09	
12821	2.292789e+00	4.999602e-09	
12822	2.292989e+00	5.063151e-09	
12823	2.293189e+00	5.150809e-09	
12824	2.293389e+00	5.257252e-09	
12825	2.293589e+00	5.351760e-09	
12826	2.293789e+00	5.401338e-09	
12827	2.293989e+00	5.412884e-09	
12828	2.294189e+00	5.406908e-09	
12829	2.294389e+00	5.394794e-09	
12830	2.294589e+00	5.382443e-09	
12831	2.294789e+00	5.372110e-09	
12832	2.294989e+00	5.364133e-09	
12833	2.295189e+00	5.358170e-09	
12834	2.295389e+00	5.353724e-09	
12835	2.295589e+00	5.350361e-09	
12836	2.295789e+00	5.347801e-09	
12837	2.295989e+00	5.345806e-09	
12838	2.296189e+00	5.344208e-09	
12839	2.296389e+00	5.342858e-09	
12840	2.296589e+00	5.341694e-09	
12841	2.296789e+00	5.340636e-09	
12842	2.296989e+00	5.339670e-09	
12843	2.297189e+00	5.338743e-09	
12844	2.297389e+00	5.337865e-09	
12845	2.297589e+00	5.336999e-09	
12846	2.297789e+00	5.336168e-09	
12847	2.297989e+00	5.335349e-09	
12848	2.298189e+00	5.334553e-09	
12849	2.298389e+00	5.333765e-09	
12850	2.298589e+00	5.332997e-09	
12851	2.298789e+00	5.332240e-09	
12852	2.298989e+00	5.331501e-09	
12853	2.299189e+00	5.330767e-09	
12854	2.299389e+00	5.330059e-09	
12855	2.299589e+00	5.329356e-09	
12856	2.299789e+00	5.328682e-09	
12857	2.299989e+00	5.328011e-09	
12858	2.300000e+00	5.327984e-09	
12859	2.300020e+00	5.327944e-09	
12860	2.300060e+00	5.327880e-09	
12861	2.300140e+00	5.327867e-09	
12862	2.300300e+00	5.328068e-09	
12863	2.300500e+00	5.328628e-09	
12864	2.300700e+00	5.329316e-09	
12865	2.300900e+00	5.330078e-09	
12866	2.301100e+00	5.330856e-09	
12867	2.301300e+00	5.331635e-09	
12868	2.301500e+00	5.332389e-09	
12869	2.301700e+00	5.333141e-09	
12870	2.301900e+00	5.333839e-09	
12871	2.302100e+00	5.334508e-09	
12872	2.302300e+00	5.335132e-09	

Index   time            -i(vdd)         
--------------------------------------------------------------------------------
12873	2.302500e+00	5.335703e-09	
12874	2.302700e+00	5.336226e-09	
12875	2.302900e+00	5.336712e-09	
12876	2.303100e+00	5.337159e-09	
12877	2.303300e+00	5.337568e-09	
12878	2.303500e+00	5.337939e-09	
12879	2.303700e+00	5.338292e-09	
12880	2.303900e+00	5.338613e-09	
12881	2.304100e+00	5.338931e-09	
12882	2.304300e+00	5.339225e-09	
12883	2.304500e+00	5.339518e-09	
12884	2.304700e+00	5.339804e-09	
12885	2.304900e+00	5.340096e-09	
12886	2.305100e+00	5.340393e-09	
12887	2.305300e+00	5.340696e-09	
12888	2.305500e+00	5.341008e-09	
12889	2.305700e+00	5.341340e-09	
12890	2.305900e+00	5.341670e-09	
12891	2.306100e+00	5.342026e-09	
12892	2.306300e+00	5.342385e-09	
12893	2.306500e+00	5.342752e-09	
12894	2.306700e+00	5.343143e-09	
12895	2.306900e+00	5.343555e-09	
12896	2.307100e+00	5.343962e-09	
12897	2.307300e+00	5.344392e-09	
12898	2.307500e+00	5.344826e-09	
12899	2.307700e+00	5.345277e-09	
12900	2.307900e+00	5.345723e-09	
12901	2.308100e+00	5.346193e-09	
12902	2.308300e+00	5.346662e-09	
12903	2.308500e+00	5.347132e-09	
12904	2.308700e+00	5.347612e-09	
12905	2.308900e+00	5.348103e-09	
12906	2.309100e+00	5.348588e-09	
12907	2.309300e+00	5.349080e-09	
12908	2.309500e+00	5.349572e-09	
12909	2.309700e+00	5.350072e-09	
12910	2.309900e+00	5.350566e-09	
12911	2.310100e+00	5.351066e-09	
12912	2.310300e+00	5.351562e-09	
12913	2.310500e+00	5.352067e-09	
12914	2.310700e+00	5.352566e-09	
12915	2.310900e+00	5.353070e-09	
12916	2.311100e+00	5.353561e-09	
12917	2.311111e+00	5.353620e-09	
12918	2.311131e+00	5.353671e-09	
12919	2.311171e+00	5.353765e-09	
12920	2.311251e+00	5.354031e-09	
12921	2.311411e+00	5.354567e-09	
12922	2.311611e+00	5.355298e-09	
12923	2.311811e+00	5.355991e-09	
12924	2.312011e+00	5.356687e-09	
12925	2.312211e+00	5.357369e-09	
12926	2.312411e+00	5.358047e-09	
12927	2.312611e+00	5.358714e-09	
12928	2.312811e+00	5.359381e-09	
12929	2.313011e+00	5.360039e-09	
12930	2.313211e+00	5.360682e-09	

Index   time            -i(vdd)         
--------------------------------------------------------------------------------
12931	2.313411e+00	5.361294e-09	
12932	2.313611e+00	5.361869e-09	
12933	2.313811e+00	5.362365e-09	
12934	2.314011e+00	5.362757e-09	
12935	2.314211e+00	5.362914e-09	
12936	2.314411e+00	5.362681e-09	
12937	2.314611e+00	5.361659e-09	
12938	2.314811e+00	5.359154e-09	
12939	2.315011e+00	5.353765e-09	
12940	2.315211e+00	5.342758e-09	
12941	2.315411e+00	5.321461e-09	
12942	2.315611e+00	5.283789e-09	
12943	2.315811e+00	5.239416e-09	
12944	2.316011e+00	5.190616e-09	
12945	2.316211e+00	5.118027e-09	
12946	2.316411e+00	5.041282e-09	
12947	2.316611e+00	4.984701e-09	
12948	2.316811e+00	4.949345e-09	
12949	2.317011e+00	4.927849e-09	
12950	2.317211e+00	4.914314e-09	
12951	2.317411e+00	4.905494e-09	
12952	2.317611e+00	4.899475e-09	
12953	2.317811e+00	4.895184e-09	
12954	2.318011e+00	4.891970e-09	
12955	2.318211e+00	4.889504e-09	
12956	2.318411e+00	4.887616e-09	
12957	2.318611e+00	4.886161e-09	
12958	2.318811e+00	4.885059e-09	
12959	2.319011e+00	4.884231e-09	
12960	2.319211e+00	4.883627e-09	
12961	2.319411e+00	4.883193e-09	
12962	2.319611e+00	4.882916e-09	
12963	2.319811e+00	4.882752e-09	
12964	2.320011e+00	4.882703e-09	
12965	2.320211e+00	4.882732e-09	
12966	2.320411e+00	4.882850e-09	
12967	2.320611e+00	4.883027e-09	
12968	2.320811e+00	4.883275e-09	
12969	2.321011e+00	4.883562e-09	
12970	2.321211e+00	4.883906e-09	
12971	2.321411e+00	4.884287e-09	
12972	2.321611e+00	4.884714e-09	
12973	2.321811e+00	4.885169e-09	
12974	2.322011e+00	4.885666e-09	
12975	2.322211e+00	4.886175e-09	
12976	2.322222e+00	4.886231e-09	
12977	2.322242e+00	4.886222e-09	
12978	2.322282e+00	4.886115e-09	
12979	2.322362e+00	4.885785e-09	
12980	2.322522e+00	4.884746e-09	
12981	2.322722e+00	4.883238e-09	
12982	2.322922e+00	4.881674e-09	
12983	2.323122e+00	4.880160e-09	
12984	2.323322e+00	4.878661e-09	
12985	2.323522e+00	4.877196e-09	
12986	2.323722e+00	4.875745e-09	
12987	2.323922e+00	4.874327e-09	
12988	2.324122e+00	4.872918e-09	

Index   time            -i(vdd)         
--------------------------------------------------------------------------------
12989	2.324322e+00	4.871535e-09	
12990	2.324522e+00	4.870164e-09	
12991	2.324722e+00	4.868821e-09	
12992	2.324922e+00	4.867495e-09	
12993	2.325122e+00	4.866200e-09	
12994	2.325322e+00	4.864921e-09	
12995	2.325522e+00	4.863682e-09	
12996	2.325722e+00	4.862460e-09	
12997	2.325922e+00	4.861282e-09	
12998	2.326122e+00	4.860139e-09	
12999	2.326322e+00	4.859052e-09	
13000	2.326522e+00	4.858009e-09	
13001	2.326722e+00	4.857050e-09	
13002	2.326922e+00	4.856168e-09	
13003	2.327122e+00	4.855410e-09	
13004	2.327322e+00	4.854795e-09	
13005	2.327522e+00	4.854386e-09	
13006	2.327722e+00	4.854247e-09	
13007	2.327922e+00	4.854516e-09	
13008	2.328122e+00	4.855356e-09	
13009	2.328322e+00	4.857118e-09	
13010	2.328522e+00	4.860402e-09	
13011	2.328722e+00	4.866474e-09	
13012	2.328922e+00	4.877591e-09	
13013	2.329122e+00	4.896505e-09	
13014	2.329322e+00	4.926481e-09	
13015	2.329522e+00	4.972829e-09	
13016	2.329722e+00	5.042642e-09	
13017	2.329922e+00	5.143611e-09	
13018	2.330122e+00	5.282929e-09	
13019	2.330322e+00	5.438134e-09	
13020	2.330522e+00	5.522059e-09	
13021	2.330722e+00	5.530441e-09	
13022	2.330922e+00	5.524997e-09	
13023	2.331122e+00	5.532148e-09	
13024	2.331322e+00	5.560139e-09	
13025	2.331522e+00	5.619804e-09	
13026	2.331722e+00	5.736031e-09	
13027	2.331922e+00	5.951816e-09	
13028	2.332122e+00	5.836700e-09	
13029	2.332322e+00	6.065193e-09	
13030	2.332522e+00	6.371300e-09	
13031	2.332722e+00	6.560911e-09	
13032	2.332922e+00	6.643969e-09	
13033	2.333122e+00	6.692888e-09	
13034	2.333322e+00	6.723152e-09	
13035	2.333333e+00	6.724157e-09	
13036	2.333353e+00	6.727278e-09	
13037	2.333393e+00	6.732943e-09	
13038	2.333473e+00	6.736666e-09	
13039	2.333633e+00	6.741304e-09	
13040	2.333833e+00	6.755854e-09	
13041	2.334033e+00	6.768317e-09	
13042	2.334233e+00	6.780658e-09	
13043	2.334433e+00	6.797078e-09	
13044	2.334633e+00	6.817747e-09	
13045	2.334833e+00	6.855196e-09	
13046	2.334858e+00	6.863861e-09	

Index   time            -i(vdd)         
--------------------------------------------------------------------------------
13047	2.334908e+00	6.895634e-09	
13048	2.335008e+00	7.244389e-09	
13049	2.335033e+00	7.238664e-09	
13050	2.335083e+00	7.015035e-09	
13051	2.335183e+00	6.868339e-09	
13052	2.335295e+00	6.876989e-09	
13053	2.335480e+00	6.864563e-09	
13054	2.335680e+00	6.856847e-09	
13055	2.335880e+00	6.847553e-09	
13056	2.336080e+00	6.836093e-09	
13057	2.336280e+00	6.824225e-09	
13058	2.336480e+00	6.813386e-09	
13059	2.336680e+00	6.804527e-09	
13060	2.336880e+00	6.798023e-09	
13061	2.337080e+00	6.793884e-09	
13062	2.337280e+00	6.791821e-09	
13063	2.337480e+00	6.791453e-09	
13064	2.337680e+00	6.792299e-09	
13065	2.337880e+00	6.793873e-09	
13066	2.338080e+00	6.795687e-09	
13067	2.338280e+00	6.797358e-09	
13068	2.338480e+00	6.798513e-09	
13069	2.338680e+00	6.798925e-09	
13070	2.338880e+00	6.798401e-09	
13071	2.339080e+00	6.796897e-09	
13072	2.339280e+00	6.794363e-09	
13073	2.339480e+00	6.790885e-09	
13074	2.339680e+00	6.786523e-09	
13075	2.339880e+00	6.781383e-09	
13076	2.340080e+00	6.775583e-09	
13077	2.340280e+00	6.769247e-09	
13078	2.340480e+00	6.762480e-09	
13079	2.340680e+00	6.755416e-09	
13080	2.340880e+00	6.748149e-09	
13081	2.341080e+00	6.740773e-09	
13082	2.341280e+00	6.733373e-09	
13083	2.341480e+00	6.726040e-09	
13084	2.341680e+00	6.718820e-09	
13085	2.341880e+00	6.711784e-09	
13086	2.342080e+00	6.704946e-09	
13087	2.342280e+00	6.698365e-09	
13088	2.342480e+00	6.692032e-09	
13089	2.342680e+00	6.685981e-09	
13090	2.342880e+00	6.680188e-09	
13091	2.343080e+00	6.674668e-09	
13092	2.343280e+00	6.669379e-09	
13093	2.343480e+00	6.664329e-09	
13094	2.343680e+00	6.659471e-09	
13095	2.343880e+00	6.654783e-09	
13096	2.344080e+00	6.650213e-09	
13097	2.344280e+00	6.645730e-09	
13098	2.344444e+00	6.642076e-09	
13099	2.344464e+00	6.641643e-09	
13100	2.344504e+00	6.640731e-09	
13101	2.344584e+00	6.638907e-09	
13102	2.344744e+00	6.635203e-09	
13103	2.344944e+00	6.630508e-09	
13104	2.345144e+00	6.625764e-09	

Index   time            -i(vdd)         
--------------------------------------------------------------------------------
13105	2.345344e+00	6.621041e-09	
13106	2.345544e+00	6.616341e-09	
13107	2.345744e+00	6.611697e-09	
13108	2.345944e+00	6.607110e-09	
13109	2.346144e+00	6.602610e-09	
13110	2.346344e+00	6.598176e-09	
13111	2.346544e+00	6.593854e-09	
13112	2.346744e+00	6.589639e-09	
13113	2.346944e+00	6.585559e-09	
13114	2.347144e+00	6.581628e-09	
13115	2.347344e+00	6.577885e-09	
13116	2.347544e+00	6.574333e-09	
13117	2.347744e+00	6.571013e-09	
13118	2.347944e+00	6.567900e-09	
13119	2.348144e+00	6.565034e-09	
13120	2.348344e+00	6.562341e-09	
13121	2.348544e+00	6.559772e-09	
13122	2.348744e+00	6.557159e-09	
13123	2.348944e+00	6.554285e-09	
13124	2.349144e+00	6.550744e-09	
13125	2.349344e+00	6.545965e-09	
13126	2.349544e+00	6.539052e-09	
13127	2.349744e+00	6.528554e-09	
13128	2.349944e+00	6.512230e-09	
13129	2.350144e+00	6.491013e-09	
13130	2.350344e+00	6.468516e-09	
13131	2.350544e+00	6.441963e-09	
13132	2.350744e+00	6.399994e-09	
13133	2.350944e+00	6.341478e-09	
13134	2.351144e+00	6.281395e-09	
13135	2.351344e+00	6.232056e-09	
13136	2.351544e+00	6.196385e-09	
13137	2.351744e+00	6.172400e-09	
13138	2.351944e+00	6.156923e-09	
13139	2.352144e+00	6.147284e-09	
13140	2.352344e+00	6.141521e-09	
13141	2.352544e+00	6.138295e-09	
13142	2.352744e+00	6.136740e-09	
13143	2.352944e+00	6.136250e-09	
13144	2.353144e+00	6.136467e-09	
13145	2.353344e+00	6.137092e-09	
13146	2.353544e+00	6.137935e-09	
13147	2.353744e+00	6.138854e-09	
13148	2.353944e+00	6.139778e-09	
13149	2.354144e+00	6.140634e-09	
13150	2.354344e+00	6.141405e-09	
13151	2.354544e+00	6.142053e-09	
13152	2.354744e+00	6.142577e-09	
13153	2.354944e+00	6.142957e-09	
13154	2.355144e+00	6.143194e-09	
13155	2.355344e+00	6.143291e-09	
13156	2.355544e+00	6.143254e-09	
13157	2.355556e+00	6.143250e-09	
13158	2.355576e+00	6.143218e-09	
13159	2.355616e+00	6.143083e-09	
13160	2.355696e+00	6.142750e-09	
13161	2.355856e+00	6.141835e-09	
13162	2.356056e+00	6.140467e-09	

Index   time            -i(vdd)         
--------------------------------------------------------------------------------
13163	2.356256e+00	6.138958e-09	
13164	2.356456e+00	6.137371e-09	
13165	2.356656e+00	6.135701e-09	
13166	2.356856e+00	6.133976e-09	
13167	2.357056e+00	6.132199e-09	
13168	2.357256e+00	6.130385e-09	
13169	2.357456e+00	6.128535e-09	
13170	2.357656e+00	6.126675e-09	
13171	2.357856e+00	6.124799e-09	
13172	2.358056e+00	6.122936e-09	
13173	2.358256e+00	6.121073e-09	
13174	2.358456e+00	6.119234e-09	
13175	2.358656e+00	6.117432e-09	
13176	2.358856e+00	6.115683e-09	
13177	2.359056e+00	6.113982e-09	
13178	2.359256e+00	6.112369e-09	
13179	2.359456e+00	6.110844e-09	
13180	2.359656e+00	6.109464e-09	
13181	2.359856e+00	6.108245e-09	
13182	2.360056e+00	6.107286e-09	
13183	2.360256e+00	6.106676e-09	
13184	2.360456e+00	6.106629e-09	
13185	2.360656e+00	6.107439e-09	
13186	2.360856e+00	6.109641e-09	
13187	2.361056e+00	6.113923e-09	
13188	2.361256e+00	6.121164e-09	
13189	2.361456e+00	6.132416e-09	
13190	2.361656e+00	6.149299e-09	
13191	2.361856e+00	6.174176e-09	
13192	2.362056e+00	6.210347e-09	
13193	2.362256e+00	6.262031e-09	
13194	2.362456e+00	6.335249e-09	
13195	2.362656e+00	6.435259e-09	
13196	2.362856e+00	6.547692e-09	
13197	2.363056e+00	6.626712e-09	
13198	2.363256e+00	6.652390e-09	
13199	2.363456e+00	6.650077e-09	
13200	2.363656e+00	6.638000e-09	
13201	2.363856e+00	6.624662e-09	
13202	2.364056e+00	6.613091e-09	
13203	2.364256e+00	6.604001e-09	
13204	2.364456e+00	6.597154e-09	
13205	2.364656e+00	6.592001e-09	
13206	2.364856e+00	6.588084e-09	
13207	2.365056e+00	6.585083e-09	
13208	2.365256e+00	6.582742e-09	
13209	2.365456e+00	6.580857e-09	
13210	2.365656e+00	6.579308e-09	
13211	2.365856e+00	6.577966e-09	
13212	2.366056e+00	6.576785e-09	
13213	2.366256e+00	6.575686e-09	
13214	2.366456e+00	6.574670e-09	
13215	2.366656e+00	6.573689e-09	
13216	2.366667e+00	6.573653e-09	
13217	2.366687e+00	6.573583e-09	
13218	2.366727e+00	6.573474e-09	
13219	2.366807e+00	6.573372e-09	
13220	2.366967e+00	6.573411e-09	

Index   time            -i(vdd)         
--------------------------------------------------------------------------------
13221	2.367167e+00	6.573766e-09	
13222	2.367367e+00	6.574253e-09	
13223	2.367567e+00	6.574810e-09	
13224	2.367767e+00	6.575390e-09	
13225	2.367967e+00	6.575999e-09	
13226	2.368167e+00	6.576609e-09	
13227	2.368367e+00	6.577239e-09	
13228	2.368567e+00	6.577877e-09	
13229	2.368767e+00	6.578528e-09	
13230	2.368967e+00	6.579175e-09	
13231	2.369167e+00	6.579843e-09	
13232	2.369367e+00	6.580508e-09	
13233	2.369567e+00	6.581193e-09	
13234	2.369767e+00	6.581872e-09	
13235	2.369967e+00	6.582562e-09	
13236	2.370167e+00	6.583259e-09	
13237	2.370367e+00	6.583964e-09	
13238	2.370567e+00	6.584667e-09	
13239	2.370767e+00	6.585382e-09	
13240	2.370967e+00	6.586098e-09	
13241	2.371167e+00	6.586824e-09	
13242	2.371367e+00	6.587546e-09	
13243	2.371567e+00	6.588278e-09	
13244	2.371767e+00	6.589011e-09	
13245	2.371967e+00	6.589758e-09	
13246	2.372167e+00	6.590493e-09	
13247	2.372367e+00	6.591244e-09	
13248	2.372567e+00	6.591990e-09	
13249	2.372767e+00	6.592748e-09	
13250	2.372967e+00	6.593491e-09	
13251	2.373167e+00	6.594260e-09	
13252	2.373367e+00	6.595015e-09	
13253	2.373567e+00	6.595780e-09	
13254	2.373767e+00	6.596535e-09	
13255	2.373967e+00	6.597303e-09	
13256	2.374167e+00	6.598058e-09	
13257	2.374367e+00	6.598824e-09	
13258	2.374567e+00	6.599574e-09	
13259	2.374767e+00	6.600330e-09	
13260	2.374967e+00	6.601069e-09	
13261	2.375167e+00	6.601806e-09	
13262	2.375367e+00	6.602515e-09	
13263	2.375567e+00	6.603201e-09	
13264	2.375767e+00	6.603848e-09	
13265	2.375967e+00	6.604428e-09	
13266	2.376167e+00	6.604897e-09	
13267	2.376367e+00	6.605197e-09	
13268	2.376567e+00	6.605195e-09	
13269	2.376767e+00	6.604689e-09	
13270	2.376967e+00	6.603286e-09	
13271	2.377167e+00	6.600354e-09	
13272	2.377367e+00	6.594824e-09	
13273	2.377567e+00	6.584954e-09	
13274	2.377767e+00	6.567155e-09	
13275	2.377778e+00	6.565704e-09	
13276	2.377798e+00	6.563162e-09	
13277	2.377838e+00	6.557589e-09	
13278	2.377918e+00	6.545352e-09	

Index   time            -i(vdd)         
--------------------------------------------------------------------------------
13279	2.378078e+00	6.518972e-09	
13280	2.378278e+00	6.486495e-09	
13281	2.378478e+00	6.445613e-09	
13282	2.378678e+00	6.383143e-09	
13283	2.378878e+00	6.313009e-09	
13284	2.379078e+00	6.254154e-09	
13285	2.379278e+00	6.211534e-09	
13286	2.379478e+00	6.182046e-09	
13287	2.379678e+00	6.161195e-09	
13288	2.379878e+00	6.145646e-09	
13289	2.380078e+00	6.133004e-09	
13290	2.380278e+00	6.121632e-09	
13291	2.380478e+00	6.110239e-09	
13292	2.380678e+00	6.097707e-09	
13293	2.380878e+00	6.082783e-09	
13294	2.381078e+00	6.063968e-09	
13295	2.381278e+00	6.039214e-09	
13296	2.381478e+00	6.006182e-09	
13297	2.381678e+00	5.970528e-09	
13298	2.381878e+00	6.459627e-09	
13299	2.381903e+00	6.572102e-09	
13300	2.381953e+00	6.780964e-09	
13301	2.382053e+00	6.798119e-09	
13302	2.382253e+00	6.637530e-09	
13303	2.382278e+00	6.644473e-09	
13304	2.382328e+00	6.654550e-09	
13305	2.382428e+00	6.696906e-09	
13306	2.382449e+00	6.702646e-09	
13307	2.382490e+00	6.705848e-09	
13308	2.382573e+00	6.713230e-09	
13309	2.382594e+00	6.714860e-09	
13310	2.382635e+00	6.719708e-09	
13311	2.382718e+00	6.739072e-09	
13312	2.382739e+00	6.792318e-09	
13313	2.382780e+00	7.069926e-09	
13314	2.382786e+00	6.822537e-09	
13315	2.382799e+00	6.744353e-09	
13316	2.382824e+00	6.714345e-09	
13317	2.382830e+00	6.715768e-09	
13318	2.382843e+00	6.716658e-09	
13319	2.382868e+00	6.719670e-09	
13320	2.382919e+00	6.697968e-09	
13321	2.383020e+00	6.630488e-09	
13322	2.383045e+00	6.637340e-09	
13323	2.383095e+00	6.619426e-09	
13324	2.383195e+00	6.563287e-09	
13325	2.383395e+00	6.411348e-09	
13326	2.383595e+00	6.244091e-09	
13327	2.383795e+00	6.094412e-09	
13328	2.383995e+00	5.969405e-09	
13329	2.384195e+00	5.863525e-09	
13330	2.384395e+00	5.773194e-09	
13331	2.384595e+00	5.693872e-09	
13332	2.384795e+00	5.622407e-09	
13333	2.384995e+00	5.557024e-09	
13334	2.385195e+00	5.497034e-09	
13335	2.385395e+00	5.442289e-09	
13336	2.385595e+00	5.392801e-09	

Index   time            -i(vdd)         
--------------------------------------------------------------------------------
13337	2.385795e+00	5.348471e-09	
13338	2.385995e+00	5.309053e-09	
13339	2.386195e+00	5.274148e-09	
13340	2.386395e+00	5.243302e-09	
13341	2.386595e+00	5.216026e-09	
13342	2.386795e+00	5.191885e-09	
13343	2.386995e+00	5.170451e-09	
13344	2.387195e+00	5.151373e-09	
13345	2.387395e+00	5.134315e-09	
13346	2.387595e+00	5.119017e-09	
13347	2.387795e+00	5.105245e-09	
13348	2.387995e+00	5.092805e-09	
13349	2.388195e+00	5.081512e-09	
13350	2.388395e+00	5.071257e-09	
13351	2.388595e+00	5.061875e-09	
13352	2.388795e+00	5.053299e-09	
13353	2.388889e+00	5.049510e-09	
13354	2.388909e+00	5.048694e-09	
13355	2.388949e+00	5.047032e-09	
13356	2.389029e+00	5.043683e-09	
13357	2.389189e+00	5.037032e-09	
13358	2.389389e+00	5.029028e-09	
13359	2.389589e+00	5.021430e-09	
13360	2.389789e+00	5.014284e-09	
13361	2.389989e+00	5.007526e-09	
13362	2.390189e+00	5.001157e-09	
13363	2.390389e+00	4.995116e-09	
13364	2.390589e+00	4.989398e-09	
13365	2.390789e+00	4.983962e-09	
13366	2.390989e+00	4.978797e-09	
13367	2.391189e+00	4.973873e-09	
13368	2.391389e+00	4.969197e-09	
13369	2.391589e+00	4.964740e-09	
13370	2.391789e+00	4.960522e-09	
13371	2.391989e+00	4.956528e-09	
13372	2.392189e+00	4.952780e-09	
13373	2.392389e+00	4.949299e-09	
13374	2.392589e+00	4.946160e-09	
13375	2.392789e+00	4.943451e-09	
13376	2.392989e+00	4.941393e-09	
13377	2.393189e+00	4.940308e-09	
13378	2.393389e+00	4.940931e-09	
13379	2.393589e+00	4.944393e-09	
13380	2.393789e+00	4.952195e-09	
13381	2.393989e+00	4.966014e-09	
13382	2.394189e+00	4.988451e-09	
13383	2.394389e+00	5.023390e-09	
13384	2.394589e+00	5.075868e-09	
13385	2.394789e+00	5.151704e-09	
13386	2.394989e+00	5.259063e-09	
13387	2.395189e+00	5.391292e-09	
13388	2.395389e+00	5.483744e-09	
13389	2.395589e+00	5.499489e-09	
13390	2.395789e+00	5.482219e-09	
13391	2.395989e+00	5.461400e-09	
13392	2.396189e+00	5.445368e-09	
13393	2.396389e+00	5.435402e-09	
13394	2.396589e+00	5.430699e-09	

Index   time            -i(vdd)         
--------------------------------------------------------------------------------
13395	2.396789e+00	5.430589e-09	
13396	2.396989e+00	5.434676e-09	
13397	2.397189e+00	5.443173e-09	
13398	2.397389e+00	5.456884e-09	
13399	2.397589e+00	5.477323e-09	
13400	2.397789e+00	5.507160e-09	
13401	2.397989e+00	5.551140e-09	
13402	2.398189e+00	5.618869e-09	
13403	2.398389e+00	5.728139e-09	
13404	2.398589e+00	5.913025e-09	
13405	2.398789e+00	6.213896e-09	
13406	2.398989e+00	6.344762e-09	
13407	2.399189e+00	6.389822e-09	
13408	2.399214e+00	6.430552e-09	
13409	2.399264e+00	6.508788e-09	
13410	2.399364e+00	6.640596e-09	
13411	2.399564e+00	6.781984e-09	
13412	2.399764e+00	6.856829e-09	
13413	2.399964e+00	6.891343e-09	
13414	2.400000e+00	6.891249e-09	
13415	2.400020e+00	6.894577e-09	
13416	2.400060e+00	6.900087e-09	
13417	2.400140e+00	6.910664e-09	
13418	2.400300e+00	6.930787e-09	
13419	2.400500e+00	6.954605e-09	
13420	2.400700e+00	6.975907e-09	
13421	2.400900e+00	6.990462e-09	
13422	2.401100e+00	6.994175e-09	
13423	2.401300e+00	6.990364e-09	
13424	2.401500e+00	6.981585e-09	
13425	2.401700e+00	6.987873e-09	
13426	2.401900e+00	7.216003e-09	
13427	2.402100e+00	6.931286e-09	
13428	2.402300e+00	6.909397e-09	
13429	2.402500e+00	6.889282e-09	
13430	2.402700e+00	6.874007e-09	
13431	2.402900e+00	6.859588e-09	
13432	2.403100e+00	6.845777e-09	
13433	2.403300e+00	6.832662e-09	
13434	2.403500e+00	6.820182e-09	
13435	2.403700e+00	6.808260e-09	
13436	2.403900e+00	6.796789e-09	
13437	2.404100e+00	6.785724e-09	
13438	2.404300e+00	6.775009e-09	
13439	2.404500e+00	6.764652e-09	
13440	2.404700e+00	6.754637e-09	
13441	2.404900e+00	6.744986e-09	
13442	2.405100e+00	6.735690e-09	
13443	2.405300e+00	6.726793e-09	
13444	2.405500e+00	6.718289e-09	
13445	2.405700e+00	6.710209e-09	
13446	2.405900e+00	6.702531e-09	
13447	2.406100e+00	6.695288e-09	
13448	2.406300e+00	6.688465e-09	
13449	2.406500e+00	6.682069e-09	
13450	2.406700e+00	6.676082e-09	
13451	2.406900e+00	6.670500e-09	
13452	2.407100e+00	6.665296e-09	

Index   time            -i(vdd)         
--------------------------------------------------------------------------------
13453	2.407300e+00	6.660474e-09	
13454	2.407500e+00	6.655996e-09	
13455	2.407700e+00	6.651874e-09	
13456	2.407900e+00	6.648048e-09	
13457	2.408100e+00	6.644538e-09	
13458	2.408300e+00	6.641299e-09	
13459	2.408500e+00	6.638336e-09	
13460	2.408700e+00	6.635605e-09	
13461	2.408900e+00	6.633112e-09	
13462	2.409100e+00	6.630823e-09	
13463	2.409300e+00	6.628743e-09	
13464	2.409500e+00	6.626837e-09	
13465	2.409700e+00	6.625114e-09	
13466	2.409900e+00	6.623531e-09	
13467	2.410100e+00	6.622105e-09	
13468	2.410300e+00	6.620808e-09	
13469	2.410500e+00	6.619639e-09	
13470	2.410700e+00	6.618574e-09	
13471	2.410900e+00	6.617621e-09	
13472	2.411100e+00	6.616750e-09	
13473	2.411111e+00	6.616722e-09	
13474	2.411131e+00	6.616635e-09	
13475	2.411171e+00	6.616455e-09	
13476	2.411251e+00	6.616114e-09	
13477	2.411411e+00	6.615409e-09	
13478	2.411611e+00	6.614583e-09	
13479	2.411811e+00	6.613787e-09	
13480	2.412011e+00	6.613025e-09	
13481	2.412211e+00	6.612252e-09	
13482	2.412411e+00	6.611445e-09	
13483	2.412611e+00	6.610505e-09	
13484	2.412811e+00	6.609321e-09	
13485	2.413011e+00	6.607687e-09	
13486	2.413211e+00	6.605297e-09	
13487	2.413411e+00	6.601622e-09	
13488	2.413611e+00	6.595922e-09	
13489	2.413811e+00	6.586975e-09	
13490	2.414011e+00	6.572589e-09	
13491	2.414211e+00	6.550476e-09	
13492	2.414411e+00	6.522621e-09	
13493	2.414611e+00	6.493511e-09	
13494	2.414811e+00	6.455810e-09	
13495	2.415011e+00	6.397707e-09	
13496	2.415211e+00	6.329221e-09	
13497	2.415411e+00	6.268613e-09	
13498	2.415611e+00	6.223241e-09	
13499	2.415811e+00	6.191776e-09	
13500	2.416011e+00	6.170319e-09	
13501	2.416211e+00	6.155607e-09	
13502	2.416411e+00	6.145317e-09	
13503	2.416611e+00	6.137898e-09	
13504	2.416811e+00	6.132413e-09	
13505	2.417011e+00	6.128267e-09	
13506	2.417211e+00	6.125061e-09	
13507	2.417411e+00	6.122529e-09	
13508	2.417611e+00	6.120481e-09	
13509	2.417811e+00	6.118786e-09	
13510	2.418011e+00	6.117381e-09	

Index   time            -i(vdd)         
--------------------------------------------------------------------------------
13511	2.418211e+00	6.116209e-09	
13512	2.418411e+00	6.115235e-09	
13513	2.418611e+00	6.114414e-09	
13514	2.418811e+00	6.113742e-09	
13515	2.419011e+00	6.113175e-09	
13516	2.419211e+00	6.112707e-09	
13517	2.419411e+00	6.112326e-09	
13518	2.419611e+00	6.112020e-09	
13519	2.419811e+00	6.111772e-09	
13520	2.420011e+00	6.111585e-09	
13521	2.420211e+00	6.111443e-09	
13522	2.420411e+00	6.111351e-09	
13523	2.420611e+00	6.111294e-09	
13524	2.420811e+00	6.111276e-09	
13525	2.421011e+00	6.111283e-09	
13526	2.421211e+00	6.111331e-09	
13527	2.421411e+00	6.111394e-09	
13528	2.421611e+00	6.111494e-09	
13529	2.421811e+00	6.111604e-09	
13530	2.422011e+00	6.111744e-09	
13531	2.422211e+00	6.111897e-09	
13532	2.422222e+00	6.111926e-09	
13533	2.422242e+00	6.111914e-09	
13534	2.422282e+00	6.111845e-09	
13535	2.422362e+00	6.111680e-09	
13536	2.422522e+00	6.111128e-09	
13537	2.422722e+00	6.110338e-09	
13538	2.422922e+00	6.109472e-09	
13539	2.423122e+00	6.108624e-09	
13540	2.423322e+00	6.107770e-09	
13541	2.423522e+00	6.106937e-09	
13542	2.423722e+00	6.106110e-09	
13543	2.423922e+00	6.105301e-09	
13544	2.424122e+00	6.104489e-09	
13545	2.424322e+00	6.103701e-09	
13546	2.424522e+00	6.102916e-09	
13547	2.424722e+00	6.102146e-09	
13548	2.424922e+00	6.101380e-09	
13549	2.425122e+00	6.100625e-09	
13550	2.425322e+00	6.099878e-09	
13551	2.425522e+00	6.099143e-09	
13552	2.425722e+00	6.098410e-09	
13553	2.425922e+00	6.097703e-09	
13554	2.426122e+00	6.096988e-09	
13555	2.426322e+00	6.096299e-09	
13556	2.426522e+00	6.095614e-09	
13557	2.426722e+00	6.094942e-09	
13558	2.426922e+00	6.094282e-09	
13559	2.427122e+00	6.093644e-09	
13560	2.427322e+00	6.093018e-09	
13561	2.427522e+00	6.092409e-09	
13562	2.427722e+00	6.091828e-09	
13563	2.427922e+00	6.091289e-09	
13564	2.428122e+00	6.090768e-09	
13565	2.428322e+00	6.090314e-09	
13566	2.428522e+00	6.089912e-09	
13567	2.428722e+00	6.089600e-09	
13568	2.428922e+00	6.089395e-09	

Index   time            -i(vdd)         
--------------------------------------------------------------------------------
13569	2.429122e+00	6.089355e-09	
13570	2.429322e+00	6.089533e-09	
13571	2.429522e+00	6.090036e-09	
13572	2.429722e+00	6.091003e-09	
13573	2.429922e+00	6.092658e-09	
13574	2.430122e+00	6.095253e-09	
13575	2.430322e+00	6.099152e-09	
13576	2.430522e+00	6.104730e-09	
13577	2.430722e+00	6.112535e-09	
13578	2.430922e+00	6.123322e-09	
13579	2.431122e+00	6.138154e-09	
13580	2.431322e+00	6.158422e-09	
13581	2.431522e+00	6.185918e-09	
13582	2.431722e+00	6.223159e-09	
13583	2.431922e+00	6.273743e-09	
13584	2.432122e+00	6.343002e-09	
13585	2.432322e+00	6.432281e-09	
13586	2.432522e+00	6.524930e-09	
13587	2.432722e+00	6.590433e-09	
13588	2.432922e+00	6.619383e-09	
13589	2.433122e+00	6.627128e-09	
13590	2.433322e+00	6.625505e-09	
13591	2.433333e+00	6.625067e-09	
13592	2.433353e+00	6.624666e-09	
13593	2.433393e+00	6.623717e-09	
13594	2.433473e+00	6.621347e-09	
13595	2.433633e+00	6.615498e-09	
13596	2.433833e+00	6.607810e-09	
13597	2.434033e+00	6.601341e-09	
13598	2.434233e+00	6.596342e-09	
13599	2.434433e+00	6.592766e-09	
13600	2.434633e+00	6.590270e-09	
13601	2.434833e+00	6.588492e-09	
13602	2.435033e+00	6.587247e-09	
13603	2.435233e+00	6.586343e-09	
13604	2.435433e+00	6.585707e-09	
13605	2.435633e+00	6.585245e-09	
13606	2.435833e+00	6.584928e-09	
13607	2.436033e+00	6.584700e-09	
13608	2.436233e+00	6.584552e-09	
13609	2.436433e+00	6.584457e-09	
13610	2.436633e+00	6.584411e-09	
13611	2.436833e+00	6.584385e-09	
13612	2.437033e+00	6.584402e-09	
13613	2.437233e+00	6.584424e-09	
13614	2.437433e+00	6.584466e-09	
13615	2.437633e+00	6.584519e-09	
13616	2.437833e+00	6.584583e-09	
13617	2.438033e+00	6.584658e-09	
13618	2.438233e+00	6.584739e-09	
13619	2.438433e+00	6.584814e-09	
13620	2.438633e+00	6.584910e-09	
13621	2.438833e+00	6.584991e-09	
13622	2.439033e+00	6.585092e-09	
13623	2.439233e+00	6.585181e-09	
13624	2.439433e+00	6.585286e-09	
13625	2.439633e+00	6.585375e-09	
13626	2.439833e+00	6.585477e-09	

Index   time            -i(vdd)         
--------------------------------------------------------------------------------
13627	2.440033e+00	6.585572e-09	
13628	2.440233e+00	6.585677e-09	
13629	2.440433e+00	6.585766e-09	
13630	2.440633e+00	6.585866e-09	
13631	2.440833e+00	6.585954e-09	
13632	2.441033e+00	6.586053e-09	
13633	2.441233e+00	6.586136e-09	
13634	2.441433e+00	6.586228e-09	
13635	2.441633e+00	6.586309e-09	
13636	2.441833e+00	6.586391e-09	
13637	2.442033e+00	6.586453e-09	
13638	2.442233e+00	6.586529e-09	
13639	2.442433e+00	6.586578e-09	
13640	2.442633e+00	6.586628e-09	
13641	2.442833e+00	6.586653e-09	
13642	2.443033e+00	6.586669e-09	
13643	2.443233e+00	6.586662e-09	
13644	2.443433e+00	6.586637e-09	
13645	2.443633e+00	6.586569e-09	
13646	2.443833e+00	6.586478e-09	
13647	2.444033e+00	6.586324e-09	
13648	2.444233e+00	6.586123e-09	
13649	2.444433e+00	6.585825e-09	
13650	2.444444e+00	6.585825e-09	
13651	2.444464e+00	6.585807e-09	
13652	2.444504e+00	6.585753e-09	
13653	2.444584e+00	6.585736e-09	
13654	2.444744e+00	6.585719e-09	
13655	2.444944e+00	6.585694e-09	
13656	2.445144e+00	6.585516e-09	
13657	2.445344e+00	6.585153e-09	
13658	2.445544e+00	6.584550e-09	
13659	2.445744e+00	6.583693e-09	
13660	2.445944e+00	6.582497e-09	
13661	2.446144e+00	6.580928e-09	
13662	2.446344e+00	6.578881e-09	
13663	2.446544e+00	6.576269e-09	
13664	2.446744e+00	6.572949e-09	
13665	2.446944e+00	6.568801e-09	
13666	2.447144e+00	6.563600e-09	
13667	2.447344e+00	6.557129e-09	
13668	2.447544e+00	6.549032e-09	
13669	2.447744e+00	6.538921e-09	
13670	2.447944e+00	6.526204e-09	
13671	2.448144e+00	6.510173e-09	
13672	2.448344e+00	6.490027e-09	
13673	2.448544e+00	6.466258e-09	
13674	2.448744e+00	6.463007e-09	
13675	2.448944e+00	6.882502e-09	
13676	2.449144e+00	7.271481e-09	
13677	2.449344e+00	7.218130e-09	
13678	2.449544e+00	7.182456e-09	
13679	2.449744e+00	7.229550e-09	
13680	2.449944e+00	7.297570e-09	
13681	2.449969e+00	7.250847e-09	
13682	2.450019e+00	7.246138e-09	
13683	2.450119e+00	7.180537e-09	
13684	2.450304e+00	7.136191e-09	

Index   time            -i(vdd)         
--------------------------------------------------------------------------------
13685	2.450504e+00	7.019117e-09	
13686	2.450704e+00	6.875391e-09	
13687	2.450904e+00	6.737608e-09	
13688	2.451104e+00	6.612792e-09	
13689	2.451304e+00	6.498480e-09	
13690	2.451504e+00	6.386204e-09	
13691	2.451704e+00	6.277448e-09	
13692	2.451904e+00	6.174218e-09	
13693	2.452104e+00	6.074618e-09	
13694	2.452304e+00	5.979643e-09	
13695	2.452504e+00	5.890595e-09	
13696	2.452704e+00	5.808155e-09	
13697	2.452904e+00	5.732594e-09	
13698	2.453104e+00	5.663901e-09	
13699	2.453304e+00	5.601758e-09	
13700	2.453504e+00	5.545724e-09	
13701	2.453704e+00	5.495255e-09	
13702	2.453904e+00	5.449854e-09	
13703	2.454104e+00	5.408975e-09	
13704	2.454304e+00	5.372166e-09	
13705	2.454504e+00	5.338963e-09	
13706	2.454704e+00	5.309012e-09	
13707	2.454904e+00	5.281910e-09	
13708	2.455104e+00	5.257399e-09	
13709	2.455304e+00	5.235155e-09	
13710	2.455504e+00	5.214968e-09	
13711	2.455556e+00	5.210051e-09	
13712	2.455576e+00	5.208170e-09	
13713	2.455616e+00	5.204320e-09	
13714	2.455696e+00	5.196729e-09	
13715	2.455856e+00	5.181987e-09	
13716	2.456056e+00	5.164698e-09	
13717	2.456256e+00	5.148679e-09	
13718	2.456456e+00	5.133886e-09	
13719	2.456656e+00	5.120177e-09	
13720	2.456856e+00	5.107457e-09	
13721	2.457056e+00	5.095607e-09	
13722	2.457256e+00	5.084564e-09	
13723	2.457456e+00	5.074239e-09	
13724	2.457656e+00	5.064570e-09	
13725	2.457856e+00	5.055491e-09	
13726	2.458056e+00	5.046965e-09	
13727	2.458256e+00	5.038928e-09	
13728	2.458456e+00	5.031349e-09	
13729	2.458656e+00	5.024184e-09	
13730	2.458856e+00	5.017402e-09	
13731	2.459056e+00	5.010971e-09	
13732	2.459256e+00	5.004879e-09	
13733	2.459456e+00	4.999069e-09	
13734	2.459656e+00	4.993564e-09	
13735	2.459856e+00	4.988304e-09	
13736	2.460056e+00	4.983303e-09	
13737	2.460256e+00	4.978528e-09	
13738	2.460456e+00	4.973983e-09	
13739	2.460656e+00	4.969646e-09	
13740	2.460856e+00	4.965526e-09	
13741	2.461056e+00	4.961617e-09	
13742	2.461256e+00	4.957935e-09	

Index   time            -i(vdd)         
--------------------------------------------------------------------------------
13743	2.461456e+00	4.954494e-09	
13744	2.461656e+00	4.951357e-09	
13745	2.461856e+00	4.948574e-09	
13746	2.462056e+00	4.946313e-09	
13747	2.462256e+00	4.944821e-09	
13748	2.462456e+00	4.944639e-09	
13749	2.462656e+00	4.946675e-09	
13750	2.462856e+00	4.952313e-09	
13751	2.463056e+00	4.963069e-09	
13752	2.463256e+00	4.980982e-09	
13753	2.463456e+00	5.009307e-09	
13754	2.463656e+00	5.052643e-09	
13755	2.463856e+00	5.116502e-09	
13756	2.464056e+00	5.208177e-09	
13757	2.464256e+00	5.332257e-09	
13758	2.464456e+00	5.451130e-09	
13759	2.464656e+00	5.498852e-09	
13760	2.464856e+00	5.491486e-09	
13761	2.465056e+00	5.469816e-09	
13762	2.465256e+00	5.449130e-09	
13763	2.465456e+00	5.433092e-09	
13764	2.465656e+00	5.421469e-09	
13765	2.465856e+00	5.413068e-09	
13766	2.466056e+00	5.406961e-09	
13767	2.466256e+00	5.402372e-09	
13768	2.466456e+00	5.398770e-09	
13769	2.466656e+00	5.395829e-09	
13770	2.466667e+00	5.395709e-09	
13771	2.466687e+00	5.395482e-09	
13772	2.466727e+00	5.395082e-09	
13773	2.466807e+00	5.394412e-09	
13774	2.466967e+00	5.393407e-09	
13775	2.467167e+00	5.392578e-09	
13776	2.467367e+00	5.392013e-09	
13777	2.467567e+00	5.391614e-09	
13778	2.467767e+00	5.391288e-09	
13779	2.467967e+00	5.391033e-09	
13780	2.468167e+00	5.390815e-09	
13781	2.468367e+00	5.390635e-09	
13782	2.468567e+00	5.390486e-09	
13783	2.468767e+00	5.390377e-09	
13784	2.468967e+00	5.390293e-09	
13785	2.469167e+00	5.390250e-09	
13786	2.469367e+00	5.390226e-09	
13787	2.469567e+00	5.390244e-09	
13788	2.469767e+00	5.390277e-09	
13789	2.469967e+00	5.390346e-09	
13790	2.470167e+00	5.390434e-09	
13791	2.470367e+00	5.390550e-09	
13792	2.470567e+00	5.390690e-09	
13793	2.470767e+00	5.390844e-09	
13794	2.470967e+00	5.391019e-09	
13795	2.471167e+00	5.391222e-09	
13796	2.471367e+00	5.391434e-09	
13797	2.471567e+00	5.391674e-09	
13798	2.471767e+00	5.391929e-09	
13799	2.471967e+00	5.392210e-09	
13800	2.472167e+00	5.392493e-09	

Index   time            -i(vdd)         
--------------------------------------------------------------------------------
13801	2.472367e+00	5.392813e-09	
13802	2.472567e+00	5.393142e-09	
13803	2.472767e+00	5.393494e-09	
13804	2.472967e+00	5.393858e-09	
13805	2.473167e+00	5.394244e-09	
13806	2.473367e+00	5.394639e-09	
13807	2.473567e+00	5.395055e-09	
13808	2.473767e+00	5.395489e-09	
13809	2.473967e+00	5.395939e-09	
13810	2.474167e+00	5.396400e-09	
13811	2.474367e+00	5.396880e-09	
13812	2.474567e+00	5.397372e-09	
13813	2.474767e+00	5.397886e-09	
13814	2.474967e+00	5.398404e-09	
13815	2.475167e+00	5.398951e-09	
13816	2.475367e+00	5.399503e-09	
13817	2.475567e+00	5.400077e-09	
13818	2.475767e+00	5.400647e-09	
13819	2.475967e+00	5.401248e-09	
13820	2.476167e+00	5.401846e-09	
13821	2.476367e+00	5.402474e-09	
13822	2.476567e+00	5.403102e-09	
13823	2.476767e+00	5.403745e-09	
13824	2.476967e+00	5.404386e-09	
13825	2.477167e+00	5.405044e-09	
13826	2.477367e+00	5.405701e-09	
13827	2.477567e+00	5.406363e-09	
13828	2.477767e+00	5.407021e-09	
13829	2.477778e+00	5.407075e-09	
13830	2.477798e+00	5.407148e-09	
13831	2.477838e+00	5.407285e-09	
13832	2.477918e+00	5.407613e-09	
13833	2.478078e+00	5.408289e-09	
13834	2.478278e+00	5.409153e-09	
13835	2.478478e+00	5.409909e-09	
13836	2.478678e+00	5.410527e-09	
13837	2.478878e+00	5.410880e-09	
13838	2.479078e+00	5.410779e-09	
13839	2.479278e+00	5.409821e-09	
13840	2.479478e+00	5.407301e-09	
13841	2.479678e+00	5.401899e-09	
13842	2.479878e+00	5.390945e-09	
13843	2.480078e+00	5.370054e-09	
13844	2.480278e+00	5.334424e-09	
13845	2.480478e+00	5.292935e-09	
13846	2.480678e+00	5.244323e-09	
13847	2.480878e+00	5.172365e-09	
13848	2.481078e+00	5.095635e-09	
13849	2.481278e+00	5.038908e-09	
13850	2.481478e+00	5.003516e-09	
13851	2.481678e+00	4.982182e-09	
13852	2.481878e+00	4.968942e-09	
13853	2.482078e+00	4.960475e-09	
13854	2.482278e+00	4.954853e-09	
13855	2.482478e+00	4.951005e-09	
13856	2.482678e+00	4.948223e-09	
13857	2.482878e+00	4.946215e-09	
13858	2.483078e+00	4.944783e-09	

Index   time            -i(vdd)         
--------------------------------------------------------------------------------
13859	2.483278e+00	4.943813e-09	
13860	2.483478e+00	4.943195e-09	
13861	2.483678e+00	4.942873e-09	
13862	2.483878e+00	4.942768e-09	
13863	2.484078e+00	4.942855e-09	
13864	2.484278e+00	4.943096e-09	
13865	2.484478e+00	4.943475e-09	
13866	2.484678e+00	4.943957e-09	
13867	2.484878e+00	4.944548e-09	
13868	2.485078e+00	4.945219e-09	
13869	2.485278e+00	4.945969e-09	
13870	2.485478e+00	4.946781e-09	
13871	2.485678e+00	4.947664e-09	
13872	2.485878e+00	4.948587e-09	
13873	2.486078e+00	4.949572e-09	
13874	2.486278e+00	4.950595e-09	
13875	2.486478e+00	4.951667e-09	
13876	2.486678e+00	4.952773e-09	
13877	2.486878e+00	4.953922e-09	
13878	2.487078e+00	4.955095e-09	
13879	2.487278e+00	4.956311e-09	
13880	2.487478e+00	4.957549e-09	
13881	2.487678e+00	4.958821e-09	
13882	2.487878e+00	4.960117e-09	
13883	2.488078e+00	4.961446e-09	
13884	2.488278e+00	4.962791e-09	
13885	2.488478e+00	4.964172e-09	
13886	2.488678e+00	4.965565e-09	
13887	2.488878e+00	4.966994e-09	
13888	2.488889e+00	4.967081e-09	
13889	2.488909e+00	4.967178e-09	
13890	2.488949e+00	4.967328e-09	
13891	2.489029e+00	4.967529e-09	
13892	2.489189e+00	4.967641e-09	
13893	2.489389e+00	4.967649e-09	
13894	2.489589e+00	4.967610e-09	
13895	2.489789e+00	4.967601e-09	
13896	2.489989e+00	4.967593e-09	
13897	2.490189e+00	4.967609e-09	
13898	2.490389e+00	4.967622e-09	
13899	2.490589e+00	4.967653e-09	
13900	2.490789e+00	4.967682e-09	
13901	2.490989e+00	4.967722e-09	
13902	2.491189e+00	4.967762e-09	
13903	2.491389e+00	4.967815e-09	
13904	2.491589e+00	4.967864e-09	
13905	2.491789e+00	4.967927e-09	
13906	2.491989e+00	4.967985e-09	
13907	2.492189e+00	4.968055e-09	
13908	2.492389e+00	4.968123e-09	
13909	2.492589e+00	4.968204e-09	
13910	2.492789e+00	4.968279e-09	
13911	2.492989e+00	4.968361e-09	
13912	2.493189e+00	4.968446e-09	
13913	2.493389e+00	4.968541e-09	
13914	2.493589e+00	4.968631e-09	
13915	2.493789e+00	4.968731e-09	
13916	2.493989e+00	4.968824e-09	

Index   time            -i(vdd)         
--------------------------------------------------------------------------------
13917	2.494189e+00	4.968930e-09	
13918	2.494389e+00	4.969031e-09	
13919	2.494589e+00	4.969140e-09	
13920	2.494789e+00	4.969243e-09	
13921	2.494989e+00	4.969355e-09	
13922	2.495189e+00	4.969464e-09	
13923	2.495389e+00	4.969587e-09	
13924	2.495589e+00	4.969697e-09	
13925	2.495789e+00	4.969823e-09	
13926	2.495989e+00	4.969943e-09	
13927	2.496189e+00	4.970071e-09	
13928	2.496389e+00	4.970191e-09	
13929	2.496589e+00	4.970326e-09	
13930	2.496789e+00	4.970444e-09	
13931	2.496989e+00	4.970582e-09	
13932	2.497189e+00	4.970709e-09	
13933	2.497389e+00	4.970845e-09	
13934	2.497589e+00	4.970979e-09	
13935	2.497789e+00	4.971116e-09	
13936	2.497989e+00	4.971251e-09	
13937	2.498189e+00	4.971397e-09	
13938	2.498389e+00	4.971535e-09	
13939	2.498589e+00	4.971684e-09	
13940	2.498789e+00	4.971815e-09	
13941	2.498989e+00	4.971967e-09	
13942	2.499189e+00	4.972105e-09	
13943	2.499389e+00	4.972262e-09	
13944	2.499589e+00	4.972405e-09	
13945	2.499789e+00	4.972558e-09	
13946	2.499989e+00	4.972705e-09	
13947	2.500000e+00	4.972731e-09	
13948	2.500020e+00	4.972783e-09	
13949	2.500060e+00	4.972903e-09	
13950	2.500140e+00	4.973280e-09	
13951	2.500300e+00	4.974188e-09	
13952	2.500500e+00	4.975506e-09	
13953	2.500700e+00	4.976857e-09	
13954	2.500900e+00	4.978225e-09	
13955	2.501100e+00	4.979595e-09	
13956	2.501300e+00	4.980973e-09	
13957	2.501500e+00	4.982351e-09	
13958	2.501700e+00	4.983745e-09	
13959	2.501900e+00	4.985141e-09	
13960	2.502100e+00	4.986557e-09	
13961	2.502300e+00	4.987977e-09	
13962	2.502500e+00	4.989409e-09	
13963	2.502700e+00	4.990848e-09	
13964	2.502900e+00	4.992300e-09	
13965	2.503100e+00	4.993753e-09	
13966	2.503300e+00	4.995224e-09	
13967	2.503500e+00	4.996698e-09	
13968	2.503700e+00	4.998186e-09	
13969	2.503900e+00	4.999676e-09	
13970	2.504100e+00	5.001183e-09	
13971	2.504300e+00	5.002694e-09	
13972	2.504500e+00	5.004220e-09	
13973	2.504700e+00	5.005746e-09	
13974	2.504900e+00	5.007292e-09	

Index   time            -i(vdd)         
--------------------------------------------------------------------------------
13975	2.505100e+00	5.008837e-09	
13976	2.505300e+00	5.010403e-09	
13977	2.505500e+00	5.011970e-09	
13978	2.505700e+00	5.013555e-09	
13979	2.505900e+00	5.015137e-09	
13980	2.506100e+00	5.016738e-09	
13981	2.506300e+00	5.018340e-09	
13982	2.506500e+00	5.019958e-09	
13983	2.506700e+00	5.021582e-09	
13984	2.506900e+00	5.023220e-09	
13985	2.507100e+00	5.024857e-09	
13986	2.507300e+00	5.026510e-09	
13987	2.507500e+00	5.028171e-09	
13988	2.507700e+00	5.029847e-09	
13989	2.507900e+00	5.031519e-09	
13990	2.508100e+00	5.033212e-09	
13991	2.508300e+00	5.034910e-09	
13992	2.508500e+00	5.036622e-09	
13993	2.508700e+00	5.038337e-09	
13994	2.508900e+00	5.040063e-09	
13995	2.509100e+00	5.041792e-09	
13996	2.509300e+00	5.043550e-09	
13997	2.509500e+00	5.045295e-09	
13998	2.509700e+00	5.047067e-09	
13999	2.509900e+00	5.048831e-09	
14000	2.510100e+00	5.050620e-09	
14001	2.510300e+00	5.052408e-09	
14002	2.510500e+00	5.054216e-09	
14003	2.510700e+00	5.056026e-09	
14004	2.510900e+00	5.057847e-09	
14005	2.511100e+00	5.059671e-09	
14006	2.511111e+00	5.059793e-09	
14007	2.511131e+00	5.059937e-09	
14008	2.511171e+00	5.060176e-09	
14009	2.511251e+00	5.060575e-09	
14010	2.511411e+00	5.061138e-09	
14011	2.511611e+00	5.061727e-09	
14012	2.511811e+00	5.062263e-09	
14013	2.512011e+00	5.062837e-09	
14014	2.512211e+00	5.063412e-09	
14015	2.512411e+00	5.064003e-09	
14016	2.512611e+00	5.064587e-09	
14017	2.512811e+00	5.065185e-09	
14018	2.513011e+00	5.065775e-09	
14019	2.513211e+00	5.066380e-09	
14020	2.513411e+00	5.066984e-09	
14021	2.513611e+00	5.067593e-09	
14022	2.513811e+00	5.068201e-09	
14023	2.514011e+00	5.068825e-09	
14024	2.514211e+00	5.069434e-09	
14025	2.514411e+00	5.070064e-09	
14026	2.514611e+00	5.070687e-09	
14027	2.514811e+00	5.071328e-09	
14028	2.515011e+00	5.071954e-09	
14029	2.515211e+00	5.072598e-09	
14030	2.515411e+00	5.073236e-09	
14031	2.515611e+00	5.073887e-09	
14032	2.515811e+00	5.074535e-09	

Index   time            -i(vdd)         
--------------------------------------------------------------------------------
14033	2.516011e+00	5.075186e-09	
14034	2.516211e+00	5.075843e-09	
14035	2.516411e+00	5.076511e-09	
14036	2.516611e+00	5.077167e-09	
14037	2.516811e+00	5.077840e-09	
14038	2.517011e+00	5.078505e-09	
14039	2.517211e+00	5.079185e-09	
14040	2.517411e+00	5.079859e-09	
14041	2.517611e+00	5.080548e-09	
14042	2.517811e+00	5.081228e-09	
14043	2.518011e+00	5.081916e-09	
14044	2.518211e+00	5.082604e-09	
14045	2.518411e+00	5.083304e-09	
14046	2.518611e+00	5.083996e-09	
14047	2.518811e+00	5.084705e-09	
14048	2.519011e+00	5.085406e-09	
14049	2.519211e+00	5.086117e-09	
14050	2.519411e+00	5.086824e-09	
14051	2.519611e+00	5.087545e-09	
14052	2.519811e+00	5.088257e-09	
14053	2.520011e+00	5.088980e-09	
14054	2.520211e+00	5.089702e-09	
14055	2.520411e+00	5.090433e-09	
14056	2.520611e+00	5.091161e-09	
14057	2.520811e+00	5.091898e-09	
14058	2.521011e+00	5.092632e-09	
14059	2.521211e+00	5.093377e-09	
14060	2.521411e+00	5.094114e-09	
14061	2.521611e+00	5.094864e-09	
14062	2.521811e+00	5.095611e-09	
14063	2.522011e+00	5.096365e-09	
14064	2.522211e+00	5.097118e-09	
14065	2.522222e+00	5.097186e-09	
14066	2.522242e+00	5.097207e-09	
14067	2.522282e+00	5.097183e-09	
14068	2.522362e+00	5.097081e-09	
14069	2.522522e+00	5.096656e-09	
14070	2.522722e+00	5.096088e-09	
14071	2.522922e+00	5.095519e-09	
14072	2.523122e+00	5.094964e-09	
14073	2.523322e+00	5.094402e-09	
14074	2.523522e+00	5.093842e-09	
14075	2.523722e+00	5.093276e-09	
14076	2.523922e+00	5.092712e-09	
14077	2.524122e+00	5.092137e-09	
14078	2.524322e+00	5.091565e-09	
14079	2.524522e+00	5.090985e-09	
14080	2.524722e+00	5.090408e-09	
14081	2.524922e+00	5.089819e-09	
14082	2.525122e+00	5.089239e-09	
14083	2.525322e+00	5.088647e-09	
14084	2.525522e+00	5.088059e-09	
14085	2.525722e+00	5.087462e-09	
14086	2.525922e+00	5.086863e-09	
14087	2.526122e+00	5.086264e-09	
14088	2.526322e+00	5.085668e-09	
14089	2.526522e+00	5.085056e-09	
14090	2.526722e+00	5.084449e-09	

Index   time            -i(vdd)         
--------------------------------------------------------------------------------
14091	2.526922e+00	5.083832e-09	
14092	2.527122e+00	5.083227e-09	
14093	2.527322e+00	5.082607e-09	
14094	2.527522e+00	5.081992e-09	
14095	2.527722e+00	5.081370e-09	
14096	2.527922e+00	5.080748e-09	
14097	2.528122e+00	5.080122e-09	
14098	2.528322e+00	5.079499e-09	
14099	2.528522e+00	5.078862e-09	
14100	2.528722e+00	5.078235e-09	
14101	2.528922e+00	5.077596e-09	
14102	2.529122e+00	5.076964e-09	
14103	2.529322e+00	5.076325e-09	
14104	2.529522e+00	5.075681e-09	
14105	2.529722e+00	5.075030e-09	
14106	2.529922e+00	5.074398e-09	
14107	2.530122e+00	5.073749e-09	
14108	2.530322e+00	5.073102e-09	
14109	2.530522e+00	5.072448e-09	
14110	2.530722e+00	5.071797e-09	
14111	2.530922e+00	5.071144e-09	
14112	2.531122e+00	5.070490e-09	
14113	2.531322e+00	5.069832e-09	
14114	2.531522e+00	5.069177e-09	
14115	2.531722e+00	5.068522e-09	
14116	2.531922e+00	5.067862e-09	
14117	2.532122e+00	5.067202e-09	
14118	2.532322e+00	5.066545e-09	
14119	2.532522e+00	5.065883e-09	
14120	2.532722e+00	5.065223e-09	
14121	2.532922e+00	5.064560e-09	
14122	2.533122e+00	5.063907e-09	
14123	2.533322e+00	5.063246e-09	
14124	2.533333e+00	5.063223e-09	
14125	2.533353e+00	5.063218e-09	
14126	2.533393e+00	5.063284e-09	
14127	2.533473e+00	5.063592e-09	
14128	2.533633e+00	5.064466e-09	
14129	2.533833e+00	5.065741e-09	
14130	2.534033e+00	5.067043e-09	
14131	2.534233e+00	5.068367e-09	
14132	2.534433e+00	5.069691e-09	
14133	2.534633e+00	5.071034e-09	
14134	2.534833e+00	5.072377e-09	
14135	2.535033e+00	5.073723e-09	
14136	2.535233e+00	5.075079e-09	
14137	2.535433e+00	5.076453e-09	
14138	2.535633e+00	5.077818e-09	
14139	2.535833e+00	5.079209e-09	
14140	2.536033e+00	5.080594e-09	
14141	2.536233e+00	5.081998e-09	
14142	2.536433e+00	5.083399e-09	
14143	2.536633e+00	5.084816e-09	
14144	2.536833e+00	5.086232e-09	
14145	2.537033e+00	5.087671e-09	
14146	2.537233e+00	5.089106e-09	
14147	2.537433e+00	5.090558e-09	
14148	2.537633e+00	5.092007e-09	

Index   time            -i(vdd)         
--------------------------------------------------------------------------------
14149	2.537833e+00	5.093471e-09	
14150	2.538033e+00	5.094937e-09	
14151	2.538233e+00	5.096416e-09	
14152	2.538433e+00	5.097898e-09	
14153	2.538633e+00	5.099389e-09	
14154	2.538833e+00	5.100885e-09	
14155	2.539033e+00	5.102400e-09	
14156	2.539233e+00	5.103903e-09	
14157	2.539433e+00	5.105432e-09	
14158	2.539633e+00	5.106961e-09	
14159	2.539833e+00	5.108498e-09	
14160	2.540033e+00	5.110038e-09	
14161	2.540233e+00	5.111593e-09	
14162	2.540433e+00	5.113147e-09	
14163	2.540633e+00	5.114713e-09	
14164	2.540833e+00	5.116281e-09	
14165	2.541033e+00	5.117862e-09	
14166	2.541233e+00	5.119444e-09	
14167	2.541433e+00	5.121041e-09	
14168	2.541633e+00	5.122634e-09	
14169	2.541833e+00	5.124241e-09	
14170	2.542033e+00	5.125851e-09	
14171	2.542233e+00	5.127477e-09	
14172	2.542433e+00	5.129103e-09	
14173	2.542633e+00	5.130733e-09	
14174	2.542833e+00	5.132371e-09	
14175	2.543033e+00	5.134017e-09	
14176	2.543233e+00	5.135668e-09	
14177	2.543433e+00	5.137328e-09	
14178	2.543633e+00	5.138988e-09	
14179	2.543833e+00	5.140659e-09	
14180	2.544033e+00	5.142337e-09	
14181	2.544233e+00	5.144020e-09	
14182	2.544433e+00	5.145702e-09	
14183	2.544444e+00	5.145817e-09	
14184	2.544464e+00	5.145896e-09	
14185	2.544504e+00	5.145923e-09	
14186	2.544584e+00	5.145807e-09	
14187	2.544744e+00	5.145269e-09	
14188	2.544944e+00	5.144519e-09	
14189	2.545144e+00	5.143749e-09	
14190	2.545344e+00	5.143013e-09	
14191	2.545544e+00	5.142274e-09	
14192	2.545744e+00	5.141535e-09	
14193	2.545944e+00	5.140787e-09	
14194	2.546144e+00	5.140048e-09	
14195	2.546344e+00	5.139298e-09	
14196	2.546544e+00	5.138549e-09	
14197	2.546744e+00	5.137795e-09	
14198	2.546944e+00	5.137048e-09	
14199	2.547144e+00	5.136293e-09	
14200	2.547344e+00	5.135539e-09	
14201	2.547544e+00	5.134786e-09	
14202	2.547744e+00	5.134032e-09	
14203	2.547944e+00	5.133272e-09	
14204	2.548144e+00	5.132525e-09	
14205	2.548344e+00	5.131768e-09	
14206	2.548544e+00	5.131015e-09	

Index   time            -i(vdd)         
--------------------------------------------------------------------------------
14207	2.548744e+00	5.130260e-09	
14208	2.548944e+00	5.129515e-09	
14209	2.549144e+00	5.128761e-09	
14210	2.549344e+00	5.128023e-09	
14211	2.549544e+00	5.127277e-09	
14212	2.549744e+00	5.126553e-09	
14213	2.549944e+00	5.125824e-09	
14214	2.550144e+00	5.125116e-09	
14215	2.550344e+00	5.124410e-09	
14216	2.550544e+00	5.123740e-09	
14217	2.550744e+00	5.123087e-09	
14218	2.550944e+00	5.122474e-09	
14219	2.551144e+00	5.121913e-09	
14220	2.551344e+00	5.121434e-09	
14221	2.551544e+00	5.121060e-09	
14222	2.551744e+00	5.120861e-09	
14223	2.551944e+00	5.120925e-09	
14224	2.552144e+00	5.121432e-09	
14225	2.552344e+00	5.122692e-09	
14226	2.552544e+00	5.125297e-09	
14227	2.552744e+00	5.130232e-09	
14228	2.552944e+00	5.138944e-09	
14229	2.553144e+00	5.153085e-09	
14230	2.553344e+00	5.175064e-09	
14231	2.553544e+00	5.208404e-09	
14232	2.553744e+00	5.257372e-09	
14233	2.553944e+00	5.325381e-09	
14234	2.554144e+00	5.412967e-09	
14235	2.554344e+00	5.525919e-09	
14236	2.554544e+00	5.663469e-09	
14237	2.554744e+00	5.724584e-09	
14238	2.554944e+00	5.706680e-09	
14239	2.555144e+00	5.676723e-09	
14240	2.555344e+00	5.653907e-09	
14241	2.555544e+00	5.638942e-09	
14242	2.555556e+00	5.638449e-09	
14243	2.555576e+00	5.637521e-09	
14244	2.555616e+00	5.635541e-09	
14245	2.555696e+00	5.631728e-09	
14246	2.555856e+00	5.624784e-09	
14247	2.556056e+00	5.617527e-09	
14248	2.556256e+00	5.611708e-09	
14249	2.556456e+00	5.606975e-09	
14250	2.556656e+00	5.602972e-09	
14251	2.556856e+00	5.599442e-09	
14252	2.557056e+00	5.596230e-09	
14253	2.557256e+00	5.593221e-09	
14254	2.557456e+00	5.590338e-09	
14255	2.557656e+00	5.587554e-09	
14256	2.557856e+00	5.584819e-09	
14257	2.558056e+00	5.582133e-09	
14258	2.558256e+00	5.579477e-09	
14259	2.558456e+00	5.576848e-09	
14260	2.558656e+00	5.574238e-09	
14261	2.558856e+00	5.571658e-09	
14262	2.559056e+00	5.569089e-09	
14263	2.559256e+00	5.566541e-09	
14264	2.559456e+00	5.563998e-09	

Index   time            -i(vdd)         
--------------------------------------------------------------------------------
14265	2.559656e+00	5.561500e-09	
14266	2.559856e+00	5.559076e-09	
14267	2.560056e+00	5.556823e-09	
14268	2.560256e+00	5.554790e-09	
14269	2.560456e+00	5.553128e-09	
14270	2.560656e+00	5.552031e-09	
14271	2.560856e+00	5.552056e-09	
14272	2.561056e+00	5.554424e-09	
14273	2.561256e+00	5.561896e-09	
14274	2.561456e+00	5.578166e-09	
14275	2.561656e+00	5.607115e-09	
14276	2.561856e+00	5.655203e-09	
14277	2.562056e+00	5.730848e-09	
14278	2.562256e+00	5.840414e-09	
14279	2.562456e+00	5.992507e-09	
14280	2.562656e+00	6.313804e-09	
14281	2.562856e+00	6.709756e-09	
14282	2.563056e+00	7.185208e-09	
14283	2.563238e+00	7.275500e-09	
14284	2.563438e+00	7.197840e-09	
14285	2.563638e+00	7.099258e-09	
14286	2.563838e+00	7.033781e-09	
14287	2.564038e+00	6.998844e-09	
14288	2.564238e+00	6.985223e-09	
14289	2.564438e+00	6.985860e-09	
14290	2.564638e+00	6.996696e-09	
14291	2.564838e+00	7.012311e-09	
14292	2.565038e+00	7.029233e-09	
14293	2.565238e+00	7.045393e-09	
14294	2.565438e+00	7.060157e-09	
14295	2.565638e+00	7.113641e-09	
14296	2.565663e+00	7.153635e-09	
14297	2.565713e+00	7.353213e-09	
14298	2.565726e+00	7.424394e-09	
14299	2.565751e+00	7.437111e-09	
14300	2.565801e+00	7.268063e-09	
14301	2.565876e+00	7.060667e-09	
14302	2.566004e+00	7.052468e-09	
14303	2.566136e+00	7.031631e-09	
14304	2.566336e+00	7.010012e-09	
14305	2.566536e+00	6.993206e-09	
14306	2.566667e+00	6.983458e-09	
14307	2.566687e+00	6.982122e-09	
14308	2.566727e+00	6.979423e-09	
14309	2.566807e+00	6.974307e-09	
14310	2.566967e+00	6.965410e-09	
14311	2.567167e+00	6.956677e-09	
14312	2.567367e+00	6.950325e-09	
14313	2.567567e+00	6.946054e-09	
14314	2.567767e+00	6.943347e-09	
14315	2.567967e+00	6.941692e-09	
14316	2.568167e+00	6.940522e-09	
14317	2.568367e+00	6.939403e-09	
14318	2.568567e+00	6.937949e-09	
14319	2.568767e+00	6.935903e-09	
14320	2.568967e+00	6.933077e-09	
14321	2.569167e+00	6.929395e-09	
14322	2.569367e+00	6.924836e-09	

Index   time            -i(vdd)         
--------------------------------------------------------------------------------
14323	2.569567e+00	6.919454e-09	
14324	2.569767e+00	6.913300e-09	
14325	2.569967e+00	6.906494e-09	
14326	2.570167e+00	6.899120e-09	
14327	2.570367e+00	6.891317e-09	
14328	2.570567e+00	6.883165e-09	
14329	2.570767e+00	6.874791e-09	
14330	2.570967e+00	6.866276e-09	
14331	2.571167e+00	6.857741e-09	
14332	2.571367e+00	6.849243e-09	
14333	2.571567e+00	6.840883e-09	
14334	2.571767e+00	6.832682e-09	
14335	2.571967e+00	6.824733e-09	
14336	2.572167e+00	6.817042e-09	
14337	2.572367e+00	6.809669e-09	
14338	2.572567e+00	6.802593e-09	
14339	2.572767e+00	6.795871e-09	
14340	2.572967e+00	6.789478e-09	
14341	2.573167e+00	6.783423e-09	
14342	2.573367e+00	6.777703e-09	
14343	2.573567e+00	6.772315e-09	
14344	2.573767e+00	6.767238e-09	
14345	2.573967e+00	6.762468e-09	
14346	2.574167e+00	6.757986e-09	
14347	2.574367e+00	6.753781e-09	
14348	2.574567e+00	6.749832e-09	
14349	2.574767e+00	6.746134e-09	
14350	2.574967e+00	6.742654e-09	
14351	2.575167e+00	6.739410e-09	
14352	2.575367e+00	6.736349e-09	
14353	2.575567e+00	6.733479e-09	
14354	2.575767e+00	6.730782e-09	
14355	2.575967e+00	6.728249e-09	
14356	2.576167e+00	6.725867e-09	
14357	2.576367e+00	6.723626e-09	
14358	2.576567e+00	6.721517e-09	
14359	2.576767e+00	6.719536e-09	
14360	2.576967e+00	6.717657e-09	
14361	2.577167e+00	6.715896e-09	
14362	2.577367e+00	6.714224e-09	
14363	2.577567e+00	6.712652e-09	
14364	2.577767e+00	6.711154e-09	
14365	2.577778e+00	6.711096e-09	
14366	2.577798e+00	6.710951e-09	
14367	2.577838e+00	6.710645e-09	
14368	2.577918e+00	6.710062e-09	
14369	2.578078e+00	6.708898e-09	
14370	2.578278e+00	6.707562e-09	
14371	2.578478e+00	6.706312e-09	
14372	2.578678e+00	6.705156e-09	
14373	2.578878e+00	6.704063e-09	
14374	2.579078e+00	6.703022e-09	
14375	2.579278e+00	6.702029e-09	
14376	2.579478e+00	6.701078e-09	
14377	2.579678e+00	6.700171e-09	
14378	2.579878e+00	6.699303e-09	
14379	2.579900e+00	6.699217e-09	
14380	2.579910e+00	6.699823e-09	

Index   time            -i(vdd)         
--------------------------------------------------------------------------------
14381	2.579930e+00	6.692877e-09	
14382	2.579970e+00	6.736166e-09	
14383	2.580000e+00	6.734655e-09	
14384	2.580008e+00	6.735908e-09	
14385	2.580024e+00	6.742950e-09	
14386	2.580056e+00	6.743260e-09	
14387	2.580120e+00	6.742250e-09	
14388	2.580248e+00	6.741961e-09	
14389	2.580448e+00	6.741622e-09	
14390	2.580648e+00	6.740956e-09	
14391	2.580848e+00	6.739770e-09	
14392	2.581048e+00	6.737972e-09	
14393	2.581248e+00	6.736145e-09	
14394	2.581448e+00	6.734697e-09	
14395	2.581648e+00	6.733654e-09	
14396	2.581848e+00	6.732852e-09	
14397	2.582048e+00	6.732192e-09	
14398	2.582248e+00	6.731600e-09	
14399	2.582448e+00	6.731044e-09	
14400	2.582648e+00	6.730509e-09	
14401	2.582848e+00	6.729972e-09	
14402	2.583048e+00	6.729463e-09	
14403	2.583248e+00	6.728955e-09	
14404	2.583448e+00	6.728464e-09	
14405	2.583648e+00	6.727966e-09	
14406	2.583848e+00	6.727492e-09	
14407	2.584048e+00	6.727016e-09	
14408	2.584248e+00	6.726554e-09	
14409	2.584448e+00	6.726095e-09	
14410	2.584648e+00	6.725650e-09	
14411	2.584848e+00	6.725198e-09	
14412	2.585048e+00	6.724767e-09	
14413	2.585248e+00	6.724334e-09	
14414	2.585448e+00	6.723915e-09	
14415	2.585648e+00	6.723492e-09	
14416	2.585848e+00	6.723088e-09	
14417	2.586048e+00	6.722682e-09	
14418	2.586248e+00	6.722282e-09	
14419	2.586448e+00	6.721881e-09	
14420	2.586648e+00	6.721492e-09	
14421	2.586848e+00	6.721106e-09	
14422	2.587048e+00	6.720725e-09	
14423	2.587248e+00	6.720341e-09	
14424	2.587448e+00	6.719972e-09	
14425	2.587648e+00	6.719596e-09	
14426	2.587848e+00	6.719234e-09	
14427	2.588048e+00	6.718866e-09	
14428	2.588248e+00	6.718505e-09	
14429	2.588448e+00	6.718143e-09	
14430	2.588648e+00	6.717792e-09	
14431	2.588848e+00	6.717433e-09	
14432	2.588889e+00	6.717384e-09	
14433	2.588909e+00	6.717312e-09	
14434	2.588949e+00	6.717113e-09	
14435	2.589029e+00	6.716591e-09	
14436	2.589189e+00	6.715311e-09	
14437	2.589389e+00	6.713637e-09	
14438	2.589589e+00	6.711975e-09	

Index   time            -i(vdd)         
--------------------------------------------------------------------------------
14439	2.589789e+00	6.710377e-09	
14440	2.589989e+00	6.708804e-09	
14441	2.590189e+00	6.707253e-09	
14442	2.590389e+00	6.705709e-09	
14443	2.590589e+00	6.704181e-09	
14444	2.590789e+00	6.702656e-09	
14445	2.590989e+00	6.701154e-09	
14446	2.591189e+00	6.699644e-09	
14447	2.591389e+00	6.698152e-09	
14448	2.591589e+00	6.696659e-09	
14449	2.591789e+00	6.695177e-09	
14450	2.591989e+00	6.693693e-09	
14451	2.592189e+00	6.692221e-09	
14452	2.592389e+00	6.690744e-09	
14453	2.592589e+00	6.689259e-09	
14454	2.592789e+00	6.687766e-09	
14455	2.592989e+00	6.686278e-09	
14456	2.593189e+00	6.684800e-09	
14457	2.593389e+00	6.683346e-09	
14458	2.593589e+00	6.681920e-09	
14459	2.593789e+00	6.680511e-09	
14460	2.593989e+00	6.679100e-09	
14461	2.594189e+00	6.677708e-09	
14462	2.594389e+00	6.676312e-09	
14463	2.594589e+00	6.674935e-09	
14464	2.594789e+00	6.673552e-09	
14465	2.594989e+00	6.672191e-09	
14466	2.595189e+00	6.670829e-09	
14467	2.595389e+00	6.669482e-09	
14468	2.595589e+00	6.668137e-09	
14469	2.595789e+00	6.666801e-09	
14470	2.595989e+00	6.665475e-09	
14471	2.596189e+00	6.664170e-09	
14472	2.596389e+00	6.662857e-09	
14473	2.596589e+00	6.661562e-09	
14474	2.596789e+00	6.660270e-09	
14475	2.596989e+00	6.658988e-09	
14476	2.597189e+00	6.657716e-09	
14477	2.597389e+00	6.656461e-09	
14478	2.597589e+00	6.655192e-09	
14479	2.597789e+00	6.653946e-09	
14480	2.597989e+00	6.652706e-09	
14481	2.598189e+00	6.651479e-09	
14482	2.598389e+00	6.650247e-09	
14483	2.598589e+00	6.649040e-09	
14484	2.598789e+00	6.647826e-09	
14485	2.598989e+00	6.646632e-09	
14486	2.599189e+00	6.645441e-09	
14487	2.599389e+00	6.644259e-09	
14488	2.599589e+00	6.643081e-09	
14489	2.599789e+00	6.641918e-09	
14490	2.599989e+00	6.640759e-09	
14491	2.600000e+00	6.640723e-09	
14492	2.600020e+00	6.640639e-09	
14493	2.600060e+00	6.640502e-09	
14494	2.600140e+00	6.640395e-09	
14495	2.600300e+00	6.640482e-09	
14496	2.600500e+00	6.640925e-09	

Index   time            -i(vdd)         
--------------------------------------------------------------------------------
14497	2.600700e+00	6.641448e-09	
14498	2.600900e+00	6.642012e-09	
14499	2.601100e+00	6.642556e-09	
14500	2.601300e+00	6.643112e-09	
14501	2.601500e+00	6.643655e-09	
14502	2.601700e+00	6.644228e-09	
14503	2.601900e+00	6.644782e-09	
14504	2.602100e+00	6.645359e-09	
14505	2.602300e+00	6.645925e-09	
14506	2.602500e+00	6.646512e-09	
14507	2.602700e+00	6.647090e-09	
14508	2.602900e+00	6.647689e-09	
14509	2.603100e+00	6.648279e-09	
14510	2.603300e+00	6.648889e-09	
14511	2.603500e+00	6.649486e-09	
14512	2.603700e+00	6.650101e-09	
14513	2.603900e+00	6.650709e-09	
14514	2.604100e+00	6.651336e-09	
14515	2.604300e+00	6.651953e-09	
14516	2.604500e+00	6.652587e-09	
14517	2.604700e+00	6.653218e-09	
14518	2.604900e+00	6.653866e-09	
14519	2.605100e+00	6.654508e-09	
14520	2.605300e+00	6.655156e-09	
14521	2.605500e+00	6.655810e-09	
14522	2.605700e+00	6.656468e-09	
14523	2.605900e+00	6.657132e-09	
14524	2.606100e+00	6.657802e-09	
14525	2.606300e+00	6.658470e-09	
14526	2.606500e+00	6.659151e-09	
14527	2.606700e+00	6.659832e-09	
14528	2.606900e+00	6.660519e-09	
14529	2.607100e+00	6.661210e-09	
14530	2.607300e+00	6.661906e-09	
14531	2.607500e+00	6.662599e-09	
14532	2.607700e+00	6.663306e-09	
14533	2.607900e+00	6.664016e-09	
14534	2.608100e+00	6.664735e-09	
14535	2.608300e+00	6.665447e-09	
14536	2.608500e+00	6.666167e-09	
14537	2.608700e+00	6.666890e-09	
14538	2.608900e+00	6.667620e-09	
14539	2.609100e+00	6.668352e-09	
14540	2.609300e+00	6.669094e-09	
14541	2.609500e+00	6.669821e-09	
14542	2.609700e+00	6.670567e-09	
14543	2.609900e+00	6.671313e-09	
14544	2.610100e+00	6.672066e-09	
14545	2.610300e+00	6.672819e-09	
14546	2.610500e+00	6.673576e-09	
14547	2.610700e+00	6.674334e-09	
14548	2.610900e+00	6.675096e-09	
14549	2.611100e+00	6.675860e-09	
14550	2.611111e+00	6.675925e-09	
14551	2.611131e+00	6.675986e-09	
14552	2.611171e+00	6.676099e-09	
14553	2.611251e+00	6.676306e-09	
14554	2.611411e+00	6.676615e-09	

Index   time            -i(vdd)         
--------------------------------------------------------------------------------
14555	2.611611e+00	6.676923e-09	
14556	2.611811e+00	6.677138e-09	
14557	2.612011e+00	6.677348e-09	
14558	2.612211e+00	6.677535e-09	
14559	2.612411e+00	6.677729e-09	
14560	2.612611e+00	6.677922e-09	
14561	2.612811e+00	6.678115e-09	
14562	2.613011e+00	6.678303e-09	
14563	2.613211e+00	6.678504e-09	
14564	2.613411e+00	6.678697e-09	
14565	2.613611e+00	6.678890e-09	
14566	2.613811e+00	6.679084e-09	
14567	2.614011e+00	6.679279e-09	
14568	2.614211e+00	6.679472e-09	
14569	2.614411e+00	6.679667e-09	
14570	2.614611e+00	6.679850e-09	
14571	2.614811e+00	6.680043e-09	
14572	2.615011e+00	6.680222e-09	
14573	2.615211e+00	6.680399e-09	
14574	2.615411e+00	6.680562e-09	
14575	2.615611e+00	6.680721e-09	
14576	2.615811e+00	6.680854e-09	
14577	2.616011e+00	6.680969e-09	
14578	2.616211e+00	6.681039e-09	
14579	2.616411e+00	6.681054e-09	
14580	2.616611e+00	6.680972e-09	
14581	2.616811e+00	6.680763e-09	
14582	2.617011e+00	6.680302e-09	
14583	2.617211e+00	6.679474e-09	
14584	2.617411e+00	6.678021e-09	
14585	2.617611e+00	6.675583e-09	
14586	2.617811e+00	6.671456e-09	
14587	2.618011e+00	6.663937e-09	
14588	2.618211e+00	6.651127e-09	
14589	2.618411e+00	6.636607e-09	
14590	2.618611e+00	6.613502e-09	
14591	2.618811e+00	6.586285e-09	
14592	2.619011e+00	6.557096e-09	
14593	2.619211e+00	6.513380e-09	
14594	2.619411e+00	6.450913e-09	
14595	2.619611e+00	6.384965e-09	
14596	2.619811e+00	6.330112e-09	
14597	2.620011e+00	6.289825e-09	
14598	2.620211e+00	6.261794e-09	
14599	2.620411e+00	6.242483e-09	
14600	2.620611e+00	6.229063e-09	
14601	2.620811e+00	6.219555e-09	
14602	2.621011e+00	6.212640e-09	
14603	2.621211e+00	6.207496e-09	
14604	2.621411e+00	6.203566e-09	
14605	2.621611e+00	6.200525e-09	
14606	2.621811e+00	6.198085e-09	
14607	2.622011e+00	6.196111e-09	
14608	2.622211e+00	6.194454e-09	
14609	2.622222e+00	6.194396e-09	
14610	2.622242e+00	6.194219e-09	
14611	2.622282e+00	6.193838e-09	
14612	2.622362e+00	6.193056e-09	

Index   time            -i(vdd)         
--------------------------------------------------------------------------------
14613	2.622522e+00	6.191417e-09	
14614	2.622722e+00	6.189438e-09	
14615	2.622922e+00	6.187547e-09	
14616	2.623122e+00	6.185790e-09	
14617	2.623322e+00	6.184127e-09	
14618	2.623522e+00	6.182566e-09	
14619	2.623722e+00	6.181083e-09	
14620	2.623922e+00	6.179683e-09	
14621	2.624122e+00	6.178340e-09	
14622	2.624322e+00	6.177064e-09	
14623	2.624522e+00	6.175830e-09	
14624	2.624722e+00	6.174650e-09	
14625	2.624922e+00	6.173504e-09	
14626	2.625122e+00	6.172415e-09	
14627	2.625322e+00	6.171347e-09	
14628	2.625522e+00	6.170325e-09	
14629	2.625722e+00	6.169332e-09	
14630	2.625922e+00	6.168388e-09	
14631	2.626122e+00	6.167461e-09	
14632	2.626322e+00	6.166584e-09	
14633	2.626522e+00	6.165739e-09	
14634	2.626722e+00	6.164939e-09	
14635	2.626922e+00	6.164181e-09	
14636	2.627122e+00	6.163483e-09	
14637	2.627322e+00	6.162842e-09	
14638	2.627522e+00	6.162288e-09	
14639	2.627722e+00	6.161816e-09	
14640	2.627922e+00	6.161474e-09	
14641	2.628122e+00	6.161274e-09	
14642	2.628322e+00	6.161277e-09	
14643	2.628522e+00	6.161524e-09	
14644	2.628722e+00	6.162113e-09	
14645	2.628922e+00	6.163128e-09	
14646	2.629122e+00	6.164683e-09	
14647	2.629322e+00	6.166923e-09	
14648	2.629522e+00	6.170032e-09	
14649	2.629722e+00	6.174221e-09	
14650	2.629922e+00	6.179804e-09	
14651	2.630122e+00	6.187147e-09	
14652	2.630322e+00	6.196771e-09	
14653	2.630522e+00	6.209302e-09	
14654	2.630722e+00	6.225613e-09	
14655	2.630922e+00	6.246794e-09	
14656	2.631122e+00	6.274405e-09	
14657	2.631322e+00	6.310480e-09	
14658	2.631522e+00	6.357277e-09	
14659	2.631722e+00	6.415570e-09	
14660	2.631922e+00	6.481648e-09	
14661	2.632122e+00	6.546165e-09	
14662	2.632322e+00	6.598819e-09	
14663	2.632522e+00	6.634763e-09	
14664	2.632722e+00	6.656085e-09	
14665	2.632922e+00	6.667549e-09	
14666	2.633122e+00	6.672765e-09	
14667	2.633322e+00	6.673701e-09	
14668	2.633333e+00	6.673630e-09	
14669	2.633353e+00	6.673540e-09	
14670	2.633393e+00	6.673251e-09	

Index   time            -i(vdd)         
--------------------------------------------------------------------------------
14671	2.633473e+00	6.672408e-09	
14672	2.633633e+00	6.669813e-09	
14673	2.633833e+00	6.665833e-09	
14674	2.634033e+00	6.661891e-09	
14675	2.634233e+00	6.658566e-09	
14676	2.634433e+00	6.656102e-09	
14677	2.634633e+00	6.654737e-09	
14678	2.634833e+00	6.653319e-09	
14679	2.635033e+00	6.651357e-09	
14680	2.635233e+00	6.649019e-09	
14681	2.635433e+00	6.648224e-09	
14682	2.635633e+00	6.647603e-09	
14683	2.635833e+00	6.647035e-09	
14684	2.636033e+00	6.646548e-09	
14685	2.636233e+00	6.646163e-09	
14686	2.636433e+00	6.645841e-09	
14687	2.636633e+00	6.645589e-09	
14688	2.636833e+00	6.645376e-09	
14689	2.637033e+00	6.645208e-09	
14690	2.637233e+00	6.645070e-09	
14691	2.637433e+00	6.644964e-09	
14692	2.637633e+00	6.644876e-09	
14693	2.637833e+00	6.644813e-09	
14694	2.638033e+00	6.644758e-09	
14695	2.638233e+00	6.644722e-09	
14696	2.638433e+00	6.644689e-09	
14697	2.638633e+00	6.644675e-09	
14698	2.638833e+00	6.644664e-09	
14699	2.639033e+00	6.644673e-09	
14700	2.639233e+00	6.644674e-09	
14701	2.639433e+00	6.644690e-09	
14702	2.639633e+00	6.644703e-09	
14703	2.639833e+00	6.644732e-09	
14704	2.640033e+00	6.644758e-09	
14705	2.640233e+00	6.644794e-09	
14706	2.640433e+00	6.644827e-09	
14707	2.640633e+00	6.644872e-09	
14708	2.640833e+00	6.644912e-09	
14709	2.641033e+00	6.644962e-09	
14710	2.641233e+00	6.645006e-09	
14711	2.641433e+00	6.645070e-09	
14712	2.641633e+00	6.645122e-09	
14713	2.641833e+00	6.645191e-09	
14714	2.642033e+00	6.645251e-09	
14715	2.642233e+00	6.645323e-09	
14716	2.642433e+00	6.645392e-09	
14717	2.642633e+00	6.645469e-09	
14718	2.642833e+00	6.645541e-09	
14719	2.643033e+00	6.645624e-09	
14720	2.643233e+00	6.645705e-09	
14721	2.643433e+00	6.645794e-09	
14722	2.643633e+00	6.645882e-09	
14723	2.643833e+00	6.645974e-09	
14724	2.644033e+00	6.646064e-09	
14725	2.644233e+00	6.646171e-09	
14726	2.644433e+00	6.646272e-09	
14727	2.644444e+00	6.646295e-09	
14728	2.644464e+00	6.646270e-09	

Index   time            -i(vdd)         
--------------------------------------------------------------------------------
14729	2.644504e+00	6.646150e-09	
14730	2.644584e+00	6.645814e-09	
14731	2.644744e+00	6.644790e-09	
14732	2.644944e+00	6.643251e-09	
14733	2.645144e+00	6.641555e-09	
14734	2.645344e+00	6.639845e-09	
14735	2.645544e+00	6.638117e-09	
14736	2.645744e+00	6.636395e-09	
14737	2.645944e+00	6.634677e-09	
14738	2.646144e+00	6.632970e-09	
14739	2.646344e+00	6.631265e-09	
14740	2.646544e+00	6.629573e-09	
14741	2.646744e+00	6.627872e-09	
14742	2.646944e+00	6.626181e-09	
14743	2.647144e+00	6.624468e-09	
14744	2.647344e+00	6.622774e-09	
14745	2.647544e+00	6.621086e-09	
14746	2.647744e+00	6.619440e-09	
14747	2.647944e+00	6.617821e-09	
14748	2.648144e+00	6.616235e-09	
14749	2.648344e+00	6.614657e-09	
14750	2.648544e+00	6.613093e-09	
14751	2.648744e+00	6.611538e-09	
14752	2.648944e+00	6.609999e-09	
14753	2.649144e+00	6.608458e-09	
14754	2.649344e+00	6.606946e-09	
14755	2.649544e+00	6.605434e-09	
14756	2.649744e+00	6.603949e-09	
14757	2.649900e+00	6.602788e-09	
14758	2.649910e+00	6.356114e-09	
14759	2.649930e+00	7.275047e-09	
14760	2.649964e+00	7.795958e-09	
14761	2.649997e+00	7.087313e-09	
14762	2.650000e+00	7.088794e-09	
14763	2.650003e+00	7.339423e-09	
14764	2.650009e+00	7.778926e-09	
14765	2.650021e+00	8.764164e-09	
14766	2.650045e+00	9.203102e-09	
14767	2.650081e+00	8.881182e-09	
14768	2.650135e+00	8.452202e-09	
14769	2.650243e+00	8.070121e-09	
14770	2.650443e+00	7.942159e-09	
14771	2.650643e+00	7.951198e-09	
14772	2.650843e+00	7.889721e-09	
14773	2.651043e+00	7.193432e-09	
14774	2.651243e+00	6.541936e-09	
14775	2.651443e+00	6.522715e-09	
14776	2.651643e+00	6.587551e-09	
14777	2.651843e+00	6.612611e-09	
14778	2.652043e+00	6.614578e-09	
14779	2.652243e+00	6.610908e-09	
14780	2.652443e+00	6.607350e-09	
14781	2.652643e+00	6.604514e-09	
14782	2.652843e+00	6.601781e-09	
14783	2.653043e+00	6.594541e-09	
14784	2.653243e+00	6.586227e-09	
14785	2.653443e+00	6.584867e-09	
14786	2.653643e+00	6.584308e-09	

Index   time            -i(vdd)         
--------------------------------------------------------------------------------
14787	2.653843e+00	6.583620e-09	
14788	2.654043e+00	6.582762e-09	
14789	2.654243e+00	6.581761e-09	
14790	2.654443e+00	6.580679e-09	
14791	2.654643e+00	6.579559e-09	
14792	2.654843e+00	6.578406e-09	
14793	2.655043e+00	6.577253e-09	
14794	2.655243e+00	6.576100e-09	
14795	2.655443e+00	6.574959e-09	
14796	2.655556e+00	6.574322e-09	
14797	2.655576e+00	6.574210e-09	
14798	2.655616e+00	6.573849e-09	
14799	2.655696e+00	6.573103e-09	
14800	2.655856e+00	6.571309e-09	
14801	2.656056e+00	6.568775e-09	
14802	2.656256e+00	6.566010e-09	
14803	2.656456e+00	6.563231e-09	
14804	2.656656e+00	6.560458e-09	
14805	2.656856e+00	6.557748e-09	
14806	2.657056e+00	6.555095e-09	
14807	2.657256e+00	6.552512e-09	
14808	2.657456e+00	6.549997e-09	
14809	2.657656e+00	6.547555e-09	
14810	2.657856e+00	6.545170e-09	
14811	2.658056e+00	6.542857e-09	
14812	2.658256e+00	6.540605e-09	
14813	2.658456e+00	6.538417e-09	
14814	2.658656e+00	6.536287e-09	
14815	2.658856e+00	6.534220e-09	
14816	2.659056e+00	6.532205e-09	
14817	2.659256e+00	6.530252e-09	
14818	2.659456e+00	6.528340e-09	
14819	2.659656e+00	6.526490e-09	
14820	2.659856e+00	6.524683e-09	
14821	2.660056e+00	6.522940e-09	
14822	2.660256e+00	6.521236e-09	
14823	2.660456e+00	6.519578e-09	
14824	2.660656e+00	6.517964e-09	
14825	2.660856e+00	6.516398e-09	
14826	2.661056e+00	6.514869e-09	
14827	2.661256e+00	6.513388e-09	
14828	2.661456e+00	6.511940e-09	
14829	2.661656e+00	6.510542e-09	
14830	2.661856e+00	6.509175e-09	
14831	2.662056e+00	6.507848e-09	
14832	2.662256e+00	6.506550e-09	
14833	2.662456e+00	6.505302e-09	
14834	2.662656e+00	6.504072e-09	
14835	2.662856e+00	6.502882e-09	
14836	2.663056e+00	6.501720e-09	
14837	2.663256e+00	6.500594e-09	
14838	2.663456e+00	6.499496e-09	
14839	2.663656e+00	6.498430e-09	
14840	2.663856e+00	6.497387e-09	
14841	2.664056e+00	6.496375e-09	
14842	2.664256e+00	6.495388e-09	
14843	2.664456e+00	6.494438e-09	
14844	2.664656e+00	6.493498e-09	

Index   time            -i(vdd)         
--------------------------------------------------------------------------------
14845	2.664856e+00	6.492589e-09	
14846	2.665056e+00	6.491704e-09	
14847	2.665256e+00	6.490846e-09	
14848	2.665456e+00	6.490000e-09	
14849	2.665656e+00	6.489183e-09	
14850	2.665856e+00	6.488381e-09	
14851	2.666056e+00	6.487610e-09	
14852	2.666256e+00	6.486850e-09	
14853	2.666456e+00	6.486112e-09	
14854	2.666656e+00	6.485397e-09	
14855	2.666667e+00	6.485376e-09	
14856	2.666687e+00	6.485292e-09	
14857	2.666727e+00	6.485197e-09	
14858	2.666807e+00	6.485055e-09	
14859	2.666967e+00	6.484817e-09	
14860	2.667167e+00	6.484729e-09	
14861	2.667367e+00	6.484779e-09	
14862	2.667567e+00	6.485051e-09	
14863	2.667767e+00	6.485554e-09	
14864	2.667967e+00	6.486319e-09	
14865	2.668167e+00	6.487365e-09	
14866	2.668367e+00	6.488763e-09	
14867	2.668567e+00	6.490532e-09	
14868	2.668767e+00	6.492741e-09	
14869	2.668967e+00	6.495429e-09	
14870	2.669167e+00	6.498651e-09	
14871	2.669367e+00	6.502439e-09	
14872	2.669567e+00	6.506815e-09	
14873	2.669767e+00	6.511746e-09	
14874	2.669967e+00	6.517254e-09	
14875	2.670167e+00	6.523298e-09	
14876	2.670367e+00	6.529904e-09	
14877	2.670567e+00	6.537107e-09	
14878	2.670767e+00	6.544957e-09	
14879	2.670967e+00	6.553505e-09	
14880	2.671167e+00	6.562798e-09	
14881	2.671367e+00	6.572865e-09	
14882	2.671567e+00	6.583733e-09	
14883	2.671767e+00	6.595459e-09	
14884	2.671967e+00	6.608067e-09	
14885	2.672167e+00	6.621505e-09	
14886	2.672367e+00	6.635307e-09	
14887	2.672567e+00	6.645464e-09	
14888	2.672767e+00	6.533713e-09	
14889	2.672967e+00	6.404311e-09	
14890	2.673167e+00	6.370185e-09	
14891	2.673367e+00	6.326418e-09	
14892	2.673567e+00	6.300215e-09	
14893	2.673767e+00	6.292177e-09	
14894	2.673967e+00	6.295734e-09	
14895	2.674167e+00	6.305976e-09	
14896	2.674367e+00	6.320120e-09	
14897	2.674567e+00	6.336801e-09	
14898	2.674767e+00	6.355234e-09	
14899	2.674967e+00	6.374932e-09	
14900	2.675167e+00	6.395558e-09	
14901	2.675367e+00	6.416802e-09	
14902	2.675567e+00	6.438433e-09	

Index   time            -i(vdd)         
--------------------------------------------------------------------------------
14903	2.675767e+00	6.460215e-09	
14904	2.675967e+00	6.481953e-09	
14905	2.676167e+00	6.503455e-09	
14906	2.676367e+00	6.524555e-09	
14907	2.676567e+00	6.545090e-09	
14908	2.676767e+00	6.564937e-09	
14909	2.676967e+00	6.583981e-09	
14910	2.677167e+00	6.602143e-09	
14911	2.677367e+00	6.619349e-09	
14912	2.677567e+00	6.635577e-09	
14913	2.677767e+00	6.650796e-09	
14914	2.677778e+00	6.651631e-09	
14915	2.677798e+00	6.653612e-09	
14916	2.677838e+00	6.657875e-09	
14917	2.677918e+00	6.666303e-09	
14918	2.678078e+00	6.681883e-09	
14919	2.678278e+00	6.699290e-09	
14920	2.678478e+00	6.714556e-09	
14921	2.678678e+00	6.727984e-09	
14922	2.678878e+00	6.739855e-09	
14923	2.679078e+00	6.750426e-09	
14924	2.679278e+00	6.759927e-09	
14925	2.679478e+00	6.768592e-09	
14926	2.679678e+00	6.776586e-09	
14927	2.679878e+00	6.784076e-09	
14928	2.680000e+00	6.788474e-09	
14929	2.680010e+00	6.796278e-09	
14930	2.680030e+00	6.798266e-09	
14931	2.680070e+00	6.788469e-09	
14932	2.680100e+00	6.770460e-09	
14933	2.680108e+00	6.764776e-09	
14934	2.680124e+00	6.759444e-09	
14935	2.680156e+00	6.756534e-09	
14936	2.680220e+00	6.756803e-09	
14937	2.680348e+00	6.760484e-09	
14938	2.680548e+00	6.767168e-09	
14939	2.680748e+00	6.773969e-09	
14940	2.680948e+00	6.780840e-09	
14941	2.681148e+00	6.787949e-09	
14942	2.681348e+00	6.795439e-09	
14943	2.681548e+00	6.803496e-09	
14944	2.681748e+00	6.812278e-09	
14945	2.681948e+00	6.821943e-09	
14946	2.682148e+00	6.832540e-09	
14947	2.682348e+00	6.844004e-09	
14948	2.682548e+00	6.856084e-09	
14949	2.682748e+00	6.868595e-09	
14950	2.682948e+00	6.881467e-09	
14951	2.683148e+00	6.894856e-09	
14952	2.683348e+00	6.908904e-09	
14953	2.683548e+00	6.923667e-09	
14954	2.683748e+00	6.938599e-09	
14955	2.683948e+00	6.947714e-09	
14956	2.684148e+00	6.773519e-09	
14957	2.684348e+00	7.390073e-09	
14958	2.684373e+00	7.286762e-09	
14959	2.684423e+00	7.144707e-09	
14960	2.684523e+00	7.005899e-09	

Index   time            -i(vdd)         
--------------------------------------------------------------------------------
14961	2.684636e+00	7.021909e-09	
14962	2.684806e+00	6.891450e-09	
14963	2.684986e+00	6.845481e-09	
14964	2.685011e+00	6.846416e-09	
14965	2.685017e+00	6.845302e-09	
14966	2.685030e+00	6.842851e-09	
14967	2.685055e+00	6.851231e-09	
14968	2.685105e+00	6.989242e-09	
14969	2.685117e+00	7.218557e-09	
14970	2.685142e+00	7.262448e-09	
14971	2.685146e+00	6.967662e-09	
14972	2.685154e+00	6.908700e-09	
14973	2.685171e+00	6.903789e-09	
14974	2.685203e+00	6.881550e-09	
14975	2.685268e+00	6.907002e-09	
14976	2.685365e+00	6.880522e-09	
14977	2.685538e+00	6.910648e-09	
14978	2.685738e+00	6.872683e-09	
14979	2.685938e+00	6.812406e-09	
14980	2.686138e+00	6.760683e-09	
14981	2.686338e+00	6.723969e-09	
14982	2.686538e+00	6.699573e-09	
14983	2.686738e+00	6.682566e-09	
14984	2.686938e+00	6.669685e-09	
14985	2.687138e+00	6.658078e-09	
14986	2.687338e+00	6.646019e-09	
14987	2.687538e+00	6.632730e-09	
14988	2.687738e+00	6.618352e-09	
14989	2.687938e+00	6.603516e-09	
14990	2.688138e+00	6.589002e-09	
14991	2.688338e+00	6.575413e-09	
14992	2.688538e+00	6.563113e-09	
14993	2.688738e+00	6.552153e-09	
14994	2.688889e+00	6.544769e-09	
14995	2.688909e+00	6.545469e-09	
14996	2.688949e+00	6.545910e-09	
14997	2.689029e+00	6.546151e-09	
14998	2.689189e+00	6.545351e-09	
14999	2.689389e+00	6.542714e-09	
15000	2.689589e+00	6.538572e-09	
15001	2.689789e+00	6.533361e-09	
15002	2.689989e+00	6.527441e-09	
15003	2.690189e+00	6.521164e-09	
15004	2.690389e+00	6.514740e-09	
15005	2.690589e+00	6.508397e-09	
15006	2.690789e+00	6.502233e-09	
15007	2.690989e+00	6.496363e-09	
15008	2.691189e+00	6.490827e-09	
15009	2.691389e+00	6.485665e-09	
15010	2.691589e+00	6.480892e-09	
15011	2.691789e+00	6.476498e-09	
15012	2.691989e+00	6.472486e-09	
15013	2.692189e+00	6.468849e-09	
15014	2.692389e+00	6.465559e-09	
15015	2.692589e+00	6.462607e-09	
15016	2.692789e+00	6.459978e-09	
15017	2.692989e+00	6.457655e-09	
15018	2.693189e+00	6.455625e-09	

Index   time            -i(vdd)         
--------------------------------------------------------------------------------
15019	2.693389e+00	6.453862e-09	
15020	2.693589e+00	6.452347e-09	
15021	2.693789e+00	6.451083e-09	
15022	2.693989e+00	6.450032e-09	
15023	2.694189e+00	6.449185e-09	
15024	2.694389e+00	6.448510e-09	
15025	2.694589e+00	6.448010e-09	
15026	2.694789e+00	6.447633e-09	
15027	2.694989e+00	6.447393e-09	
15028	2.695189e+00	6.447243e-09	
15029	2.695389e+00	6.447183e-09	
15030	2.695589e+00	6.447177e-09	
15031	2.695789e+00	6.447209e-09	
15032	2.695989e+00	6.447260e-09	
15033	2.696189e+00	6.447316e-09	
15034	2.696389e+00	6.447340e-09	
15035	2.696589e+00	6.447327e-09	
15036	2.696789e+00	6.447247e-09	
15037	2.696989e+00	6.447108e-09	
15038	2.697189e+00	6.446860e-09	
15039	2.697389e+00	6.446509e-09	
15040	2.697589e+00	6.446022e-09	
15041	2.697789e+00	6.445417e-09	
15042	2.697989e+00	6.444658e-09	
15043	2.698189e+00	6.443751e-09	
15044	2.698389e+00	6.442687e-09	
15045	2.698589e+00	6.441457e-09	
15046	2.698789e+00	6.440052e-09	
15047	2.698989e+00	6.438493e-09	
15048	2.699189e+00	6.436751e-09	
15049	2.699389e+00	6.434850e-09	
15050	2.699589e+00	6.432793e-09	
15051	2.699789e+00	6.430574e-09	
15052	2.699900e+00	6.429273e-09	
15053	2.699910e+00	6.223829e-09	
15054	2.699930e+00	6.918849e-09	
15055	2.699935e+00	8.127358e-09	
15056	2.699936e+00	8.543775e-09	
15057	2.699939e+00	9.481175e-09	
15058	2.699942e+00	1.630297e-07	
15059	2.699945e+00	4.476782e-08	
15060	2.699947e+00	-9.46221e-09	
15061	2.699949e+00	6.505678e-09	
15062	2.699950e+00	9.954095e-09	
15063	2.699953e+00	1.040427e-08	
15064	2.699956e+00	1.032899e-08	
15065	2.699960e+00	1.020519e-08	
15066	2.699962e+00	1.074801e-08	
15067	2.699963e+00	1.033448e-08	
15068	2.699964e+00	7.432076e-09	
15069	2.699965e+00	7.323728e-09	
15070	2.699966e+00	6.840075e-09	
15071	2.699967e+00	6.814706e-09	
15072	2.699967e+00	6.846667e-09	
15073	2.699968e+00	6.861659e-09	
15074	2.699968e+00	6.863843e-09	
15075	2.699969e+00	6.857340e-09	
15076	2.699970e+00	6.850924e-09	

Index   time            -i(vdd)         
--------------------------------------------------------------------------------
15077	2.699972e+00	6.842808e-09	
15078	2.699976e+00	6.833680e-09	
15079	2.699985e+00	6.824045e-09	
15080	2.700000e+00	6.811353e-09	
15081	2.700002e+00	6.944608e-09	
15082	2.700005e+00	6.949095e-09	
15083	2.700012e+00	6.961340e-09	
15084	2.700025e+00	7.002883e-09	
15085	2.700053e+00	7.184263e-09	
15086	2.700107e+00	1.308927e-07	
15087	2.700164e+00	2.246880e-07	
15088	2.700212e+00	2.240648e-07	
15089	2.700246e+00	2.242339e-07	
15090	2.700278e+00	2.242381e-07	
15091	2.700343e+00	2.242268e-07	
15092	2.700472e+00	2.241823e-07	
15093	2.700672e+00	2.240926e-07	
15094	2.700872e+00	2.200059e-07	
15095	2.701072e+00	2.174335e-07	
15096	2.701272e+00	2.173772e-07	
15097	2.701472e+00	2.173052e-07	
15098	2.701672e+00	2.172095e-07	
15099	2.701872e+00	2.170870e-07	
15100	2.702072e+00	2.168745e-07	
15101	2.702272e+00	2.152521e-07	
15102	2.702472e+00	2.157775e-07	
15103	2.702672e+00	2.242885e-07	
15104	2.702843e+00	2.335337e-07	
15105	2.703009e+00	2.486951e-07	
15106	2.703160e+00	2.715525e-07	
15107	2.703360e+00	3.237200e-07	
15108	2.703560e+00	4.150677e-07	
15109	2.703760e+00	5.660231e-07	
15110	2.703960e+00	7.986805e-07	
15111	2.704160e+00	1.129185e-06	
15112	2.704360e+00	1.531012e-06	
15113	2.704560e+00	1.928729e-06	
15114	2.704740e+00	2.268255e-06	
15115	2.704940e+00	2.640325e-06	
15116	2.705000e+00	2.752643e-06	
15117	2.705010e+00	2.698322e-06	
15118	2.705030e+00	1.678694e-06	
15119	2.705049e+00	2.876418e-07	
15120	2.705068e+00	1.179268e-08	
15121	2.705084e+00	7.969914e-09	
15122	2.705095e+00	7.781648e-09	
15123	2.705100e+00	7.688357e-09	
15124	2.705101e+00	7.431234e-09	
15125	2.705103e+00	7.380994e-09	
15126	2.705108e+00	7.292471e-09	
15127	2.705117e+00	7.149048e-09	
15128	2.705135e+00	6.947976e-09	
15129	2.705171e+00	6.725256e-09	
15130	2.705227e+00	6.543558e-09	
15131	2.705319e+00	6.420277e-09	
15132	2.705504e+00	6.402028e-09	
15133	2.705704e+00	6.922021e-09	
15134	2.705904e+00	9.317752e-09	

Index   time            -i(vdd)         
--------------------------------------------------------------------------------
15135	2.706104e+00	9.294657e-09	
15136	2.706304e+00	9.274151e-09	
15137	2.706504e+00	9.257715e-09	
15138	2.706704e+00	9.555889e-09	
15139	2.706904e+00	8.224687e-09	
15140	2.707104e+00	7.303418e-09	
15141	2.707304e+00	8.059151e-09	
15142	2.707504e+00	7.214102e-09	
15143	2.707704e+00	7.134704e-09	
15144	2.707904e+00	7.055600e-09	
15145	2.708104e+00	6.992053e-09	
15146	2.708304e+00	6.933427e-09	
15147	2.708504e+00	6.875144e-09	
15148	2.708704e+00	6.816851e-09	
15149	2.708904e+00	6.756730e-09	
15150	2.709104e+00	6.701944e-09	
15151	2.709304e+00	6.655635e-09	
15152	2.709504e+00	6.614694e-09	
15153	2.709704e+00	6.578256e-09	
15154	2.709904e+00	6.545714e-09	
15155	2.710104e+00	6.516432e-09	
15156	2.710304e+00	6.489739e-09	
15157	2.710504e+00	6.465014e-09	
15158	2.710704e+00	6.441703e-09	
15159	2.710904e+00	6.419469e-09	
15160	2.711104e+00	6.398732e-09	
15161	2.711111e+00	6.398062e-09	
15162	2.711125e+00	6.396907e-09	
15163	2.711154e+00	6.395048e-09	
15164	2.711210e+00	6.391775e-09	
15165	2.711324e+00	6.388160e-09	
15166	2.711524e+00	6.437528e-09	
15167	2.711724e+00	6.856490e-09	
15168	2.711924e+00	6.957395e-09	
15169	2.712124e+00	7.427107e-09	
15170	2.712324e+00	7.874436e-09	
15171	2.712346e+00	7.881034e-09	
15172	2.712391e+00	8.035220e-09	
15173	2.712480e+00	8.400096e-09	
15174	2.712617e+00	8.436070e-09	
15175	2.712817e+00	8.207075e-09	
15176	2.713017e+00	8.005565e-09	
15177	2.713217e+00	7.878352e-09	
15178	2.713417e+00	7.806851e-09	
15179	2.713617e+00	7.795852e-09	
15180	2.713817e+00	7.805865e-09	
15181	2.714017e+00	7.813072e-09	
15182	2.714217e+00	7.814239e-09	
15183	2.714417e+00	7.803638e-09	
15184	2.714617e+00	7.784108e-09	
15185	2.714817e+00	7.759567e-09	
15186	2.715017e+00	7.752676e-09	
15187	2.715042e+00	7.760815e-09	
15188	2.715092e+00	7.823616e-09	
15189	2.715192e+00	8.067998e-09	
15190	2.715211e+00	7.905488e-09	
15191	2.715249e+00	7.757460e-09	
15192	2.715325e+00	7.695806e-09	

Index   time            -i(vdd)         
--------------------------------------------------------------------------------
15193	2.715477e+00	7.655981e-09	
15194	2.715677e+00	7.612860e-09	
15195	2.715877e+00	7.581429e-09	
15196	2.716077e+00	7.552798e-09	
15197	2.716277e+00	7.525120e-09	
15198	2.716477e+00	7.498369e-09	
15199	2.716677e+00	7.472490e-09	
15200	2.716877e+00	7.447380e-09	
15201	2.717077e+00	7.422919e-09	
15202	2.717277e+00	7.399066e-09	
15203	2.717477e+00	7.375787e-09	
15204	2.717677e+00	7.353090e-09	
15205	2.717877e+00	7.331003e-09	
15206	2.718077e+00	7.309549e-09	
15207	2.718277e+00	7.288758e-09	
15208	2.718477e+00	7.268670e-09	
15209	2.718677e+00	7.249292e-09	
15210	2.718877e+00	7.230673e-09	
15211	2.719077e+00	7.212815e-09	
15212	2.719277e+00	7.195743e-09	
15213	2.719477e+00	7.179442e-09	
15214	2.719677e+00	7.163933e-09	
15215	2.719877e+00	7.149183e-09	
15216	2.720077e+00	7.135183e-09	
15217	2.720277e+00	7.121885e-09	
15218	2.720477e+00	7.109273e-09	
15219	2.720677e+00	7.097268e-09	
15220	2.720877e+00	7.085830e-09	
15221	2.721077e+00	7.074859e-09	
15222	2.721277e+00	7.064243e-09	
15223	2.721477e+00	7.053796e-09	
15224	2.721677e+00	7.043238e-09	
15225	2.721877e+00	7.032115e-09	
15226	2.722077e+00	7.019742e-09	
15227	2.722222e+00	7.009348e-09	
15228	2.722242e+00	7.007736e-09	
15229	2.722282e+00	7.004383e-09	
15230	2.722362e+00	6.997073e-09	
15231	2.722522e+00	6.979813e-09	
15232	2.722722e+00	6.953129e-09	
15233	2.722922e+00	6.921244e-09	
15234	2.723122e+00	6.886243e-09	
15235	2.723322e+00	6.851090e-09	
15236	2.723522e+00	6.818544e-09	
15237	2.723722e+00	6.790301e-09	
15238	2.723922e+00	6.766929e-09	
15239	2.724122e+00	6.748132e-09	
15240	2.724322e+00	6.733199e-09	
15241	2.724522e+00	6.721295e-09	
15242	2.724722e+00	6.711667e-09	
15243	2.724922e+00	6.703707e-09	
15244	2.725122e+00	6.696941e-09	
15245	2.725322e+00	6.691020e-09	
15246	2.725522e+00	6.685741e-09	
15247	2.725722e+00	6.680902e-09	
15248	2.725922e+00	6.676425e-09	
15249	2.726122e+00	6.672204e-09	
15250	2.726322e+00	6.668212e-09	

Index   time            -i(vdd)         
--------------------------------------------------------------------------------
15251	2.726522e+00	6.664395e-09	
15252	2.726722e+00	6.660727e-09	
15253	2.726922e+00	6.657204e-09	
15254	2.727122e+00	6.653804e-09	
15255	2.727322e+00	6.650509e-09	
15256	2.727522e+00	6.647320e-09	
15257	2.727722e+00	6.644231e-09	
15258	2.727922e+00	6.641233e-09	
15259	2.728122e+00	6.638316e-09	
15260	2.728322e+00	6.635494e-09	
15261	2.728522e+00	6.632738e-09	
15262	2.728722e+00	6.630059e-09	
15263	2.728922e+00	6.627446e-09	
15264	2.729122e+00	6.624913e-09	
15265	2.729322e+00	6.622436e-09	
15266	2.729522e+00	6.620032e-09	
15267	2.729722e+00	6.617679e-09	
15268	2.729922e+00	6.615394e-09	
15269	2.730122e+00	6.613152e-09	
15270	2.730322e+00	6.610977e-09	
15271	2.730522e+00	6.608849e-09	
15272	2.730722e+00	6.606767e-09	
15273	2.730922e+00	6.604736e-09	
15274	2.731122e+00	6.602758e-09	
15275	2.731322e+00	6.600813e-09	
15276	2.731522e+00	6.598925e-09	
15277	2.731722e+00	6.597074e-09	
15278	2.731922e+00	6.595264e-09	
15279	2.732122e+00	6.593497e-09	
15280	2.732322e+00	6.591764e-09	
15281	2.732522e+00	6.590074e-09	
15282	2.732722e+00	6.588416e-09	
15283	2.732922e+00	6.586792e-09	
15284	2.733122e+00	6.585212e-09	
15285	2.733322e+00	6.583653e-09	
15286	2.733333e+00	6.583582e-09	
15287	2.733353e+00	6.583445e-09	
15288	2.733393e+00	6.583153e-09	
15289	2.733473e+00	6.582635e-09	
15290	2.733633e+00	6.581694e-09	
15291	2.733833e+00	6.580674e-09	
15292	2.734033e+00	6.579712e-09	
15293	2.734233e+00	6.578801e-09	
15294	2.734433e+00	6.577893e-09	
15295	2.734633e+00	6.577010e-09	
15296	2.734833e+00	6.576121e-09	
15297	2.735033e+00	6.575258e-09	
15298	2.735233e+00	6.574413e-09	
15299	2.735433e+00	6.573585e-09	
15300	2.735633e+00	6.572763e-09	
15301	2.735833e+00	6.571974e-09	
15302	2.736033e+00	6.571198e-09	
15303	2.736233e+00	6.570443e-09	
15304	2.736433e+00	6.569702e-09	
15305	2.736633e+00	6.568981e-09	
15306	2.736833e+00	6.568271e-09	
15307	2.737033e+00	6.567585e-09	
15308	2.737233e+00	6.566906e-09	

Index   time            -i(vdd)         
--------------------------------------------------------------------------------
15309	2.737433e+00	6.566252e-09	
15310	2.737633e+00	6.565607e-09	
15311	2.737833e+00	6.564985e-09	
15312	2.738033e+00	6.564367e-09	
15313	2.738233e+00	6.563770e-09	
15314	2.738433e+00	6.563186e-09	
15315	2.738633e+00	6.562614e-09	
15316	2.738833e+00	6.562052e-09	
15317	2.739033e+00	6.561511e-09	
15318	2.739233e+00	6.560974e-09	
15319	2.739433e+00	6.560455e-09	
15320	2.739633e+00	6.559945e-09	
15321	2.739833e+00	6.559454e-09	
15322	2.740033e+00	6.558959e-09	
15323	2.740233e+00	6.558490e-09	
15324	2.740433e+00	6.558021e-09	
15325	2.740633e+00	6.557574e-09	
15326	2.740833e+00	6.557128e-09	
15327	2.741033e+00	6.556700e-09	
15328	2.741233e+00	6.556269e-09	
15329	2.741433e+00	6.555858e-09	
15330	2.741633e+00	6.555451e-09	
15331	2.741833e+00	6.555060e-09	
15332	2.742033e+00	6.554669e-09	
15333	2.742233e+00	6.554295e-09	
15334	2.742433e+00	6.553930e-09	
15335	2.742633e+00	6.553566e-09	
15336	2.742833e+00	6.553213e-09	
15337	2.743033e+00	6.552875e-09	
15338	2.743233e+00	6.552528e-09	
15339	2.743433e+00	6.552204e-09	
15340	2.743633e+00	6.551880e-09	
15341	2.743833e+00	6.551571e-09	
15342	2.744033e+00	6.551256e-09	
15343	2.744233e+00	6.550965e-09	
15344	2.744433e+00	6.550666e-09	
15345	2.744444e+00	6.550660e-09	
15346	2.744464e+00	6.550640e-09	
15347	2.744504e+00	6.550579e-09	
15348	2.744584e+00	6.550488e-09	
15349	2.744744e+00	6.550306e-09	
15350	2.744944e+00	6.550154e-09	
15351	2.745144e+00	6.549990e-09	
15352	2.745344e+00	6.549851e-09	
15353	2.745544e+00	6.549716e-09	
15354	2.745744e+00	6.549592e-09	
15355	2.745944e+00	6.549471e-09	
15356	2.746144e+00	6.549357e-09	
15357	2.746344e+00	6.549244e-09	
15358	2.746544e+00	6.549146e-09	
15359	2.746744e+00	6.549047e-09	
15360	2.746944e+00	6.548961e-09	
15361	2.747144e+00	6.548879e-09	
15362	2.747344e+00	6.548803e-09	
15363	2.747544e+00	6.548730e-09	
15364	2.747744e+00	6.548664e-09	
15365	2.747944e+00	6.548599e-09	
15366	2.748144e+00	6.548551e-09	

Index   time            -i(vdd)         
--------------------------------------------------------------------------------
15367	2.748344e+00	6.548500e-09	
15368	2.748544e+00	6.548462e-09	
15369	2.748744e+00	6.548416e-09	
15370	2.748944e+00	6.548394e-09	
15371	2.749144e+00	6.548362e-09	
15372	2.749344e+00	6.548337e-09	
15373	2.749544e+00	6.548324e-09	
15374	2.749744e+00	6.548311e-09	
15375	2.749944e+00	6.548300e-09	
15376	2.750144e+00	6.548303e-09	
15377	2.750344e+00	6.548303e-09	
15378	2.750544e+00	6.548313e-09	
15379	2.750744e+00	6.548323e-09	
15380	2.750944e+00	6.548343e-09	
15381	2.751144e+00	6.548359e-09	
15382	2.751344e+00	6.548387e-09	
15383	2.751544e+00	6.548419e-09	
15384	2.751744e+00	6.548452e-09	
15385	2.751944e+00	6.548492e-09	
15386	2.752144e+00	6.548537e-09	
15387	2.752344e+00	6.548580e-09	
15388	2.752544e+00	6.548636e-09	
15389	2.752744e+00	6.548692e-09	
15390	2.752944e+00	6.548755e-09	
15391	2.753144e+00	6.548811e-09	
15392	2.753344e+00	6.548885e-09	
15393	2.753544e+00	6.548956e-09	
15394	2.753744e+00	6.549033e-09	
15395	2.753944e+00	6.549108e-09	
15396	2.754144e+00	6.549198e-09	
15397	2.754344e+00	6.549286e-09	
15398	2.754544e+00	6.549374e-09	
15399	2.754744e+00	6.549472e-09	
15400	2.754944e+00	6.549567e-09	
15401	2.755144e+00	6.549674e-09	
15402	2.755344e+00	6.549775e-09	
15403	2.755544e+00	6.549883e-09	
15404	2.755556e+00	6.549895e-09	
15405	2.755576e+00	6.549900e-09	
15406	2.755616e+00	6.549857e-09	
15407	2.755696e+00	6.549706e-09	
15408	2.755856e+00	6.549191e-09	
15409	2.756056e+00	6.548380e-09	
15410	2.756256e+00	6.547446e-09	
15411	2.756456e+00	6.546492e-09	
15412	2.756656e+00	6.545533e-09	
15413	2.756856e+00	6.544592e-09	
15414	2.757056e+00	6.543647e-09	
15415	2.757256e+00	6.542710e-09	
15416	2.757456e+00	6.541770e-09	
15417	2.757656e+00	6.540846e-09	
15418	2.757856e+00	6.539918e-09	
15419	2.758056e+00	6.538999e-09	
15420	2.758256e+00	6.538083e-09	
15421	2.758456e+00	6.537172e-09	
15422	2.758656e+00	6.536267e-09	
15423	2.758856e+00	6.535371e-09	
15424	2.759056e+00	6.534483e-09	

Index   time            -i(vdd)         
--------------------------------------------------------------------------------
15425	2.759256e+00	6.533593e-09	
15426	2.759456e+00	6.532712e-09	
15427	2.759656e+00	6.531840e-09	
15428	2.759856e+00	6.530969e-09	
15429	2.760056e+00	6.530104e-09	
15430	2.760256e+00	6.529241e-09	
15431	2.760456e+00	6.528383e-09	
15432	2.760656e+00	6.527535e-09	
15433	2.760856e+00	6.526692e-09	
15434	2.761056e+00	6.525850e-09	
15435	2.761256e+00	6.525022e-09	
15436	2.761456e+00	6.524187e-09	
15437	2.761656e+00	6.523365e-09	
15438	2.761856e+00	6.522544e-09	
15439	2.762056e+00	6.521737e-09	
15440	2.762256e+00	6.520924e-09	
15441	2.762456e+00	6.520122e-09	
15442	2.762656e+00	6.519324e-09	
15443	2.762856e+00	6.518531e-09	
15444	2.763056e+00	6.517743e-09	
15445	2.763256e+00	6.516958e-09	
15446	2.763456e+00	6.516176e-09	
15447	2.763656e+00	6.515404e-09	
15448	2.763856e+00	6.514636e-09	
15449	2.764056e+00	6.513871e-09	
15450	2.764256e+00	6.513110e-09	
15451	2.764456e+00	6.512359e-09	
15452	2.764656e+00	6.511603e-09	
15453	2.764856e+00	6.510863e-09	
15454	2.765056e+00	6.510118e-09	
15455	2.765256e+00	6.509386e-09	
15456	2.765456e+00	6.508654e-09	
15457	2.765656e+00	6.507931e-09	
15458	2.765856e+00	6.507206e-09	
15459	2.766056e+00	6.506489e-09	
15460	2.766256e+00	6.505775e-09	
15461	2.766456e+00	6.505068e-09	
15462	2.766656e+00	6.504363e-09	
15463	2.766667e+00	6.504338e-09	
15464	2.766687e+00	6.504283e-09	
15465	2.766727e+00	6.504175e-09	
15466	2.766807e+00	6.504001e-09	
15467	2.766967e+00	6.503755e-09	
15468	2.767167e+00	6.503653e-09	
15469	2.767367e+00	6.503621e-09	
15470	2.767567e+00	6.503662e-09	
15471	2.767767e+00	6.503724e-09	
15472	2.767967e+00	6.503811e-09	
15473	2.768167e+00	6.503893e-09	
15474	2.768367e+00	6.503987e-09	
15475	2.768567e+00	6.504079e-09	
15476	2.768767e+00	6.504179e-09	
15477	2.768967e+00	6.504283e-09	
15478	2.769167e+00	6.504397e-09	
15479	2.769367e+00	6.504498e-09	
15480	2.769567e+00	6.504617e-09	
15481	2.769767e+00	6.504725e-09	
15482	2.769967e+00	6.504843e-09	

Index   time            -i(vdd)         
--------------------------------------------------------------------------------
15483	2.770167e+00	6.504962e-09	
15484	2.770367e+00	6.505088e-09	
15485	2.770567e+00	6.505212e-09	
15486	2.770767e+00	6.505340e-09	
15487	2.770967e+00	6.505462e-09	
15488	2.771167e+00	6.505601e-09	
15489	2.771367e+00	6.505725e-09	
15490	2.771567e+00	6.505864e-09	
15491	2.771767e+00	6.505997e-09	
15492	2.771967e+00	6.506140e-09	
15493	2.772167e+00	6.506276e-09	
15494	2.772367e+00	6.506426e-09	
15495	2.772567e+00	6.506567e-09	
15496	2.772767e+00	6.506715e-09	
15497	2.772967e+00	6.506861e-09	
15498	2.773167e+00	6.507018e-09	
15499	2.773367e+00	6.507163e-09	
15500	2.773567e+00	6.507322e-09	
15501	2.773767e+00	6.507475e-09	
15502	2.773967e+00	6.507639e-09	
15503	2.774167e+00	6.507794e-09	
15504	2.774367e+00	6.507958e-09	
15505	2.774567e+00	6.508122e-09	
15506	2.774767e+00	6.508289e-09	
15507	2.774967e+00	6.508454e-09	
15508	2.775167e+00	6.508627e-09	
15509	2.775367e+00	6.508792e-09	
15510	2.775567e+00	6.508971e-09	
15511	2.775767e+00	6.509142e-09	
15512	2.775967e+00	6.509324e-09	
15513	2.776167e+00	6.509500e-09	
15514	2.776367e+00	6.509683e-09	
15515	2.776567e+00	6.509865e-09	
15516	2.776767e+00	6.510048e-09	
15517	2.776967e+00	6.510232e-09	
15518	2.777167e+00	6.510427e-09	
15519	2.777367e+00	6.510611e-09	
15520	2.777567e+00	6.510808e-09	
15521	2.777767e+00	6.510998e-09	
15522	2.777778e+00	6.511026e-09	
15523	2.777798e+00	6.511047e-09	
15524	2.777838e+00	6.511064e-09	
15525	2.777918e+00	6.511108e-09	
15526	2.778078e+00	6.511134e-09	
15527	2.778278e+00	6.511160e-09	
15528	2.778478e+00	6.511126e-09	
15529	2.778678e+00	6.511100e-09	
15530	2.778878e+00	6.511068e-09	
15531	2.779078e+00	6.511037e-09	
15532	2.779278e+00	6.511005e-09	
15533	2.779478e+00	6.510981e-09	
15534	2.779678e+00	6.510947e-09	
15535	2.779878e+00	6.510927e-09	
15536	2.780078e+00	6.510900e-09	
15537	2.780278e+00	6.510884e-09	
15538	2.780478e+00	6.510858e-09	
15539	2.780678e+00	6.510840e-09	
15540	2.780878e+00	6.510810e-09	

Index   time            -i(vdd)         
--------------------------------------------------------------------------------
15541	2.781078e+00	6.510795e-09	
15542	2.781278e+00	6.510775e-09	
15543	2.781478e+00	6.510755e-09	
15544	2.781678e+00	6.510733e-09	
15545	2.781878e+00	6.510719e-09	
15546	2.782078e+00	6.510700e-09	
15547	2.782278e+00	6.510685e-09	
15548	2.782478e+00	6.510667e-09	
15549	2.782678e+00	6.510654e-09	
15550	2.782878e+00	6.510638e-09	
15551	2.783078e+00	6.510628e-09	
15552	2.783278e+00	6.510609e-09	
15553	2.783478e+00	6.510601e-09	
15554	2.783678e+00	6.510584e-09	
15555	2.783878e+00	6.510574e-09	
15556	2.784078e+00	6.510561e-09	
15557	2.784278e+00	6.510558e-09	
15558	2.784478e+00	6.510543e-09	
15559	2.784678e+00	6.510539e-09	
15560	2.784878e+00	6.510525e-09	
15561	2.785078e+00	6.510528e-09	
15562	2.785278e+00	6.510516e-09	
15563	2.785478e+00	6.510514e-09	
15564	2.785678e+00	6.510501e-09	
15565	2.785878e+00	6.510503e-09	
15566	2.786078e+00	6.510492e-09	
15567	2.786278e+00	6.510496e-09	
15568	2.786478e+00	6.510486e-09	
15569	2.786678e+00	6.510486e-09	
15570	2.786878e+00	6.510483e-09	
15571	2.787078e+00	6.510483e-09	
15572	2.787278e+00	6.510480e-09	
15573	2.787478e+00	6.510485e-09	
15574	2.787678e+00	6.510480e-09	
15575	2.787878e+00	6.510484e-09	
15576	2.788078e+00	6.510481e-09	
15577	2.788278e+00	6.510490e-09	
15578	2.788478e+00	6.510486e-09	
15579	2.788678e+00	6.510493e-09	
15580	2.788878e+00	6.510494e-09	
15581	2.788889e+00	6.510516e-09	
15582	2.788909e+00	6.510521e-09	
15583	2.788949e+00	6.510513e-09	
15584	2.789029e+00	6.510526e-09	
15585	2.789189e+00	6.510529e-09	
15586	2.789389e+00	6.510583e-09	
15587	2.789589e+00	6.510612e-09	
15588	2.789789e+00	6.510639e-09	
15589	2.789989e+00	6.510661e-09	
15590	2.790189e+00	6.510678e-09	
15591	2.790389e+00	6.510682e-09	
15592	2.790589e+00	6.510692e-09	
15593	2.790789e+00	6.510692e-09	
15594	2.790989e+00	6.510700e-09	
15595	2.791189e+00	6.510704e-09	
15596	2.791389e+00	6.510714e-09	
15597	2.791589e+00	6.510714e-09	
15598	2.791789e+00	6.510725e-09	

Index   time            -i(vdd)         
--------------------------------------------------------------------------------
15599	2.791989e+00	6.510727e-09	
15600	2.792189e+00	6.510734e-09	
15601	2.792389e+00	6.510740e-09	
15602	2.792589e+00	6.510755e-09	
15603	2.792789e+00	6.510759e-09	
15604	2.792989e+00	6.510772e-09	
15605	2.793189e+00	6.510778e-09	
15606	2.793389e+00	6.510796e-09	
15607	2.793589e+00	6.510802e-09	
15608	2.793789e+00	6.510813e-09	
15609	2.793989e+00	6.510825e-09	
15610	2.794189e+00	6.510847e-09	
15611	2.794389e+00	6.510857e-09	
15612	2.794589e+00	6.510875e-09	
15613	2.794789e+00	6.510887e-09	
15614	2.794989e+00	6.510908e-09	
15615	2.795189e+00	6.510920e-09	
15616	2.795389e+00	6.510937e-09	
15617	2.795589e+00	6.510954e-09	
15618	2.795789e+00	6.510975e-09	
15619	2.795989e+00	6.510989e-09	
15620	2.796189e+00	6.511013e-09	
15621	2.796389e+00	6.511033e-09	
15622	2.796589e+00	6.511059e-09	
15623	2.796789e+00	6.511076e-09	
15624	2.796989e+00	6.511101e-09	
15625	2.797189e+00	6.511119e-09	
15626	2.797389e+00	6.511149e-09	
15627	2.797589e+00	6.511167e-09	
15628	2.797789e+00	6.511196e-09	
15629	2.797989e+00	6.511222e-09	
15630	2.798189e+00	6.511246e-09	
15631	2.798389e+00	6.511268e-09	
15632	2.798589e+00	6.511300e-09	
15633	2.798789e+00	6.511324e-09	
15634	2.798989e+00	6.511358e-09	
15635	2.799189e+00	6.511381e-09	
15636	2.799389e+00	6.511415e-09	
15637	2.799589e+00	6.511443e-09	
15638	2.799789e+00	6.511476e-09	
15639	2.799989e+00	6.511500e-09	
15640	2.800000e+00	6.511521e-09	
15641	2.800010e+00	6.668694e-09	
15642	2.800030e+00	6.632976e-09	
15643	2.800060e+00	7.510712e-09	
15644	2.800100e+00	8.218008e-09	
15645	2.800106e+00	6.611922e-09	
15646	2.800118e+00	6.546291e-09	
15647	2.800142e+00	6.521789e-09	
15648	2.800191e+00	6.513809e-09	
15649	2.800287e+00	6.511314e-09	
15650	2.800481e+00	6.510813e-09	
15651	2.800681e+00	6.511153e-09	
15652	2.800881e+00	6.511448e-09	
15653	2.801081e+00	6.511672e-09	
15654	2.801281e+00	6.511878e-09	
15655	2.801481e+00	6.512074e-09	
15656	2.801681e+00	6.512285e-09	

Index   time            -i(vdd)         
--------------------------------------------------------------------------------
15657	2.801881e+00	6.512499e-09	
15658	2.802081e+00	6.512718e-09	
15659	2.802281e+00	6.512940e-09	
15660	2.802481e+00	6.513165e-09	
15661	2.802681e+00	6.513390e-09	
15662	2.802881e+00	6.513616e-09	
15663	2.803081e+00	6.513834e-09	
15664	2.803281e+00	6.514055e-09	
15665	2.803481e+00	6.514272e-09	
15666	2.803681e+00	6.514489e-09	
15667	2.803881e+00	6.514697e-09	
15668	2.804081e+00	6.514916e-09	
15669	2.804281e+00	6.515125e-09	
15670	2.804481e+00	6.515343e-09	
15671	2.804681e+00	6.515555e-09	
15672	2.804881e+00	6.515768e-09	
15673	2.805081e+00	6.515983e-09	
15674	2.805281e+00	6.516201e-09	
15675	2.805481e+00	6.516415e-09	
15676	2.805681e+00	6.516634e-09	
15677	2.805881e+00	6.516849e-09	
15678	2.806081e+00	6.517066e-09	
15679	2.806281e+00	6.517283e-09	
15680	2.806481e+00	6.517506e-09	
15681	2.806681e+00	6.517720e-09	
15682	2.806881e+00	6.517949e-09	
15683	2.807081e+00	6.518169e-09	
15684	2.807281e+00	6.518394e-09	
15685	2.807481e+00	6.518617e-09	
15686	2.807681e+00	6.518846e-09	
15687	2.807881e+00	6.519071e-09	
15688	2.808081e+00	6.519300e-09	
15689	2.808281e+00	6.519524e-09	
15690	2.808481e+00	6.519755e-09	
15691	2.808681e+00	6.519983e-09	
15692	2.808881e+00	6.520212e-09	
15693	2.809081e+00	6.520439e-09	
15694	2.809281e+00	6.520678e-09	
15695	2.809481e+00	6.520906e-09	
15696	2.809681e+00	6.521142e-09	
15697	2.809881e+00	6.521374e-09	
15698	2.810081e+00	6.521611e-09	
15699	2.810281e+00	6.521845e-09	
15700	2.810481e+00	6.522086e-09	
15701	2.810681e+00	6.522321e-09	
15702	2.810881e+00	6.522563e-09	
15703	2.811081e+00	6.522798e-09	
15704	2.811111e+00	6.522845e-09	
15705	2.811131e+00	6.522886e-09	
15706	2.811171e+00	6.522900e-09	
15707	2.811251e+00	6.522960e-09	
15708	2.811411e+00	6.523000e-09	
15709	2.811611e+00	6.523035e-09	
15710	2.811811e+00	6.522978e-09	
15711	2.812011e+00	6.522924e-09	
15712	2.812211e+00	6.522847e-09	
15713	2.812411e+00	6.522764e-09	
15714	2.812611e+00	6.522669e-09	

Index   time            -i(vdd)         
--------------------------------------------------------------------------------
15715	2.812811e+00	6.522577e-09	
15716	2.813011e+00	6.522475e-09	
15717	2.813211e+00	6.522376e-09	
15718	2.813411e+00	6.522273e-09	
15719	2.813611e+00	6.522179e-09	
15720	2.813811e+00	6.522075e-09	
15721	2.814011e+00	6.521975e-09	
15722	2.814211e+00	6.521873e-09	
15723	2.814411e+00	6.521780e-09	
15724	2.814611e+00	6.521678e-09	
15725	2.814811e+00	6.521585e-09	
15726	2.815011e+00	6.521481e-09	
15727	2.815211e+00	6.521387e-09	
15728	2.815411e+00	6.521285e-09	
15729	2.815611e+00	6.521191e-09	
15730	2.815811e+00	6.521089e-09	
15731	2.816011e+00	6.521000e-09	
15732	2.816211e+00	6.520895e-09	
15733	2.816411e+00	6.520802e-09	
15734	2.816611e+00	6.520702e-09	
15735	2.816811e+00	6.520609e-09	
15736	2.817011e+00	6.520510e-09	
15737	2.817211e+00	6.520415e-09	
15738	2.817411e+00	6.520316e-09	
15739	2.817611e+00	6.520219e-09	
15740	2.817811e+00	6.520120e-09	
15741	2.818011e+00	6.520028e-09	
15742	2.818211e+00	6.519923e-09	
15743	2.818411e+00	6.519838e-09	
15744	2.818611e+00	6.519734e-09	
15745	2.818811e+00	6.519642e-09	
15746	2.819011e+00	6.519542e-09	
15747	2.819211e+00	6.519455e-09	
15748	2.819411e+00	6.519353e-09	
15749	2.819611e+00	6.519260e-09	
15750	2.819811e+00	6.519157e-09	
15751	2.820011e+00	6.519069e-09	
15752	2.820211e+00	6.518970e-09	
15753	2.820411e+00	6.518876e-09	
15754	2.820611e+00	6.518774e-09	
15755	2.820811e+00	6.518685e-09	
15756	2.821011e+00	6.518580e-09	
15757	2.821211e+00	6.518486e-09	
15758	2.821411e+00	6.518385e-09	
15759	2.821611e+00	6.518291e-09	
15760	2.821811e+00	6.518189e-09	
15761	2.822011e+00	6.518098e-09	
15762	2.822211e+00	6.517997e-09	
15763	2.822222e+00	6.518017e-09	
15764	2.822242e+00	6.518010e-09	
15765	2.822282e+00	6.517978e-09	
15766	2.822362e+00	6.517936e-09	
15767	2.822522e+00	6.517847e-09	
15768	2.822722e+00	6.517764e-09	
15769	2.822922e+00	6.517644e-09	
15770	2.823122e+00	6.517550e-09	
15771	2.823322e+00	6.517447e-09	
15772	2.823522e+00	6.517352e-09	

Index   time            -i(vdd)         
--------------------------------------------------------------------------------
15773	2.823722e+00	6.517244e-09	
15774	2.823922e+00	6.517147e-09	
15775	2.824122e+00	6.517040e-09	
15776	2.824322e+00	6.516941e-09	
15777	2.824522e+00	6.516832e-09	
15778	2.824722e+00	6.516733e-09	
15779	2.824922e+00	6.516624e-09	
15780	2.825122e+00	6.516519e-09	
15781	2.825322e+00	6.516410e-09	
15782	2.825522e+00	6.516307e-09	
15783	2.825722e+00	6.516195e-09	
15784	2.825922e+00	6.516087e-09	
15785	2.826122e+00	6.515970e-09	
15786	2.826322e+00	6.515860e-09	
15787	2.826522e+00	6.515742e-09	
15788	2.826722e+00	6.515633e-09	
15789	2.826922e+00	6.515509e-09	
15790	2.827122e+00	6.515398e-09	
15791	2.827322e+00	6.515274e-09	
15792	2.827522e+00	6.515160e-09	
15793	2.827722e+00	6.515033e-09	
15794	2.827922e+00	6.514912e-09	
15795	2.828122e+00	6.514777e-09	
15796	2.828322e+00	6.514655e-09	
15797	2.828522e+00	6.514519e-09	
15798	2.828722e+00	6.514392e-09	
15799	2.828922e+00	6.514254e-09	
15800	2.829122e+00	6.514123e-09	
15801	2.829322e+00	6.513980e-09	
15802	2.829522e+00	6.513840e-09	
15803	2.829722e+00	6.513693e-09	
15804	2.829922e+00	6.513553e-09	
15805	2.830122e+00	6.513394e-09	
15806	2.830322e+00	6.513246e-09	
15807	2.830522e+00	6.513089e-09	
15808	2.830722e+00	6.512933e-09	
15809	2.830922e+00	6.512770e-09	
15810	2.831122e+00	6.512606e-09	
15811	2.831322e+00	6.512435e-09	
15812	2.831522e+00	6.512268e-09	
15813	2.831722e+00	6.512087e-09	
15814	2.831922e+00	6.511910e-09	
15815	2.832122e+00	6.511714e-09	
15816	2.832322e+00	6.511521e-09	
15817	2.832522e+00	6.511307e-09	
15818	2.832722e+00	6.511092e-09	
15819	2.832922e+00	6.510856e-09	
15820	2.833122e+00	6.510624e-09	
15821	2.833322e+00	6.510379e-09	
15822	2.833333e+00	6.510400e-09	
15823	2.833353e+00	6.510372e-09	
15824	2.833393e+00	6.510303e-09	
15825	2.833473e+00	6.510212e-09	
15826	2.833633e+00	6.510024e-09	
15827	2.833833e+00	6.509883e-09	
15828	2.834033e+00	6.509795e-09	
15829	2.834233e+00	6.509806e-09	
15830	2.834433e+00	6.509874e-09	

Index   time            -i(vdd)         
--------------------------------------------------------------------------------
15831	2.834633e+00	6.509992e-09	
15832	2.834833e+00	6.510136e-09	
15833	2.835033e+00	6.510310e-09	
15834	2.835233e+00	6.510493e-09	
15835	2.835433e+00	6.510701e-09	
15836	2.835633e+00	6.510907e-09	
15837	2.835833e+00	6.511130e-09	
15838	2.836033e+00	6.511349e-09	
15839	2.836233e+00	6.511578e-09	
15840	2.836433e+00	6.511792e-09	
15841	2.836633e+00	6.512016e-09	
15842	2.836833e+00	6.512218e-09	
15843	2.837033e+00	6.512413e-09	
15844	2.837233e+00	6.512587e-09	
15845	2.837433e+00	6.512758e-09	
15846	2.837633e+00	6.512899e-09	
15847	2.837833e+00	6.513029e-09	
15848	2.838033e+00	6.513128e-09	
15849	2.838233e+00	6.513197e-09	
15850	2.838433e+00	6.513229e-09	
15851	2.838633e+00	6.513214e-09	
15852	2.838833e+00	6.513205e-09	
15853	2.839033e+00	6.513208e-09	
15854	2.839233e+00	6.513221e-09	
15855	2.839433e+00	6.513217e-09	
15856	2.839633e+00	6.513216e-09	
15857	2.839833e+00	6.513199e-09	
15858	2.840033e+00	6.513186e-09	
15859	2.840233e+00	6.513156e-09	
15860	2.840433e+00	6.513128e-09	
15861	2.840633e+00	6.513090e-09	
15862	2.840833e+00	6.513059e-09	
15863	2.841033e+00	6.513013e-09	
15864	2.841233e+00	6.512976e-09	
15865	2.841433e+00	6.512926e-09	
15866	2.841633e+00	6.512881e-09	
15867	2.841833e+00	6.512835e-09	
15868	2.842033e+00	6.512794e-09	
15869	2.842233e+00	6.512743e-09	
15870	2.842433e+00	6.512702e-09	
15871	2.842633e+00	6.512660e-09	
15872	2.842833e+00	6.512620e-09	
15873	2.843033e+00	6.512584e-09	
15874	2.843233e+00	6.512551e-09	
15875	2.843433e+00	6.512519e-09	
15876	2.843633e+00	6.512491e-09	
15877	2.843833e+00	6.512461e-09	
15878	2.844033e+00	6.512439e-09	
15879	2.844233e+00	6.512415e-09	
15880	2.844433e+00	6.512395e-09	
15881	2.844444e+00	6.512416e-09	
15882	2.844464e+00	6.512417e-09	
15883	2.844504e+00	6.512410e-09	
15884	2.844584e+00	6.512445e-09	
15885	2.844744e+00	6.512541e-09	
15886	2.844944e+00	6.512722e-09	
15887	2.845144e+00	6.512877e-09	
15888	2.845344e+00	6.513052e-09	

Index   time            -i(vdd)         
--------------------------------------------------------------------------------
15889	2.845544e+00	6.513207e-09	
15890	2.845744e+00	6.513354e-09	
15891	2.845944e+00	6.513498e-09	
15892	2.846144e+00	6.513645e-09	
15893	2.846344e+00	6.513783e-09	
15894	2.846544e+00	6.513927e-09	
15895	2.846744e+00	6.514072e-09	
15896	2.846944e+00	6.514220e-09	
15897	2.847144e+00	6.514364e-09	
15898	2.847344e+00	6.514512e-09	
15899	2.847544e+00	6.514647e-09	
15900	2.847744e+00	6.514801e-09	
15901	2.847944e+00	6.514944e-09	
15902	2.848144e+00	6.515083e-09	
15903	2.848344e+00	6.515222e-09	
15904	2.848544e+00	6.515364e-09	
15905	2.848744e+00	6.515496e-09	
15906	2.848944e+00	6.515623e-09	
15907	2.849144e+00	6.515741e-09	
15908	2.849344e+00	6.515856e-09	
15909	2.849544e+00	6.515959e-09	
15910	2.849744e+00	6.516054e-09	
15911	2.849944e+00	6.516125e-09	
15912	2.850144e+00	6.516180e-09	
15913	2.850344e+00	6.516202e-09	
15914	2.850544e+00	6.516207e-09	
15915	2.850744e+00	6.516156e-09	
15916	2.850944e+00	6.516061e-09	
15917	2.851144e+00	6.515886e-09	
15918	2.851344e+00	6.515633e-09	
15919	2.851544e+00	6.515256e-09	
15920	2.851744e+00	6.514740e-09	
15921	2.851944e+00	6.514028e-09	
15922	2.852144e+00	6.513077e-09	
15923	2.852344e+00	6.511798e-09	
15924	2.852544e+00	6.510109e-09	
15925	2.852744e+00	6.507802e-09	
15926	2.852944e+00	6.504276e-09	
15927	2.853144e+00	6.498470e-09	
15928	2.853344e+00	6.492891e-09	
15929	2.853544e+00	6.488012e-09	
15930	2.853744e+00	6.478731e-09	
15931	2.853944e+00	6.467827e-09	
15932	2.854144e+00	6.455679e-09	
15933	2.854344e+00	6.441465e-09	
15934	2.854544e+00	6.422172e-09	
15935	2.854744e+00	6.393922e-09	
15936	2.854944e+00	6.355067e-09	
15937	2.855144e+00	6.308608e-09	
15938	2.855344e+00	6.260202e-09	
15939	2.855544e+00	6.214911e-09	
15940	2.855556e+00	6.212356e-09	
15941	2.855576e+00	6.208103e-09	
15942	2.855616e+00	6.199820e-09	
15943	2.855696e+00	6.184164e-09	
15944	2.855856e+00	6.156435e-09	
15945	2.856056e+00	6.128472e-09	
15946	2.856256e+00	6.106861e-09	

Index   time            -i(vdd)         
--------------------------------------------------------------------------------
15947	2.856456e+00	6.090294e-09	
15948	2.856656e+00	6.077512e-09	
15949	2.856856e+00	6.067554e-09	
15950	2.857056e+00	6.059696e-09	
15951	2.857256e+00	6.053438e-09	
15952	2.857456e+00	6.048392e-09	
15953	2.857656e+00	6.044332e-09	
15954	2.857856e+00	6.041066e-09	
15955	2.858056e+00	6.038498e-09	
15956	2.858256e+00	6.036544e-09	
15957	2.858456e+00	6.035202e-09	
15958	2.858656e+00	6.034459e-09	
15959	2.858856e+00	6.034413e-09	
15960	2.859056e+00	6.035139e-09	
15961	2.859256e+00	6.036828e-09	
15962	2.859456e+00	6.039716e-09	
15963	2.859656e+00	6.044155e-09	
15964	2.859856e+00	6.050600e-09	
15965	2.860056e+00	6.059702e-09	
15966	2.860256e+00	6.072312e-09	
15967	2.860456e+00	6.089630e-09	
15968	2.860656e+00	6.113223e-09	
15969	2.860856e+00	6.145152e-09	
15970	2.861056e+00	6.187873e-09	
15971	2.861256e+00	6.243564e-09	
15972	2.861456e+00	6.311920e-09	
15973	2.861656e+00	6.386696e-09	
15974	2.861856e+00	6.454849e-09	
15975	2.862056e+00	6.503651e-09	
15976	2.862256e+00	6.530579e-09	
15977	2.862456e+00	6.541964e-09	
15978	2.862656e+00	6.543775e-09	
15979	2.862856e+00	6.539732e-09	
15980	2.863056e+00	6.532931e-09	
15981	2.863256e+00	6.526004e-09	
15982	2.863456e+00	6.521706e-09	
15983	2.863656e+00	6.516065e-09	
15984	2.863856e+00	6.508646e-09	
15985	2.864056e+00	6.506195e-09	
15986	2.864256e+00	6.503703e-09	
15987	2.864456e+00	6.501618e-09	
15988	2.864656e+00	6.499967e-09	
15989	2.864856e+00	6.498613e-09	
15990	2.865056e+00	6.497505e-09	
15991	2.865256e+00	6.496562e-09	
15992	2.865456e+00	6.495753e-09	
15993	2.865656e+00	6.495030e-09	
15994	2.865856e+00	6.494375e-09	
15995	2.866056e+00	6.493757e-09	
15996	2.866256e+00	6.493180e-09	
15997	2.866456e+00	6.492619e-09	
15998	2.866656e+00	6.492089e-09	
15999	2.866667e+00	6.492074e-09	
16000	2.866687e+00	6.492033e-09	
16001	2.866727e+00	6.491941e-09	
16002	2.866807e+00	6.491817e-09	
16003	2.866967e+00	6.491639e-09	
16004	2.867167e+00	6.491554e-09	

Index   time            -i(vdd)         
--------------------------------------------------------------------------------
16005	2.867367e+00	6.491528e-09	
16006	2.867567e+00	6.491571e-09	
16007	2.867767e+00	6.491635e-09	
16008	2.867967e+00	6.491722e-09	
16009	2.868167e+00	6.491813e-09	
16010	2.868367e+00	6.491917e-09	
16011	2.868567e+00	6.492028e-09	
16012	2.868767e+00	6.492146e-09	
16013	2.868967e+00	6.492260e-09	
16014	2.869167e+00	6.492380e-09	
16015	2.869367e+00	6.492497e-09	
16016	2.869567e+00	6.492622e-09	
16017	2.869767e+00	6.492735e-09	
16018	2.869967e+00	6.492858e-09	
16019	2.870167e+00	6.492975e-09	
16020	2.870367e+00	6.493092e-09	
16021	2.870567e+00	6.493204e-09	
16022	2.870767e+00	6.493331e-09	
16023	2.870967e+00	6.493447e-09	
16024	2.871167e+00	6.493576e-09	
16025	2.871367e+00	6.493693e-09	
16026	2.871567e+00	6.493829e-09	
16027	2.871767e+00	6.493956e-09	
16028	2.871967e+00	6.494097e-09	
16029	2.872167e+00	6.494227e-09	
16030	2.872367e+00	6.494365e-09	
16031	2.872567e+00	6.494499e-09	
16032	2.872767e+00	6.494646e-09	
16033	2.872967e+00	6.494777e-09	
16034	2.873167e+00	6.494922e-09	
16035	2.873367e+00	6.495065e-09	
16036	2.873567e+00	6.495211e-09	
16037	2.873767e+00	6.495351e-09	
16038	2.873967e+00	6.495502e-09	
16039	2.874167e+00	6.495640e-09	
16040	2.874367e+00	6.495795e-09	
16041	2.874567e+00	6.495939e-09	
16042	2.874767e+00	6.496093e-09	
16043	2.874967e+00	6.496236e-09	
16044	2.875167e+00	6.496394e-09	
16045	2.875367e+00	6.496540e-09	
16046	2.875567e+00	6.496700e-09	
16047	2.875767e+00	6.496851e-09	
16048	2.875967e+00	6.497013e-09	
16049	2.876167e+00	6.497162e-09	
16050	2.876367e+00	6.497327e-09	
16051	2.876567e+00	6.497485e-09	
16052	2.876767e+00	6.497649e-09	
16053	2.876967e+00	6.497805e-09	
16054	2.877167e+00	6.497972e-09	
16055	2.877367e+00	6.498132e-09	
16056	2.877567e+00	6.498306e-09	
16057	2.877767e+00	6.498466e-09	
16058	2.877778e+00	6.498508e-09	
16059	2.877798e+00	6.498524e-09	
16060	2.877838e+00	6.498514e-09	
16061	2.877918e+00	6.498522e-09	
16062	2.878078e+00	6.498453e-09	

Index   time            -i(vdd)         
--------------------------------------------------------------------------------
16063	2.878278e+00	6.498300e-09	
16064	2.878478e+00	6.498047e-09	
16065	2.878678e+00	6.497776e-09	
16066	2.878878e+00	6.497465e-09	
16067	2.879078e+00	6.497152e-09	
16068	2.879278e+00	6.496816e-09	
16069	2.879478e+00	6.496487e-09	
16070	2.879678e+00	6.496152e-09	
16071	2.879878e+00	6.495823e-09	
16072	2.880078e+00	6.495485e-09	
16073	2.880278e+00	6.495159e-09	
16074	2.880478e+00	6.494819e-09	
16075	2.880678e+00	6.494493e-09	
16076	2.880878e+00	6.494154e-09	
16077	2.881078e+00	6.493826e-09	
16078	2.881278e+00	6.493493e-09	
16079	2.881478e+00	6.493169e-09	
16080	2.881678e+00	6.492837e-09	
16081	2.881878e+00	6.492513e-09	
16082	2.882078e+00	6.492178e-09	
16083	2.882278e+00	6.491859e-09	
16084	2.882478e+00	6.491530e-09	
16085	2.882678e+00	6.491210e-09	
16086	2.882878e+00	6.490885e-09	
16087	2.883078e+00	6.490562e-09	
16088	2.883278e+00	6.490237e-09	
16089	2.883478e+00	6.489921e-09	
16090	2.883678e+00	6.489600e-09	
16091	2.883878e+00	6.489284e-09	
16092	2.884078e+00	6.488960e-09	
16093	2.884278e+00	6.488649e-09	
16094	2.884478e+00	6.488328e-09	
16095	2.884678e+00	6.488016e-09	
16096	2.884878e+00	6.487698e-09	
16097	2.885078e+00	6.487384e-09	
16098	2.885278e+00	6.487064e-09	
16099	2.885478e+00	6.486758e-09	
16100	2.885678e+00	6.486442e-09	
16101	2.885878e+00	6.486134e-09	
16102	2.886078e+00	6.485823e-09	
16103	2.886278e+00	6.485519e-09	
16104	2.886478e+00	6.485203e-09	
16105	2.886678e+00	6.484898e-09	
16106	2.886878e+00	6.484589e-09	
16107	2.887078e+00	6.484289e-09	
16108	2.887278e+00	6.483979e-09	
16109	2.887478e+00	6.483678e-09	
16110	2.887678e+00	6.483369e-09	
16111	2.887878e+00	6.483072e-09	
16112	2.888078e+00	6.482765e-09	
16113	2.888278e+00	6.482468e-09	
16114	2.888478e+00	6.482167e-09	
16115	2.888678e+00	6.481872e-09	
16116	2.888878e+00	6.481567e-09	
16117	2.888889e+00	6.481573e-09	
16118	2.888909e+00	6.481544e-09	
16119	2.888949e+00	6.481472e-09	
16120	2.889029e+00	6.481364e-09	

Index   time            -i(vdd)         
--------------------------------------------------------------------------------
16121	2.889189e+00	6.481132e-09	
16122	2.889389e+00	6.480878e-09	
16123	2.889589e+00	6.480605e-09	
16124	2.889789e+00	6.480362e-09	
16125	2.889989e+00	6.480113e-09	
16126	2.890189e+00	6.479872e-09	
16127	2.890389e+00	6.479632e-09	
16128	2.890589e+00	6.479402e-09	
16129	2.890789e+00	6.479165e-09	
16130	2.890989e+00	6.478936e-09	
16131	2.891189e+00	6.478700e-09	
16132	2.891389e+00	6.478475e-09	
16133	2.891589e+00	6.478241e-09	
16134	2.891789e+00	6.478020e-09	
16135	2.891989e+00	6.477785e-09	
16136	2.892189e+00	6.477563e-09	
16137	2.892389e+00	6.477328e-09	
16138	2.892589e+00	6.477104e-09	
16139	2.892789e+00	6.476878e-09	
16140	2.892989e+00	6.476653e-09	
16141	2.893189e+00	6.476425e-09	
16142	2.893389e+00	6.476202e-09	
16143	2.893589e+00	6.475975e-09	
16144	2.893789e+00	6.475754e-09	
16145	2.893989e+00	6.475526e-09	
16146	2.894189e+00	6.475308e-09	
16147	2.894389e+00	6.475086e-09	
16148	2.894589e+00	6.474864e-09	
16149	2.894789e+00	6.474641e-09	
16150	2.894989e+00	6.474425e-09	
16151	2.895189e+00	6.474197e-09	
16152	2.895389e+00	6.473979e-09	
16153	2.895589e+00	6.473759e-09	
16154	2.895789e+00	6.473546e-09	
16155	2.895989e+00	6.473321e-09	
16156	2.896189e+00	6.473108e-09	
16157	2.896389e+00	6.472887e-09	
16158	2.896589e+00	6.472672e-09	
16159	2.896789e+00	6.472448e-09	
16160	2.896989e+00	6.472244e-09	
16161	2.897189e+00	6.472021e-09	
16162	2.897389e+00	6.471811e-09	
16163	2.897589e+00	6.471592e-09	
16164	2.897789e+00	6.471381e-09	
16165	2.897989e+00	6.471169e-09	
16166	2.898189e+00	6.470957e-09	
16167	2.898389e+00	6.470736e-09	
16168	2.898589e+00	6.470531e-09	
16169	2.898789e+00	6.470316e-09	
16170	2.898989e+00	6.470108e-09	
16171	2.899189e+00	6.469894e-09	
16172	2.899389e+00	6.469685e-09	
16173	2.899589e+00	6.469473e-09	
16174	2.899789e+00	6.469267e-09	
16175	2.899900e+00	6.469163e-09	
16176	2.899910e+00	6.650017e-09	
16177	2.899930e+00	6.602237e-09	
16178	2.899970e+00	6.730538e-09	

Index   time            -i(vdd)         
--------------------------------------------------------------------------------
16179	2.900000e+00	7.193947e-09	
16180	2.900008e+00	7.091388e-09	
16181	2.900024e+00	7.032341e-09	
16182	2.900056e+00	6.934097e-09	
16183	2.900108e+00	6.820793e-09	
16184	2.900201e+00	6.720009e-09	
16185	2.900352e+00	6.672856e-09	
16186	2.900552e+00	6.671151e-09	
16187	2.900752e+00	6.677102e-09	
16188	2.900952e+00	6.677952e-09	
16189	2.901152e+00	6.675098e-09	
16190	2.901352e+00	6.670856e-09	
16191	2.901552e+00	6.666278e-09	
16192	2.901752e+00	6.661564e-09	
16193	2.901952e+00	6.656728e-09	
16194	2.902000e+00	6.655571e-09	
16195	2.902010e+00	6.567215e-09	
16196	2.902030e+00	6.533546e-09	
16197	2.902070e+00	6.524524e-09	
16198	2.902100e+00	6.464937e-09	
16199	2.902108e+00	6.641745e-09	
16200	2.902124e+00	6.639319e-09	
16201	2.902156e+00	6.634620e-09	
16202	2.902220e+00	6.625054e-09	
16203	2.902348e+00	6.605567e-09	
16204	2.902548e+00	6.576371e-09	
16205	2.902748e+00	6.550606e-09	
16206	2.902948e+00	6.529362e-09	
16207	2.903148e+00	6.512734e-09	
16208	2.903348e+00	6.500027e-09	
16209	2.903548e+00	6.490453e-09	
16210	2.903748e+00	6.483256e-09	
16211	2.903948e+00	6.477877e-09	
16212	2.904148e+00	6.473819e-09	
16213	2.904348e+00	6.470762e-09	
16214	2.904548e+00	6.468430e-09	
16215	2.904748e+00	6.466654e-09	
16216	2.904948e+00	6.465263e-09	
16217	2.905148e+00	6.464182e-09	
16218	2.905348e+00	6.463310e-09	
16219	2.905548e+00	6.462618e-09	
16220	2.905748e+00	6.462035e-09	
16221	2.905948e+00	6.461558e-09	
16222	2.906148e+00	6.461128e-09	
16223	2.906348e+00	6.460768e-09	
16224	2.906548e+00	6.460434e-09	
16225	2.906748e+00	6.460138e-09	
16226	2.906948e+00	6.459852e-09	
16227	2.907148e+00	6.459599e-09	
16228	2.907348e+00	6.459344e-09	
16229	2.907548e+00	6.459110e-09	
16230	2.907748e+00	6.458882e-09	
16231	2.907948e+00	6.458660e-09	
16232	2.908148e+00	6.458440e-09	
16233	2.908348e+00	6.458234e-09	
16234	2.908548e+00	6.458020e-09	
16235	2.908748e+00	6.457829e-09	
16236	2.908948e+00	6.457621e-09	

Index   time            -i(vdd)         
--------------------------------------------------------------------------------
16237	2.909148e+00	6.457429e-09	
16238	2.909348e+00	6.457230e-09	
16239	2.909548e+00	6.457046e-09	
16240	2.909748e+00	6.456850e-09	
16241	2.909948e+00	6.456672e-09	
16242	2.910148e+00	6.456484e-09	
16243	2.910348e+00	6.456308e-09	
16244	2.910548e+00	6.456122e-09	
16245	2.910748e+00	6.455956e-09	
16246	2.910948e+00	6.455774e-09	
16247	2.911111e+00	6.455629e-09	
16248	2.911131e+00	6.455652e-09	
16249	2.911171e+00	6.455610e-09	
16250	2.911251e+00	6.455553e-09	
16251	2.911411e+00	6.455463e-09	
16252	2.911611e+00	6.455409e-09	
16253	2.911811e+00	6.455335e-09	
16254	2.912011e+00	6.455315e-09	
16255	2.912211e+00	6.455293e-09	
16256	2.912411e+00	6.455295e-09	
16257	2.912611e+00	6.455284e-09	
16258	2.912811e+00	6.455296e-09	
16259	2.913011e+00	6.455295e-09	
16260	2.913211e+00	6.455308e-09	
16261	2.913411e+00	6.455303e-09	
16262	2.913611e+00	6.455315e-09	
16263	2.913811e+00	6.455321e-09	
16264	2.914011e+00	6.455330e-09	
16265	2.914211e+00	6.455330e-09	
16266	2.914411e+00	6.455343e-09	
16267	2.914611e+00	6.455344e-09	
16268	2.914811e+00	6.455354e-09	
16269	2.915011e+00	6.455358e-09	
16270	2.915211e+00	6.455367e-09	
16271	2.915411e+00	6.455372e-09	
16272	2.915611e+00	6.455386e-09	
16273	2.915811e+00	6.455386e-09	
16274	2.916011e+00	6.455400e-09	
16275	2.916211e+00	6.455403e-09	
16276	2.916411e+00	6.455416e-09	
16277	2.916611e+00	6.455418e-09	
16278	2.916811e+00	6.455430e-09	
16279	2.917011e+00	6.455435e-09	
16280	2.917211e+00	6.455451e-09	
16281	2.917411e+00	6.455452e-09	
16282	2.917611e+00	6.455468e-09	
16283	2.917811e+00	6.455470e-09	
16284	2.918011e+00	6.455485e-09	
16285	2.918211e+00	6.455489e-09	
16286	2.918411e+00	6.455503e-09	
16287	2.918611e+00	6.455509e-09	
16288	2.918811e+00	6.455525e-09	
16289	2.919011e+00	6.455525e-09	
16290	2.919211e+00	6.455541e-09	
16291	2.919411e+00	6.455551e-09	
16292	2.919611e+00	6.455565e-09	
16293	2.919811e+00	6.455566e-09	
16294	2.920011e+00	6.455588e-09	

Index   time            -i(vdd)         
--------------------------------------------------------------------------------
16295	2.920211e+00	6.455595e-09	
16296	2.920411e+00	6.455608e-09	
16297	2.920611e+00	6.455619e-09	
16298	2.920811e+00	6.455632e-09	
16299	2.921011e+00	6.455639e-09	
16300	2.921211e+00	6.455655e-09	
16301	2.921411e+00	6.455661e-09	
16302	2.921611e+00	6.455680e-09	
16303	2.921811e+00	6.455681e-09	
16304	2.922011e+00	6.455700e-09	
16305	2.922211e+00	6.455704e-09	
16306	2.922222e+00	6.455741e-09	
16307	2.922242e+00	6.455733e-09	
16308	2.922282e+00	6.455697e-09	
16309	2.922362e+00	6.455622e-09	
16310	2.922522e+00	6.455409e-09	
16311	2.922722e+00	6.455060e-09	
16312	2.922922e+00	6.454581e-09	
16313	2.923122e+00	6.454051e-09	
16314	2.923322e+00	6.453470e-09	
16315	2.923522e+00	6.452869e-09	
16316	2.923722e+00	6.452251e-09	
16317	2.923922e+00	6.451635e-09	
16318	2.924122e+00	6.451008e-09	
16319	2.924322e+00	6.450396e-09	
16320	2.924522e+00	6.449781e-09	
16321	2.924722e+00	6.449184e-09	
16322	2.924922e+00	6.448587e-09	
16323	2.925122e+00	6.447998e-09	
16324	2.925322e+00	6.447411e-09	
16325	2.925522e+00	6.446839e-09	
16326	2.925722e+00	6.446265e-09	
16327	2.925922e+00	6.445705e-09	
16328	2.926122e+00	6.445141e-09	
16329	2.926322e+00	6.444597e-09	
16330	2.926522e+00	6.444048e-09	
16331	2.926722e+00	6.443515e-09	
16332	2.926922e+00	6.442976e-09	
16333	2.927122e+00	6.442455e-09	
16334	2.927322e+00	6.441931e-09	
16335	2.927522e+00	6.441425e-09	
16336	2.927722e+00	6.440907e-09	
16337	2.927922e+00	6.440409e-09	
16338	2.928122e+00	6.439911e-09	
16339	2.928322e+00	6.439418e-09	
16340	2.928522e+00	6.438928e-09	
16341	2.928722e+00	6.438454e-09	
16342	2.928922e+00	6.437976e-09	
16343	2.929122e+00	6.437510e-09	
16344	2.929322e+00	6.437035e-09	
16345	2.929522e+00	6.436588e-09	
16346	2.929722e+00	6.436131e-09	
16347	2.929922e+00	6.435685e-09	
16348	2.930122e+00	6.435236e-09	
16349	2.930322e+00	6.434805e-09	
16350	2.930522e+00	6.434370e-09	
16351	2.930722e+00	6.433945e-09	
16352	2.930922e+00	6.433519e-09	

Index   time            -i(vdd)         
--------------------------------------------------------------------------------
16353	2.931122e+00	6.433108e-09	
16354	2.931322e+00	6.432691e-09	
16355	2.931522e+00	6.432286e-09	
16356	2.931722e+00	6.431879e-09	
16357	2.931922e+00	6.431483e-09	
16358	2.932122e+00	6.431087e-09	
16359	2.932322e+00	6.430701e-09	
16360	2.932522e+00	6.430309e-09	
16361	2.932722e+00	6.429934e-09	
16362	2.932922e+00	6.429553e-09	
16363	2.933122e+00	6.429185e-09	
16364	2.933322e+00	6.428816e-09	
16365	2.933333e+00	6.428822e-09	
16366	2.933353e+00	6.428779e-09	
16367	2.933393e+00	6.428702e-09	
16368	2.933473e+00	6.428603e-09	
16369	2.933633e+00	6.428374e-09	
16370	2.933833e+00	6.428158e-09	
16371	2.934033e+00	6.427949e-09	
16372	2.934233e+00	6.427793e-09	
16373	2.934433e+00	6.427657e-09	
16374	2.934633e+00	6.427552e-09	
16375	2.934833e+00	6.427453e-09	
16376	2.935033e+00	6.427379e-09	
16377	2.935233e+00	6.427312e-09	
16378	2.935433e+00	6.427256e-09	
16379	2.935633e+00	6.427207e-09	
16380	2.935833e+00	6.427166e-09	
16381	2.936033e+00	6.427123e-09	
16382	2.936233e+00	6.427095e-09	
16383	2.936433e+00	6.427059e-09	
16384	2.936633e+00	6.427030e-09	
16385	2.936833e+00	6.426996e-09	
16386	2.937033e+00	6.426977e-09	
16387	2.937233e+00	6.426944e-09	
16388	2.937433e+00	6.426925e-09	
16389	2.937633e+00	6.426897e-09	
16390	2.937833e+00	6.426879e-09	
16391	2.938033e+00	6.426851e-09	
16392	2.938233e+00	6.426833e-09	
16393	2.938433e+00	6.426806e-09	
16394	2.938633e+00	6.426790e-09	
16395	2.938833e+00	6.426763e-09	
16396	2.939033e+00	6.426748e-09	
16397	2.939233e+00	6.426724e-09	
16398	2.939433e+00	6.426706e-09	
16399	2.939633e+00	6.426684e-09	
16400	2.939833e+00	6.426668e-09	
16401	2.940033e+00	6.426643e-09	
16402	2.940233e+00	6.426630e-09	
16403	2.940433e+00	6.426604e-09	
16404	2.940633e+00	6.426592e-09	
16405	2.940833e+00	6.426563e-09	
16406	2.941033e+00	6.426556e-09	
16407	2.941233e+00	6.426534e-09	
16408	2.941433e+00	6.426521e-09	
16409	2.941633e+00	6.426496e-09	
16410	2.941833e+00	6.426482e-09	

Index   time            -i(vdd)         
--------------------------------------------------------------------------------
16411	2.942033e+00	6.426461e-09	
16412	2.942233e+00	6.426442e-09	
16413	2.942433e+00	6.426422e-09	
16414	2.942633e+00	6.426411e-09	
16415	2.942833e+00	6.426391e-09	
16416	2.943033e+00	6.426377e-09	
16417	2.943233e+00	6.426362e-09	
16418	2.943433e+00	6.426344e-09	
16419	2.943633e+00	6.426326e-09	
16420	2.943833e+00	6.426314e-09	
16421	2.944033e+00	6.426290e-09	
16422	2.944233e+00	6.426281e-09	
16423	2.944433e+00	6.426261e-09	
16424	2.944444e+00	6.426290e-09	
16425	2.944464e+00	6.426286e-09	
16426	2.944504e+00	6.426263e-09	
16427	2.944584e+00	6.426250e-09	
16428	2.944744e+00	6.426188e-09	
16429	2.944944e+00	6.426131e-09	
16430	2.945144e+00	6.426021e-09	
16431	2.945344e+00	6.425929e-09	
16432	2.945544e+00	6.425811e-09	
16433	2.945744e+00	6.425693e-09	
16434	2.945944e+00	6.425562e-09	
16435	2.946144e+00	6.425443e-09	
16436	2.946344e+00	6.425300e-09	
16437	2.946544e+00	6.425165e-09	
16438	2.946744e+00	6.425020e-09	
16439	2.946944e+00	6.424888e-09	
16440	2.947144e+00	6.424738e-09	
16441	2.947344e+00	6.424602e-09	
16442	2.947544e+00	6.424449e-09	
16443	2.947744e+00	6.424312e-09	
16444	2.947944e+00	6.424164e-09	
16445	2.948144e+00	6.424029e-09	
16446	2.948344e+00	6.423876e-09	
16447	2.948544e+00	6.423742e-09	
16448	2.948744e+00	6.423597e-09	
16449	2.948944e+00	6.423456e-09	
16450	2.949144e+00	6.423310e-09	
16451	2.949344e+00	6.423173e-09	
16452	2.949544e+00	6.423029e-09	
16453	2.949744e+00	6.422889e-09	
16454	2.949944e+00	6.422745e-09	
16455	2.950144e+00	6.422611e-09	
16456	2.950344e+00	6.422467e-09	
16457	2.950544e+00	6.422333e-09	
16458	2.950744e+00	6.422193e-09	
16459	2.950944e+00	6.422056e-09	
16460	2.951144e+00	6.421917e-09	
16461	2.951344e+00	6.421784e-09	
16462	2.951544e+00	6.421642e-09	
16463	2.951744e+00	6.421507e-09	
16464	2.951944e+00	6.421370e-09	
16465	2.952144e+00	6.421242e-09	
16466	2.952344e+00	6.421102e-09	
16467	2.952544e+00	6.420977e-09	
16468	2.952744e+00	6.420838e-09	

Index   time            -i(vdd)         
--------------------------------------------------------------------------------
16469	2.952944e+00	6.420707e-09	
16470	2.953144e+00	6.420574e-09	
16471	2.953344e+00	6.420448e-09	
16472	2.953544e+00	6.420311e-09	
16473	2.953744e+00	6.420185e-09	
16474	2.953944e+00	6.420054e-09	
16475	2.954144e+00	6.419925e-09	
16476	2.954344e+00	6.419791e-09	
16477	2.954544e+00	6.419671e-09	
16478	2.954744e+00	6.419539e-09	
16479	2.954944e+00	6.419413e-09	
16480	2.955144e+00	6.419282e-09	
16481	2.955344e+00	6.419159e-09	
16482	2.955544e+00	6.419031e-09	
16483	2.955556e+00	6.419035e-09	
16484	2.955576e+00	6.419038e-09	
16485	2.955616e+00	6.419002e-09	
16486	2.955696e+00	6.418948e-09	
16487	2.955856e+00	6.418837e-09	
16488	2.956056e+00	6.418714e-09	
16489	2.956256e+00	6.418558e-09	
16490	2.956456e+00	6.418428e-09	
16491	2.956656e+00	6.418277e-09	
16492	2.956856e+00	6.418141e-09	
16493	2.957056e+00	6.417997e-09	
16494	2.957256e+00	6.417859e-09	
16495	2.957456e+00	6.417722e-09	
16496	2.957656e+00	6.417585e-09	
16497	2.957856e+00	6.417442e-09	
16498	2.958056e+00	6.417315e-09	
16499	2.958256e+00	6.417180e-09	
16500	2.958456e+00	6.417051e-09	
16501	2.958656e+00	6.416912e-09	
16502	2.958856e+00	6.416789e-09	
16503	2.959056e+00	6.416659e-09	
16504	2.959256e+00	6.416544e-09	
16505	2.959456e+00	6.416408e-09	
16506	2.959656e+00	6.416288e-09	
16507	2.959856e+00	6.416167e-09	
16508	2.960056e+00	6.416043e-09	
16509	2.960256e+00	6.415923e-09	
16510	2.960456e+00	6.415809e-09	
16511	2.960656e+00	6.415687e-09	
16512	2.960856e+00	6.415574e-09	
16513	2.961056e+00	6.415454e-09	
16514	2.961256e+00	6.415341e-09	
16515	2.961456e+00	6.415223e-09	
16516	2.961656e+00	6.415114e-09	
16517	2.961856e+00	6.414994e-09	
16518	2.962056e+00	6.414886e-09	
16519	2.962256e+00	6.414770e-09	
16520	2.962456e+00	6.414660e-09	
16521	2.962656e+00	6.414542e-09	
16522	2.962856e+00	6.414433e-09	
16523	2.963056e+00	6.414320e-09	
16524	2.963256e+00	6.414215e-09	
16525	2.963456e+00	6.414100e-09	
16526	2.963656e+00	6.413996e-09	

Index   time            -i(vdd)         
--------------------------------------------------------------------------------
16527	2.963856e+00	6.413884e-09	
16528	2.964056e+00	6.413783e-09	
16529	2.964256e+00	6.413669e-09	
16530	2.964456e+00	6.413570e-09	
16531	2.964656e+00	6.413455e-09	
16532	2.964856e+00	6.413353e-09	
16533	2.965056e+00	6.413245e-09	
16534	2.965256e+00	6.413146e-09	
16535	2.965456e+00	6.413037e-09	
16536	2.965656e+00	6.412933e-09	
16537	2.965856e+00	6.412824e-09	
16538	2.966056e+00	6.412723e-09	
16539	2.966256e+00	6.412619e-09	
16540	2.966456e+00	6.412521e-09	
16541	2.966656e+00	6.412411e-09	
16542	2.966667e+00	6.412437e-09	
16543	2.966687e+00	6.412424e-09	
16544	2.966727e+00	6.412396e-09	
16545	2.966807e+00	6.412376e-09	
16546	2.966967e+00	6.412322e-09	
16547	2.967167e+00	6.412308e-09	
16548	2.967367e+00	6.412268e-09	
16549	2.967567e+00	6.412278e-09	
16550	2.967767e+00	6.412291e-09	
16551	2.967967e+00	6.412327e-09	
16552	2.968167e+00	6.412364e-09	
16553	2.968367e+00	6.412425e-09	
16554	2.968567e+00	6.412478e-09	
16555	2.968767e+00	6.412552e-09	
16556	2.968967e+00	6.412618e-09	
16557	2.969167e+00	6.412699e-09	
16558	2.969367e+00	6.412775e-09	
16559	2.969567e+00	6.412856e-09	
16560	2.969767e+00	6.412938e-09	
16561	2.969967e+00	6.413031e-09	
16562	2.970167e+00	6.413108e-09	
16563	2.970367e+00	6.413199e-09	
16564	2.970567e+00	6.413283e-09	
16565	2.970767e+00	6.413379e-09	
16566	2.970967e+00	6.413465e-09	
16567	2.971167e+00	6.413562e-09	
16568	2.971367e+00	6.413648e-09	
16569	2.971567e+00	6.413746e-09	
16570	2.971767e+00	6.413836e-09	
16571	2.971967e+00	6.413939e-09	
16572	2.972167e+00	6.414029e-09	
16573	2.972367e+00	6.414129e-09	
16574	2.972567e+00	6.414219e-09	
16575	2.972767e+00	6.414326e-09	
16576	2.972967e+00	6.414420e-09	
16577	2.973167e+00	6.414521e-09	
16578	2.973367e+00	6.414618e-09	
16579	2.973567e+00	6.414727e-09	
16580	2.973767e+00	6.414822e-09	
16581	2.973967e+00	6.414931e-09	
16582	2.974167e+00	6.415026e-09	
16583	2.974367e+00	6.415140e-09	
16584	2.974567e+00	6.415237e-09	

Index   time            -i(vdd)         
--------------------------------------------------------------------------------
16585	2.974767e+00	6.415350e-09	
16586	2.974967e+00	6.415449e-09	
16587	2.975167e+00	6.415564e-09	
16588	2.975367e+00	6.415667e-09	
16589	2.975567e+00	6.415779e-09	
16590	2.975767e+00	6.415886e-09	
16591	2.975967e+00	6.416001e-09	
16592	2.976167e+00	6.416105e-09	
16593	2.976367e+00	6.416226e-09	
16594	2.976567e+00	6.416332e-09	
16595	2.976767e+00	6.416452e-09	
16596	2.976967e+00	6.416560e-09	
16597	2.977167e+00	6.416680e-09	
16598	2.977367e+00	6.416793e-09	
16599	2.977567e+00	6.416916e-09	
16600	2.977767e+00	6.417029e-09	
16601	2.977778e+00	6.417073e-09	
16602	2.977798e+00	6.417078e-09	
16603	2.977838e+00	6.417087e-09	
16604	2.977918e+00	6.417133e-09	
16605	2.978078e+00	6.417212e-09	
16606	2.978278e+00	6.417333e-09	
16607	2.978478e+00	6.417407e-09	
16608	2.978678e+00	6.417500e-09	
16609	2.978878e+00	6.417581e-09	
16610	2.979078e+00	6.417675e-09	
16611	2.979278e+00	6.417762e-09	
16612	2.979478e+00	6.417859e-09	
16613	2.979678e+00	6.417963e-09	
16614	2.979878e+00	6.418076e-09	
16615	2.980078e+00	6.418194e-09	
16616	2.980278e+00	6.418327e-09	
16617	2.980478e+00	6.418459e-09	
16618	2.980678e+00	6.418616e-09	
16619	2.980878e+00	6.418770e-09	
16620	2.981078e+00	6.418947e-09	
16621	2.981278e+00	6.419118e-09	
16622	2.981478e+00	6.419315e-09	
16623	2.981678e+00	6.419503e-09	
16624	2.981878e+00	6.419719e-09	
16625	2.982078e+00	6.419930e-09	
16626	2.982278e+00	6.420163e-09	
16627	2.982478e+00	6.420390e-09	
16628	2.982678e+00	6.420637e-09	
16629	2.982878e+00	6.420883e-09	
16630	2.983078e+00	6.421151e-09	
16631	2.983278e+00	6.421415e-09	
16632	2.983478e+00	6.421699e-09	
16633	2.983678e+00	6.421980e-09	
16634	2.983878e+00	6.422277e-09	
16635	2.984078e+00	6.422577e-09	
16636	2.984278e+00	6.422898e-09	
16637	2.984478e+00	6.423212e-09	
16638	2.984678e+00	6.423537e-09	
16639	2.984878e+00	6.423871e-09	
16640	2.985078e+00	6.424222e-09	
16641	2.985278e+00	6.424570e-09	
16642	2.985478e+00	6.424934e-09	

Index   time            -i(vdd)         
--------------------------------------------------------------------------------
16643	2.985678e+00	6.425298e-09	
16644	2.985878e+00	6.425681e-09	
16645	2.986078e+00	6.426061e-09	
16646	2.986278e+00	6.426459e-09	
16647	2.986478e+00	6.426861e-09	
16648	2.986678e+00	6.427275e-09	
16649	2.986878e+00	6.427694e-09	
16650	2.987078e+00	6.428126e-09	
16651	2.987278e+00	6.428565e-09	
16652	2.987478e+00	6.429021e-09	
16653	2.987678e+00	6.429477e-09	
16654	2.987878e+00	6.429947e-09	
16655	2.988078e+00	6.430428e-09	
16656	2.988278e+00	6.430924e-09	
16657	2.988478e+00	6.431420e-09	
16658	2.988678e+00	6.431938e-09	
16659	2.988878e+00	6.432460e-09	
16660	2.988889e+00	6.432517e-09	
16661	2.988909e+00	6.432561e-09	
16662	2.988949e+00	6.432654e-09	
16663	2.989029e+00	6.432862e-09	
16664	2.989189e+00	6.433266e-09	
16665	2.989389e+00	6.433796e-09	
16666	2.989589e+00	6.434277e-09	
16667	2.989789e+00	6.434778e-09	
16668	2.989989e+00	6.435271e-09	
16669	2.990189e+00	6.435771e-09	
16670	2.990389e+00	6.436259e-09	
16671	2.990589e+00	6.436755e-09	
16672	2.990789e+00	6.437255e-09	
16673	2.990989e+00	6.437762e-09	
16674	2.991189e+00	6.438263e-09	
16675	2.991389e+00	6.438781e-09	
16676	2.991589e+00	6.439293e-09	
16677	2.991789e+00	6.439827e-09	
16678	2.991989e+00	6.440350e-09	
16679	2.992189e+00	6.440886e-09	
16680	2.992389e+00	6.441425e-09	
16681	2.992589e+00	6.441974e-09	
16682	2.992789e+00	6.442517e-09	
16683	2.992989e+00	6.443075e-09	
16684	2.993189e+00	6.443631e-09	
16685	2.993389e+00	6.444203e-09	
16686	2.993589e+00	6.444770e-09	
16687	2.993789e+00	6.445350e-09	
16688	2.993989e+00	6.445929e-09	
16689	2.994189e+00	6.446518e-09	
16690	2.994389e+00	6.447105e-09	
16691	2.994589e+00	6.447707e-09	
16692	2.994789e+00	6.448303e-09	
16693	2.994989e+00	6.448914e-09	
16694	2.995189e+00	6.449524e-09	
16695	2.995389e+00	6.450145e-09	
16696	2.995589e+00	6.450760e-09	
16697	2.995789e+00	6.451392e-09	
16698	2.995989e+00	6.452017e-09	
16699	2.996189e+00	6.452663e-09	
16700	2.996389e+00	6.453304e-09	

Index   time            -i(vdd)         
--------------------------------------------------------------------------------
16701	2.996589e+00	6.453958e-09	
16702	2.996789e+00	6.454605e-09	
16703	2.996989e+00	6.455265e-09	
16704	2.997189e+00	6.455930e-09	
16705	2.997389e+00	6.456605e-09	
16706	2.997589e+00	6.457273e-09	
16707	2.997789e+00	6.457958e-09	
16708	2.997989e+00	6.458637e-09	
16709	2.998189e+00	6.459331e-09	
16710	2.998389e+00	6.460018e-09	
16711	2.998589e+00	6.460726e-09	
16712	2.998789e+00	6.461419e-09	
16713	2.998989e+00	6.462126e-09	
16714	2.999189e+00	6.462827e-09	
16715	2.999389e+00	6.463542e-09	
16716	2.999589e+00	6.464249e-09	
16717	2.999789e+00	6.464963e-09	
16718	2.999989e+00	6.465665e-09	
16719	3.000000e+00	6.465734e-09	
16720	3.000020e+00	6.465805e-09	
16721	3.000060e+00	6.465951e-09	
16722	3.000140e+00	6.466295e-09	
16723	3.000300e+00	6.467028e-09	
16724	3.000500e+00	6.468062e-09	
16725	3.000700e+00	6.469129e-09	
16726	3.000900e+00	6.470259e-09	
16727	3.001100e+00	6.471368e-09	
16728	3.001300e+00	6.472442e-09	
16729	3.001500e+00	6.473397e-09	
16730	3.001700e+00	6.474169e-09	
16731	3.001900e+00	6.474574e-09	
16732	3.002100e+00	6.474327e-09	
16733	3.002300e+00	6.472754e-09	
16734	3.002500e+00	6.468532e-09	
16735	3.002700e+00	6.458345e-09	
16736	3.002900e+00	6.436344e-09	
16737	3.003100e+00	6.388962e-09	
16738	3.003300e+00	6.312212e-09	
16739	3.003325e+00	6.296334e-09	
16740	3.003375e+00	6.282230e-09	
16741	3.003475e+00	6.242862e-09	
16742	3.003675e+00	6.119025e-09	
16743	3.003875e+00	5.970847e-09	
16744	3.003900e+00	5.953073e-09	
16745	3.003950e+00	5.923636e-09	
16746	3.004050e+00	6.054673e-09	
16747	3.004075e+00	6.306350e-09	
16748	3.004125e+00	6.727575e-09	
16749	3.004137e+00	6.716668e-09	
16750	3.004162e+00	6.655414e-09	
16751	3.004212e+00	6.556868e-09	
16752	3.004312e+00	6.383094e-09	
16753	3.004337e+00	6.359920e-09	
16754	3.004387e+00	6.366307e-09	
16755	3.004487e+00	6.399222e-09	
16756	3.004627e+00	6.271952e-09	
16757	3.004788e+00	6.148836e-09	
16758	3.004813e+00	6.136331e-09	

Index   time            -i(vdd)         
--------------------------------------------------------------------------------
16759	3.004863e+00	6.119161e-09	
16760	3.004875e+00	6.115471e-09	
16761	3.004900e+00	6.103421e-09	
16762	3.004906e+00	6.100823e-09	
16763	3.004919e+00	6.101169e-09	
16764	3.004944e+00	6.128102e-09	
16765	3.004994e+00	6.386102e-09	
16766	3.005003e+00	6.143511e-09	
16767	3.005022e+00	6.078761e-09	
16768	3.005026e+00	6.070564e-09	
16769	3.005036e+00	6.065123e-09	
16770	3.005054e+00	6.064470e-09	
16771	3.005091e+00	6.065572e-09	
16772	3.005166e+00	6.009156e-09	
16773	3.005314e+00	5.970782e-09	
16774	3.005514e+00	5.902529e-09	
16775	3.005714e+00	5.796900e-09	
16776	3.005914e+00	5.698157e-09	
16777	3.006114e+00	5.617963e-09	
16778	3.006314e+00	5.554271e-09	
16779	3.006514e+00	5.502148e-09	
16780	3.006714e+00	5.457104e-09	
16781	3.006914e+00	5.415678e-09	
16782	3.007114e+00	5.375698e-09	
16783	3.007314e+00	5.336041e-09	
16784	3.007514e+00	5.296541e-09	
16785	3.007714e+00	5.257736e-09	
16786	3.007914e+00	5.220527e-09	
16787	3.008114e+00	5.185762e-09	
16788	3.008314e+00	5.154041e-09	
16789	3.008514e+00	5.125610e-09	
16790	3.008714e+00	5.100471e-09	
16791	3.008914e+00	5.078412e-09	
16792	3.009114e+00	5.059158e-09	
16793	3.009314e+00	5.042395e-09	
16794	3.009514e+00	5.027814e-09	
16795	3.009714e+00	5.015122e-09	
16796	3.009914e+00	5.004081e-09	
16797	3.010114e+00	4.994456e-09	
16798	3.010314e+00	4.986085e-09	
16799	3.010514e+00	4.978770e-09	
16800	3.010714e+00	4.972418e-09	
16801	3.010914e+00	4.966869e-09	
16802	3.011111e+00	4.962162e-09	
16803	3.011131e+00	4.961689e-09	
16804	3.011171e+00	4.960688e-09	
16805	3.011251e+00	4.958659e-09	
16806	3.011411e+00	4.954585e-09	
16807	3.011611e+00	4.949669e-09	
16808	3.011811e+00	4.945087e-09	
16809	3.012011e+00	4.940896e-09	
16810	3.012211e+00	4.937061e-09	
16811	3.012411e+00	4.933559e-09	
16812	3.012611e+00	4.930336e-09	
16813	3.012811e+00	4.927391e-09	
16814	3.013011e+00	4.924672e-09	
16815	3.013211e+00	4.922185e-09	
16816	3.013411e+00	4.919888e-09	

Index   time            -i(vdd)         
--------------------------------------------------------------------------------
16817	3.013611e+00	4.917784e-09	
16818	3.013811e+00	4.915839e-09	
16819	3.014011e+00	4.914058e-09	
16820	3.014211e+00	4.912411e-09	
16821	3.014411e+00	4.910912e-09	
16822	3.014611e+00	4.909524e-09	
16823	3.014811e+00	4.908271e-09	
16824	3.015011e+00	4.907110e-09	
16825	3.015211e+00	4.906070e-09	
16826	3.015411e+00	4.905109e-09	
16827	3.015611e+00	4.904254e-09	
16828	3.015811e+00	4.903470e-09	
16829	3.016011e+00	4.902784e-09	
16830	3.016211e+00	4.902163e-09	
16831	3.016411e+00	4.901625e-09	
16832	3.016611e+00	4.901145e-09	
16833	3.016811e+00	4.900745e-09	
16834	3.017011e+00	4.900394e-09	
16835	3.017211e+00	4.900111e-09	
16836	3.017411e+00	4.899879e-09	
16837	3.017611e+00	4.899718e-09	
16838	3.017811e+00	4.899593e-09	
16839	3.018011e+00	4.899530e-09	
16840	3.018211e+00	4.899512e-09	
16841	3.018411e+00	4.899549e-09	
16842	3.018611e+00	4.899618e-09	
16843	3.018811e+00	4.899738e-09	
16844	3.019011e+00	4.899892e-09	
16845	3.019211e+00	4.900089e-09	
16846	3.019411e+00	4.900327e-09	
16847	3.019611e+00	4.900606e-09	
16848	3.019811e+00	4.900914e-09	
16849	3.020011e+00	4.901271e-09	
16850	3.020211e+00	4.901646e-09	
16851	3.020411e+00	4.902067e-09	
16852	3.020611e+00	4.902506e-09	
16853	3.020811e+00	4.902989e-09	
16854	3.021011e+00	4.903492e-09	
16855	3.021211e+00	4.904034e-09	
16856	3.021411e+00	4.904596e-09	
16857	3.021611e+00	4.905194e-09	
16858	3.021811e+00	4.905815e-09	
16859	3.022011e+00	4.906474e-09	
16860	3.022211e+00	4.907141e-09	
16861	3.022222e+00	4.907201e-09	
16862	3.022242e+00	4.907251e-09	
16863	3.022282e+00	4.907340e-09	
16864	3.022362e+00	4.907482e-09	
16865	3.022522e+00	4.907699e-09	
16866	3.022722e+00	4.907943e-09	
16867	3.022922e+00	4.908167e-09	
16868	3.023122e+00	4.908428e-09	
16869	3.023322e+00	4.908706e-09	
16870	3.023522e+00	4.909009e-09	
16871	3.023722e+00	4.909321e-09	
16872	3.023922e+00	4.909663e-09	
16873	3.024122e+00	4.910010e-09	
16874	3.024322e+00	4.910384e-09	

Index   time            -i(vdd)         
--------------------------------------------------------------------------------
16875	3.024522e+00	4.910763e-09	
16876	3.024722e+00	4.911167e-09	
16877	3.024922e+00	4.911579e-09	
16878	3.025122e+00	4.912013e-09	
16879	3.025322e+00	4.912450e-09	
16880	3.025522e+00	4.912911e-09	
16881	3.025722e+00	4.913374e-09	
16882	3.025922e+00	4.913867e-09	
16883	3.026122e+00	4.914359e-09	
16884	3.026322e+00	4.914872e-09	
16885	3.026522e+00	4.915392e-09	
16886	3.026722e+00	4.915934e-09	
16887	3.026922e+00	4.916479e-09	
16888	3.027122e+00	4.917043e-09	
16889	3.027322e+00	4.917613e-09	
16890	3.027522e+00	4.918198e-09	
16891	3.027722e+00	4.918787e-09	
16892	3.027922e+00	4.919403e-09	
16893	3.028122e+00	4.920013e-09	
16894	3.028322e+00	4.920651e-09	
16895	3.028522e+00	4.921289e-09	
16896	3.028722e+00	4.921943e-09	
16897	3.028922e+00	4.922596e-09	
16898	3.029122e+00	4.923276e-09	
16899	3.029322e+00	4.923951e-09	
16900	3.029522e+00	4.924647e-09	
16901	3.029722e+00	4.925340e-09	
16902	3.029922e+00	4.926057e-09	
16903	3.030122e+00	4.926772e-09	
16904	3.030322e+00	4.927503e-09	
16905	3.030522e+00	4.928237e-09	
16906	3.030722e+00	4.928987e-09	
16907	3.030922e+00	4.929739e-09	
16908	3.031122e+00	4.930516e-09	
16909	3.031322e+00	4.931282e-09	
16910	3.031522e+00	4.932066e-09	
16911	3.031722e+00	4.932853e-09	
16912	3.031922e+00	4.933655e-09	
16913	3.032122e+00	4.934466e-09	
16914	3.032322e+00	4.935287e-09	
16915	3.032522e+00	4.936112e-09	
16916	3.032722e+00	4.936950e-09	
16917	3.032922e+00	4.937785e-09	
16918	3.033122e+00	4.938642e-09	
16919	3.033322e+00	4.939497e-09	
16920	3.033333e+00	4.939556e-09	
16921	3.033353e+00	4.939632e-09	
16922	3.033393e+00	4.939765e-09	
16923	3.033473e+00	4.940002e-09	
16924	3.033633e+00	4.940455e-09	
16925	3.033833e+00	4.941054e-09	
16926	3.034033e+00	4.941680e-09	
16927	3.034233e+00	4.942336e-09	
16928	3.034433e+00	4.942993e-09	
16929	3.034633e+00	4.943670e-09	
16930	3.034833e+00	4.944340e-09	
16931	3.035033e+00	4.945024e-09	
16932	3.035233e+00	4.945709e-09	

Index   time            -i(vdd)         
--------------------------------------------------------------------------------
16933	3.035433e+00	4.946405e-09	
16934	3.035633e+00	4.947095e-09	
16935	3.035833e+00	4.947808e-09	
16936	3.036033e+00	4.948516e-09	
16937	3.036233e+00	4.949238e-09	
16938	3.036433e+00	4.949954e-09	
16939	3.036633e+00	4.950691e-09	
16940	3.036833e+00	4.951423e-09	
16941	3.037033e+00	4.952172e-09	
16942	3.037233e+00	4.952910e-09	
16943	3.037433e+00	4.953674e-09	
16944	3.037633e+00	4.954430e-09	
16945	3.037833e+00	4.955198e-09	
16946	3.038033e+00	4.955967e-09	
16947	3.038233e+00	4.956747e-09	
16948	3.038433e+00	4.957527e-09	
16949	3.038633e+00	4.958318e-09	
16950	3.038833e+00	4.959106e-09	
16951	3.039033e+00	4.959907e-09	
16952	3.039233e+00	4.960702e-09	
16953	3.039433e+00	4.961524e-09	
16954	3.039633e+00	4.962333e-09	
16955	3.039833e+00	4.963157e-09	
16956	3.040033e+00	4.963976e-09	
16957	3.040233e+00	4.964818e-09	
16958	3.040433e+00	4.965646e-09	
16959	3.040633e+00	4.966490e-09	
16960	3.040833e+00	4.967332e-09	
16961	3.041033e+00	4.968188e-09	
16962	3.041233e+00	4.969040e-09	
16963	3.041433e+00	4.969908e-09	
16964	3.041633e+00	4.970770e-09	
16965	3.041833e+00	4.971642e-09	
16966	3.042033e+00	4.972511e-09	
16967	3.042233e+00	4.973395e-09	
16968	3.042433e+00	4.974275e-09	
16969	3.042633e+00	4.975169e-09	
16970	3.042833e+00	4.976058e-09	
16971	3.043033e+00	4.976959e-09	
16972	3.043233e+00	4.977861e-09	
16973	3.043433e+00	4.978773e-09	
16974	3.043633e+00	4.979679e-09	
16975	3.043833e+00	4.980599e-09	
16976	3.044033e+00	4.981515e-09	
16977	3.044233e+00	4.982442e-09	
16978	3.044433e+00	4.983371e-09	
16979	3.044444e+00	4.983433e-09	
16980	3.044464e+00	4.983540e-09	
16981	3.044504e+00	4.983761e-09	
16982	3.044584e+00	4.984260e-09	
16983	3.044744e+00	4.985313e-09	
16984	3.044944e+00	4.986633e-09	
16985	3.045144e+00	4.987917e-09	
16986	3.045344e+00	4.989225e-09	
16987	3.045544e+00	4.990531e-09	
16988	3.045744e+00	4.991850e-09	
16989	3.045944e+00	4.993169e-09	
16990	3.046144e+00	4.994501e-09	

Index   time            -i(vdd)         
--------------------------------------------------------------------------------
16991	3.046344e+00	4.995828e-09	
16992	3.046544e+00	4.997176e-09	
16993	3.046744e+00	4.998509e-09	
16994	3.046944e+00	4.999868e-09	
16995	3.047144e+00	5.001219e-09	
16996	3.047344e+00	5.002583e-09	
16997	3.047544e+00	5.003948e-09	
16998	3.047744e+00	5.005323e-09	
16999	3.047944e+00	5.006698e-09	
17000	3.048144e+00	5.008084e-09	
17001	3.048344e+00	5.009471e-09	
17002	3.048544e+00	5.010866e-09	
17003	3.048744e+00	5.012257e-09	
17004	3.048944e+00	5.013671e-09	
17005	3.049144e+00	5.015076e-09	
17006	3.049344e+00	5.016492e-09	
17007	3.049544e+00	5.017911e-09	
17008	3.049744e+00	5.019341e-09	
17009	3.049944e+00	5.020767e-09	
17010	3.050144e+00	5.022203e-09	
17011	3.050344e+00	5.023641e-09	
17012	3.050544e+00	5.025095e-09	
17013	3.050744e+00	5.026537e-09	
17014	3.050944e+00	5.028001e-09	
17015	3.051144e+00	5.029455e-09	
17016	3.051344e+00	5.030929e-09	
17017	3.051544e+00	5.032392e-09	
17018	3.051744e+00	5.033872e-09	
17019	3.051944e+00	5.035349e-09	
17020	3.052144e+00	5.036841e-09	
17021	3.052344e+00	5.038326e-09	
17022	3.052544e+00	5.039826e-09	
17023	3.052744e+00	5.041319e-09	
17024	3.052944e+00	5.042831e-09	
17025	3.053144e+00	5.044337e-09	
17026	3.053344e+00	5.045858e-09	
17027	3.053544e+00	5.047368e-09	
17028	3.053744e+00	5.048897e-09	
17029	3.053944e+00	5.050419e-09	
17030	3.054144e+00	5.051956e-09	
17031	3.054344e+00	5.053490e-09	
17032	3.054544e+00	5.055042e-09	
17033	3.054744e+00	5.056578e-09	
17034	3.054944e+00	5.058136e-09	
17035	3.055144e+00	5.059681e-09	
17036	3.055344e+00	5.061244e-09	
17037	3.055544e+00	5.062802e-09	
17038	3.055556e+00	5.062898e-09	
17039	3.055576e+00	5.062977e-09	
17040	3.055616e+00	5.062998e-09	
17041	3.055696e+00	5.062809e-09	
17042	3.055856e+00	5.062038e-09	
17043	3.056056e+00	5.060877e-09	
17044	3.056256e+00	5.059650e-09	
17045	3.056456e+00	5.058449e-09	
17046	3.056656e+00	5.057247e-09	
17047	3.056856e+00	5.056059e-09	
17048	3.057056e+00	5.054868e-09	

Index   time            -i(vdd)         
--------------------------------------------------------------------------------
17049	3.057256e+00	5.053683e-09	
17050	3.057456e+00	5.052490e-09	
17051	3.057656e+00	5.051307e-09	
17052	3.057856e+00	5.050115e-09	
17053	3.058056e+00	5.048933e-09	
17054	3.058256e+00	5.047739e-09	
17055	3.058456e+00	5.046555e-09	
17056	3.058656e+00	5.045361e-09	
17057	3.058856e+00	5.044177e-09	
17058	3.059056e+00	5.042991e-09	
17059	3.059256e+00	5.041803e-09	
17060	3.059456e+00	5.040612e-09	
17061	3.059656e+00	5.039429e-09	
17062	3.059856e+00	5.038235e-09	
17063	3.060056e+00	5.037050e-09	
17064	3.060256e+00	5.035864e-09	
17065	3.060456e+00	5.034678e-09	
17066	3.060656e+00	5.033484e-09	
17067	3.060856e+00	5.032299e-09	
17068	3.061056e+00	5.031105e-09	
17069	3.061256e+00	5.029925e-09	
17070	3.061456e+00	5.028740e-09	
17071	3.061656e+00	5.027551e-09	
17072	3.061856e+00	5.026359e-09	
17073	3.062056e+00	5.025180e-09	
17074	3.062256e+00	5.023987e-09	
17075	3.062456e+00	5.022805e-09	
17076	3.062656e+00	5.021620e-09	
17077	3.062856e+00	5.020434e-09	
17078	3.063056e+00	5.019246e-09	
17079	3.063256e+00	5.018064e-09	
17080	3.063456e+00	5.016874e-09	
17081	3.063656e+00	5.015696e-09	
17082	3.063856e+00	5.014503e-09	
17083	3.064056e+00	5.013328e-09	
17084	3.064256e+00	5.012143e-09	
17085	3.064456e+00	5.010965e-09	
17086	3.064656e+00	5.009777e-09	
17087	3.064856e+00	5.008604e-09	
17088	3.065056e+00	5.007419e-09	
17089	3.065256e+00	5.006248e-09	
17090	3.065456e+00	5.005067e-09	
17091	3.065656e+00	5.003896e-09	
17092	3.065856e+00	5.002713e-09	
17093	3.066056e+00	5.001542e-09	
17094	3.066256e+00	5.000370e-09	
17095	3.066456e+00	4.999203e-09	
17096	3.066656e+00	4.998029e-09	
17097	3.066667e+00	4.997979e-09	
17098	3.066687e+00	4.997896e-09	
17099	3.066727e+00	4.997749e-09	
17100	3.066807e+00	4.997584e-09	
17101	3.066967e+00	4.997415e-09	
17102	3.067167e+00	4.997383e-09	
17103	3.067367e+00	4.997395e-09	
17104	3.067567e+00	4.997439e-09	
17105	3.067767e+00	4.997478e-09	
17106	3.067967e+00	4.997518e-09	

Index   time            -i(vdd)         
--------------------------------------------------------------------------------
17107	3.068167e+00	4.997548e-09	
17108	3.068367e+00	4.997588e-09	
17109	3.068567e+00	4.997620e-09	
17110	3.068767e+00	4.997661e-09	
17111	3.068967e+00	4.997695e-09	
17112	3.069167e+00	4.997738e-09	
17113	3.069367e+00	4.997770e-09	
17114	3.069567e+00	4.997808e-09	
17115	3.069767e+00	4.997843e-09	
17116	3.069967e+00	4.997888e-09	
17117	3.070167e+00	4.997923e-09	
17118	3.070367e+00	4.997972e-09	
17119	3.070567e+00	4.998008e-09	
17120	3.070767e+00	4.998056e-09	
17121	3.070967e+00	4.998096e-09	
17122	3.071167e+00	4.998145e-09	
17123	3.071367e+00	4.998188e-09	
17124	3.071567e+00	4.998240e-09	
17125	3.071767e+00	4.998281e-09	
17126	3.071967e+00	4.998338e-09	
17127	3.072167e+00	4.998386e-09	
17128	3.072367e+00	4.998447e-09	
17129	3.072567e+00	4.998497e-09	
17130	3.072767e+00	4.998563e-09	
17131	3.072967e+00	4.998620e-09	
17132	3.073167e+00	4.998684e-09	
17133	3.073367e+00	4.998746e-09	
17134	3.073567e+00	4.998822e-09	
17135	3.073767e+00	4.998891e-09	
17136	3.073967e+00	4.998973e-09	
17137	3.074167e+00	4.999054e-09	
17138	3.074367e+00	4.999145e-09	
17139	3.074567e+00	4.999233e-09	
17140	3.074767e+00	4.999330e-09	
17141	3.074967e+00	4.999432e-09	
17142	3.075167e+00	4.999553e-09	
17143	3.075367e+00	4.999662e-09	
17144	3.075567e+00	4.999799e-09	
17145	3.075767e+00	4.999939e-09	
17146	3.075967e+00	5.000090e-09	
17147	3.076167e+00	5.000250e-09	
17148	3.076367e+00	5.000442e-09	
17149	3.076567e+00	5.000633e-09	
17150	3.076767e+00	5.000852e-09	
17151	3.076967e+00	5.001088e-09	
17152	3.077167e+00	5.001356e-09	
17153	3.077367e+00	5.001649e-09	
17154	3.077567e+00	5.001979e-09	
17155	3.077767e+00	5.002345e-09	
17156	3.077778e+00	5.002386e-09	
17157	3.077798e+00	5.002473e-09	
17158	3.077838e+00	5.002690e-09	
17159	3.077918e+00	5.003247e-09	
17160	3.078078e+00	5.004444e-09	
17161	3.078278e+00	5.005788e-09	
17162	3.078478e+00	5.006908e-09	
17163	3.078678e+00	5.007907e-09	
17164	3.078878e+00	5.008872e-09	

Index   time            -i(vdd)         
--------------------------------------------------------------------------------
17165	3.079078e+00	5.009904e-09	
17166	3.079278e+00	5.011028e-09	
17167	3.079478e+00	5.012271e-09	
17168	3.079678e+00	5.013602e-09	
17169	3.079878e+00	5.015002e-09	
17170	3.080078e+00	5.016432e-09	
17171	3.080278e+00	5.017900e-09	
17172	3.080478e+00	5.019379e-09	
17173	3.080678e+00	5.020885e-09	
17174	3.080878e+00	5.022405e-09	
17175	3.081078e+00	5.023959e-09	
17176	3.081278e+00	5.025517e-09	
17177	3.081478e+00	5.027102e-09	
17178	3.081678e+00	5.028689e-09	
17179	3.081878e+00	5.030304e-09	
17180	3.082078e+00	5.031916e-09	
17181	3.082278e+00	5.033558e-09	
17182	3.082478e+00	5.035205e-09	
17183	3.082678e+00	5.036869e-09	
17184	3.082878e+00	5.038535e-09	
17185	3.083078e+00	5.040226e-09	
17186	3.083278e+00	5.041919e-09	
17187	3.083478e+00	5.043630e-09	
17188	3.083678e+00	5.045346e-09	
17189	3.083878e+00	5.047080e-09	
17190	3.084078e+00	5.048816e-09	
17191	3.084278e+00	5.050573e-09	
17192	3.084478e+00	5.052332e-09	
17193	3.084678e+00	5.054109e-09	
17194	3.084878e+00	5.055888e-09	
17195	3.085078e+00	5.057688e-09	
17196	3.085278e+00	5.059481e-09	
17197	3.085478e+00	5.061299e-09	
17198	3.085678e+00	5.063120e-09	
17199	3.085878e+00	5.064955e-09	
17200	3.086078e+00	5.066795e-09	
17201	3.086278e+00	5.068656e-09	
17202	3.086478e+00	5.070510e-09	
17203	3.086678e+00	5.072391e-09	
17204	3.086878e+00	5.074269e-09	
17205	3.087078e+00	5.076166e-09	
17206	3.087278e+00	5.078060e-09	
17207	3.087478e+00	5.079977e-09	
17208	3.087678e+00	5.081889e-09	
17209	3.087878e+00	5.083821e-09	
17210	3.088078e+00	5.085753e-09	
17211	3.088278e+00	5.087704e-09	
17212	3.088478e+00	5.089655e-09	
17213	3.088678e+00	5.091622e-09	
17214	3.088878e+00	5.093591e-09	
17215	3.088889e+00	5.093719e-09	
17216	3.088909e+00	5.093784e-09	
17217	3.088949e+00	5.093737e-09	
17218	3.089029e+00	5.093345e-09	
17219	3.089189e+00	5.092044e-09	
17220	3.089389e+00	5.090200e-09	
17221	3.089589e+00	5.088297e-09	
17222	3.089789e+00	5.086433e-09	

Index   time            -i(vdd)         
--------------------------------------------------------------------------------
17223	3.089989e+00	5.084560e-09	
17224	3.090189e+00	5.082704e-09	
17225	3.090389e+00	5.080838e-09	
17226	3.090589e+00	5.078983e-09	
17227	3.090789e+00	5.077122e-09	
17228	3.090989e+00	5.075267e-09	
17229	3.091189e+00	5.073406e-09	
17230	3.091389e+00	5.071549e-09	
17231	3.091589e+00	5.069688e-09	
17232	3.091789e+00	5.067843e-09	
17233	3.091989e+00	5.065986e-09	
17234	3.092189e+00	5.064141e-09	
17235	3.092389e+00	5.062288e-09	
17236	3.092589e+00	5.060447e-09	
17237	3.092789e+00	5.058603e-09	
17238	3.092989e+00	5.056770e-09	
17239	3.093189e+00	5.054935e-09	
17240	3.093389e+00	5.053115e-09	
17241	3.093589e+00	5.051296e-09	
17242	3.093789e+00	5.049493e-09	
17243	3.093989e+00	5.047687e-09	
17244	3.094189e+00	5.045916e-09	
17245	3.094389e+00	5.044150e-09	
17246	3.094589e+00	5.042419e-09	
17247	3.094789e+00	5.040720e-09	
17248	3.094989e+00	5.039083e-09	
17249	3.095189e+00	5.037512e-09	
17250	3.095389e+00	5.036072e-09	
17251	3.095589e+00	5.034800e-09	
17252	3.095789e+00	5.033846e-09	
17253	3.095989e+00	5.033409e-09	
17254	3.096189e+00	5.033966e-09	
17255	3.096389e+00	5.036475e-09	
17256	3.096589e+00	5.042912e-09	
17257	3.096789e+00	5.056163e-09	
17258	3.096989e+00	5.079608e-09	
17259	3.097189e+00	5.118327e-09	
17260	3.097389e+00	5.178961e-09	
17261	3.097589e+00	5.265902e-09	
17262	3.097789e+00	5.374328e-09	
17263	3.097989e+00	5.505628e-09	
17264	3.098189e+00	5.634814e-09	
17265	3.098389e+00	5.644330e-09	
17266	3.098589e+00	5.602171e-09	
17267	3.098789e+00	5.556241e-09	
17268	3.098989e+00	5.536521e-09	
17269	3.099189e+00	5.522994e-09	
17270	3.099389e+00	5.514794e-09	
17271	3.099589e+00	5.509680e-09	
17272	3.099789e+00	5.506111e-09	
17273	3.099989e+00	5.503393e-09	
17274	3.100000e+00	5.503277e-09	
17275	3.100020e+00	5.503122e-09	
17276	3.100060e+00	5.502881e-09	
17277	3.100140e+00	5.502624e-09	
17278	3.100300e+00	5.502510e-09	
17279	3.100500e+00	5.502700e-09	
17280	3.100700e+00	5.503056e-09	

Index   time            -i(vdd)         
--------------------------------------------------------------------------------
17281	3.100900e+00	5.503517e-09	
17282	3.101100e+00	5.504037e-09	
17283	3.101300e+00	5.504605e-09	
17284	3.101500e+00	5.505196e-09	
17285	3.101700e+00	5.505815e-09	
17286	3.101900e+00	5.506447e-09	
17287	3.102100e+00	5.507080e-09	
17288	3.102300e+00	5.507692e-09	
17289	3.102500e+00	5.508305e-09	
17290	3.102700e+00	5.508880e-09	
17291	3.102900e+00	5.509437e-09	
17292	3.103100e+00	5.509951e-09	
17293	3.103300e+00	5.510445e-09	
17294	3.103500e+00	5.510895e-09	
17295	3.103700e+00	5.511324e-09	
17296	3.103900e+00	5.511711e-09	
17297	3.104100e+00	5.512089e-09	
17298	3.104300e+00	5.512435e-09	
17299	3.104500e+00	5.512766e-09	
17300	3.104700e+00	5.513083e-09	
17301	3.104900e+00	5.513378e-09	
17302	3.105100e+00	5.513664e-09	
17303	3.105300e+00	5.513943e-09	
17304	3.105500e+00	5.514199e-09	
17305	3.105700e+00	5.514460e-09	
17306	3.105900e+00	5.514700e-09	
17307	3.106100e+00	5.514956e-09	
17308	3.106300e+00	5.515188e-09	
17309	3.106500e+00	5.515425e-09	
17310	3.106700e+00	5.515653e-09	
17311	3.106900e+00	5.515886e-09	
17312	3.107100e+00	5.516106e-09	
17313	3.107300e+00	5.516331e-09	
17314	3.107500e+00	5.516536e-09	
17315	3.107700e+00	5.516742e-09	
17316	3.107900e+00	5.516934e-09	
17317	3.108100e+00	5.517119e-09	
17318	3.108300e+00	5.517271e-09	
17319	3.108500e+00	5.517399e-09	
17320	3.108700e+00	5.517466e-09	
17321	3.108900e+00	5.517476e-09	
17322	3.109100e+00	5.517373e-09	
17323	3.109300e+00	5.517127e-09	
17324	3.109500e+00	5.516643e-09	
17325	3.109700e+00	5.515854e-09	
17326	3.109900e+00	5.514602e-09	
17327	3.110100e+00	5.512705e-09	
17328	3.110300e+00	5.509903e-09	
17329	3.110500e+00	5.505895e-09	
17330	3.110700e+00	5.500196e-09	
17331	3.110900e+00	5.492154e-09	
17332	3.111100e+00	5.481062e-09	
17333	3.111111e+00	5.480258e-09	
17334	3.111131e+00	5.478982e-09	
17335	3.111171e+00	5.476198e-09	
17336	3.111251e+00	5.470556e-09	
17337	3.111411e+00	5.459568e-09	
17338	3.111611e+00	5.447504e-09	

Index   time            -i(vdd)         
--------------------------------------------------------------------------------
17339	3.111811e+00	5.426532e-09	
17340	3.112011e+00	5.412635e-09	
17341	3.112211e+00	5.385695e-09	
17342	3.112411e+00	5.350120e-09	
17343	3.112611e+00	5.312198e-09	
17344	3.112811e+00	5.275019e-09	
17345	3.113011e+00	5.241085e-09	
17346	3.113211e+00	5.211347e-09	
17347	3.113411e+00	5.185822e-09	
17348	3.113611e+00	5.164116e-09	
17349	3.113811e+00	5.145760e-09	
17350	3.114011e+00	5.130233e-09	
17351	3.114211e+00	5.117115e-09	
17352	3.114411e+00	5.105967e-09	
17353	3.114611e+00	5.096495e-09	
17354	3.114811e+00	5.088393e-09	
17355	3.115011e+00	5.081455e-09	
17356	3.115211e+00	5.075460e-09	
17357	3.115411e+00	5.070275e-09	
17358	3.115611e+00	5.065759e-09	
17359	3.115811e+00	5.061816e-09	
17360	3.116011e+00	5.058342e-09	
17361	3.116211e+00	5.055285e-09	
17362	3.116411e+00	5.052566e-09	
17363	3.116611e+00	5.050152e-09	
17364	3.116811e+00	5.047991e-09	
17365	3.117011e+00	5.046056e-09	
17366	3.117211e+00	5.044309e-09	
17367	3.117411e+00	5.042741e-09	
17368	3.117611e+00	5.041312e-09	
17369	3.117811e+00	5.040018e-09	
17370	3.118011e+00	5.038836e-09	
17371	3.118211e+00	5.037750e-09	
17372	3.118411e+00	5.036746e-09	
17373	3.118611e+00	5.035842e-09	
17374	3.118811e+00	5.034989e-09	
17375	3.119011e+00	5.034216e-09	
17376	3.119211e+00	5.033480e-09	
17377	3.119411e+00	5.032814e-09	
17378	3.119611e+00	5.032174e-09	
17379	3.119811e+00	5.031593e-09	
17380	3.120011e+00	5.031043e-09	
17381	3.120211e+00	5.030531e-09	
17382	3.120411e+00	5.030047e-09	
17383	3.120611e+00	5.029594e-09	
17384	3.120811e+00	5.029160e-09	
17385	3.121011e+00	5.028758e-09	
17386	3.121211e+00	5.028363e-09	
17387	3.121411e+00	5.028004e-09	
17388	3.121611e+00	5.027657e-09	
17389	3.121811e+00	5.027333e-09	
17390	3.122011e+00	5.027014e-09	
17391	3.122211e+00	5.026721e-09	
17392	3.122222e+00	5.026711e-09	
17393	3.122242e+00	5.026640e-09	
17394	3.122282e+00	5.026436e-09	
17395	3.122362e+00	5.025983e-09	
17396	3.122522e+00	5.025034e-09	

Index   time            -i(vdd)         
--------------------------------------------------------------------------------
17397	3.122722e+00	5.024101e-09	
17398	3.122922e+00	5.023640e-09	
17399	3.123122e+00	5.023946e-09	
17400	3.123322e+00	5.025381e-09	
17401	3.123522e+00	5.028610e-09	
17402	3.123722e+00	5.034635e-09	
17403	3.123922e+00	5.044960e-09	
17404	3.124122e+00	5.061671e-09	
17405	3.124322e+00	5.087817e-09	
17406	3.124522e+00	5.127766e-09	
17407	3.124722e+00	5.187296e-09	
17408	3.124922e+00	5.273351e-09	
17409	3.125122e+00	5.386793e-09	
17410	3.125322e+00	5.499465e-09	
17411	3.125522e+00	5.562772e-09	
17412	3.125722e+00	5.576300e-09	
17413	3.125922e+00	5.568796e-09	
17414	3.126122e+00	5.546551e-09	
17415	3.126322e+00	5.537714e-09	
17416	3.126522e+00	5.530281e-09	
17417	3.126722e+00	5.526810e-09	
17418	3.126922e+00	5.527233e-09	
17419	3.127122e+00	5.531290e-09	
17420	3.127322e+00	5.539122e-09	
17421	3.127522e+00	5.551227e-09	
17422	3.127722e+00	5.568447e-09	
17423	3.127922e+00	5.592201e-09	
17424	3.128122e+00	5.624898e-09	
17425	3.128322e+00	5.671261e-09	
17426	3.128522e+00	5.742988e-09	
17427	3.128722e+00	5.869513e-09	
17428	3.128922e+00	6.114573e-09	
17429	3.129122e+00	6.100456e-09	
17430	3.129322e+00	6.375159e-09	
17431	3.129522e+00	6.720258e-09	
17432	3.129722e+00	6.889846e-09	
17433	3.129922e+00	6.922718e-09	
17434	3.130122e+00	6.932728e-09	
17435	3.130322e+00	6.923835e-09	
17436	3.130522e+00	6.917028e-09	
17437	3.130722e+00	6.919822e-09	
17438	3.130922e+00	6.927198e-09	
17439	3.131122e+00	6.938158e-09	
17440	3.131322e+00	6.952569e-09	
17441	3.131522e+00	6.970534e-09	
17442	3.131722e+00	6.993337e-09	
17443	3.131922e+00	7.074821e-09	
17444	3.132122e+00	7.068294e-09	
17445	3.132322e+00	7.001638e-09	
17446	3.132522e+00	6.991125e-09	
17447	3.132722e+00	6.977163e-09	
17448	3.132922e+00	6.963327e-09	
17449	3.133122e+00	6.949284e-09	
17450	3.133322e+00	6.936377e-09	
17451	3.133333e+00	6.935690e-09	
17452	3.133353e+00	6.934531e-09	
17453	3.133393e+00	6.932312e-09	
17454	3.133473e+00	6.928235e-09	

Index   time            -i(vdd)         
--------------------------------------------------------------------------------
17455	3.133633e+00	6.921357e-09	
17456	3.133833e+00	6.914966e-09	
17457	3.134033e+00	6.910708e-09	
17458	3.134233e+00	6.908196e-09	
17459	3.134433e+00	6.906927e-09	
17460	3.134633e+00	6.906392e-09	
17461	3.134833e+00	6.906124e-09	
17462	3.135033e+00	6.905706e-09	
17463	3.135233e+00	6.904796e-09	
17464	3.135433e+00	6.903186e-09	
17465	3.135633e+00	6.900698e-09	
17466	3.135833e+00	6.897300e-09	
17467	3.136033e+00	6.892989e-09	
17468	3.136233e+00	6.887822e-09	
17469	3.136433e+00	6.881872e-09	
17470	3.136633e+00	6.875263e-09	
17471	3.136833e+00	6.868085e-09	
17472	3.137033e+00	6.860478e-09	
17473	3.137233e+00	6.852517e-09	
17474	3.137433e+00	6.844346e-09	
17475	3.137633e+00	6.836046e-09	
17476	3.137833e+00	6.827719e-09	
17477	3.138033e+00	6.819432e-09	
17478	3.138233e+00	6.811279e-09	
17479	3.138433e+00	6.803296e-09	
17480	3.138633e+00	6.795555e-09	
17481	3.138833e+00	6.788071e-09	
17482	3.139033e+00	6.780883e-09	
17483	3.139233e+00	6.774009e-09	
17484	3.139433e+00	6.767474e-09	
17485	3.139633e+00	6.761250e-09	
17486	3.139833e+00	6.755371e-09	
17487	3.140033e+00	6.749802e-09	
17488	3.140233e+00	6.744565e-09	
17489	3.140433e+00	6.739622e-09	
17490	3.140633e+00	6.734983e-09	
17491	3.140833e+00	6.730615e-09	
17492	3.141033e+00	6.726518e-09	
17493	3.141233e+00	6.722658e-09	
17494	3.141433e+00	6.719044e-09	
17495	3.141633e+00	6.715645e-09	
17496	3.141833e+00	6.712458e-09	
17497	3.142033e+00	6.709453e-09	
17498	3.142233e+00	6.706631e-09	
17499	3.142433e+00	6.703977e-09	
17500	3.142633e+00	6.701473e-09	
17501	3.142833e+00	6.699112e-09	
17502	3.143033e+00	6.696892e-09	
17503	3.143233e+00	6.694787e-09	
17504	3.143433e+00	6.692798e-09	
17505	3.143633e+00	6.690911e-09	
17506	3.143833e+00	6.689139e-09	
17507	3.144033e+00	6.687435e-09	
17508	3.144233e+00	6.685835e-09	
17509	3.144433e+00	6.684307e-09	
17510	3.144444e+00	6.684247e-09	
17511	3.144464e+00	6.684123e-09	
17512	3.144504e+00	6.683903e-09	

Index   time            -i(vdd)         
--------------------------------------------------------------------------------
17513	3.144584e+00	6.683582e-09	
17514	3.144744e+00	6.683166e-09	
17515	3.144944e+00	6.682829e-09	
17516	3.145144e+00	6.682542e-09	
17517	3.145344e+00	6.682326e-09	
17518	3.145544e+00	6.682133e-09	
17519	3.145744e+00	6.682006e-09	
17520	3.145944e+00	6.681921e-09	
17521	3.146144e+00	6.681880e-09	
17522	3.146344e+00	6.681878e-09	
17523	3.146544e+00	6.681922e-09	
17524	3.146744e+00	6.681996e-09	
17525	3.146944e+00	6.682114e-09	
17526	3.147144e+00	6.682256e-09	
17527	3.147344e+00	6.682427e-09	
17528	3.147544e+00	6.682627e-09	
17529	3.147744e+00	6.682855e-09	
17530	3.147944e+00	6.683103e-09	
17531	3.148144e+00	6.683387e-09	
17532	3.148344e+00	6.683676e-09	
17533	3.148544e+00	6.683994e-09	
17534	3.148744e+00	6.684320e-09	
17535	3.148944e+00	6.684676e-09	
17536	3.149144e+00	6.685035e-09	
17537	3.149344e+00	6.685424e-09	
17538	3.149544e+00	6.685811e-09	
17539	3.149744e+00	6.686232e-09	
17540	3.149944e+00	6.686649e-09	
17541	3.150144e+00	6.687083e-09	
17542	3.150344e+00	6.687525e-09	
17543	3.150544e+00	6.687979e-09	
17544	3.150744e+00	6.688435e-09	
17545	3.150944e+00	6.688909e-09	
17546	3.151144e+00	6.689379e-09	
17547	3.151344e+00	6.689866e-09	
17548	3.151544e+00	6.690349e-09	
17549	3.151744e+00	6.690853e-09	
17550	3.151944e+00	6.691349e-09	
17551	3.152144e+00	6.691857e-09	
17552	3.152344e+00	6.692356e-09	
17553	3.152544e+00	6.692866e-09	
17554	3.152744e+00	6.693366e-09	
17555	3.152944e+00	6.693874e-09	
17556	3.153144e+00	6.694369e-09	
17557	3.153344e+00	6.694858e-09	
17558	3.153544e+00	6.695322e-09	
17559	3.153744e+00	6.695763e-09	
17560	3.153944e+00	6.696142e-09	
17561	3.154144e+00	6.696443e-09	
17562	3.154344e+00	6.696572e-09	
17563	3.154544e+00	6.696418e-09	
17564	3.154744e+00	6.695684e-09	
17565	3.154944e+00	6.693848e-09	
17566	3.155144e+00	6.689853e-09	
17567	3.155344e+00	6.681828e-09	
17568	3.155544e+00	6.666028e-09	
17569	3.155556e+00	6.664526e-09	
17570	3.155576e+00	6.662046e-09	

Index   time            -i(vdd)         
--------------------------------------------------------------------------------
17571	3.155616e+00	6.656431e-09	
17572	3.155696e+00	6.643734e-09	
17573	3.155856e+00	6.616712e-09	
17574	3.156056e+00	6.591655e-09	
17575	3.156256e+00	6.570189e-09	
17576	3.156456e+00	6.547893e-09	
17577	3.156656e+00	6.524589e-09	
17578	3.156856e+00	6.501829e-09	
17579	3.157056e+00	6.491084e-09	
17580	3.157256e+00	6.495504e-09	
17581	3.157456e+00	6.516483e-09	
17582	3.157656e+00	6.554204e-09	
17583	3.157856e+00	6.604674e-09	
17584	3.158056e+00	6.659081e-09	
17585	3.158256e+00	6.703071e-09	
17586	3.158456e+00	6.730133e-09	
17587	3.158656e+00	6.731218e-09	
17588	3.158856e+00	6.718656e-09	
17589	3.159056e+00	6.707195e-09	
17590	3.159256e+00	6.694143e-09	
17591	3.159456e+00	6.683051e-09	
17592	3.159656e+00	6.674765e-09	
17593	3.159856e+00	6.668575e-09	
17594	3.160056e+00	6.664054e-09	
17595	3.160256e+00	6.660682e-09	
17596	3.160456e+00	6.658033e-09	
17597	3.160656e+00	6.655815e-09	
17598	3.160856e+00	6.653832e-09	
17599	3.161056e+00	6.651995e-09	
17600	3.161256e+00	6.650218e-09	
17601	3.161456e+00	6.648492e-09	
17602	3.161656e+00	6.646797e-09	
17603	3.161856e+00	6.645128e-09	
17604	3.162056e+00	6.643460e-09	
17605	3.162256e+00	6.641797e-09	
17606	3.162456e+00	6.640099e-09	
17607	3.162656e+00	6.638369e-09	
17608	3.162856e+00	6.636598e-09	
17609	3.163056e+00	6.634897e-09	
17610	3.163256e+00	6.633265e-09	
17611	3.163456e+00	6.631696e-09	
17612	3.163656e+00	6.630144e-09	
17613	3.163856e+00	6.628603e-09	
17614	3.164056e+00	6.627039e-09	
17615	3.164256e+00	6.625488e-09	
17616	3.164456e+00	6.623936e-09	
17617	3.164656e+00	6.622402e-09	
17618	3.164856e+00	6.620866e-09	
17619	3.165056e+00	6.619358e-09	
17620	3.165256e+00	6.617848e-09	
17621	3.165456e+00	6.616359e-09	
17622	3.165656e+00	6.614878e-09	
17623	3.165856e+00	6.613405e-09	
17624	3.166056e+00	6.611943e-09	
17625	3.166256e+00	6.610495e-09	
17626	3.166456e+00	6.609046e-09	
17627	3.166656e+00	6.607624e-09	
17628	3.166667e+00	6.607566e-09	

Index   time            -i(vdd)         
--------------------------------------------------------------------------------
17629	3.166687e+00	6.607458e-09	
17630	3.166727e+00	6.607304e-09	
17631	3.166807e+00	6.607166e-09	
17632	3.166967e+00	6.607295e-09	
17633	3.167167e+00	6.607847e-09	
17634	3.167367e+00	6.608501e-09	
17635	3.167567e+00	6.609204e-09	
17636	3.167767e+00	6.609885e-09	
17637	3.167967e+00	6.610570e-09	
17638	3.168167e+00	6.611248e-09	
17639	3.168367e+00	6.611947e-09	
17640	3.168567e+00	6.612638e-09	
17641	3.168767e+00	6.613349e-09	
17642	3.168967e+00	6.614052e-09	
17643	3.169167e+00	6.614777e-09	
17644	3.169367e+00	6.615492e-09	
17645	3.169567e+00	6.616229e-09	
17646	3.169767e+00	6.616961e-09	
17647	3.169967e+00	6.617705e-09	
17648	3.170167e+00	6.618453e-09	
17649	3.170367e+00	6.619215e-09	
17650	3.170567e+00	6.619974e-09	
17651	3.170767e+00	6.620743e-09	
17652	3.170967e+00	6.621512e-09	
17653	3.171167e+00	6.622294e-09	
17654	3.171367e+00	6.623080e-09	
17655	3.171567e+00	6.623876e-09	
17656	3.171767e+00	6.624670e-09	
17657	3.171967e+00	6.625480e-09	
17658	3.172167e+00	6.626286e-09	
17659	3.172367e+00	6.627102e-09	
17660	3.172567e+00	6.627922e-09	
17661	3.172767e+00	6.628753e-09	
17662	3.172967e+00	6.629581e-09	
17663	3.173167e+00	6.630426e-09	
17664	3.173367e+00	6.631264e-09	
17665	3.173567e+00	6.632117e-09	
17666	3.173767e+00	6.632965e-09	
17667	3.173967e+00	6.633830e-09	
17668	3.174167e+00	6.634689e-09	
17669	3.174367e+00	6.635560e-09	
17670	3.174567e+00	6.636427e-09	
17671	3.174767e+00	6.637313e-09	
17672	3.174967e+00	6.638188e-09	
17673	3.175167e+00	6.639078e-09	
17674	3.175367e+00	6.639962e-09	
17675	3.175567e+00	6.640857e-09	
17676	3.175767e+00	6.641748e-09	
17677	3.175967e+00	6.642652e-09	
17678	3.176167e+00	6.643549e-09	
17679	3.176367e+00	6.644460e-09	
17680	3.176567e+00	6.645362e-09	
17681	3.176767e+00	6.646275e-09	
17682	3.176967e+00	6.647182e-09	
17683	3.177167e+00	6.648095e-09	
17684	3.177367e+00	6.649003e-09	
17685	3.177567e+00	6.649918e-09	
17686	3.177767e+00	6.650828e-09	

Index   time            -i(vdd)         
--------------------------------------------------------------------------------
17687	3.177778e+00	6.650901e-09	
17688	3.177798e+00	6.650967e-09	
17689	3.177838e+00	6.651057e-09	
17690	3.177918e+00	6.651184e-09	
17691	3.178078e+00	6.651207e-09	
17692	3.178278e+00	6.651083e-09	
17693	3.178478e+00	6.650855e-09	
17694	3.178678e+00	6.650621e-09	
17695	3.178878e+00	6.650370e-09	
17696	3.179078e+00	6.650118e-09	
17697	3.179278e+00	6.649850e-09	
17698	3.179478e+00	6.649562e-09	
17699	3.179678e+00	6.649225e-09	
17700	3.179878e+00	6.648855e-09	
17701	3.180078e+00	6.648392e-09	
17702	3.180278e+00	6.647815e-09	
17703	3.180478e+00	6.647046e-09	
17704	3.180678e+00	6.645998e-09	
17705	3.180878e+00	6.644493e-09	
17706	3.181078e+00	6.642337e-09	
17707	3.181278e+00	6.639190e-09	
17708	3.181478e+00	6.634645e-09	
17709	3.181678e+00	6.628078e-09	
17710	3.181878e+00	6.618592e-09	
17711	3.182078e+00	6.604827e-09	
17712	3.182278e+00	6.586779e-09	
17713	3.182478e+00	6.567262e-09	
17714	3.182678e+00	6.548309e-09	
17715	3.182703e+00	6.545811e-09	
17716	3.182753e+00	6.538149e-09	
17717	3.182853e+00	6.513347e-09	
17718	3.183053e+00	6.483094e-09	
17719	3.183253e+00	6.429563e-09	
17720	3.183453e+00	6.372428e-09	
17721	3.183653e+00	6.322484e-09	
17722	3.183853e+00	6.282130e-09	
17723	3.184053e+00	6.250836e-09	
17724	3.184253e+00	6.227169e-09	
17725	3.184453e+00	6.209408e-09	
17726	3.184653e+00	6.196037e-09	
17727	3.184853e+00	6.185874e-09	
17728	3.185053e+00	6.178032e-09	
17729	3.185253e+00	6.171904e-09	
17730	3.185453e+00	6.167028e-09	
17731	3.185653e+00	6.163095e-09	
17732	3.185853e+00	6.159869e-09	
17733	3.186053e+00	6.157196e-09	
17734	3.186253e+00	6.154934e-09	
17735	3.186453e+00	6.153008e-09	
17736	3.186653e+00	6.151334e-09	
17737	3.186853e+00	6.149877e-09	
17738	3.187053e+00	6.148579e-09	
17739	3.187253e+00	6.147431e-09	
17740	3.187453e+00	6.146394e-09	
17741	3.187653e+00	6.145460e-09	
17742	3.187853e+00	6.144604e-09	
17743	3.188053e+00	6.143826e-09	
17744	3.188253e+00	6.143107e-09	

Index   time            -i(vdd)         
--------------------------------------------------------------------------------
17745	3.188453e+00	6.142450e-09	
17746	3.188653e+00	6.141837e-09	
17747	3.188853e+00	6.141276e-09	
17748	3.188889e+00	6.141181e-09	
17749	3.188909e+00	6.141121e-09	
17750	3.188949e+00	6.140931e-09	
17751	3.189029e+00	6.140541e-09	
17752	3.189189e+00	6.139650e-09	
17753	3.189389e+00	6.138554e-09	
17754	3.189589e+00	6.137484e-09	
17755	3.189789e+00	6.136473e-09	
17756	3.189989e+00	6.135497e-09	
17757	3.190189e+00	6.134561e-09	
17758	3.190389e+00	6.133652e-09	
17759	3.190589e+00	6.132787e-09	
17760	3.190789e+00	6.131943e-09	
17761	3.190989e+00	6.131147e-09	
17762	3.191189e+00	6.130389e-09	
17763	3.191389e+00	6.129696e-09	
17764	3.191589e+00	6.129057e-09	
17765	3.191789e+00	6.128524e-09	
17766	3.191989e+00	6.128095e-09	
17767	3.192189e+00	6.127835e-09	
17768	3.192389e+00	6.127788e-09	
17769	3.192589e+00	6.128080e-09	
17770	3.192789e+00	6.128838e-09	
17771	3.192989e+00	6.130323e-09	
17772	3.193189e+00	6.132826e-09	
17773	3.193389e+00	6.136799e-09	
17774	3.193589e+00	6.142727e-09	
17775	3.193789e+00	6.151297e-09	
17776	3.193989e+00	6.163431e-09	
17777	3.194189e+00	6.180499e-09	
17778	3.194389e+00	6.204299e-09	
17779	3.194589e+00	6.237279e-09	
17780	3.194789e+00	6.282896e-09	
17781	3.194989e+00	6.345663e-09	
17782	3.195189e+00	6.429197e-09	
17783	3.195389e+00	6.525248e-09	
17784	3.195589e+00	6.605960e-09	
17785	3.195789e+00	6.649380e-09	
17786	3.195989e+00	6.666897e-09	
17787	3.196189e+00	6.659226e-09	
17788	3.196389e+00	6.651954e-09	
17789	3.196589e+00	6.645223e-09	
17790	3.196789e+00	6.637421e-09	
17791	3.196989e+00	6.630643e-09	
17792	3.197189e+00	6.625143e-09	
17793	3.197389e+00	6.620749e-09	
17794	3.197589e+00	6.617221e-09	
17795	3.197789e+00	6.614386e-09	
17796	3.197989e+00	6.612080e-09	
17797	3.198189e+00	6.610202e-09	
17798	3.198389e+00	6.608633e-09	
17799	3.198589e+00	6.607305e-09	
17800	3.198789e+00	6.606146e-09	
17801	3.198989e+00	6.605107e-09	
17802	3.199189e+00	6.604149e-09	

Index   time            -i(vdd)         
--------------------------------------------------------------------------------
17803	3.199389e+00	6.603266e-09	
17804	3.199589e+00	6.602416e-09	
17805	3.199789e+00	6.601599e-09	
17806	3.199989e+00	6.600806e-09	
17807	3.200000e+00	6.600781e-09	
17808	3.200020e+00	6.600714e-09	
17809	3.200060e+00	6.600590e-09	
17810	3.200140e+00	6.600415e-09	
17811	3.200300e+00	6.600162e-09	
17812	3.200500e+00	6.599996e-09	
17813	3.200700e+00	6.599871e-09	
17814	3.200900e+00	6.599807e-09	
17815	3.201100e+00	6.599754e-09	
17816	3.201300e+00	6.599719e-09	
17817	3.201500e+00	6.599679e-09	
17818	3.201700e+00	6.599655e-09	
17819	3.201900e+00	6.599622e-09	
17820	3.202100e+00	6.599604e-09	
17821	3.202300e+00	6.599574e-09	
17822	3.202500e+00	6.599556e-09	
17823	3.202700e+00	6.599526e-09	
17824	3.202900e+00	6.599504e-09	
17825	3.203100e+00	6.599477e-09	
17826	3.203300e+00	6.599461e-09	
17827	3.203500e+00	6.599430e-09	
17828	3.203700e+00	6.599405e-09	
17829	3.203900e+00	6.599377e-09	
17830	3.204100e+00	6.599357e-09	
17831	3.204300e+00	6.599333e-09	
17832	3.204500e+00	6.599311e-09	
17833	3.204700e+00	6.599291e-09	
17834	3.204900e+00	6.599278e-09	
17835	3.205100e+00	6.599251e-09	
17836	3.205300e+00	6.599242e-09	
17837	3.205500e+00	6.599224e-09	
17838	3.205700e+00	6.599214e-09	
17839	3.205900e+00	6.599196e-09	
17840	3.206100e+00	6.599197e-09	
17841	3.206300e+00	6.599185e-09	
17842	3.206500e+00	6.599180e-09	
17843	3.206700e+00	6.599171e-09	
17844	3.206900e+00	6.599175e-09	
17845	3.207100e+00	6.599169e-09	
17846	3.207300e+00	6.599172e-09	
17847	3.207500e+00	6.599168e-09	
17848	3.207700e+00	6.599175e-09	
17849	3.207900e+00	6.599173e-09	
17850	3.208100e+00	6.599184e-09	
17851	3.208300e+00	6.599185e-09	
17852	3.208500e+00	6.599201e-09	
17853	3.208700e+00	6.599203e-09	
17854	3.208900e+00	6.599217e-09	
17855	3.209100e+00	6.599229e-09	
17856	3.209300e+00	6.599250e-09	
17857	3.209500e+00	6.599251e-09	
17858	3.209700e+00	6.599278e-09	
17859	3.209900e+00	6.599288e-09	
17860	3.210100e+00	6.599316e-09	

Index   time            -i(vdd)         
--------------------------------------------------------------------------------
17861	3.210300e+00	6.599329e-09	
17862	3.210500e+00	6.599354e-09	
17863	3.210700e+00	6.599374e-09	
17864	3.210900e+00	6.599405e-09	
17865	3.211100e+00	6.599424e-09	
17866	3.211111e+00	6.599455e-09	
17867	3.211131e+00	6.599455e-09	
17868	3.211171e+00	6.599471e-09	
17869	3.211251e+00	6.599539e-09	
17870	3.211411e+00	6.599687e-09	
17871	3.211611e+00	6.599902e-09	
17872	3.211811e+00	6.600052e-09	
17873	3.212011e+00	6.600172e-09	
17874	3.212211e+00	6.600281e-09	
17875	3.212411e+00	6.600383e-09	
17876	3.212611e+00	6.600485e-09	
17877	3.212811e+00	6.600593e-09	
17878	3.213011e+00	6.600698e-09	
17879	3.213211e+00	6.600809e-09	
17880	3.213411e+00	6.600916e-09	
17881	3.213611e+00	6.601032e-09	
17882	3.213811e+00	6.601144e-09	
17883	3.214011e+00	6.601267e-09	
17884	3.214211e+00	6.601375e-09	
17885	3.214411e+00	6.601501e-09	
17886	3.214611e+00	6.601615e-09	
17887	3.214811e+00	6.601739e-09	
17888	3.215011e+00	6.601852e-09	
17889	3.215211e+00	6.601987e-09	
17890	3.215411e+00	6.602108e-09	
17891	3.215611e+00	6.602241e-09	
17892	3.215811e+00	6.602358e-09	
17893	3.216011e+00	6.602496e-09	
17894	3.216211e+00	6.602622e-09	
17895	3.216411e+00	6.602761e-09	
17896	3.216611e+00	6.602888e-09	
17897	3.216811e+00	6.603027e-09	
17898	3.217011e+00	6.603161e-09	
17899	3.217211e+00	6.603303e-09	
17900	3.217411e+00	6.603436e-09	
17901	3.217611e+00	6.603579e-09	
17902	3.217811e+00	6.603718e-09	
17903	3.218011e+00	6.603864e-09	
17904	3.218211e+00	6.604005e-09	
17905	3.218411e+00	6.604153e-09	
17906	3.218611e+00	6.604288e-09	
17907	3.218811e+00	6.604435e-09	
17908	3.219011e+00	6.604577e-09	
17909	3.219211e+00	6.604723e-09	
17910	3.219411e+00	6.604857e-09	
17911	3.219611e+00	6.605003e-09	
17912	3.219811e+00	6.605134e-09	
17913	3.220011e+00	6.605270e-09	
17914	3.220211e+00	6.605393e-09	
17915	3.220411e+00	6.605520e-09	
17916	3.220611e+00	6.605620e-09	
17917	3.220811e+00	6.605717e-09	
17918	3.221011e+00	6.605776e-09	

Index   time            -i(vdd)         
--------------------------------------------------------------------------------
17919	3.221211e+00	6.605812e-09	
17920	3.221411e+00	6.605782e-09	
17921	3.221611e+00	6.605681e-09	
17922	3.221811e+00	6.605435e-09	
17923	3.222011e+00	6.605005e-09	
17924	3.222211e+00	6.604237e-09	
17925	3.222222e+00	6.604193e-09	
17926	3.222242e+00	6.604064e-09	
17927	3.222282e+00	6.603754e-09	
17928	3.222362e+00	6.603058e-09	
17929	3.222522e+00	6.601293e-09	
17930	3.222722e+00	6.598588e-09	
17931	3.222922e+00	6.595294e-09	
17932	3.223122e+00	6.591444e-09	
17933	3.223322e+00	6.586962e-09	
17934	3.223522e+00	6.581902e-09	
17935	3.223722e+00	6.576300e-09	
17936	3.223922e+00	6.570459e-09	
17937	3.224122e+00	6.564876e-09	
17938	3.224322e+00	6.560172e-09	
17939	3.224522e+00	6.556597e-09	
17940	3.224722e+00	6.554050e-09	
17941	3.224922e+00	6.552207e-09	
17942	3.225122e+00	6.550823e-09	
17943	3.225322e+00	6.549702e-09	
17944	3.225522e+00	6.546673e-09	
17945	3.225722e+00	6.544229e-09	
17946	3.225922e+00	6.546949e-09	
17947	3.226122e+00	6.548727e-09	
17948	3.226322e+00	6.551140e-09	
17949	3.226522e+00	6.555181e-09	
17950	3.226722e+00	6.560409e-09	
17951	3.226922e+00	6.566600e-09	
17952	3.227122e+00	6.574011e-09	
17953	3.227322e+00	6.581947e-09	
17954	3.227522e+00	6.584857e-09	
17955	3.227722e+00	6.588856e-09	
17956	3.227922e+00	6.594014e-09	
17957	3.228122e+00	6.598031e-09	
17958	3.228322e+00	6.601269e-09	
17959	3.228522e+00	6.603642e-09	
17960	3.228722e+00	6.605124e-09	
17961	3.228922e+00	6.605759e-09	
17962	3.229122e+00	6.605695e-09	
17963	3.229322e+00	6.605089e-09	
17964	3.229522e+00	6.604158e-09	
17965	3.229722e+00	6.603008e-09	
17966	3.229922e+00	6.601783e-09	
17967	3.230122e+00	6.600522e-09	
17968	3.230322e+00	6.599285e-09	
17969	3.230522e+00	6.598074e-09	
17970	3.230722e+00	6.596923e-09	
17971	3.230922e+00	6.595816e-09	
17972	3.231122e+00	6.594782e-09	
17973	3.231322e+00	6.593812e-09	
17974	3.231522e+00	6.592924e-09	
17975	3.231722e+00	6.592096e-09	
17976	3.231922e+00	6.591343e-09	

Index   time            -i(vdd)         
--------------------------------------------------------------------------------
17977	3.232122e+00	6.590644e-09	
17978	3.232322e+00	6.590014e-09	
17979	3.232522e+00	6.589428e-09	
17980	3.232722e+00	6.588886e-09	
17981	3.232922e+00	6.588379e-09	
17982	3.233122e+00	6.587910e-09	
17983	3.233322e+00	6.587457e-09	
17984	3.233333e+00	6.587454e-09	
17985	3.233353e+00	6.587415e-09	
17986	3.233393e+00	6.587308e-09	
17987	3.233473e+00	6.587136e-09	
17988	3.233633e+00	6.586757e-09	
17989	3.233833e+00	6.586342e-09	
17990	3.234033e+00	6.585941e-09	
17991	3.234233e+00	6.585592e-09	
17992	3.234433e+00	6.585254e-09	
17993	3.234633e+00	6.584932e-09	
17994	3.234833e+00	6.584618e-09	
17995	3.235033e+00	6.584324e-09	
17996	3.235233e+00	6.584014e-09	
17997	3.235433e+00	6.583730e-09	
17998	3.235633e+00	6.583444e-09	
17999	3.235833e+00	6.583171e-09	
18000	3.236033e+00	6.582891e-09	
18001	3.236233e+00	6.582627e-09	
18002	3.236433e+00	6.582353e-09	
18003	3.236633e+00	6.582094e-09	
18004	3.236833e+00	6.581825e-09	
18005	3.237033e+00	6.581581e-09	
18006	3.237233e+00	6.581320e-09	
18007	3.237433e+00	6.581073e-09	
18008	3.237633e+00	6.580819e-09	
18009	3.237833e+00	6.580572e-09	
18010	3.238033e+00	6.580316e-09	
18011	3.238233e+00	6.580072e-09	
18012	3.238433e+00	6.579816e-09	
18013	3.238633e+00	6.579570e-09	
18014	3.238833e+00	6.579309e-09	
18015	3.239033e+00	6.579053e-09	
18016	3.239233e+00	6.578798e-09	
18017	3.239433e+00	6.578551e-09	
18018	3.239633e+00	6.578306e-09	
18019	3.239833e+00	6.578081e-09	
18020	3.240033e+00	6.577848e-09	
18021	3.240233e+00	6.577635e-09	
18022	3.240433e+00	6.577408e-09	
18023	3.240633e+00	6.577195e-09	
18024	3.240833e+00	6.576976e-09	
18025	3.241033e+00	6.576771e-09	
18026	3.241233e+00	6.576552e-09	
18027	3.241433e+00	6.576353e-09	
18028	3.241633e+00	6.576145e-09	
18029	3.241833e+00	6.575950e-09	
18030	3.242033e+00	6.575741e-09	
18031	3.242233e+00	6.575547e-09	
18032	3.242433e+00	6.575352e-09	
18033	3.242633e+00	6.575167e-09	
18034	3.242833e+00	6.574972e-09	

Index   time            -i(vdd)         
--------------------------------------------------------------------------------
18035	3.243033e+00	6.574787e-09	
18036	3.243233e+00	6.574594e-09	
18037	3.243433e+00	6.574413e-09	
18038	3.243633e+00	6.574222e-09	
18039	3.243833e+00	6.574037e-09	
18040	3.244033e+00	6.573850e-09	
18041	3.244233e+00	6.573665e-09	
18042	3.244433e+00	6.573468e-09	
18043	3.244444e+00	6.573482e-09	
18044	3.244464e+00	6.573484e-09	
18045	3.244504e+00	6.573500e-09	
18046	3.244584e+00	6.573627e-09	
18047	3.244744e+00	6.574087e-09	
18048	3.244944e+00	6.574885e-09	
18049	3.245144e+00	6.575705e-09	
18050	3.245344e+00	6.576530e-09	
18051	3.245544e+00	6.577331e-09	
18052	3.245744e+00	6.578121e-09	
18053	3.245944e+00	6.578887e-09	
18054	3.246144e+00	6.579655e-09	
18055	3.246344e+00	6.580395e-09	
18056	3.246544e+00	6.581123e-09	
18057	3.246744e+00	6.581812e-09	
18058	3.246944e+00	6.582488e-09	
18059	3.247144e+00	6.583117e-09	
18060	3.247344e+00	6.583710e-09	
18061	3.247544e+00	6.584248e-09	
18062	3.247744e+00	6.584745e-09	
18063	3.247944e+00	6.585174e-09	
18064	3.248144e+00	6.585559e-09	
18065	3.248344e+00	6.585876e-09	
18066	3.248544e+00	6.586146e-09	
18067	3.248744e+00	6.586358e-09	
18068	3.248944e+00	6.586537e-09	
18069	3.249144e+00	6.586668e-09	
18070	3.249344e+00	6.586786e-09	
18071	3.249544e+00	6.586890e-09	
18072	3.249744e+00	6.587016e-09	
18073	3.249944e+00	6.587161e-09	
18074	3.250144e+00	6.587370e-09	
18075	3.250344e+00	6.587640e-09	
18076	3.250544e+00	6.588016e-09	
18077	3.250744e+00	6.588492e-09	
18078	3.250944e+00	6.589109e-09	
18079	3.251144e+00	6.589852e-09	
18080	3.251344e+00	6.590723e-09	
18081	3.251544e+00	6.591666e-09	
18082	3.251744e+00	6.592578e-09	
18083	3.251944e+00	6.593122e-09	
18084	3.252144e+00	6.592473e-09	
18085	3.252344e+00	6.588240e-09	
18086	3.252544e+00	6.573331e-09	
18087	3.252744e+00	6.532828e-09	
18088	3.252944e+00	6.460794e-09	
18089	3.253144e+00	6.397389e-09	
18090	3.253344e+00	6.310220e-09	
18091	3.253369e+00	6.301549e-09	
18092	3.253419e+00	6.285278e-09	

Index   time            -i(vdd)         
--------------------------------------------------------------------------------
18093	3.253519e+00	6.250737e-09	
18094	3.253719e+00	6.204471e-09	
18095	3.253919e+00	6.179328e-09	
18096	3.254119e+00	6.165547e-09	
18097	3.254319e+00	6.157772e-09	
18098	3.254519e+00	6.153050e-09	
18099	3.254719e+00	6.150068e-09	
18100	3.254919e+00	6.148261e-09	
18101	3.255119e+00	6.147280e-09	
18102	3.255319e+00	6.146838e-09	
18103	3.255519e+00	6.146775e-09	
18104	3.255556e+00	6.146809e-09	
18105	3.255576e+00	6.146742e-09	
18106	3.255616e+00	6.146520e-09	
18107	3.255696e+00	6.145906e-09	
18108	3.255856e+00	6.144281e-09	
18109	3.256056e+00	6.142087e-09	
18110	3.256256e+00	6.139901e-09	
18111	3.256456e+00	6.137814e-09	
18112	3.256656e+00	6.135766e-09	
18113	3.256856e+00	6.133753e-09	
18114	3.257056e+00	6.131737e-09	
18115	3.257256e+00	6.129733e-09	
18116	3.257456e+00	6.127720e-09	
18117	3.257656e+00	6.125717e-09	
18118	3.257856e+00	6.123706e-09	
18119	3.258056e+00	6.121705e-09	
18120	3.258256e+00	6.119703e-09	
18121	3.258456e+00	6.117724e-09	
18122	3.258656e+00	6.115750e-09	
18123	3.258856e+00	6.113815e-09	
18124	3.259056e+00	6.111891e-09	
18125	3.259256e+00	6.110006e-09	
18126	3.259456e+00	6.108149e-09	
18127	3.259656e+00	6.106328e-09	
18128	3.259856e+00	6.104534e-09	
18129	3.260056e+00	6.102794e-09	
18130	3.260256e+00	6.101086e-09	
18131	3.260456e+00	6.099432e-09	
18132	3.260656e+00	6.097823e-09	
18133	3.260856e+00	6.096281e-09	
18134	3.261056e+00	6.094791e-09	
18135	3.261256e+00	6.093400e-09	
18136	3.261456e+00	6.092108e-09	
18137	3.261656e+00	6.090977e-09	
18138	3.261856e+00	6.090063e-09	
18139	3.262056e+00	6.089516e-09	
18140	3.262256e+00	6.089555e-09	
18141	3.262456e+00	6.090696e-09	
18142	3.262656e+00	6.093967e-09	
18143	3.262856e+00	6.101335e-09	
18144	3.263056e+00	6.115343e-09	
18145	3.263256e+00	6.138936e-09	
18146	3.263456e+00	6.176865e-09	
18147	3.263656e+00	6.235864e-09	
18148	3.263856e+00	6.323991e-09	
18149	3.264056e+00	6.448679e-09	
18150	3.264256e+00	6.591327e-09	

Index   time            -i(vdd)         
--------------------------------------------------------------------------------
18151	3.264456e+00	6.672209e-09	
18152	3.264656e+00	6.670241e-09	
18153	3.264856e+00	6.635293e-09	
18154	3.265056e+00	6.614412e-09	
18155	3.265256e+00	6.596559e-09	
18156	3.265456e+00	6.584474e-09	
18157	3.265656e+00	6.576533e-09	
18158	3.265856e+00	6.571382e-09	
18159	3.266056e+00	6.567861e-09	
18160	3.266256e+00	6.565335e-09	
18161	3.266456e+00	6.563352e-09	
18162	3.266656e+00	6.561697e-09	
18163	3.266667e+00	6.561628e-09	
18164	3.266687e+00	6.561521e-09	
18165	3.266727e+00	6.561328e-09	
18166	3.266807e+00	6.561069e-09	
18167	3.266967e+00	6.560871e-09	
18168	3.267167e+00	6.561019e-09	
18169	3.267367e+00	6.561359e-09	
18170	3.267567e+00	6.561820e-09	
18171	3.267767e+00	6.562333e-09	
18172	3.267967e+00	6.562879e-09	
18173	3.268167e+00	6.563443e-09	
18174	3.268367e+00	6.564031e-09	
18175	3.268567e+00	6.564626e-09	
18176	3.268767e+00	6.565237e-09	
18177	3.268967e+00	6.565845e-09	
18178	3.269167e+00	6.566464e-09	
18179	3.269367e+00	6.567077e-09	
18180	3.269567e+00	6.567710e-09	
18181	3.269767e+00	6.568331e-09	
18182	3.269967e+00	6.568966e-09	
18183	3.270167e+00	6.569595e-09	
18184	3.270367e+00	6.570235e-09	
18185	3.270567e+00	6.570870e-09	
18186	3.270767e+00	6.571518e-09	
18187	3.270967e+00	6.572163e-09	
18188	3.271167e+00	6.572821e-09	
18189	3.271367e+00	6.573471e-09	
18190	3.271567e+00	6.574135e-09	
18191	3.271767e+00	6.574791e-09	
18192	3.271967e+00	6.575467e-09	
18193	3.272167e+00	6.576129e-09	
18194	3.272367e+00	6.576807e-09	
18195	3.272567e+00	6.577475e-09	
18196	3.272767e+00	6.578160e-09	
18197	3.272967e+00	6.578837e-09	
18198	3.273167e+00	6.579530e-09	
18199	3.273367e+00	6.580209e-09	
18200	3.273567e+00	6.580908e-09	
18201	3.273767e+00	6.581594e-09	
18202	3.273967e+00	6.582297e-09	
18203	3.274167e+00	6.582989e-09	
18204	3.274367e+00	6.583699e-09	
18205	3.274567e+00	6.584396e-09	
18206	3.274767e+00	6.585104e-09	
18207	3.274967e+00	6.585811e-09	
18208	3.275167e+00	6.586529e-09	

Index   time            -i(vdd)         
--------------------------------------------------------------------------------
18209	3.275367e+00	6.587234e-09	
18210	3.275567e+00	6.587954e-09	
18211	3.275767e+00	6.588670e-09	
18212	3.275967e+00	6.589396e-09	
18213	3.276167e+00	6.590114e-09	
18214	3.276367e+00	6.590842e-09	
18215	3.276567e+00	6.591557e-09	
18216	3.276767e+00	6.592294e-09	
18217	3.276967e+00	6.593015e-09	
18218	3.277167e+00	6.593749e-09	
18219	3.277367e+00	6.594473e-09	
18220	3.277567e+00	6.595208e-09	
18221	3.277767e+00	6.595931e-09	
18222	3.277778e+00	6.595993e-09	
18223	3.277798e+00	6.596066e-09	
18224	3.277838e+00	6.596203e-09	
18225	3.277918e+00	6.596512e-09	
18226	3.278078e+00	6.597105e-09	
18227	3.278278e+00	6.597846e-09	
18228	3.278478e+00	6.598499e-09	
18229	3.278678e+00	6.599132e-09	
18230	3.278878e+00	6.599730e-09	
18231	3.279078e+00	6.600317e-09	
18232	3.279278e+00	6.600867e-09	
18233	3.279478e+00	6.601388e-09	
18234	3.279678e+00	6.601828e-09	
18235	3.279878e+00	6.602171e-09	
18236	3.280078e+00	6.602314e-09	
18237	3.280278e+00	6.602134e-09	
18238	3.280478e+00	6.601335e-09	
18239	3.280678e+00	6.599404e-09	
18240	3.280878e+00	6.595331e-09	
18241	3.281078e+00	6.587382e-09	
18242	3.281278e+00	6.571913e-09	
18243	3.281478e+00	6.543458e-09	
18244	3.281678e+00	6.502680e-09	
18245	3.281878e+00	6.460540e-09	
18246	3.282078e+00	6.401657e-09	
18247	3.282103e+00	6.389656e-09	
18248	3.282153e+00	6.374579e-09	
18249	3.282253e+00	6.334667e-09	
18250	3.282453e+00	6.261295e-09	
18251	3.282653e+00	6.211636e-09	
18252	3.282853e+00	6.180918e-09	
18253	3.283053e+00	6.161774e-09	
18254	3.283253e+00	6.149199e-09	
18255	3.283453e+00	6.140536e-09	
18256	3.283653e+00	6.134180e-09	
18257	3.283853e+00	6.129204e-09	
18258	3.284053e+00	6.125027e-09	
18259	3.284253e+00	6.121346e-09	
18260	3.284453e+00	6.117988e-09	
18261	3.284653e+00	6.114815e-09	
18262	3.284853e+00	6.111724e-09	
18263	3.285053e+00	6.108599e-09	
18264	3.285253e+00	6.105403e-09	
18265	3.285453e+00	6.102037e-09	
18266	3.285653e+00	6.098468e-09	

Index   time            -i(vdd)         
--------------------------------------------------------------------------------
18267	3.285853e+00	6.094623e-09	
18268	3.286053e+00	6.090475e-09	
18269	3.286253e+00	6.085967e-09	
18270	3.286453e+00	6.081060e-09	
18271	3.286653e+00	6.075702e-09	
18272	3.286853e+00	6.069879e-09	
18273	3.287053e+00	6.063531e-09	
18274	3.287253e+00	6.056662e-09	
18275	3.287453e+00	6.049260e-09	
18276	3.287653e+00	6.041414e-09	
18277	3.287853e+00	6.033281e-09	
18278	3.288053e+00	6.025518e-09	
18279	3.288253e+00	6.020365e-09	
18280	3.288453e+00	6.033568e-09	
18281	3.288653e+00	6.214114e-09	
18282	3.288853e+00	6.494516e-09	
18283	3.288889e+00	6.487227e-09	
18284	3.288909e+00	6.485826e-09	
18285	3.288949e+00	6.483576e-09	
18286	3.289029e+00	6.484405e-09	
18287	3.289189e+00	6.522296e-09	
18288	3.289389e+00	6.756575e-09	
18289	3.289589e+00	6.930425e-09	
18290	3.289789e+00	6.973956e-09	
18291	3.289989e+00	7.082550e-09	
18292	3.290014e+00	7.098148e-09	
18293	3.290064e+00	7.129266e-09	
18294	3.290076e+00	7.132955e-09	
18295	3.290101e+00	7.153162e-09	
18296	3.290151e+00	7.455161e-09	
18297	3.290164e+00	7.618293e-09	
18298	3.290189e+00	7.299272e-09	
18299	3.290239e+00	7.165762e-09	
18300	3.290310e+00	7.255697e-09	
18301	3.290386e+00	7.249192e-09	
18302	3.290540e+00	7.309377e-09	
18303	3.290740e+00	7.314221e-09	
18304	3.290940e+00	7.276503e-09	
18305	3.291140e+00	7.233343e-09	
18306	3.291340e+00	7.197548e-09	
18307	3.291540e+00	7.169744e-09	
18308	3.291740e+00	7.147551e-09	
18309	3.291940e+00	7.128928e-09	
18310	3.292140e+00	7.112674e-09	
18311	3.292340e+00	7.098539e-09	
18312	3.292540e+00	7.085225e-09	
18313	3.292740e+00	7.055028e-09	
18314	3.292940e+00	6.866483e-09	
18315	3.293140e+00	6.798001e-09	
18316	3.293340e+00	6.762032e-09	
18317	3.293540e+00	6.688929e-09	
18318	3.293740e+00	6.613461e-09	
18319	3.293940e+00	6.561911e-09	
18320	3.294140e+00	6.474871e-09	
18321	3.294340e+00	6.243169e-09	
18322	3.294540e+00	6.248324e-09	
18323	3.294740e+00	6.253312e-09	
18324	3.294940e+00	6.251858e-09	

Index   time            -i(vdd)         
--------------------------------------------------------------------------------
18325	3.295140e+00	6.251847e-09	
18326	3.295340e+00	6.252805e-09	
18327	3.295540e+00	6.256895e-09	
18328	3.295740e+00	6.295082e-09	
18329	3.295765e+00	6.324747e-09	
18330	3.295815e+00	6.470596e-09	
18331	3.295915e+00	6.484562e-09	
18332	3.296042e+00	6.262249e-09	
18333	3.296172e+00	6.262564e-09	
18334	3.296372e+00	6.249613e-09	
18335	3.296572e+00	6.248281e-09	
18336	3.296772e+00	6.252283e-09	
18337	3.296972e+00	6.260747e-09	
18338	3.297172e+00	6.274945e-09	
18339	3.297372e+00	6.297882e-09	
18340	3.297572e+00	6.333888e-09	
18341	3.297772e+00	6.388244e-09	
18342	3.297972e+00	6.467139e-09	
18343	3.298172e+00	6.578672e-09	
18344	3.298372e+00	6.708234e-09	
18345	3.298572e+00	6.783730e-09	
18346	3.298772e+00	6.782206e-09	
18347	3.298972e+00	6.749869e-09	
18348	3.299172e+00	6.728483e-09	
18349	3.299372e+00	6.708196e-09	
18350	3.299572e+00	6.692545e-09	
18351	3.299772e+00	6.680467e-09	
18352	3.299972e+00	6.671008e-09	
18353	3.300000e+00	6.669931e-09	
18354	3.300020e+00	6.669226e-09	
18355	3.300060e+00	6.667832e-09	
18356	3.300140e+00	6.665237e-09	
18357	3.300300e+00	6.660687e-09	
18358	3.300500e+00	6.655906e-09	
18359	3.300700e+00	6.651850e-09	
18360	3.300900e+00	6.648316e-09	
18361	3.301100e+00	6.645130e-09	
18362	3.301300e+00	6.642223e-09	
18363	3.301500e+00	6.639533e-09	
18364	3.301700e+00	6.637055e-09	
18365	3.301900e+00	6.634767e-09	
18366	3.302100e+00	6.632663e-09	
18367	3.302300e+00	6.630721e-09	
18368	3.302500e+00	6.628960e-09	
18369	3.302700e+00	6.627345e-09	
18370	3.302900e+00	6.625877e-09	
18371	3.303100e+00	6.624547e-09	
18372	3.303300e+00	6.623348e-09	
18373	3.303500e+00	6.622252e-09	
18374	3.303700e+00	6.621271e-09	
18375	3.303900e+00	6.620384e-09	
18376	3.304100e+00	6.619586e-09	
18377	3.304300e+00	6.618852e-09	
18378	3.304500e+00	6.618192e-09	
18379	3.304700e+00	6.617594e-09	
18380	3.304900e+00	6.617047e-09	
18381	3.305100e+00	6.616533e-09	
18382	3.305300e+00	6.616067e-09	

Index   time            -i(vdd)         
--------------------------------------------------------------------------------
18383	3.305500e+00	6.615601e-09	
18384	3.305700e+00	6.615164e-09	
18385	3.305900e+00	6.614710e-09	
18386	3.306100e+00	6.614238e-09	
18387	3.306300e+00	6.613731e-09	
18388	3.306500e+00	6.613165e-09	
18389	3.306700e+00	6.612510e-09	
18390	3.306900e+00	6.611748e-09	
18391	3.307100e+00	6.610808e-09	
18392	3.307300e+00	6.609639e-09	
18393	3.307500e+00	6.608148e-09	
18394	3.307700e+00	6.606200e-09	
18395	3.307900e+00	6.603588e-09	
18396	3.308100e+00	6.600022e-09	
18397	3.308300e+00	6.595030e-09	
18398	3.308500e+00	6.587949e-09	
18399	3.308700e+00	6.577708e-09	
18400	3.308900e+00	6.562615e-09	
18401	3.309100e+00	6.539589e-09	
18402	3.309300e+00	6.507810e-09	
18403	3.309500e+00	6.470782e-09	
18404	3.309700e+00	6.428566e-09	
18405	3.309900e+00	6.366036e-09	
18406	3.309925e+00	6.352814e-09	
18407	3.309975e+00	6.336130e-09	
18408	3.310075e+00	6.294617e-09	
18409	3.310275e+00	6.204316e-09	
18410	3.310475e+00	6.129201e-09	
18411	3.310675e+00	6.249412e-09	
18412	3.310875e+00	6.839669e-09	
18413	3.311075e+00	6.887879e-09	
18414	3.311111e+00	6.858816e-09	
18415	3.311131e+00	6.850877e-09	
18416	3.311171e+00	6.841330e-09	
18417	3.311251e+00	6.864699e-09	
18418	3.311411e+00	6.925536e-09	
18419	3.311436e+00	6.935386e-09	
18420	3.311486e+00	6.958893e-09	
18421	3.311498e+00	6.970166e-09	
18422	3.311523e+00	7.024702e-09	
18423	3.311573e+00	7.272613e-09	
18424	3.311581e+00	7.054156e-09	
18425	3.311597e+00	7.000141e-09	
18426	3.311601e+00	6.993856e-09	
18427	3.311609e+00	6.978973e-09	
18428	3.311625e+00	6.980960e-09	
18429	3.311656e+00	6.991086e-09	
18430	3.311719e+00	6.980470e-09	
18431	3.311735e+00	6.963756e-09	
18432	3.311766e+00	6.959083e-09	
18433	3.311829e+00	6.959402e-09	
18434	3.311955e+00	6.928653e-09	
18435	3.312155e+00	6.809189e-09	
18436	3.312355e+00	6.650779e-09	
18437	3.312555e+00	6.491363e-09	
18438	3.312755e+00	6.341104e-09	
18439	3.312955e+00	6.196884e-09	
18440	3.312980e+00	6.179781e-09	

Index   time            -i(vdd)         
--------------------------------------------------------------------------------
18441	3.313030e+00	6.147896e-09	
18442	3.313130e+00	6.084467e-09	
18443	3.313330e+00	5.964317e-09	
18444	3.313530e+00	5.855100e-09	
18445	3.313730e+00	5.756862e-09	
18446	3.313930e+00	5.669199e-09	
18447	3.314130e+00	5.591692e-09	
18448	3.314330e+00	5.523641e-09	
18449	3.314530e+00	5.464116e-09	
18450	3.314730e+00	5.412111e-09	
18451	3.314930e+00	5.366655e-09	
18452	3.315130e+00	5.326835e-09	
18453	3.315330e+00	5.291841e-09	
18454	3.315530e+00	5.260988e-09	
18455	3.315730e+00	5.233662e-09	
18456	3.315930e+00	5.209372e-09	
18457	3.316130e+00	5.187698e-09	
18458	3.316330e+00	5.168284e-09	
18459	3.316530e+00	5.150811e-09	
18460	3.316730e+00	5.135057e-09	
18461	3.316930e+00	5.120778e-09	
18462	3.317130e+00	5.107799e-09	
18463	3.317330e+00	5.095968e-09	
18464	3.317530e+00	5.085130e-09	
18465	3.317730e+00	5.075188e-09	
18466	3.317930e+00	5.066029e-09	
18467	3.318130e+00	5.057582e-09	
18468	3.318330e+00	5.049762e-09	
18469	3.318530e+00	5.042502e-09	
18470	3.318730e+00	5.035759e-09	
18471	3.318930e+00	5.029473e-09	
18472	3.319130e+00	5.023605e-09	
18473	3.319330e+00	5.018109e-09	
18474	3.319530e+00	5.012963e-09	
18475	3.319730e+00	5.008134e-09	
18476	3.319930e+00	5.003591e-09	
18477	3.320130e+00	4.999309e-09	
18478	3.320330e+00	4.995281e-09	
18479	3.320530e+00	4.991465e-09	
18480	3.320730e+00	4.987862e-09	
18481	3.320930e+00	4.984448e-09	
18482	3.321130e+00	4.981213e-09	
18483	3.321330e+00	4.978138e-09	
18484	3.321530e+00	4.975227e-09	
18485	3.321730e+00	4.972449e-09	
18486	3.321930e+00	4.969809e-09	
18487	3.322130e+00	4.967291e-09	
18488	3.322222e+00	4.966183e-09	
18489	3.322242e+00	4.965936e-09	
18490	3.322282e+00	4.965412e-09	
18491	3.322362e+00	4.964370e-09	
18492	3.322522e+00	4.962242e-09	
18493	3.322722e+00	4.959663e-09	
18494	3.322922e+00	4.957175e-09	
18495	3.323122e+00	4.954805e-09	
18496	3.323322e+00	4.952525e-09	
18497	3.323522e+00	4.950356e-09	
18498	3.323722e+00	4.948250e-09	

Index   time            -i(vdd)         
--------------------------------------------------------------------------------
18499	3.323922e+00	4.946257e-09	
18500	3.324122e+00	4.944332e-09	
18501	3.324322e+00	4.942522e-09	
18502	3.324522e+00	4.940780e-09	
18503	3.324722e+00	4.939161e-09	
18504	3.324922e+00	4.937637e-09	
18505	3.325122e+00	4.936257e-09	
18506	3.325322e+00	4.935014e-09	
18507	3.325522e+00	4.933973e-09	
18508	3.325722e+00	4.933176e-09	
18509	3.325922e+00	4.932728e-09	
18510	3.326122e+00	4.932739e-09	
18511	3.326322e+00	4.933431e-09	
18512	3.326522e+00	4.935054e-09	
18513	3.326722e+00	4.937987e-09	
18514	3.326922e+00	4.942605e-09	
18515	3.327122e+00	4.949468e-09	
18516	3.327322e+00	4.959310e-09	
18517	3.327522e+00	4.973198e-09	
18518	3.327722e+00	4.992527e-09	
18519	3.327922e+00	5.019111e-09	
18520	3.328122e+00	5.055390e-09	
18521	3.328322e+00	5.104892e-09	
18522	3.328522e+00	5.173127e-09	
18523	3.328722e+00	5.262786e-09	
18524	3.328922e+00	5.358167e-09	
18525	3.329122e+00	5.426447e-09	
18526	3.329322e+00	5.457695e-09	
18527	3.329522e+00	5.450334e-09	
18528	3.329722e+00	5.452149e-09	
18529	3.329922e+00	5.446604e-09	
18530	3.330122e+00	5.439233e-09	
18531	3.330322e+00	5.432069e-09	
18532	3.330522e+00	5.425897e-09	
18533	3.330722e+00	5.420856e-09	
18534	3.330922e+00	5.416755e-09	
18535	3.331122e+00	5.413422e-09	
18536	3.331322e+00	5.410701e-09	
18537	3.331522e+00	5.408469e-09	
18538	3.331722e+00	5.406621e-09	
18539	3.331922e+00	5.405075e-09	
18540	3.332122e+00	5.403749e-09	
18541	3.332322e+00	5.402603e-09	
18542	3.332522e+00	5.401571e-09	
18543	3.332722e+00	5.400640e-09	
18544	3.332922e+00	5.399776e-09	
18545	3.333122e+00	5.398970e-09	
18546	3.333322e+00	5.398200e-09	
18547	3.333333e+00	5.398179e-09	
18548	3.333353e+00	5.398118e-09	
18549	3.333393e+00	5.398018e-09	
18550	3.333473e+00	5.397888e-09	
18551	3.333633e+00	5.397783e-09	
18552	3.333833e+00	5.397816e-09	
18553	3.334033e+00	5.397903e-09	
18554	3.334233e+00	5.398029e-09	
18555	3.334433e+00	5.398163e-09	
18556	3.334633e+00	5.398316e-09	

Index   time            -i(vdd)         
--------------------------------------------------------------------------------
18557	3.334833e+00	5.398475e-09	
18558	3.335033e+00	5.398654e-09	
18559	3.335233e+00	5.398838e-09	
18560	3.335433e+00	5.399046e-09	
18561	3.335633e+00	5.399250e-09	
18562	3.335833e+00	5.399481e-09	
18563	3.336033e+00	5.399705e-09	
18564	3.336233e+00	5.399954e-09	
18565	3.336433e+00	5.400197e-09	
18566	3.336633e+00	5.400469e-09	
18567	3.336833e+00	5.400732e-09	
18568	3.337033e+00	5.401023e-09	
18569	3.337233e+00	5.401304e-09	
18570	3.337433e+00	5.401608e-09	
18571	3.337633e+00	5.401905e-09	
18572	3.337833e+00	5.402230e-09	
18573	3.338033e+00	5.402545e-09	
18574	3.338233e+00	5.402881e-09	
18575	3.338433e+00	5.403207e-09	
18576	3.338633e+00	5.403561e-09	
18577	3.338833e+00	5.403911e-09	
18578	3.339033e+00	5.404279e-09	
18579	3.339233e+00	5.404643e-09	
18580	3.339433e+00	5.405022e-09	
18581	3.339633e+00	5.405400e-09	
18582	3.339833e+00	5.405795e-09	
18583	3.340033e+00	5.406185e-09	
18584	3.340233e+00	5.406595e-09	
18585	3.340433e+00	5.407000e-09	
18586	3.340633e+00	5.407426e-09	
18587	3.340833e+00	5.407845e-09	
18588	3.341033e+00	5.408281e-09	
18589	3.341233e+00	5.408716e-09	
18590	3.341433e+00	5.409166e-09	
18591	3.341633e+00	5.409617e-09	
18592	3.341833e+00	5.410079e-09	
18593	3.342033e+00	5.410533e-09	
18594	3.342233e+00	5.411008e-09	
18595	3.342433e+00	5.411482e-09	
18596	3.342633e+00	5.411972e-09	
18597	3.342833e+00	5.412455e-09	
18598	3.343033e+00	5.412954e-09	
18599	3.343233e+00	5.413448e-09	
18600	3.343433e+00	5.413965e-09	
18601	3.343633e+00	5.414470e-09	
18602	3.343833e+00	5.414995e-09	
18603	3.344033e+00	5.415516e-09	
18604	3.344233e+00	5.416049e-09	
18605	3.344433e+00	5.416573e-09	
18606	3.344444e+00	5.416616e-09	
18607	3.344464e+00	5.416687e-09	
18608	3.344504e+00	5.416843e-09	
18609	3.344584e+00	5.417248e-09	
18610	3.344744e+00	5.418214e-09	
18611	3.344944e+00	5.419590e-09	
18612	3.345144e+00	5.420993e-09	
18613	3.345344e+00	5.422409e-09	
18614	3.345544e+00	5.423809e-09	

Index   time            -i(vdd)         
--------------------------------------------------------------------------------
18615	3.345744e+00	5.425221e-09	
18616	3.345944e+00	5.426610e-09	
18617	3.346144e+00	5.427985e-09	
18618	3.346344e+00	5.429308e-09	
18619	3.346544e+00	5.430568e-09	
18620	3.346744e+00	5.431681e-09	
18621	3.346944e+00	5.432502e-09	
18622	3.347144e+00	5.432735e-09	
18623	3.347344e+00	5.431720e-09	
18624	3.347544e+00	5.427992e-09	
18625	3.347744e+00	5.418138e-09	
18626	3.347944e+00	5.396017e-09	
18627	3.348144e+00	5.350923e-09	
18628	3.348344e+00	5.295341e-09	
18629	3.348544e+00	5.237621e-09	
18630	3.348569e+00	5.230276e-09	
18631	3.348619e+00	5.209902e-09	
18632	3.348631e+00	5.201099e-09	
18633	3.348656e+00	5.186296e-09	
18634	3.348706e+00	5.162230e-09	
18635	3.348719e+00	5.160452e-09	
18636	3.348744e+00	5.154185e-09	
18637	3.348794e+00	5.134719e-09	
18638	3.348894e+00	5.097769e-09	
18639	3.349094e+00	5.047321e-09	
18640	3.349294e+00	5.018523e-09	
18641	3.349494e+00	5.001744e-09	
18642	3.349694e+00	4.991607e-09	
18643	3.349894e+00	4.985270e-09	
18644	3.350094e+00	4.981044e-09	
18645	3.350294e+00	4.978125e-09	
18646	3.350494e+00	4.976126e-09	
18647	3.350694e+00	4.974836e-09	
18648	3.350894e+00	4.974076e-09	
18649	3.351094e+00	4.973735e-09	
18650	3.351294e+00	4.973702e-09	
18651	3.351494e+00	4.973927e-09	
18652	3.351694e+00	4.974347e-09	
18653	3.351894e+00	4.974950e-09	
18654	3.352094e+00	4.975689e-09	
18655	3.352294e+00	4.976557e-09	
18656	3.352494e+00	4.977520e-09	
18657	3.352694e+00	4.978590e-09	
18658	3.352894e+00	4.979731e-09	
18659	3.353094e+00	4.980957e-09	
18660	3.353294e+00	4.982234e-09	
18661	3.353494e+00	4.983582e-09	
18662	3.353694e+00	4.984978e-09	
18663	3.353894e+00	4.986423e-09	
18664	3.354094e+00	4.987916e-09	
18665	3.354294e+00	4.989449e-09	
18666	3.354494e+00	4.991020e-09	
18667	3.354694e+00	4.992635e-09	
18668	3.354894e+00	4.994282e-09	
18669	3.355094e+00	4.995961e-09	
18670	3.355294e+00	4.997669e-09	
18671	3.355494e+00	4.999410e-09	
18672	3.355556e+00	4.999965e-09	

Index   time            -i(vdd)         
--------------------------------------------------------------------------------
18673	3.355576e+00	5.000083e-09	
18674	3.355616e+00	5.000227e-09	
18675	3.355696e+00	5.000364e-09	
18676	3.355856e+00	5.000286e-09	
18677	3.356056e+00	5.000035e-09	
18678	3.356256e+00	4.999740e-09	
18679	3.356456e+00	4.999491e-09	
18680	3.356656e+00	4.999250e-09	
18681	3.356856e+00	4.999039e-09	
18682	3.357056e+00	4.998821e-09	
18683	3.357256e+00	4.998627e-09	
18684	3.357456e+00	4.998424e-09	
18685	3.357656e+00	4.998238e-09	
18686	3.357856e+00	4.998047e-09	
18687	3.358056e+00	4.997874e-09	
18688	3.358256e+00	4.997699e-09	
18689	3.358456e+00	4.997540e-09	
18690	3.358656e+00	4.997377e-09	
18691	3.358856e+00	4.997225e-09	
18692	3.359056e+00	4.997068e-09	
18693	3.359256e+00	4.996928e-09	
18694	3.359456e+00	4.996779e-09	
18695	3.359656e+00	4.996648e-09	
18696	3.359856e+00	4.996506e-09	
18697	3.360056e+00	4.996383e-09	
18698	3.360256e+00	4.996259e-09	
18699	3.360456e+00	4.996138e-09	
18700	3.360656e+00	4.996010e-09	
18701	3.360856e+00	4.995900e-09	
18702	3.361056e+00	4.995786e-09	
18703	3.361256e+00	4.995677e-09	
18704	3.361456e+00	4.995563e-09	
18705	3.361656e+00	4.995462e-09	
18706	3.361856e+00	4.995350e-09	
18707	3.362056e+00	4.995258e-09	
18708	3.362256e+00	4.995156e-09	
18709	3.362456e+00	4.995070e-09	
18710	3.362656e+00	4.994967e-09	
18711	3.362856e+00	4.994883e-09	
18712	3.363056e+00	4.994791e-09	
18713	3.363256e+00	4.994708e-09	
18714	3.363456e+00	4.994619e-09	
18715	3.363656e+00	4.994544e-09	
18716	3.363856e+00	4.994455e-09	
18717	3.364056e+00	4.994386e-09	
18718	3.364256e+00	4.994307e-09	
18719	3.364456e+00	4.994240e-09	
18720	3.364656e+00	4.994155e-09	
18721	3.364856e+00	4.994092e-09	
18722	3.365056e+00	4.994022e-09	
18723	3.365256e+00	4.993954e-09	
18724	3.365456e+00	4.993883e-09	
18725	3.365656e+00	4.993831e-09	
18726	3.365856e+00	4.993762e-09	
18727	3.366056e+00	4.993712e-09	
18728	3.366256e+00	4.993648e-09	
18729	3.366456e+00	4.993597e-09	
18730	3.366656e+00	4.993541e-09	

Index   time            -i(vdd)         
--------------------------------------------------------------------------------
18731	3.366667e+00	4.993550e-09	
18732	3.366687e+00	4.993601e-09	
18733	3.366727e+00	4.993753e-09	
18734	3.366807e+00	4.994251e-09	
18735	3.366967e+00	4.995565e-09	
18736	3.367167e+00	4.997440e-09	
18737	3.367367e+00	4.999367e-09	
18738	3.367567e+00	5.001332e-09	
18739	3.367767e+00	5.003305e-09	
18740	3.367967e+00	5.005315e-09	
18741	3.368167e+00	5.007334e-09	
18742	3.368367e+00	5.009394e-09	
18743	3.368567e+00	5.011464e-09	
18744	3.368767e+00	5.013573e-09	
18745	3.368967e+00	5.015692e-09	
18746	3.369167e+00	5.017848e-09	
18747	3.369367e+00	5.020026e-09	
18748	3.369567e+00	5.022235e-09	
18749	3.369767e+00	5.024460e-09	
18750	3.369967e+00	5.026717e-09	
18751	3.370167e+00	5.028993e-09	
18752	3.370367e+00	5.031309e-09	
18753	3.370567e+00	5.033633e-09	
18754	3.370767e+00	5.035997e-09	
18755	3.370967e+00	5.038371e-09	
18756	3.371167e+00	5.040785e-09	
18757	3.371367e+00	5.043215e-09	
18758	3.371567e+00	5.045677e-09	
18759	3.371767e+00	5.048154e-09	
18760	3.371967e+00	5.050669e-09	
18761	3.372167e+00	5.053201e-09	
18762	3.372367e+00	5.055765e-09	
18763	3.372567e+00	5.058344e-09	
18764	3.372767e+00	5.060960e-09	
18765	3.372967e+00	5.063592e-09	
18766	3.373167e+00	5.066261e-09	
18767	3.373367e+00	5.068942e-09	
18768	3.373567e+00	5.071662e-09	
18769	3.373767e+00	5.074396e-09	
18770	3.373967e+00	5.077155e-09	
18771	3.374167e+00	5.079930e-09	
18772	3.374367e+00	5.082752e-09	
18773	3.374567e+00	5.085577e-09	
18774	3.374767e+00	5.088445e-09	
18775	3.374967e+00	5.091327e-09	
18776	3.375167e+00	5.094233e-09	
18777	3.375367e+00	5.097157e-09	
18778	3.375567e+00	5.100119e-09	
18779	3.375767e+00	5.103097e-09	
18780	3.375967e+00	5.106105e-09	
18781	3.376167e+00	5.109124e-09	
18782	3.376367e+00	5.112181e-09	
18783	3.376567e+00	5.115249e-09	
18784	3.376767e+00	5.118347e-09	
18785	3.376967e+00	5.121461e-09	
18786	3.377167e+00	5.124608e-09	
18787	3.377367e+00	5.127773e-09	
18788	3.377567e+00	5.130964e-09	

Index   time            -i(vdd)         
--------------------------------------------------------------------------------
18789	3.377767e+00	5.134167e-09	
18790	3.377778e+00	5.134369e-09	
18791	3.377798e+00	5.134562e-09	
18792	3.377838e+00	5.134804e-09	
18793	3.377918e+00	5.135029e-09	
18794	3.378078e+00	5.135104e-09	
18795	3.378278e+00	5.135137e-09	
18796	3.378478e+00	5.135180e-09	
18797	3.378678e+00	5.135259e-09	
18798	3.378878e+00	5.135320e-09	
18799	3.379078e+00	5.135389e-09	
18800	3.379278e+00	5.135441e-09	
18801	3.379478e+00	5.135511e-09	
18802	3.379678e+00	5.135559e-09	
18803	3.379878e+00	5.135616e-09	
18804	3.380078e+00	5.135662e-09	
18805	3.380278e+00	5.135715e-09	
18806	3.380478e+00	5.135760e-09	
18807	3.380678e+00	5.135803e-09	
18808	3.380878e+00	5.135839e-09	
18809	3.381078e+00	5.135880e-09	
18810	3.381278e+00	5.135907e-09	
18811	3.381478e+00	5.135945e-09	
18812	3.381678e+00	5.135966e-09	
18813	3.381878e+00	5.135998e-09	
18814	3.382078e+00	5.136011e-09	
18815	3.382278e+00	5.136039e-09	
18816	3.382478e+00	5.136050e-09	
18817	3.382678e+00	5.136074e-09	
18818	3.382878e+00	5.136079e-09	
18819	3.383078e+00	5.136092e-09	
18820	3.383278e+00	5.136093e-09	
18821	3.383478e+00	5.136101e-09	
18822	3.383678e+00	5.136095e-09	
18823	3.383878e+00	5.136100e-09	
18824	3.384078e+00	5.136087e-09	
18825	3.384278e+00	5.136083e-09	
18826	3.384478e+00	5.136070e-09	
18827	3.384678e+00	5.136066e-09	
18828	3.384878e+00	5.136046e-09	
18829	3.385078e+00	5.136034e-09	
18830	3.385278e+00	5.136005e-09	
18831	3.385478e+00	5.135987e-09	
18832	3.385678e+00	5.135955e-09	
18833	3.385878e+00	5.135937e-09	
18834	3.386078e+00	5.135897e-09	
18835	3.386278e+00	5.135865e-09	
18836	3.386478e+00	5.135832e-09	
18837	3.386678e+00	5.135793e-09	
18838	3.386878e+00	5.135750e-09	
18839	3.387078e+00	5.135716e-09	
18840	3.387278e+00	5.135663e-09	
18841	3.387478e+00	5.135621e-09	
18842	3.387678e+00	5.135566e-09	
18843	3.387878e+00	5.135522e-09	
18844	3.388078e+00	5.135463e-09	
18845	3.388278e+00	5.135416e-09	
18846	3.388478e+00	5.135354e-09	

Index   time            -i(vdd)         
--------------------------------------------------------------------------------
18847	3.388678e+00	5.135302e-09	
18848	3.388878e+00	5.135235e-09	
18849	3.388889e+00	5.135249e-09	
18850	3.388909e+00	5.135226e-09	
18851	3.388949e+00	5.135157e-09	
18852	3.389029e+00	5.134992e-09	
18853	3.389189e+00	5.134513e-09	
18854	3.389389e+00	5.133872e-09	
18855	3.389589e+00	5.133197e-09	
18856	3.389789e+00	5.132530e-09	
18857	3.389989e+00	5.131865e-09	
18858	3.390189e+00	5.131201e-09	
18859	3.390389e+00	5.130523e-09	
18860	3.390589e+00	5.129857e-09	
18861	3.390789e+00	5.129179e-09	
18862	3.390989e+00	5.128514e-09	
18863	3.391189e+00	5.127826e-09	
18864	3.391389e+00	5.127154e-09	
18865	3.391589e+00	5.126468e-09	
18866	3.391789e+00	5.125790e-09	
18867	3.391989e+00	5.125103e-09	
18868	3.392189e+00	5.124423e-09	
18869	3.392389e+00	5.123730e-09	
18870	3.392589e+00	5.123049e-09	
18871	3.392789e+00	5.122352e-09	
18872	3.392989e+00	5.121672e-09	
18873	3.393189e+00	5.120971e-09	
18874	3.393389e+00	5.120282e-09	
18875	3.393589e+00	5.119575e-09	
18876	3.393789e+00	5.118886e-09	
18877	3.393989e+00	5.118187e-09	
18878	3.394189e+00	5.117488e-09	
18879	3.394389e+00	5.116782e-09	
18880	3.394589e+00	5.116092e-09	
18881	3.394789e+00	5.115382e-09	
18882	3.394989e+00	5.114684e-09	
18883	3.395189e+00	5.113976e-09	
18884	3.395389e+00	5.113273e-09	
18885	3.395589e+00	5.112569e-09	
18886	3.395789e+00	5.111870e-09	
18887	3.395989e+00	5.111168e-09	
18888	3.396189e+00	5.110465e-09	
18889	3.396389e+00	5.109758e-09	
18890	3.396589e+00	5.109061e-09	
18891	3.396789e+00	5.108356e-09	
18892	3.396989e+00	5.107657e-09	
18893	3.397189e+00	5.106959e-09	
18894	3.397389e+00	5.106261e-09	
18895	3.397589e+00	5.105558e-09	
18896	3.397789e+00	5.104871e-09	
18897	3.397989e+00	5.104175e-09	
18898	3.398189e+00	5.103489e-09	
18899	3.398389e+00	5.102796e-09	
18900	3.398589e+00	5.102121e-09	
18901	3.398789e+00	5.101441e-09	
18902	3.398989e+00	5.100778e-09	
18903	3.399189e+00	5.100108e-09	
18904	3.399389e+00	5.099459e-09	

Index   time            -i(vdd)         
--------------------------------------------------------------------------------
18905	3.399589e+00	5.098813e-09	
18906	3.399789e+00	5.098193e-09	
18907	3.399989e+00	5.097583e-09	
18908	3.400000e+00	5.097565e-09	
18909	3.400020e+00	5.097495e-09	
18910	3.400060e+00	5.097318e-09	
18911	3.400140e+00	5.096968e-09	
18912	3.400300e+00	5.096307e-09	
18913	3.400500e+00	5.095567e-09	
18914	3.400700e+00	5.094907e-09	
18915	3.400900e+00	5.094347e-09	
18916	3.401100e+00	5.093938e-09	
18917	3.401300e+00	5.093816e-09	
18918	3.401500e+00	5.094182e-09	
18919	3.401700e+00	5.095469e-09	
18920	3.401900e+00	5.098505e-09	
18921	3.402100e+00	5.105015e-09	
18922	3.402300e+00	5.117675e-09	
18923	3.402500e+00	5.139801e-09	
18924	3.402700e+00	5.176150e-09	
18925	3.402900e+00	5.233179e-09	
18926	3.403100e+00	5.316137e-09	
18927	3.403300e+00	5.423253e-09	
18928	3.403500e+00	5.555777e-09	
18929	3.403700e+00	5.691977e-09	
18930	3.403900e+00	5.707767e-09	
18931	3.404100e+00	5.664135e-09	
18932	3.404300e+00	5.633618e-09	
18933	3.404500e+00	5.611006e-09	
18934	3.404700e+00	5.597494e-09	
18935	3.404900e+00	5.589564e-09	
18936	3.405100e+00	5.584852e-09	
18937	3.405300e+00	5.581828e-09	
18938	3.405500e+00	5.579704e-09	
18939	3.405700e+00	5.578075e-09	
18940	3.405900e+00	5.576700e-09	
18941	3.406100e+00	5.575481e-09	
18942	3.406300e+00	5.574334e-09	
18943	3.406500e+00	5.573245e-09	
18944	3.406700e+00	5.572187e-09	
18945	3.406900e+00	5.571157e-09	
18946	3.407100e+00	5.570133e-09	
18947	3.407300e+00	5.569125e-09	
18948	3.407500e+00	5.568118e-09	
18949	3.407700e+00	5.567114e-09	
18950	3.407900e+00	5.566084e-09	
18951	3.408100e+00	5.565043e-09	
18952	3.408300e+00	5.563972e-09	
18953	3.408500e+00	5.562919e-09	
18954	3.408700e+00	5.561904e-09	
18955	3.408900e+00	5.560936e-09	
18956	3.409100e+00	5.559986e-09	
18957	3.409300e+00	5.559052e-09	
18958	3.409500e+00	5.558103e-09	
18959	3.409700e+00	5.557162e-09	
18960	3.409900e+00	5.556218e-09	
18961	3.410100e+00	5.555286e-09	
18962	3.410300e+00	5.554354e-09	

Index   time            -i(vdd)         
--------------------------------------------------------------------------------
18963	3.410500e+00	5.553437e-09	
18964	3.410700e+00	5.552517e-09	
18965	3.410900e+00	5.551619e-09	
18966	3.411100e+00	5.550716e-09	
18967	3.411111e+00	5.550694e-09	
18968	3.411131e+00	5.550564e-09	
18969	3.411171e+00	5.550256e-09	
18970	3.411251e+00	5.549581e-09	
18971	3.411411e+00	5.548044e-09	
18972	3.411611e+00	5.546034e-09	
18973	3.411811e+00	5.543973e-09	
18974	3.412011e+00	5.541963e-09	
18975	3.412211e+00	5.539976e-09	
18976	3.412411e+00	5.538040e-09	
18977	3.412611e+00	5.536130e-09	
18978	3.412811e+00	5.534288e-09	
18979	3.413011e+00	5.532502e-09	
18980	3.413211e+00	5.530832e-09	
18981	3.413411e+00	5.529328e-09	
18982	3.413611e+00	5.528139e-09	
18983	3.413811e+00	5.527511e-09	
18984	3.414011e+00	5.528110e-09	
18985	3.414211e+00	5.531591e-09	
18986	3.414411e+00	5.543392e-09	
18987	3.414611e+00	5.575189e-09	
18988	3.414811e+00	5.638558e-09	
18989	3.415011e+00	5.748393e-09	
18990	3.415211e+00	5.904887e-09	
18991	3.415411e+00	6.088824e-09	
18992	3.415611e+00	6.596394e-09	
18993	3.415811e+00	7.070569e-09	
18994	3.415836e+00	7.075100e-09	
18995	3.415886e+00	7.194011e-09	
18996	3.415986e+00	7.301787e-09	
18997	3.416153e+00	7.291933e-09	
18998	3.416353e+00	7.183126e-09	
18999	3.416553e+00	7.082212e-09	
19000	3.416753e+00	7.020668e-09	
19001	3.416953e+00	6.990752e-09	
19002	3.417153e+00	6.981788e-09	
19003	3.417353e+00	6.986608e-09	
19004	3.417553e+00	7.001060e-09	
19005	3.417753e+00	7.019104e-09	
19006	3.417953e+00	7.036667e-09	
19007	3.418153e+00	7.051363e-09	
19008	3.418353e+00	7.063001e-09	
19009	3.418553e+00	7.110829e-09	
19010	3.418578e+00	7.148637e-09	
19011	3.418628e+00	7.338622e-09	
19012	3.418640e+00	7.414184e-09	
19013	3.418665e+00	7.436977e-09	
19014	3.418715e+00	7.278414e-09	
19015	3.418793e+00	7.055854e-09	
19016	3.418912e+00	7.048920e-09	
19017	3.419045e+00	7.026991e-09	
19018	3.419245e+00	7.005364e-09	
19019	3.419445e+00	6.989462e-09	
19020	3.419645e+00	6.976227e-09	

Index   time            -i(vdd)         
--------------------------------------------------------------------------------
19021	3.419845e+00	6.965059e-09	
19022	3.420045e+00	6.956215e-09	
19023	3.420245e+00	6.949624e-09	
19024	3.420445e+00	6.944898e-09	
19025	3.420645e+00	6.941511e-09	
19026	3.420845e+00	6.938933e-09	
19027	3.421045e+00	6.936667e-09	
19028	3.421245e+00	6.934315e-09	
19029	3.421445e+00	6.931540e-09	
19030	3.421645e+00	6.928122e-09	
19031	3.421845e+00	6.923919e-09	
19032	3.422045e+00	6.918896e-09	
19033	3.422222e+00	6.913773e-09	
19034	3.422242e+00	6.913131e-09	
19035	3.422282e+00	6.911765e-09	
19036	3.422362e+00	6.908837e-09	
19037	3.422522e+00	6.902425e-09	
19038	3.422722e+00	6.893772e-09	
19039	3.422922e+00	6.884610e-09	
19040	3.423122e+00	6.875055e-09	
19041	3.423322e+00	6.865174e-09	
19042	3.423522e+00	6.855076e-09	
19043	3.423722e+00	6.844850e-09	
19044	3.423922e+00	6.834616e-09	
19045	3.424122e+00	6.824426e-09	
19046	3.424322e+00	6.814373e-09	
19047	3.424522e+00	6.804500e-09	
19048	3.424722e+00	6.794881e-09	
19049	3.424922e+00	6.785531e-09	
19050	3.425122e+00	6.776497e-09	
19051	3.425322e+00	6.767783e-09	
19052	3.425522e+00	6.759420e-09	
19053	3.425722e+00	6.751395e-09	
19054	3.425922e+00	6.743728e-09	
19055	3.426122e+00	6.736385e-09	
19056	3.426322e+00	6.729398e-09	
19057	3.426522e+00	6.722718e-09	
19058	3.426722e+00	6.716360e-09	
19059	3.426922e+00	6.710292e-09	
19060	3.427122e+00	6.704512e-09	
19061	3.427322e+00	6.698996e-09	
19062	3.427522e+00	6.693737e-09	
19063	3.427722e+00	6.688707e-09	
19064	3.427922e+00	6.683901e-09	
19065	3.428122e+00	6.679308e-09	
19066	3.428322e+00	6.674916e-09	
19067	3.428522e+00	6.670698e-09	
19068	3.428722e+00	6.666654e-09	
19069	3.428922e+00	6.662758e-09	
19070	3.429122e+00	6.659025e-09	
19071	3.429322e+00	6.655420e-09	
19072	3.429522e+00	6.651958e-09	
19073	3.429722e+00	6.648602e-09	
19074	3.429922e+00	6.645363e-09	
19075	3.430122e+00	6.642228e-09	
19076	3.430322e+00	6.639199e-09	
19077	3.430522e+00	6.636250e-09	
19078	3.430722e+00	6.633405e-09	

Index   time            -i(vdd)         
--------------------------------------------------------------------------------
19079	3.430922e+00	6.630623e-09	
19080	3.431122e+00	6.627931e-09	
19081	3.431322e+00	6.625306e-09	
19082	3.431522e+00	6.622750e-09	
19083	3.431722e+00	6.620253e-09	
19084	3.431922e+00	6.617819e-09	
19085	3.432122e+00	6.615437e-09	
19086	3.432322e+00	6.613121e-09	
19087	3.432522e+00	6.610837e-09	
19088	3.432722e+00	6.608617e-09	
19089	3.432922e+00	6.606423e-09	
19090	3.433122e+00	6.604284e-09	
19091	3.433322e+00	6.602175e-09	
19092	3.433333e+00	6.602093e-09	
19093	3.433353e+00	6.601904e-09	
19094	3.433393e+00	6.601586e-09	
19095	3.433473e+00	6.601074e-09	
19096	3.433633e+00	6.600339e-09	
19097	3.433833e+00	6.599756e-09	
19098	3.434033e+00	6.599316e-09	
19099	3.434233e+00	6.598949e-09	
19100	3.434433e+00	6.598610e-09	
19101	3.434633e+00	6.598302e-09	
19102	3.434833e+00	6.598007e-09	
19103	3.435033e+00	6.597742e-09	
19104	3.435233e+00	6.597481e-09	
19105	3.435433e+00	6.597247e-09	
19106	3.435456e+00	6.597238e-09	
19107	3.435466e+00	6.597850e-09	
19108	3.435486e+00	6.590986e-09	
19109	3.435526e+00	6.633085e-09	
19110	3.435556e+00	6.632038e-09	
19111	3.435564e+00	6.633478e-09	
19112	3.435580e+00	6.640583e-09	
19113	3.435612e+00	6.640996e-09	
19114	3.435676e+00	6.640195e-09	
19115	3.435804e+00	6.640321e-09	
19116	3.436004e+00	6.640620e-09	
19117	3.436204e+00	6.640678e-09	
19118	3.436404e+00	6.640419e-09	
19119	3.436604e+00	6.639732e-09	
19120	3.436804e+00	6.638696e-09	
19121	3.437004e+00	6.637636e-09	
19122	3.437204e+00	6.636907e-09	
19123	3.437404e+00	6.636455e-09	
19124	3.437604e+00	6.636148e-09	
19125	3.437804e+00	6.635957e-09	
19126	3.438004e+00	6.635831e-09	
19127	3.438204e+00	6.635728e-09	
19128	3.438404e+00	6.635648e-09	
19129	3.438604e+00	6.635579e-09	
19130	3.438804e+00	6.635507e-09	
19131	3.439004e+00	6.635445e-09	
19132	3.439204e+00	6.635389e-09	
19133	3.439404e+00	6.635331e-09	
19134	3.439604e+00	6.635276e-09	
19135	3.439804e+00	6.635239e-09	
19136	3.440004e+00	6.635192e-09	

Index   time            -i(vdd)         
--------------------------------------------------------------------------------
19137	3.440204e+00	6.635162e-09	
19138	3.440404e+00	6.635126e-09	
19139	3.440604e+00	6.635102e-09	
19140	3.440804e+00	6.635079e-09	
19141	3.441004e+00	6.635058e-09	
19142	3.441204e+00	6.635035e-09	
19143	3.441404e+00	6.635029e-09	
19144	3.441604e+00	6.635017e-09	
19145	3.441804e+00	6.635018e-09	
19146	3.442004e+00	6.635010e-09	
19147	3.442204e+00	6.635018e-09	
19148	3.442404e+00	6.635020e-09	
19149	3.442604e+00	6.635037e-09	
19150	3.442804e+00	6.635039e-09	
19151	3.443004e+00	6.635055e-09	
19152	3.443204e+00	6.635072e-09	
19153	3.443404e+00	6.635096e-09	
19154	3.443604e+00	6.635117e-09	
19155	3.443804e+00	6.635139e-09	
19156	3.444004e+00	6.635166e-09	
19157	3.444204e+00	6.635203e-09	
19158	3.444404e+00	6.635235e-09	
19159	3.444444e+00	6.635257e-09	
19160	3.444464e+00	6.635274e-09	
19161	3.444504e+00	6.635256e-09	
19162	3.444584e+00	6.635267e-09	
19163	3.444744e+00	6.635268e-09	
19164	3.444944e+00	6.635294e-09	
19165	3.445144e+00	6.635283e-09	
19166	3.445344e+00	6.635296e-09	
19167	3.445544e+00	6.635287e-09	
19168	3.445744e+00	6.635297e-09	
19169	3.445944e+00	6.635296e-09	
19170	3.446144e+00	6.635310e-09	
19171	3.446344e+00	6.635312e-09	
19172	3.446544e+00	6.635331e-09	
19173	3.446744e+00	6.635329e-09	
19174	3.446944e+00	6.635352e-09	
19175	3.447144e+00	6.635367e-09	
19176	3.447344e+00	6.635390e-09	
19177	3.447544e+00	6.635399e-09	
19178	3.447744e+00	6.635432e-09	
19179	3.447944e+00	6.635447e-09	
19180	3.448144e+00	6.635483e-09	
19181	3.448344e+00	6.635500e-09	
19182	3.448544e+00	6.635538e-09	
19183	3.448744e+00	6.635562e-09	
19184	3.448944e+00	6.635600e-09	
19185	3.449144e+00	6.635627e-09	
19186	3.449344e+00	6.635670e-09	
19187	3.449544e+00	6.635698e-09	
19188	3.449744e+00	6.635744e-09	
19189	3.449944e+00	6.635781e-09	
19190	3.450144e+00	6.635827e-09	
19191	3.450344e+00	6.635866e-09	
19192	3.450544e+00	6.635909e-09	
19193	3.450744e+00	6.635957e-09	
19194	3.450944e+00	6.636003e-09	

Index   time            -i(vdd)         
--------------------------------------------------------------------------------
19195	3.451144e+00	6.636045e-09	
19196	3.451344e+00	6.636105e-09	
19197	3.451544e+00	6.636152e-09	
19198	3.451744e+00	6.636211e-09	
19199	3.451944e+00	6.636260e-09	
19200	3.452144e+00	6.636317e-09	
19201	3.452344e+00	6.636369e-09	
19202	3.452544e+00	6.636431e-09	
19203	3.452744e+00	6.636489e-09	
19204	3.452944e+00	6.636552e-09	
19205	3.453144e+00	6.636612e-09	
19206	3.453344e+00	6.636676e-09	
19207	3.453544e+00	6.636731e-09	
19208	3.453744e+00	6.636799e-09	
19209	3.453944e+00	6.636857e-09	
19210	3.454144e+00	6.636932e-09	
19211	3.454344e+00	6.636994e-09	
19212	3.454544e+00	6.637070e-09	
19213	3.454744e+00	6.637134e-09	
19214	3.454944e+00	6.637207e-09	
19215	3.455144e+00	6.637280e-09	
19216	3.455344e+00	6.637349e-09	
19217	3.455544e+00	6.637421e-09	
19218	3.455556e+00	6.637430e-09	
19219	3.455576e+00	6.637420e-09	
19220	3.455616e+00	6.637295e-09	
19221	3.455696e+00	6.636948e-09	
19222	3.455856e+00	6.635915e-09	
19223	3.456056e+00	6.634400e-09	
19224	3.456256e+00	6.632794e-09	
19225	3.456456e+00	6.631218e-09	
19226	3.456656e+00	6.629651e-09	
19227	3.456856e+00	6.628105e-09	
19228	3.457056e+00	6.626558e-09	
19229	3.457256e+00	6.625031e-09	
19230	3.457456e+00	6.623499e-09	
19231	3.457656e+00	6.621987e-09	
19232	3.457856e+00	6.620463e-09	
19233	3.458056e+00	6.618964e-09	
19234	3.458256e+00	6.617454e-09	
19235	3.458456e+00	6.615967e-09	
19236	3.458656e+00	6.614476e-09	
19237	3.458856e+00	6.613012e-09	
19238	3.459056e+00	6.611556e-09	
19239	3.459256e+00	6.610117e-09	
19240	3.459456e+00	6.608679e-09	
19241	3.459656e+00	6.607273e-09	
19242	3.459856e+00	6.605854e-09	
19243	3.460056e+00	6.604464e-09	
19244	3.460256e+00	6.603075e-09	
19245	3.460456e+00	6.601704e-09	
19246	3.460656e+00	6.600334e-09	
19247	3.460856e+00	6.598980e-09	
19248	3.461056e+00	6.597627e-09	
19249	3.461256e+00	6.596300e-09	
19250	3.461456e+00	6.594971e-09	
19251	3.461656e+00	6.593654e-09	
19252	3.461856e+00	6.592347e-09	

Index   time            -i(vdd)         
--------------------------------------------------------------------------------
19253	3.462056e+00	6.591058e-09	
19254	3.462256e+00	6.589760e-09	
19255	3.462456e+00	6.588495e-09	
19256	3.462656e+00	6.587218e-09	
19257	3.462856e+00	6.585969e-09	
19258	3.463056e+00	6.584717e-09	
19259	3.463256e+00	6.583485e-09	
19260	3.463456e+00	6.582250e-09	
19261	3.463656e+00	6.581035e-09	
19262	3.463856e+00	6.579827e-09	
19263	3.464056e+00	6.578634e-09	
19264	3.464256e+00	6.577437e-09	
19265	3.464456e+00	6.576259e-09	
19266	3.464656e+00	6.575083e-09	
19267	3.464856e+00	6.573927e-09	
19268	3.465056e+00	6.572772e-09	
19269	3.465256e+00	6.571631e-09	
19270	3.465456e+00	6.570486e-09	
19271	3.465656e+00	6.569363e-09	
19272	3.465856e+00	6.568243e-09	
19273	3.466056e+00	6.567137e-09	
19274	3.466256e+00	6.566035e-09	
19275	3.466456e+00	6.564946e-09	
19276	3.466656e+00	6.563860e-09	
19277	3.466667e+00	6.563825e-09	
19278	3.466687e+00	6.563741e-09	
19279	3.466727e+00	6.563598e-09	
19280	3.466807e+00	6.563417e-09	
19281	3.466967e+00	6.563308e-09	
19282	3.467167e+00	6.563527e-09	
19283	3.467367e+00	6.563900e-09	
19284	3.467567e+00	6.564377e-09	
19285	3.467767e+00	6.564869e-09	
19286	3.467967e+00	6.565377e-09	
19287	3.468167e+00	6.565882e-09	
19288	3.468367e+00	6.566402e-09	
19289	3.468567e+00	6.566920e-09	
19290	3.468767e+00	6.567449e-09	
19291	3.468967e+00	6.567974e-09	
19292	3.469167e+00	6.568515e-09	
19293	3.469367e+00	6.569055e-09	
19294	3.469567e+00	6.569606e-09	
19295	3.469767e+00	6.570155e-09	
19296	3.469967e+00	6.570717e-09	
19297	3.470167e+00	6.571279e-09	
19298	3.470367e+00	6.571846e-09	
19299	3.470567e+00	6.572417e-09	
19300	3.470767e+00	6.573001e-09	
19301	3.470967e+00	6.573579e-09	
19302	3.471167e+00	6.574173e-09	
19303	3.471367e+00	6.574761e-09	
19304	3.471567e+00	6.575366e-09	
19305	3.471767e+00	6.575963e-09	
19306	3.471967e+00	6.576578e-09	
19307	3.472167e+00	6.577185e-09	
19308	3.472367e+00	6.577813e-09	
19309	3.472567e+00	6.578430e-09	
19310	3.472767e+00	6.579063e-09	

Index   time            -i(vdd)         
--------------------------------------------------------------------------------
19311	3.472967e+00	6.579694e-09	
19312	3.473167e+00	6.580338e-09	
19313	3.473367e+00	6.580978e-09	
19314	3.473567e+00	6.581633e-09	
19315	3.473767e+00	6.582279e-09	
19316	3.473967e+00	6.582946e-09	
19317	3.474167e+00	6.583603e-09	
19318	3.474367e+00	6.584280e-09	
19319	3.474567e+00	6.584943e-09	
19320	3.474767e+00	6.585631e-09	
19321	3.474967e+00	6.586308e-09	
19322	3.475167e+00	6.587005e-09	
19323	3.475367e+00	6.587697e-09	
19324	3.475567e+00	6.588398e-09	
19325	3.475767e+00	6.589096e-09	
19326	3.475967e+00	6.589809e-09	
19327	3.476167e+00	6.590519e-09	
19328	3.476367e+00	6.591242e-09	
19329	3.476567e+00	6.591963e-09	
19330	3.476767e+00	6.592691e-09	
19331	3.476967e+00	6.593416e-09	
19332	3.477167e+00	6.594160e-09	
19333	3.477367e+00	6.594897e-09	
19334	3.477567e+00	6.595652e-09	
19335	3.477767e+00	6.596394e-09	
19336	3.477778e+00	6.596460e-09	
19337	3.477798e+00	6.596528e-09	
19338	3.477838e+00	6.596641e-09	
19339	3.477918e+00	6.596900e-09	
19340	3.478078e+00	6.597332e-09	
19341	3.478278e+00	6.597835e-09	
19342	3.478478e+00	6.598275e-09	
19343	3.478678e+00	6.598719e-09	
19344	3.478878e+00	6.599137e-09	
19345	3.479078e+00	6.599570e-09	
19346	3.479278e+00	6.599986e-09	
19347	3.479478e+00	6.600415e-09	
19348	3.479678e+00	6.600832e-09	
19349	3.479878e+00	6.601268e-09	
19350	3.480078e+00	6.601694e-09	
19351	3.480278e+00	6.602129e-09	
19352	3.480478e+00	6.602553e-09	
19353	3.480678e+00	6.602994e-09	
19354	3.480878e+00	6.603427e-09	
19355	3.481078e+00	6.603865e-09	
19356	3.481278e+00	6.604297e-09	
19357	3.481478e+00	6.604743e-09	
19358	3.481678e+00	6.605174e-09	
19359	3.481878e+00	6.605616e-09	
19360	3.482078e+00	6.606054e-09	
19361	3.482278e+00	6.606496e-09	
19362	3.482478e+00	6.606930e-09	
19363	3.482678e+00	6.607371e-09	
19364	3.482878e+00	6.607805e-09	
19365	3.483078e+00	6.608244e-09	
19366	3.483278e+00	6.608672e-09	
19367	3.483478e+00	6.609099e-09	
19368	3.483678e+00	6.609510e-09	

Index   time            -i(vdd)         
--------------------------------------------------------------------------------
19369	3.483878e+00	6.609924e-09	
19370	3.484078e+00	6.610305e-09	
19371	3.484278e+00	6.610678e-09	
19372	3.484478e+00	6.611001e-09	
19373	3.484678e+00	6.611275e-09	
19374	3.484878e+00	6.611431e-09	
19375	3.485078e+00	6.611440e-09	
19376	3.485278e+00	6.611161e-09	
19377	3.485478e+00	6.610399e-09	
19378	3.485678e+00	6.608758e-09	
19379	3.485878e+00	6.605605e-09	
19380	3.486078e+00	6.599839e-09	
19381	3.486278e+00	6.589479e-09	
19382	3.486478e+00	6.571271e-09	
19383	3.486678e+00	6.541395e-09	
19384	3.486878e+00	6.504356e-09	
19385	3.487078e+00	6.461514e-09	
19386	3.487278e+00	6.405140e-09	
19387	3.487478e+00	6.341157e-09	
19388	3.487678e+00	6.270622e-09	
19389	3.487878e+00	6.225364e-09	
19390	3.488078e+00	6.195146e-09	
19391	3.488278e+00	6.175456e-09	
19392	3.488478e+00	6.162540e-09	
19393	3.488678e+00	6.153775e-09	
19394	3.488878e+00	6.147603e-09	
19395	3.488889e+00	6.147349e-09	
19396	3.488909e+00	6.146764e-09	
19397	3.488949e+00	6.145507e-09	
19398	3.489029e+00	6.142915e-09	
19399	3.489189e+00	6.137628e-09	
19400	3.489389e+00	6.131338e-09	
19401	3.489589e+00	6.125541e-09	
19402	3.489789e+00	6.120281e-09	
19403	3.489989e+00	6.115517e-09	
19404	3.490189e+00	6.111253e-09	
19405	3.490389e+00	6.107559e-09	
19406	3.490589e+00	6.104810e-09	
19407	3.490789e+00	6.103977e-09	
19408	3.490989e+00	6.108277e-09	
19409	3.491189e+00	6.130989e-09	
19410	3.491389e+00	6.198983e-09	
19411	3.491589e+00	6.342290e-09	
19412	3.491789e+00	6.552558e-09	
19413	3.491989e+00	6.715835e-09	
19414	3.492189e+00	6.705308e-09	
19415	3.492389e+00	6.659354e-09	
19416	3.492589e+00	6.609904e-09	
19417	3.492789e+00	6.580230e-09	
19418	3.492989e+00	6.565427e-09	
19419	3.493189e+00	6.558379e-09	
19420	3.493389e+00	6.554614e-09	
19421	3.493589e+00	6.552045e-09	
19422	3.493789e+00	6.549777e-09	
19423	3.493989e+00	6.547552e-09	
19424	3.494189e+00	6.545293e-09	
19425	3.494389e+00	6.542971e-09	
19426	3.494589e+00	6.540487e-09	

Index   time            -i(vdd)         
--------------------------------------------------------------------------------
19427	3.494789e+00	6.538031e-09	
19428	3.494989e+00	6.535809e-09	
19429	3.495189e+00	6.533835e-09	
19430	3.495389e+00	6.531949e-09	
19431	3.495589e+00	6.530050e-09	
19432	3.495789e+00	6.528144e-09	
19433	3.495989e+00	6.526270e-09	
19434	3.496189e+00	6.524429e-09	
19435	3.496389e+00	6.522635e-09	
19436	3.496589e+00	6.520877e-09	
19437	3.496789e+00	6.519168e-09	
19438	3.496989e+00	6.517498e-09	
19439	3.497189e+00	6.515860e-09	
19440	3.497389e+00	6.514263e-09	
19441	3.497589e+00	6.512702e-09	
19442	3.497789e+00	6.511176e-09	
19443	3.497989e+00	6.509686e-09	
19444	3.498189e+00	6.508224e-09	
19445	3.498389e+00	6.506798e-09	
19446	3.498589e+00	6.505399e-09	
19447	3.498789e+00	6.504041e-09	
19448	3.498989e+00	6.502710e-09	
19449	3.499189e+00	6.501407e-09	
19450	3.499389e+00	6.500129e-09	
19451	3.499589e+00	6.498891e-09	
19452	3.499789e+00	6.497667e-09	
19453	3.499989e+00	6.496482e-09	
19454	3.500000e+00	6.496438e-09	
19455	3.500020e+00	6.496317e-09	
19456	3.500060e+00	6.496089e-09	
19457	3.500140e+00	6.495658e-09	
19458	3.500300e+00	6.494805e-09	
19459	3.500500e+00	6.493839e-09	
19460	3.500700e+00	6.492888e-09	
19461	3.500900e+00	6.492000e-09	
19462	3.501100e+00	6.491129e-09	
19463	3.501300e+00	6.490292e-09	
19464	3.501500e+00	6.489449e-09	
19465	3.501700e+00	6.488637e-09	
19466	3.501900e+00	6.487821e-09	
19467	3.502100e+00	6.487026e-09	
19468	3.502300e+00	6.486233e-09	
19469	3.502500e+00	6.485458e-09	
19470	3.502700e+00	6.484685e-09	
19471	3.502900e+00	6.483927e-09	
19472	3.503100e+00	6.483175e-09	
19473	3.503300e+00	6.482442e-09	
19474	3.503500e+00	6.481712e-09	
19475	3.503700e+00	6.480994e-09	
19476	3.503900e+00	6.480285e-09	
19477	3.504100e+00	6.479589e-09	
19478	3.504300e+00	6.478893e-09	
19479	3.504500e+00	6.478220e-09	
19480	3.504700e+00	6.477545e-09	
19481	3.504900e+00	6.476890e-09	
19482	3.505100e+00	6.476237e-09	
19483	3.505300e+00	6.475596e-09	
19484	3.505456e+00	6.475110e-09	

Index   time            -i(vdd)         
--------------------------------------------------------------------------------
19485	3.505466e+00	6.228385e-09	
19486	3.505486e+00	7.186520e-09	
19487	3.505490e+00	8.522852e-09	
19488	3.505491e+00	8.871637e-09	
19489	3.505493e+00	9.146880e-09	
19490	3.505497e+00	8.860462e-09	
19491	3.505499e+00	8.633102e-09	
19492	3.505501e+00	7.666389e-09	
19493	3.505504e+00	7.416985e-09	
19494	3.505508e+00	7.335341e-09	
19495	3.505515e+00	7.082790e-09	
19496	3.505528e+00	7.153156e-09	
19497	3.505541e+00	6.960852e-09	
19498	3.505556e+00	7.132062e-09	
19499	3.505558e+00	7.414812e-09	
19500	3.505563e+00	7.631945e-09	
19501	3.505572e+00	8.001184e-09	
19502	3.505591e+00	8.858943e-09	
19503	3.505628e+00	8.960488e-09	
19504	3.505672e+00	8.578549e-09	
19505	3.505741e+00	8.229848e-09	
19506	3.505878e+00	7.982703e-09	
19507	3.506078e+00	7.895589e-09	
19508	3.506278e+00	7.689955e-09	
19509	3.506478e+00	6.772839e-09	
19510	3.506678e+00	6.430992e-09	
19511	3.506878e+00	6.469341e-09	
19512	3.507078e+00	6.512263e-09	
19513	3.507278e+00	6.520437e-09	
19514	3.507478e+00	6.516424e-09	
19515	3.507678e+00	6.511381e-09	
19516	3.507878e+00	6.507356e-09	
19517	3.508078e+00	6.504050e-09	
19518	3.508278e+00	6.500938e-09	
19519	3.508478e+00	6.494551e-09	
19520	3.508678e+00	6.476754e-09	
19521	3.508878e+00	6.471322e-09	
19522	3.509078e+00	6.471907e-09	
19523	3.509278e+00	6.472672e-09	
19524	3.509478e+00	6.473078e-09	
19525	3.509678e+00	6.473162e-09	
19526	3.509878e+00	6.473011e-09	
19527	3.510078e+00	6.472728e-09	
19528	3.510278e+00	6.472362e-09	
19529	3.510478e+00	6.471966e-09	
19530	3.510678e+00	6.471537e-09	
19531	3.510878e+00	6.471118e-09	
19532	3.511078e+00	6.470696e-09	
19533	3.511111e+00	6.470632e-09	
19534	3.511131e+00	6.470604e-09	
19535	3.511171e+00	6.470506e-09	
19536	3.511251e+00	6.470355e-09	
19537	3.511411e+00	6.470027e-09	
19538	3.511611e+00	6.469668e-09	
19539	3.511811e+00	6.469290e-09	
19540	3.512011e+00	6.468937e-09	
19541	3.512211e+00	6.468593e-09	
19542	3.512411e+00	6.468264e-09	

Index   time            -i(vdd)         
--------------------------------------------------------------------------------
19543	3.512611e+00	6.467934e-09	
19544	3.512811e+00	6.467623e-09	
19545	3.513011e+00	6.467308e-09	
19546	3.513211e+00	6.467012e-09	
19547	3.513411e+00	6.466711e-09	
19548	3.513611e+00	6.466423e-09	
19549	3.513811e+00	6.466133e-09	
19550	3.514011e+00	6.465853e-09	
19551	3.514211e+00	6.465572e-09	
19552	3.514411e+00	6.465301e-09	
19553	3.514611e+00	6.465028e-09	
19554	3.514811e+00	6.464765e-09	
19555	3.515011e+00	6.464495e-09	
19556	3.515211e+00	6.464236e-09	
19557	3.515411e+00	6.463973e-09	
19558	3.515611e+00	6.463724e-09	
19559	3.515811e+00	6.463458e-09	
19560	3.516011e+00	6.463215e-09	
19561	3.516211e+00	6.462955e-09	
19562	3.516411e+00	6.462715e-09	
19563	3.516611e+00	6.462468e-09	
19564	3.516811e+00	6.462224e-09	
19565	3.517011e+00	6.461979e-09	
19566	3.517211e+00	6.461746e-09	
19567	3.517411e+00	6.461506e-09	
19568	3.517611e+00	6.461274e-09	
19569	3.517811e+00	6.461035e-09	
19570	3.518011e+00	6.460811e-09	
19571	3.518211e+00	6.460576e-09	
19572	3.518411e+00	6.460355e-09	
19573	3.518611e+00	6.460125e-09	
19574	3.518811e+00	6.459909e-09	
19575	3.519011e+00	6.459682e-09	
19576	3.519211e+00	6.459463e-09	
19577	3.519411e+00	6.459239e-09	
19578	3.519611e+00	6.459029e-09	
19579	3.519811e+00	6.458809e-09	
19580	3.520011e+00	6.458599e-09	
19581	3.520211e+00	6.458389e-09	
19582	3.520411e+00	6.458180e-09	
19583	3.520611e+00	6.457974e-09	
19584	3.520811e+00	6.457769e-09	
19585	3.521011e+00	6.457562e-09	
19586	3.521211e+00	6.457367e-09	
19587	3.521411e+00	6.457162e-09	
19588	3.521611e+00	6.456961e-09	
19589	3.521811e+00	6.456765e-09	
19590	3.522011e+00	6.456572e-09	
19591	3.522211e+00	6.456377e-09	
19592	3.522222e+00	6.456385e-09	
19593	3.522242e+00	6.456341e-09	
19594	3.522282e+00	6.456335e-09	
19595	3.522362e+00	6.456358e-09	
19596	3.522522e+00	6.456428e-09	
19597	3.522722e+00	6.456651e-09	
19598	3.522922e+00	6.456968e-09	
19599	3.523122e+00	6.457455e-09	
19600	3.523322e+00	6.458122e-09	

Index   time            -i(vdd)         
--------------------------------------------------------------------------------
19601	3.523522e+00	6.459025e-09	
19602	3.523722e+00	6.460199e-09	
19603	3.523922e+00	6.461730e-09	
19604	3.524122e+00	6.463673e-09	
19605	3.524322e+00	6.466140e-09	
19606	3.524522e+00	6.469236e-09	
19607	3.524722e+00	6.473104e-09	
19608	3.524922e+00	6.477843e-09	
19609	3.525122e+00	6.483566e-09	
19610	3.525322e+00	6.490271e-09	
19611	3.525522e+00	6.497919e-09	
19612	3.525722e+00	6.506404e-09	
19613	3.525922e+00	6.515704e-09	
19614	3.526122e+00	6.525836e-09	
19615	3.526322e+00	6.536905e-09	
19616	3.526522e+00	6.549024e-09	
19617	3.526722e+00	6.562320e-09	
19618	3.526922e+00	6.576785e-09	
19619	3.527122e+00	6.592019e-09	
19620	3.527322e+00	6.603908e-09	
19621	3.527522e+00	6.475005e-09	
19622	3.527722e+00	6.363501e-09	
19623	3.527922e+00	6.329089e-09	
19624	3.528122e+00	6.288950e-09	
19625	3.528322e+00	6.267790e-09	
19626	3.528522e+00	6.264706e-09	
19627	3.528722e+00	6.273139e-09	
19628	3.528922e+00	6.288304e-09	
19629	3.529122e+00	6.307599e-09	
19630	3.529322e+00	6.329539e-09	
19631	3.529522e+00	6.353296e-09	
19632	3.529722e+00	6.378312e-09	
19633	3.529922e+00	6.404095e-09	
19634	3.530122e+00	6.430244e-09	
19635	3.530322e+00	6.456373e-09	
19636	3.530522e+00	6.482148e-09	
19637	3.530722e+00	6.507261e-09	
19638	3.530922e+00	6.531432e-09	
19639	3.531122e+00	6.554434e-09	
19640	3.531322e+00	6.576090e-09	
19641	3.531522e+00	6.596263e-09	
19642	3.531722e+00	6.614894e-09	
19643	3.531922e+00	6.631953e-09	
19644	3.532122e+00	6.647465e-09	
19645	3.532322e+00	6.661504e-09	
19646	3.532522e+00	6.674190e-09	
19647	3.532722e+00	6.685620e-09	
19648	3.532922e+00	6.695950e-09	
19649	3.533122e+00	6.705310e-09	
19650	3.533322e+00	6.713849e-09	
19651	3.533333e+00	6.714310e-09	
19652	3.533353e+00	6.715182e-09	
19653	3.533393e+00	6.716971e-09	
19654	3.533473e+00	6.720404e-09	
19655	3.533633e+00	6.726836e-09	
19656	3.533833e+00	6.734354e-09	
19657	3.534033e+00	6.741313e-09	
19658	3.534233e+00	6.747883e-09	

Index   time            -i(vdd)         
--------------------------------------------------------------------------------
19659	3.534433e+00	6.754152e-09	
19660	3.534633e+00	6.760227e-09	
19661	3.534833e+00	6.766168e-09	
19662	3.535033e+00	6.772081e-09	
19663	3.535233e+00	6.778007e-09	
19664	3.535433e+00	6.784059e-09	
19665	3.535556e+00	6.787861e-09	
19666	3.535566e+00	6.795615e-09	
19667	3.535586e+00	6.797528e-09	
19668	3.535626e+00	6.787596e-09	
19669	3.535656e+00	6.769487e-09	
19670	3.535664e+00	6.763779e-09	
19671	3.535680e+00	6.758406e-09	
19672	3.535712e+00	6.755429e-09	
19673	3.535776e+00	6.755570e-09	
19674	3.535904e+00	6.759162e-09	
19675	3.536104e+00	6.766126e-09	
19676	3.536304e+00	6.773745e-09	
19677	3.536504e+00	6.782026e-09	
19678	3.536704e+00	6.791221e-09	
19679	3.536904e+00	6.801491e-09	
19680	3.537104e+00	6.812930e-09	
19681	3.537304e+00	6.825380e-09	
19682	3.537504e+00	6.838578e-09	
19683	3.537704e+00	6.852315e-09	
19684	3.537904e+00	6.866625e-09	
19685	3.538104e+00	6.881647e-09	
19686	3.538304e+00	6.897482e-09	
19687	3.538504e+00	6.913647e-09	
19688	3.538704e+00	6.924121e-09	
19689	3.538904e+00	6.738589e-09	
19690	3.538929e+00	6.676947e-09	
19691	3.538979e+00	6.594283e-09	
19692	3.539079e+00	7.292929e-09	
19693	3.539101e+00	7.319679e-09	
19694	3.539145e+00	7.143526e-09	
19695	3.539234e+00	6.916832e-09	
19696	3.539342e+00	6.961262e-09	
19697	3.539454e+00	6.911489e-09	
19698	3.539646e+00	6.779821e-09	
19699	3.539846e+00	6.807350e-09	
19700	3.539871e+00	6.838624e-09	
19701	3.539877e+00	6.858011e-09	
19702	3.539890e+00	6.929540e-09	
19703	3.539915e+00	7.235739e-09	
19704	3.539965e+00	6.889427e-09	
19705	3.539971e+00	6.852535e-09	
19706	3.539985e+00	6.831559e-09	
19707	3.540011e+00	6.849661e-09	
19708	3.540064e+00	6.868198e-09	
19709	3.540159e+00	6.844793e-09	
19710	3.540349e+00	6.885617e-09	
19711	3.540547e+00	6.853567e-09	
19712	3.540747e+00	6.799085e-09	
19713	3.540947e+00	6.752339e-09	
19714	3.541147e+00	6.720111e-09	
19715	3.541347e+00	6.699449e-09	
19716	3.541547e+00	6.686031e-09	

Index   time            -i(vdd)         
--------------------------------------------------------------------------------
19717	3.541747e+00	6.675986e-09	
19718	3.541947e+00	6.666710e-09	
19719	3.542147e+00	6.656451e-09	
19720	3.542347e+00	6.644510e-09	
19721	3.542547e+00	6.631021e-09	
19722	3.542747e+00	6.616657e-09	
19723	3.542947e+00	6.602190e-09	
19724	3.543147e+00	6.588312e-09	
19725	3.543347e+00	6.575390e-09	
19726	3.543547e+00	6.563587e-09	
19727	3.543747e+00	6.552843e-09	
19728	3.543947e+00	6.543054e-09	
19729	3.544147e+00	6.534077e-09	
19730	3.544347e+00	6.525795e-09	
19731	3.544444e+00	6.522028e-09	
19732	3.544464e+00	6.522430e-09	
19733	3.544504e+00	6.522035e-09	
19734	3.544584e+00	6.520423e-09	
19735	3.544744e+00	6.516531e-09	
19736	3.544944e+00	6.511306e-09	
19737	3.545144e+00	6.505795e-09	
19738	3.545344e+00	6.500209e-09	
19739	3.545544e+00	6.494663e-09	
19740	3.545744e+00	6.489277e-09	
19741	3.545944e+00	6.484112e-09	
19742	3.546144e+00	6.479221e-09	
19743	3.546344e+00	6.474618e-09	
19744	3.546544e+00	6.470353e-09	
19745	3.546744e+00	6.466393e-09	
19746	3.546944e+00	6.462766e-09	
19747	3.547144e+00	6.459447e-09	
19748	3.547344e+00	6.456446e-09	
19749	3.547544e+00	6.453741e-09	
19750	3.547744e+00	6.451313e-09	
19751	3.547944e+00	6.449161e-09	
19752	3.548144e+00	6.447268e-09	
19753	3.548344e+00	6.445611e-09	
19754	3.548544e+00	6.444204e-09	
19755	3.548744e+00	6.443006e-09	
19756	3.548944e+00	6.442009e-09	
19757	3.549144e+00	6.441190e-09	
19758	3.549344e+00	6.440551e-09	
19759	3.549544e+00	6.440057e-09	
19760	3.549744e+00	6.439689e-09	
19761	3.549944e+00	6.439438e-09	
19762	3.550144e+00	6.439284e-09	
19763	3.550344e+00	6.439199e-09	
19764	3.550544e+00	6.439173e-09	
19765	3.550744e+00	6.439183e-09	
19766	3.550944e+00	6.439207e-09	
19767	3.551144e+00	6.439230e-09	
19768	3.551344e+00	6.439228e-09	
19769	3.551544e+00	6.439178e-09	
19770	3.551744e+00	6.439077e-09	
19771	3.551944e+00	6.438897e-09	
19772	3.552144e+00	6.438625e-09	
19773	3.552344e+00	6.438233e-09	
19774	3.552544e+00	6.437733e-09	

Index   time            -i(vdd)         
--------------------------------------------------------------------------------
19775	3.552744e+00	6.437090e-09	
19776	3.552944e+00	6.436315e-09	
19777	3.553144e+00	6.435378e-09	
19778	3.553344e+00	6.434287e-09	
19779	3.553544e+00	6.433023e-09	
19780	3.553744e+00	6.431601e-09	
19781	3.553944e+00	6.430002e-09	
19782	3.554144e+00	6.428250e-09	
19783	3.554344e+00	6.426315e-09	
19784	3.554544e+00	6.424234e-09	
19785	3.554744e+00	6.421983e-09	
19786	3.554944e+00	6.419582e-09	
19787	3.555144e+00	6.417030e-09	
19788	3.555344e+00	6.414341e-09	
19789	3.555456e+00	6.412793e-09	
19790	3.555466e+00	6.207321e-09	
19791	3.555486e+00	6.902271e-09	
19792	3.555491e+00	8.110785e-09	
19793	3.555501e+00	9.357286e-08	
19794	3.555502e+00	1.640341e-08	
19795	3.555503e+00	8.128031e-09	
19796	3.555504e+00	8.599016e-09	
19797	3.555505e+00	9.517062e-09	
19798	3.555507e+00	1.016929e-08	
19799	3.555511e+00	1.030667e-08	
19800	3.555515e+00	1.012564e-08	
19801	3.555518e+00	1.082495e-08	
19802	3.555519e+00	9.810211e-09	
19803	3.555520e+00	7.291317e-09	
19804	3.555521e+00	7.120114e-09	
19805	3.555522e+00	6.775049e-09	
19806	3.555522e+00	6.830814e-09	
19807	3.555523e+00	6.848292e-09	
19808	3.555523e+00	6.857075e-09	
19809	3.555523e+00	6.855756e-09	
19810	3.555525e+00	6.847413e-09	
19811	3.555526e+00	6.841133e-09	
19812	3.555528e+00	6.833159e-09	
19813	3.555532e+00	6.824108e-09	
19814	3.555541e+00	6.814511e-09	
19815	3.555556e+00	6.803202e-09	
19816	3.555556e+00	6.932566e-09	
19817	3.555556e+00	6.933297e-09	
19818	3.555556e+00	6.932446e-09	
19819	3.555556e+00	6.932441e-09	
19820	3.555556e+00	6.934536e-09	
19821	3.555556e+00	6.934686e-09	
19822	3.555556e+00	6.934876e-09	
19823	3.555556e+00	6.935260e-09	
19824	3.555557e+00	6.936011e-09	
19825	3.555558e+00	6.937520e-09	
19826	3.555560e+00	6.940730e-09	
19827	3.555564e+00	6.948008e-09	
19828	3.555572e+00	6.967858e-09	
19829	3.555589e+00	7.040558e-09	
19830	3.555622e+00	8.509818e-09	
19831	3.555670e+00	2.090842e-07	
19832	3.555716e+00	2.239442e-07	

Index   time            -i(vdd)         
--------------------------------------------------------------------------------
19833	3.555758e+00	2.239447e-07	
19834	3.555787e+00	2.240726e-07	
19835	3.555815e+00	2.240920e-07	
19836	3.555870e+00	2.240972e-07	
19837	3.555980e+00	2.240754e-07	
19838	3.556180e+00	2.240021e-07	
19839	3.556380e+00	2.239116e-07	
19840	3.556580e+00	2.193010e-07	
19841	3.556780e+00	2.174022e-07	
19842	3.556980e+00	2.173417e-07	
19843	3.557180e+00	2.172672e-07	
19844	3.557380e+00	2.171720e-07	
19845	3.557580e+00	2.170526e-07	
19846	3.557780e+00	2.168042e-07	
19847	3.557980e+00	2.148558e-07	
19848	3.558180e+00	2.163589e-07	
19849	3.558380e+00	2.246294e-07	
19850	3.558555e+00	2.337398e-07	
19851	3.558725e+00	2.484543e-07	
19852	3.558883e+00	2.710295e-07	
19853	3.559083e+00	3.191034e-07	
19854	3.559283e+00	4.010300e-07	
19855	3.559483e+00	5.336990e-07	
19856	3.559683e+00	7.359675e-07	
19857	3.559883e+00	1.025523e-06	
19858	3.560083e+00	1.397652e-06	
19859	3.560283e+00	1.787014e-06	
19860	3.560465e+00	2.123095e-06	
19861	3.560556e+00	2.283283e-06	
19862	3.560566e+00	2.244609e-06	
19863	3.560586e+00	1.469471e-06	
19864	3.560588e+00	1.143065e-06	
19865	3.560593e+00	6.788199e-07	
19866	3.560600e+00	3.563689e-07	
19867	3.560608e+00	2.479034e-07	
19868	3.560620e+00	1.620408e-08	
19869	3.560630e+00	1.010002e-08	
19870	3.560637e+00	7.688060e-09	
19871	3.560645e+00	7.775543e-09	
19872	3.560656e+00	7.542214e-09	
19873	3.560657e+00	7.290905e-09	
19874	3.560659e+00	7.245938e-09	
19875	3.560665e+00	7.166724e-09	
19876	3.560675e+00	7.041058e-09	
19877	3.560696e+00	6.863741e-09	
19878	3.560737e+00	6.670214e-09	
19879	3.560803e+00	6.511474e-09	
19880	3.560913e+00	6.397456e-09	
19881	3.561113e+00	6.418803e-09	
19882	3.561313e+00	7.486683e-09	
19883	3.561513e+00	9.283482e-09	
19884	3.561713e+00	9.267735e-09	
19885	3.561913e+00	9.612748e-09	
19886	3.562113e+00	9.696415e-09	
19887	3.562313e+00	9.612554e-09	
19888	3.562513e+00	8.743581e-09	
19889	3.562713e+00	7.226702e-09	
19890	3.562913e+00	6.997474e-09	

Index   time            -i(vdd)         
--------------------------------------------------------------------------------
19891	3.563113e+00	7.035042e-09	
19892	3.563313e+00	7.016025e-09	
19893	3.563513e+00	6.969423e-09	
19894	3.563713e+00	6.913593e-09	
19895	3.563913e+00	6.852700e-09	
19896	3.564113e+00	6.789803e-09	
19897	3.564313e+00	6.727646e-09	
19898	3.564513e+00	6.668826e-09	
19899	3.564713e+00	6.614667e-09	
19900	3.564913e+00	6.565333e-09	
19901	3.565113e+00	6.520499e-09	
19902	3.565313e+00	6.480339e-09	
19903	3.565513e+00	6.451814e-09	
19904	3.565713e+00	6.703569e-09	
19905	3.565913e+00	6.926931e-09	
19906	3.566113e+00	7.057544e-09	
19907	3.566313e+00	7.772899e-09	
19908	3.566338e+00	7.740189e-09	
19909	3.566388e+00	7.704701e-09	
19910	3.566401e+00	7.739788e-09	
19911	3.566426e+00	7.812307e-09	
19912	3.566476e+00	7.970076e-09	
19913	3.566546e+00	8.386391e-09	
19914	3.566640e+00	8.681103e-09	
19915	3.566667e+00	8.553923e-09	
19916	3.566686e+00	8.486001e-09	
19917	3.566724e+00	8.385731e-09	
19918	3.566799e+00	8.264007e-09	
19919	3.566950e+00	8.103905e-09	
19920	3.567150e+00	7.913565e-09	
19921	3.567350e+00	7.841937e-09	
19922	3.567550e+00	7.813426e-09	
19923	3.567750e+00	7.806176e-09	
19924	3.567950e+00	7.808467e-09	
19925	3.568150e+00	7.795829e-09	
19926	3.568350e+00	7.792141e-09	
19927	3.568550e+00	7.781441e-09	
19928	3.568750e+00	7.762816e-09	
19929	3.568950e+00	7.740816e-09	
19930	3.569150e+00	7.745302e-09	
19931	3.569350e+00	7.771340e-09	
19932	3.569550e+00	7.642118e-09	
19933	3.569750e+00	7.609049e-09	
19934	3.569950e+00	7.578349e-09	
19935	3.570150e+00	7.551237e-09	
19936	3.570350e+00	7.525026e-09	
19937	3.570550e+00	7.499521e-09	
19938	3.570750e+00	7.474689e-09	
19939	3.570950e+00	7.450435e-09	
19940	3.571150e+00	7.426632e-09	
19941	3.571350e+00	7.403223e-09	
19942	3.571550e+00	7.380171e-09	
19943	3.571750e+00	7.357491e-09	
19944	3.571950e+00	7.335201e-09	
19945	3.572150e+00	7.313347e-09	
19946	3.572350e+00	7.291967e-09	
19947	3.572550e+00	7.271133e-09	
19948	3.572750e+00	7.250852e-09	

Index   time            -i(vdd)         
--------------------------------------------------------------------------------
19949	3.572950e+00	7.231212e-09	
19950	3.573150e+00	7.212224e-09	
19951	3.573350e+00	7.193936e-09	
19952	3.573550e+00	7.176357e-09	
19953	3.573750e+00	7.159519e-09	
19954	3.573950e+00	7.143420e-09	
19955	3.574150e+00	7.128050e-09	
19956	3.574350e+00	7.113414e-09	
19957	3.574550e+00	7.099495e-09	
19958	3.574750e+00	7.086269e-09	
19959	3.574950e+00	7.073719e-09	
19960	3.575150e+00	7.061815e-09	
19961	3.575350e+00	7.050536e-09	
19962	3.575550e+00	7.039821e-09	
19963	3.575750e+00	7.029658e-09	
19964	3.575950e+00	7.019994e-09	
19965	3.576150e+00	7.010783e-09	
19966	3.576350e+00	7.001965e-09	
19967	3.576550e+00	6.993474e-09	
19968	3.576750e+00	6.985192e-09	
19969	3.576950e+00	6.976993e-09	
19970	3.577150e+00	6.968647e-09	
19971	3.577350e+00	6.959825e-09	
19972	3.577550e+00	6.949936e-09	
19973	3.577750e+00	6.938103e-09	
19974	3.577778e+00	6.936206e-09	
19975	3.577798e+00	6.934782e-09	
19976	3.577838e+00	6.931843e-09	
19977	3.577918e+00	6.925438e-09	
19978	3.578078e+00	6.910167e-09	
19979	3.578278e+00	6.886006e-09	
19980	3.578478e+00	6.856500e-09	
19981	3.578678e+00	6.823608e-09	
19982	3.578878e+00	6.790294e-09	
19983	3.579078e+00	6.759374e-09	
19984	3.579278e+00	6.732617e-09	
19985	3.579478e+00	6.710660e-09	
19986	3.579678e+00	6.693249e-09	
19987	3.579878e+00	6.679691e-09	
19988	3.580078e+00	6.669144e-09	
19989	3.580278e+00	6.660866e-09	
19990	3.580478e+00	6.654219e-09	
19991	3.580678e+00	6.648758e-09	
19992	3.580878e+00	6.644114e-09	
19993	3.581078e+00	6.640071e-09	
19994	3.581278e+00	6.636449e-09	
19995	3.581478e+00	6.633148e-09	
19996	3.581678e+00	6.630077e-09	
19997	3.581878e+00	6.627206e-09	
19998	3.582078e+00	6.624477e-09	
19999	3.582278e+00	6.621881e-09	
20000	3.582478e+00	6.619386e-09	
20001	3.582678e+00	6.616995e-09	
20002	3.582878e+00	6.614683e-09	
20003	3.583078e+00	6.612464e-09	
20004	3.583278e+00	6.610309e-09	
20005	3.583478e+00	6.608234e-09	
20006	3.583678e+00	6.606218e-09	

Index   time            -i(vdd)         
--------------------------------------------------------------------------------
20007	3.583878e+00	6.604271e-09	
20008	3.584078e+00	6.602379e-09	
20009	3.584278e+00	6.600555e-09	
20010	3.584478e+00	6.598770e-09	
20011	3.584678e+00	6.597057e-09	
20012	3.584878e+00	6.595378e-09	
20013	3.585078e+00	6.593760e-09	
20014	3.585278e+00	6.592184e-09	
20015	3.585478e+00	6.590658e-09	
20016	3.585678e+00	6.589171e-09	
20017	3.585878e+00	6.587728e-09	
20018	3.586078e+00	6.586328e-09	
20019	3.586278e+00	6.584972e-09	
20020	3.586478e+00	6.583649e-09	
20021	3.586678e+00	6.582363e-09	
20022	3.586878e+00	6.581121e-09	
20023	3.587078e+00	6.579917e-09	
20024	3.587278e+00	6.578730e-09	
20025	3.587478e+00	6.577595e-09	
20026	3.587678e+00	6.576489e-09	
20027	3.587878e+00	6.575413e-09	
20028	3.588078e+00	6.574364e-09	
20029	3.588278e+00	6.573360e-09	
20030	3.588478e+00	6.572368e-09	
20031	3.588678e+00	6.571422e-09	
20032	3.588878e+00	6.570489e-09	
20033	3.588889e+00	6.570456e-09	
20034	3.588909e+00	6.570369e-09	
20035	3.588949e+00	6.570160e-09	
20036	3.589029e+00	6.569775e-09	
20037	3.589189e+00	6.568963e-09	
20038	3.589389e+00	6.567971e-09	
20039	3.589589e+00	6.566923e-09	
20040	3.589789e+00	6.565881e-09	
20041	3.589989e+00	6.564828e-09	
20042	3.590189e+00	6.563779e-09	
20043	3.590389e+00	6.562726e-09	
20044	3.590589e+00	6.561685e-09	
20045	3.590789e+00	6.560646e-09	
20046	3.590989e+00	6.559626e-09	
20047	3.591189e+00	6.558610e-09	
20048	3.591389e+00	6.557609e-09	
20049	3.591589e+00	6.556621e-09	
20050	3.591789e+00	6.555653e-09	
20051	3.591989e+00	6.554694e-09	
20052	3.592189e+00	6.553744e-09	
20053	3.592389e+00	6.552813e-09	
20054	3.592589e+00	6.551893e-09	
20055	3.592789e+00	6.550986e-09	
20056	3.592989e+00	6.550091e-09	
20057	3.593189e+00	6.549212e-09	
20058	3.593389e+00	6.548345e-09	
20059	3.593589e+00	6.547481e-09	
20060	3.593789e+00	6.546636e-09	
20061	3.593989e+00	6.545798e-09	
20062	3.594189e+00	6.544980e-09	
20063	3.594389e+00	6.544163e-09	
20064	3.594589e+00	6.543359e-09	

Index   time            -i(vdd)         
--------------------------------------------------------------------------------
20065	3.594789e+00	6.542562e-09	
20066	3.594989e+00	6.541782e-09	
20067	3.595189e+00	6.541004e-09	
20068	3.595389e+00	6.540240e-09	
20069	3.595589e+00	6.539481e-09	
20070	3.595789e+00	6.538736e-09	
20071	3.595989e+00	6.537998e-09	
20072	3.596189e+00	6.537265e-09	
20073	3.596389e+00	6.536549e-09	
20074	3.596589e+00	6.535832e-09	
20075	3.596789e+00	6.535124e-09	
20076	3.596989e+00	6.534432e-09	
20077	3.597189e+00	6.533738e-09	
20078	3.597389e+00	6.533061e-09	
20079	3.597589e+00	6.532380e-09	
20080	3.597789e+00	6.531719e-09	
20081	3.597989e+00	6.531052e-09	
20082	3.598189e+00	6.530407e-09	
20083	3.598389e+00	6.529760e-09	
20084	3.598589e+00	6.529125e-09	
20085	3.598789e+00	6.528493e-09	
20086	3.598989e+00	6.527869e-09	
20087	3.599189e+00	6.527245e-09	
20088	3.599389e+00	6.526633e-09	
20089	3.599589e+00	6.526029e-09	
20090	3.599789e+00	6.525434e-09	
20091	3.599989e+00	6.524836e-09	
20092	3.600000e+00	6.524813e-09	
20093	3.600020e+00	6.524766e-09	
20094	3.600060e+00	6.524642e-09	
20095	3.600140e+00	6.524438e-09	
20096	3.600300e+00	6.524041e-09	
20097	3.600500e+00	6.523613e-09	
20098	3.600700e+00	6.523194e-09	
20099	3.600900e+00	6.522816e-09	
20100	3.601100e+00	6.522444e-09	
20101	3.601300e+00	6.522079e-09	
20102	3.601500e+00	6.521718e-09	
20103	3.601700e+00	6.521371e-09	
20104	3.601900e+00	6.521019e-09	
20105	3.602100e+00	6.520681e-09	
20106	3.602300e+00	6.520339e-09	
20107	3.602500e+00	6.520009e-09	
20108	3.602700e+00	6.519678e-09	
20109	3.602900e+00	6.519361e-09	
20110	3.603100e+00	6.519040e-09	
20111	3.603300e+00	6.518729e-09	
20112	3.603500e+00	6.518416e-09	
20113	3.603700e+00	6.518113e-09	
20114	3.603900e+00	6.517809e-09	
20115	3.604100e+00	6.517513e-09	
20116	3.604300e+00	6.517218e-09	
20117	3.604500e+00	6.516931e-09	
20118	3.604700e+00	6.516644e-09	
20119	3.604900e+00	6.516366e-09	
20120	3.605100e+00	6.516081e-09	
20121	3.605300e+00	6.515811e-09	
20122	3.605500e+00	6.515535e-09	

Index   time            -i(vdd)         
--------------------------------------------------------------------------------
20123	3.605700e+00	6.515278e-09	
20124	3.605900e+00	6.515009e-09	
20125	3.606100e+00	6.514753e-09	
20126	3.606300e+00	6.514497e-09	
20127	3.606500e+00	6.514249e-09	
20128	3.606700e+00	6.513992e-09	
20129	3.606900e+00	6.513750e-09	
20130	3.607100e+00	6.513498e-09	
20131	3.607300e+00	6.513267e-09	
20132	3.607500e+00	6.513026e-09	
20133	3.607700e+00	6.512792e-09	
20134	3.607900e+00	6.512556e-09	
20135	3.608100e+00	6.512333e-09	
20136	3.608300e+00	6.512106e-09	
20137	3.608500e+00	6.511888e-09	
20138	3.608700e+00	6.511664e-09	
20139	3.608900e+00	6.511454e-09	
20140	3.609100e+00	6.511236e-09	
20141	3.609300e+00	6.511024e-09	
20142	3.609500e+00	6.510811e-09	
20143	3.609700e+00	6.510606e-09	
20144	3.609900e+00	6.510402e-09	
20145	3.610100e+00	6.510206e-09	
20146	3.610300e+00	6.510002e-09	
20147	3.610500e+00	6.509812e-09	
20148	3.610700e+00	6.509616e-09	
20149	3.610900e+00	6.509430e-09	
20150	3.611100e+00	6.509234e-09	
20151	3.611111e+00	6.509239e-09	
20152	3.611131e+00	6.509234e-09	
20153	3.611171e+00	6.509201e-09	
20154	3.611251e+00	6.509166e-09	
20155	3.611411e+00	6.509106e-09	
20156	3.611611e+00	6.509146e-09	
20157	3.611811e+00	6.509189e-09	
20158	3.612011e+00	6.509275e-09	
20159	3.612211e+00	6.509366e-09	
20160	3.612411e+00	6.509469e-09	
20161	3.612611e+00	6.509562e-09	
20162	3.612811e+00	6.509674e-09	
20163	3.613011e+00	6.509780e-09	
20164	3.613211e+00	6.509897e-09	
20165	3.613411e+00	6.510013e-09	
20166	3.613611e+00	6.510134e-09	
20167	3.613811e+00	6.510255e-09	
20168	3.614011e+00	6.510383e-09	
20169	3.614211e+00	6.510509e-09	
20170	3.614411e+00	6.510641e-09	
20171	3.614611e+00	6.510779e-09	
20172	3.614811e+00	6.510920e-09	
20173	3.615011e+00	6.511064e-09	
20174	3.615211e+00	6.511214e-09	
20175	3.615411e+00	6.511364e-09	
20176	3.615611e+00	6.511518e-09	
20177	3.615811e+00	6.511675e-09	
20178	3.616011e+00	6.511838e-09	
20179	3.616211e+00	6.512000e-09	
20180	3.616411e+00	6.512172e-09	

Index   time            -i(vdd)         
--------------------------------------------------------------------------------
20181	3.616611e+00	6.512339e-09	
20182	3.616811e+00	6.512520e-09	
20183	3.617011e+00	6.512693e-09	
20184	3.617211e+00	6.512875e-09	
20185	3.617411e+00	6.513054e-09	
20186	3.617611e+00	6.513248e-09	
20187	3.617811e+00	6.513435e-09	
20188	3.618011e+00	6.513635e-09	
20189	3.618211e+00	6.513829e-09	
20190	3.618411e+00	6.514029e-09	
20191	3.618611e+00	6.514228e-09	
20192	3.618811e+00	6.514442e-09	
20193	3.619011e+00	6.514644e-09	
20194	3.619211e+00	6.514860e-09	
20195	3.619411e+00	6.515074e-09	
20196	3.619611e+00	6.515292e-09	
20197	3.619811e+00	6.515514e-09	
20198	3.620011e+00	6.515746e-09	
20199	3.620211e+00	6.515964e-09	
20200	3.620411e+00	6.516200e-09	
20201	3.620611e+00	6.516430e-09	
20202	3.620811e+00	6.516671e-09	
20203	3.621011e+00	6.516906e-09	
20204	3.621211e+00	6.517155e-09	
20205	3.621411e+00	6.517397e-09	
20206	3.621611e+00	6.517644e-09	
20207	3.621811e+00	6.517893e-09	
20208	3.622011e+00	6.518152e-09	
20209	3.622211e+00	6.518412e-09	
20210	3.622222e+00	6.518440e-09	
20211	3.622242e+00	6.518452e-09	
20212	3.622282e+00	6.518431e-09	
20213	3.622362e+00	6.518360e-09	
20214	3.622522e+00	6.518011e-09	
20215	3.622722e+00	6.517376e-09	
20216	3.622922e+00	6.516567e-09	
20217	3.623122e+00	6.515715e-09	
20218	3.623322e+00	6.514844e-09	
20219	3.623522e+00	6.513977e-09	
20220	3.623722e+00	6.513114e-09	
20221	3.623922e+00	6.512260e-09	
20222	3.624122e+00	6.511405e-09	
20223	3.624322e+00	6.510560e-09	
20224	3.624522e+00	6.509715e-09	
20225	3.624722e+00	6.508880e-09	
20226	3.624922e+00	6.508049e-09	
20227	3.625122e+00	6.507226e-09	
20228	3.625322e+00	6.506407e-09	
20229	3.625522e+00	6.505600e-09	
20230	3.625722e+00	6.504785e-09	
20231	3.625922e+00	6.503986e-09	
20232	3.626122e+00	6.503191e-09	
20233	3.626322e+00	6.502404e-09	
20234	3.626522e+00	6.501618e-09	
20235	3.626722e+00	6.500841e-09	
20236	3.626922e+00	6.500066e-09	
20237	3.627122e+00	6.499302e-09	
20238	3.627322e+00	6.498537e-09	

Index   time            -i(vdd)         
--------------------------------------------------------------------------------
20239	3.627522e+00	6.497783e-09	
20240	3.627722e+00	6.497032e-09	
20241	3.627922e+00	6.496288e-09	
20242	3.628122e+00	6.495545e-09	
20243	3.628322e+00	6.494815e-09	
20244	3.628522e+00	6.494086e-09	
20245	3.628722e+00	6.493363e-09	
20246	3.628922e+00	6.492644e-09	
20247	3.629122e+00	6.491934e-09	
20248	3.629322e+00	6.491223e-09	
20249	3.629522e+00	6.490527e-09	
20250	3.629722e+00	6.489825e-09	
20251	3.629922e+00	6.489135e-09	
20252	3.630122e+00	6.488443e-09	
20253	3.630322e+00	6.487765e-09	
20254	3.630522e+00	6.487084e-09	
20255	3.630722e+00	6.486418e-09	
20256	3.630922e+00	6.485748e-09	
20257	3.631122e+00	6.485085e-09	
20258	3.631322e+00	6.484429e-09	
20259	3.631522e+00	6.483769e-09	
20260	3.631722e+00	6.483120e-09	
20261	3.631922e+00	6.482485e-09	
20262	3.632122e+00	6.481841e-09	
20263	3.632322e+00	6.481211e-09	
20264	3.632522e+00	6.480582e-09	
20265	3.632722e+00	6.479960e-09	
20266	3.632922e+00	6.479338e-09	
20267	3.633122e+00	6.478727e-09	
20268	3.633322e+00	6.478108e-09	
20269	3.633333e+00	6.478088e-09	
20270	3.633353e+00	6.478043e-09	
20271	3.633393e+00	6.477954e-09	
20272	3.633473e+00	6.477831e-09	
20273	3.633633e+00	6.477652e-09	
20274	3.633833e+00	6.477647e-09	
20275	3.634033e+00	6.477755e-09	
20276	3.634233e+00	6.477979e-09	
20277	3.634433e+00	6.478253e-09	
20278	3.634633e+00	6.478574e-09	
20279	3.634833e+00	6.478908e-09	
20280	3.635033e+00	6.479264e-09	
20281	3.635233e+00	6.479621e-09	
20282	3.635433e+00	6.479997e-09	
20283	3.635633e+00	6.480370e-09	
20284	3.635833e+00	6.480754e-09	
20285	3.636033e+00	6.481142e-09	
20286	3.636233e+00	6.481540e-09	
20287	3.636433e+00	6.481935e-09	
20288	3.636633e+00	6.482338e-09	
20289	3.636833e+00	6.482746e-09	
20290	3.637033e+00	6.483162e-09	
20291	3.637233e+00	6.483579e-09	
20292	3.637433e+00	6.484006e-09	
20293	3.637633e+00	6.484428e-09	
20294	3.637833e+00	6.484867e-09	
20295	3.638033e+00	6.485302e-09	
20296	3.638233e+00	6.485746e-09	

Index   time            -i(vdd)         
--------------------------------------------------------------------------------
20297	3.638433e+00	6.486191e-09	
20298	3.638633e+00	6.486645e-09	
20299	3.638833e+00	6.487100e-09	
20300	3.639033e+00	6.487561e-09	
20301	3.639233e+00	6.488029e-09	
20302	3.639433e+00	6.488502e-09	
20303	3.639633e+00	6.488975e-09	
20304	3.639833e+00	6.489456e-09	
20305	3.640033e+00	6.489936e-09	
20306	3.640233e+00	6.490435e-09	
20307	3.640433e+00	6.490926e-09	
20308	3.640633e+00	6.491434e-09	
20309	3.640833e+00	6.491930e-09	
20310	3.641033e+00	6.492448e-09	
20311	3.641233e+00	6.492961e-09	
20312	3.641433e+00	6.493482e-09	
20313	3.641633e+00	6.494008e-09	
20314	3.641833e+00	6.494538e-09	
20315	3.642033e+00	6.495070e-09	
20316	3.642233e+00	6.495617e-09	
20317	3.642433e+00	6.496158e-09	
20318	3.642633e+00	6.496712e-09	
20319	3.642833e+00	6.497269e-09	
20320	3.643033e+00	6.497830e-09	
20321	3.643233e+00	6.498395e-09	
20322	3.643433e+00	6.498972e-09	
20323	3.643633e+00	6.499545e-09	
20324	3.643833e+00	6.500133e-09	
20325	3.644033e+00	6.500718e-09	
20326	3.644233e+00	6.501313e-09	
20327	3.644433e+00	6.501910e-09	
20328	3.644444e+00	6.501961e-09	
20329	3.644464e+00	6.502022e-09	
20330	3.644504e+00	6.502099e-09	
20331	3.644584e+00	6.502275e-09	
20332	3.644744e+00	6.502511e-09	
20333	3.644944e+00	6.502756e-09	
20334	3.645144e+00	6.502895e-09	
20335	3.645344e+00	6.503013e-09	
20336	3.645544e+00	6.503111e-09	
20337	3.645744e+00	6.503212e-09	
20338	3.645944e+00	6.503303e-09	
20339	3.646144e+00	6.503395e-09	
20340	3.646344e+00	6.503488e-09	
20341	3.646544e+00	6.503588e-09	
20342	3.646744e+00	6.503676e-09	
20343	3.646944e+00	6.503775e-09	
20344	3.647144e+00	6.503864e-09	
20345	3.647344e+00	6.503962e-09	
20346	3.647544e+00	6.504058e-09	
20347	3.647744e+00	6.504156e-09	
20348	3.647944e+00	6.504252e-09	
20349	3.648144e+00	6.504352e-09	
20350	3.648344e+00	6.504443e-09	
20351	3.648544e+00	6.504551e-09	
20352	3.648744e+00	6.504647e-09	
20353	3.648944e+00	6.504751e-09	
20354	3.649144e+00	6.504847e-09	

Index   time            -i(vdd)         
--------------------------------------------------------------------------------
20355	3.649344e+00	6.504949e-09	
20356	3.649544e+00	6.505047e-09	
20357	3.649744e+00	6.505151e-09	
20358	3.649944e+00	6.505250e-09	
20359	3.650144e+00	6.505365e-09	
20360	3.650344e+00	6.505458e-09	
20361	3.650544e+00	6.505562e-09	
20362	3.650744e+00	6.505667e-09	
20363	3.650944e+00	6.505775e-09	
20364	3.651144e+00	6.505876e-09	
20365	3.651344e+00	6.505984e-09	
20366	3.651544e+00	6.506084e-09	
20367	3.651744e+00	6.506199e-09	
20368	3.651944e+00	6.506305e-09	
20369	3.652144e+00	6.506411e-09	
20370	3.652344e+00	6.506516e-09	
20371	3.652544e+00	6.506626e-09	
20372	3.652744e+00	6.506734e-09	
20373	3.652944e+00	6.506845e-09	
20374	3.653144e+00	6.506958e-09	
20375	3.653344e+00	6.507073e-09	
20376	3.653544e+00	6.507181e-09	
20377	3.653744e+00	6.507289e-09	
20378	3.653944e+00	6.507396e-09	
20379	3.654144e+00	6.507518e-09	
20380	3.654344e+00	6.507621e-09	
20381	3.654544e+00	6.507745e-09	
20382	3.654744e+00	6.507854e-09	
20383	3.654944e+00	6.507971e-09	
20384	3.655144e+00	6.508082e-09	
20385	3.655344e+00	6.508203e-09	
20386	3.655544e+00	6.508313e-09	
20387	3.655556e+00	6.508327e-09	
20388	3.655556e+00	6.674098e-09	
20389	3.655556e+00	6.674302e-09	
20390	3.655556e+00	6.674030e-09	
20391	3.655556e+00	6.673927e-09	
20392	3.655556e+00	6.673925e-09	
20393	3.655556e+00	6.673755e-09	
20394	3.655556e+00	6.673478e-09	
20395	3.655556e+00	6.672950e-09	
20396	3.655557e+00	6.671908e-09	
20397	3.655558e+00	6.669948e-09	
20398	3.655560e+00	6.666057e-09	
20399	3.655564e+00	6.658774e-09	
20400	3.655572e+00	6.646389e-09	
20401	3.655589e+00	6.629527e-09	
20402	3.655622e+00	9.952107e-09	
20403	3.655625e+00	1.015487e-08	
20404	3.655633e+00	6.119274e-09	
20405	3.655642e+00	6.745215e-09	
20406	3.655650e+00	6.846049e-09	
20407	3.655656e+00	6.851164e-09	
20408	3.655657e+00	6.574989e-09	
20409	3.655658e+00	6.567752e-09	
20410	3.655662e+00	6.556563e-09	
20411	3.655670e+00	6.541596e-09	
20412	3.655685e+00	6.526946e-09	

Index   time            -i(vdd)         
--------------------------------------------------------------------------------
20413	3.655715e+00	6.516915e-09	
20414	3.655775e+00	6.511539e-09	
20415	3.655896e+00	6.508330e-09	
20416	3.656096e+00	6.507084e-09	
20417	3.656296e+00	6.506951e-09	
20418	3.656496e+00	6.506791e-09	
20419	3.656696e+00	6.506491e-09	
20420	3.656896e+00	6.506102e-09	
20421	3.657096e+00	6.505697e-09	
20422	3.657296e+00	6.505282e-09	
20423	3.657496e+00	6.504878e-09	
20424	3.657696e+00	6.504471e-09	
20425	3.657896e+00	6.504072e-09	
20426	3.658096e+00	6.503661e-09	
20427	3.658296e+00	6.503262e-09	
20428	3.658496e+00	6.502859e-09	
20429	3.658696e+00	6.502451e-09	
20430	3.658896e+00	6.502047e-09	
20431	3.659096e+00	6.501656e-09	
20432	3.659296e+00	6.501248e-09	
20433	3.659496e+00	6.500854e-09	
20434	3.659696e+00	6.500454e-09	
20435	3.659896e+00	6.500058e-09	
20436	3.660096e+00	6.499657e-09	
20437	3.660296e+00	6.499273e-09	
20438	3.660496e+00	6.498872e-09	
20439	3.660696e+00	6.498486e-09	
20440	3.660896e+00	6.498089e-09	
20441	3.661096e+00	6.497703e-09	
20442	3.661296e+00	6.497308e-09	
20443	3.661496e+00	6.496926e-09	
20444	3.661696e+00	6.496536e-09	
20445	3.661896e+00	6.496157e-09	
20446	3.662096e+00	6.495770e-09	
20447	3.662296e+00	6.495392e-09	
20448	3.662496e+00	6.495008e-09	
20449	3.662696e+00	6.494627e-09	
20450	3.662896e+00	6.494250e-09	
20451	3.663096e+00	6.493876e-09	
20452	3.663296e+00	6.493497e-09	
20453	3.663496e+00	6.493126e-09	
20454	3.663696e+00	6.492749e-09	
20455	3.663896e+00	6.492381e-09	
20456	3.664096e+00	6.492004e-09	
20457	3.664296e+00	6.491642e-09	
20458	3.664496e+00	6.491272e-09	
20459	3.664696e+00	6.490903e-09	
20460	3.664896e+00	6.490534e-09	
20461	3.665096e+00	6.490175e-09	
20462	3.665296e+00	6.489805e-09	
20463	3.665496e+00	6.489446e-09	
20464	3.665696e+00	6.489084e-09	
20465	3.665896e+00	6.488727e-09	
20466	3.666096e+00	6.488367e-09	
20467	3.666296e+00	6.488014e-09	
20468	3.666496e+00	6.487653e-09	
20469	3.666667e+00	6.487366e-09	
20470	3.666687e+00	6.487347e-09	

Index   time            -i(vdd)         
--------------------------------------------------------------------------------
20471	3.666727e+00	6.487278e-09	
20472	3.666807e+00	6.487203e-09	
20473	3.666967e+00	6.487081e-09	
20474	3.667167e+00	6.487057e-09	
20475	3.667367e+00	6.487055e-09	
20476	3.667567e+00	6.487125e-09	
20477	3.667767e+00	6.487200e-09	
20478	3.667967e+00	6.487306e-09	
20479	3.668167e+00	6.487407e-09	
20480	3.668367e+00	6.487534e-09	
20481	3.668567e+00	6.487649e-09	
20482	3.668767e+00	6.487777e-09	
20483	3.668967e+00	6.487902e-09	
20484	3.669167e+00	6.488038e-09	
20485	3.669367e+00	6.488171e-09	
20486	3.669567e+00	6.488313e-09	
20487	3.669767e+00	6.488443e-09	
20488	3.669967e+00	6.488586e-09	
20489	3.670167e+00	6.488718e-09	
20490	3.670367e+00	6.488866e-09	
20491	3.670567e+00	6.489004e-09	
20492	3.670767e+00	6.489154e-09	
20493	3.670967e+00	6.489286e-09	
20494	3.671167e+00	6.489435e-09	
20495	3.671367e+00	6.489572e-09	
20496	3.671567e+00	6.489724e-09	
20497	3.671767e+00	6.489862e-09	
20498	3.671967e+00	6.490016e-09	
20499	3.672167e+00	6.490154e-09	
20500	3.672367e+00	6.490308e-09	
20501	3.672567e+00	6.490448e-09	
20502	3.672767e+00	6.490604e-09	
20503	3.672967e+00	6.490746e-09	
20504	3.673167e+00	6.490905e-09	
20505	3.673367e+00	6.491046e-09	
20506	3.673567e+00	6.491208e-09	
20507	3.673767e+00	6.491355e-09	
20508	3.673967e+00	6.491513e-09	
20509	3.674167e+00	6.491660e-09	
20510	3.674367e+00	6.491820e-09	
20511	3.674567e+00	6.491970e-09	
20512	3.674767e+00	6.492131e-09	
20513	3.674967e+00	6.492283e-09	
20514	3.675167e+00	6.492443e-09	
20515	3.675367e+00	6.492595e-09	
20516	3.675567e+00	6.492757e-09	
20517	3.675767e+00	6.492908e-09	
20518	3.675967e+00	6.493074e-09	
20519	3.676167e+00	6.493231e-09	
20520	3.676367e+00	6.493397e-09	
20521	3.676567e+00	6.493549e-09	
20522	3.676767e+00	6.493716e-09	
20523	3.676967e+00	6.493876e-09	
20524	3.677167e+00	6.494046e-09	
20525	3.677367e+00	6.494200e-09	
20526	3.677567e+00	6.494374e-09	
20527	3.677767e+00	6.494533e-09	
20528	3.677778e+00	6.494568e-09	

Index   time            -i(vdd)         
--------------------------------------------------------------------------------
20529	3.677798e+00	6.494585e-09	
20530	3.677838e+00	6.494621e-09	
20531	3.677918e+00	6.494734e-09	
20532	3.678078e+00	6.494993e-09	
20533	3.678278e+00	6.495416e-09	
20534	3.678478e+00	6.495855e-09	
20535	3.678678e+00	6.496334e-09	
20536	3.678878e+00	6.496802e-09	
20537	3.679078e+00	6.497283e-09	
20538	3.679278e+00	6.497757e-09	
20539	3.679478e+00	6.498238e-09	
20540	3.679678e+00	6.498707e-09	
20541	3.679878e+00	6.499193e-09	
20542	3.680078e+00	6.499668e-09	
20543	3.680278e+00	6.500160e-09	
20544	3.680478e+00	6.500643e-09	
20545	3.680678e+00	6.501140e-09	
20546	3.680878e+00	6.501624e-09	
20547	3.681078e+00	6.502125e-09	
20548	3.681278e+00	6.502616e-09	
20549	3.681478e+00	6.503120e-09	
20550	3.681678e+00	6.503610e-09	
20551	3.681878e+00	6.504123e-09	
20552	3.682078e+00	6.504622e-09	
20553	3.682278e+00	6.505134e-09	
20554	3.682478e+00	6.505641e-09	
20555	3.682678e+00	6.506154e-09	
20556	3.682878e+00	6.506665e-09	
20557	3.683078e+00	6.507182e-09	
20558	3.683278e+00	6.507692e-09	
20559	3.683478e+00	6.508219e-09	
20560	3.683678e+00	6.508728e-09	
20561	3.683878e+00	6.509246e-09	
20562	3.684078e+00	6.509761e-09	
20563	3.684278e+00	6.510275e-09	
20564	3.684478e+00	6.510784e-09	
20565	3.684678e+00	6.511300e-09	
20566	3.684878e+00	6.511791e-09	
20567	3.685078e+00	6.512284e-09	
20568	3.685278e+00	6.512748e-09	
20569	3.685478e+00	6.513197e-09	
20570	3.685678e+00	6.513600e-09	
20571	3.685878e+00	6.513939e-09	
20572	3.686078e+00	6.514164e-09	
20573	3.686278e+00	6.514213e-09	
20574	3.686478e+00	6.513920e-09	
20575	3.686678e+00	6.513071e-09	
20576	3.686878e+00	6.511177e-09	
20577	3.687078e+00	6.507375e-09	
20578	3.687278e+00	6.500068e-09	
20579	3.687478e+00	6.484486e-09	
20580	3.687678e+00	6.462211e-09	
20581	3.687878e+00	6.429631e-09	
20582	3.688078e+00	6.391253e-09	
20583	3.688278e+00	6.343578e-09	
20584	3.688478e+00	6.272711e-09	
20585	3.688678e+00	6.197778e-09	
20586	3.688878e+00	6.140959e-09	

Index   time            -i(vdd)         
--------------------------------------------------------------------------------
20587	3.688889e+00	6.138412e-09	
20588	3.688909e+00	6.133989e-09	
20589	3.688949e+00	6.125733e-09	
20590	3.689029e+00	6.111357e-09	
20591	3.689189e+00	6.089271e-09	
20592	3.689389e+00	6.070294e-09	
20593	3.689589e+00	6.057209e-09	
20594	3.689789e+00	6.047768e-09	
20595	3.689989e+00	6.040632e-09	
20596	3.690189e+00	6.035022e-09	
20597	3.690389e+00	6.030445e-09	
20598	3.690589e+00	6.026600e-09	
20599	3.690789e+00	6.023277e-09	
20600	3.690989e+00	6.020359e-09	
20601	3.691189e+00	6.017759e-09	
20602	3.691389e+00	6.015427e-09	
20603	3.691589e+00	6.013299e-09	
20604	3.691789e+00	6.011369e-09	
20605	3.691989e+00	6.009603e-09	
20606	3.692189e+00	6.007996e-09	
20607	3.692389e+00	6.006534e-09	
20608	3.692589e+00	6.005240e-09	
20609	3.692789e+00	6.004126e-09	
20610	3.692989e+00	6.003264e-09	
20611	3.693189e+00	6.002727e-09	
20612	3.693389e+00	6.002723e-09	
20613	3.693589e+00	6.003576e-09	
20614	3.693789e+00	6.006020e-09	
20615	3.693989e+00	6.011400e-09	
20616	3.694189e+00	6.021800e-09	
20617	3.694389e+00	6.039556e-09	
20618	3.694589e+00	6.067977e-09	
20619	3.694789e+00	6.112394e-09	
20620	3.694989e+00	6.179970e-09	
20621	3.695189e+00	6.279125e-09	
20622	3.695389e+00	6.409489e-09	
20623	3.695589e+00	6.527927e-09	
20624	3.695789e+00	6.575586e-09	
20625	3.695989e+00	6.570731e-09	
20626	3.696189e+00	6.549469e-09	
20627	3.696389e+00	6.528938e-09	
20628	3.696589e+00	6.514424e-09	
20629	3.696789e+00	6.505518e-09	
20630	3.696989e+00	6.495086e-09	
20631	3.697189e+00	6.489912e-09	
20632	3.697389e+00	6.487256e-09	
20633	3.697589e+00	6.485141e-09	
20634	3.697789e+00	6.483555e-09	
20635	3.697989e+00	6.482314e-09	
20636	3.698189e+00	6.481265e-09	
20637	3.698389e+00	6.480343e-09	
20638	3.698589e+00	6.479481e-09	
20639	3.698789e+00	6.478672e-09	
20640	3.698989e+00	6.477886e-09	
20641	3.699189e+00	6.477137e-09	
20642	3.699389e+00	6.476387e-09	
20643	3.699589e+00	6.475663e-09	
20644	3.699789e+00	6.474945e-09	

Index   time            -i(vdd)         
--------------------------------------------------------------------------------
20645	3.699989e+00	6.474241e-09	
20646	3.700000e+00	6.474214e-09	
20647	3.700020e+00	6.474154e-09	
20648	3.700060e+00	6.474054e-09	
20649	3.700140e+00	6.473902e-09	
20650	3.700300e+00	6.473729e-09	
20651	3.700500e+00	6.473717e-09	
20652	3.700700e+00	6.473820e-09	
20653	3.700900e+00	6.474034e-09	
20654	3.701100e+00	6.474304e-09	
20655	3.701300e+00	6.474643e-09	
20656	3.701500e+00	6.475022e-09	
20657	3.701700e+00	6.475441e-09	
20658	3.701900e+00	6.475853e-09	
20659	3.702100e+00	6.476278e-09	
20660	3.702300e+00	6.476692e-09	
20661	3.702500e+00	6.477116e-09	
20662	3.702700e+00	6.477533e-09	
20663	3.702900e+00	6.477964e-09	
20664	3.703100e+00	6.478386e-09	
20665	3.703300e+00	6.478821e-09	
20666	3.703500e+00	6.479246e-09	
20667	3.703700e+00	6.479690e-09	
20668	3.703900e+00	6.480126e-09	
20669	3.704100e+00	6.480575e-09	
20670	3.704300e+00	6.481016e-09	
20671	3.704500e+00	6.481467e-09	
20672	3.704700e+00	6.481914e-09	
20673	3.704900e+00	6.482372e-09	
20674	3.705100e+00	6.482829e-09	
20675	3.705300e+00	6.483296e-09	
20676	3.705500e+00	6.483752e-09	
20677	3.705700e+00	6.484228e-09	
20678	3.705900e+00	6.484692e-09	
20679	3.706100e+00	6.485172e-09	
20680	3.706300e+00	6.485644e-09	
20681	3.706500e+00	6.486132e-09	
20682	3.706700e+00	6.486610e-09	
20683	3.706900e+00	6.487101e-09	
20684	3.707100e+00	6.487587e-09	
20685	3.707300e+00	6.488086e-09	
20686	3.707500e+00	6.488582e-09	
20687	3.707700e+00	6.489083e-09	
20688	3.707900e+00	6.489587e-09	
20689	3.708100e+00	6.490092e-09	
20690	3.708300e+00	6.490597e-09	
20691	3.708500e+00	6.491113e-09	
20692	3.708700e+00	6.491623e-09	
20693	3.708900e+00	6.492150e-09	
20694	3.709100e+00	6.492667e-09	
20695	3.709300e+00	6.493200e-09	
20696	3.709500e+00	6.493722e-09	
20697	3.709700e+00	6.494261e-09	
20698	3.709900e+00	6.494786e-09	
20699	3.710100e+00	6.495331e-09	
20700	3.710300e+00	6.495869e-09	
20701	3.710500e+00	6.496418e-09	
20702	3.710700e+00	6.496961e-09	

Index   time            -i(vdd)         
--------------------------------------------------------------------------------
20703	3.710900e+00	6.497515e-09	
20704	3.711100e+00	6.498065e-09	
20705	3.711111e+00	6.498118e-09	
20706	3.711131e+00	6.498173e-09	
20707	3.711171e+00	6.498235e-09	
20708	3.711251e+00	6.498372e-09	
20709	3.711411e+00	6.498536e-09	
20710	3.711611e+00	6.498649e-09	
20711	3.711811e+00	6.498635e-09	
20712	3.712011e+00	6.498599e-09	
20713	3.712211e+00	6.498523e-09	
20714	3.712411e+00	6.498451e-09	
20715	3.712611e+00	6.498362e-09	
20716	3.712811e+00	6.498282e-09	
20717	3.713011e+00	6.498185e-09	
20718	3.713211e+00	6.498103e-09	
20719	3.713411e+00	6.498011e-09	
20720	3.713611e+00	6.497925e-09	
20721	3.713811e+00	6.497832e-09	
20722	3.714011e+00	6.497748e-09	
20723	3.714211e+00	6.497654e-09	
20724	3.714411e+00	6.497567e-09	
20725	3.714611e+00	6.497480e-09	
20726	3.714811e+00	6.497389e-09	
20727	3.715011e+00	6.497300e-09	
20728	3.715211e+00	6.497214e-09	
20729	3.715411e+00	6.497126e-09	
20730	3.715611e+00	6.497041e-09	
20731	3.715811e+00	6.496951e-09	
20732	3.716011e+00	6.496868e-09	
20733	3.716211e+00	6.496776e-09	
20734	3.716411e+00	6.496691e-09	
20735	3.716611e+00	6.496598e-09	
20736	3.716811e+00	6.496518e-09	
20737	3.717011e+00	6.496431e-09	
20738	3.717211e+00	6.496349e-09	
20739	3.717411e+00	6.496258e-09	
20740	3.717611e+00	6.496177e-09	
20741	3.717811e+00	6.496082e-09	
20742	3.718011e+00	6.496006e-09	
20743	3.718211e+00	6.495917e-09	
20744	3.718411e+00	6.495835e-09	
20745	3.718611e+00	6.495742e-09	
20746	3.718811e+00	6.495666e-09	
20747	3.719011e+00	6.495576e-09	
20748	3.719211e+00	6.495500e-09	
20749	3.719411e+00	6.495409e-09	
20750	3.719611e+00	6.495333e-09	
20751	3.719811e+00	6.495241e-09	
20752	3.720011e+00	6.495164e-09	
20753	3.720211e+00	6.495070e-09	
20754	3.720411e+00	6.494991e-09	
20755	3.720611e+00	6.494905e-09	
20756	3.720811e+00	6.494830e-09	
20757	3.721011e+00	6.494740e-09	
20758	3.721211e+00	6.494661e-09	
20759	3.721411e+00	6.494571e-09	
20760	3.721611e+00	6.494494e-09	

Index   time            -i(vdd)         
--------------------------------------------------------------------------------
20761	3.721811e+00	6.494407e-09	
20762	3.722011e+00	6.494332e-09	
20763	3.722211e+00	6.494245e-09	
20764	3.722222e+00	6.494265e-09	
20765	3.722242e+00	6.494252e-09	
20766	3.722282e+00	6.494198e-09	
20767	3.722362e+00	6.494099e-09	
20768	3.722522e+00	6.493818e-09	
20769	3.722722e+00	6.493404e-09	
20770	3.722922e+00	6.492903e-09	
20771	3.723122e+00	6.492397e-09	
20772	3.723322e+00	6.491873e-09	
20773	3.723522e+00	6.491367e-09	
20774	3.723722e+00	6.490850e-09	
20775	3.723922e+00	6.490349e-09	
20776	3.724122e+00	6.489842e-09	
20777	3.724322e+00	6.489337e-09	
20778	3.724522e+00	6.488834e-09	
20779	3.724722e+00	6.488341e-09	
20780	3.724922e+00	6.487842e-09	
20781	3.725122e+00	6.487357e-09	
20782	3.725322e+00	6.486859e-09	
20783	3.725522e+00	6.486376e-09	
20784	3.725722e+00	6.485887e-09	
20785	3.725922e+00	6.485407e-09	
20786	3.726122e+00	6.484920e-09	
20787	3.726322e+00	6.484448e-09	
20788	3.726522e+00	6.483961e-09	
20789	3.726722e+00	6.483495e-09	
20790	3.726922e+00	6.483014e-09	
20791	3.727122e+00	6.482548e-09	
20792	3.727322e+00	6.482077e-09	
20793	3.727522e+00	6.481615e-09	
20794	3.727722e+00	6.481148e-09	
20795	3.727922e+00	6.480683e-09	
20796	3.728122e+00	6.480218e-09	
20797	3.728322e+00	6.479761e-09	
20798	3.728522e+00	6.479296e-09	
20799	3.728722e+00	6.478843e-09	
20800	3.728922e+00	6.478377e-09	
20801	3.729122e+00	6.477919e-09	
20802	3.729322e+00	6.477457e-09	
20803	3.729522e+00	6.477003e-09	
20804	3.729722e+00	6.476540e-09	
20805	3.729922e+00	6.476089e-09	
20806	3.730122e+00	6.475631e-09	
20807	3.730322e+00	6.475186e-09	
20808	3.730522e+00	6.474738e-09	
20809	3.730722e+00	6.474297e-09	
20810	3.730922e+00	6.473848e-09	
20811	3.731122e+00	6.473421e-09	
20812	3.731322e+00	6.472984e-09	
20813	3.731522e+00	6.472553e-09	
20814	3.731722e+00	6.472122e-09	
20815	3.731922e+00	6.471698e-09	
20816	3.732122e+00	6.471271e-09	
20817	3.732322e+00	6.470854e-09	
20818	3.732522e+00	6.470430e-09	

Index   time            -i(vdd)         
--------------------------------------------------------------------------------
20819	3.732722e+00	6.470012e-09	
20820	3.732922e+00	6.469592e-09	
20821	3.733122e+00	6.469184e-09	
20822	3.733322e+00	6.468763e-09	
20823	3.733333e+00	6.468767e-09	
20824	3.733353e+00	6.468729e-09	
20825	3.733393e+00	6.468658e-09	
20826	3.733473e+00	6.468567e-09	
20827	3.733633e+00	6.468429e-09	
20828	3.733833e+00	6.468399e-09	
20829	3.734033e+00	6.468418e-09	
20830	3.734233e+00	6.468515e-09	
20831	3.734433e+00	6.468630e-09	
20832	3.734633e+00	6.468776e-09	
20833	3.734833e+00	6.468923e-09	
20834	3.735033e+00	6.469080e-09	
20835	3.735233e+00	6.469233e-09	
20836	3.735433e+00	6.469396e-09	
20837	3.735633e+00	6.469552e-09	
20838	3.735833e+00	6.469715e-09	
20839	3.736033e+00	6.469874e-09	
20840	3.736233e+00	6.470040e-09	
20841	3.736433e+00	6.470197e-09	
20842	3.736633e+00	6.470368e-09	
20843	3.736833e+00	6.470532e-09	
20844	3.737033e+00	6.470701e-09	
20845	3.737233e+00	6.470858e-09	
20846	3.737433e+00	6.471032e-09	
20847	3.737633e+00	6.471197e-09	
20848	3.737833e+00	6.471369e-09	
20849	3.738033e+00	6.471534e-09	
20850	3.738233e+00	6.471708e-09	
20851	3.738433e+00	6.471873e-09	
20852	3.738633e+00	6.472055e-09	
20853	3.738833e+00	6.472219e-09	
20854	3.739033e+00	6.472396e-09	
20855	3.739233e+00	6.472566e-09	
20856	3.739433e+00	6.472747e-09	
20857	3.739633e+00	6.472917e-09	
20858	3.739833e+00	6.473098e-09	
20859	3.740033e+00	6.473271e-09	
20860	3.740233e+00	6.473452e-09	
20861	3.740433e+00	6.473624e-09	
20862	3.740633e+00	6.473812e-09	
20863	3.740833e+00	6.473985e-09	
20864	3.741033e+00	6.474167e-09	
20865	3.741233e+00	6.474342e-09	
20866	3.741433e+00	6.474529e-09	
20867	3.741633e+00	6.474707e-09	
20868	3.741833e+00	6.474896e-09	
20869	3.742033e+00	6.475074e-09	
20870	3.742233e+00	6.475261e-09	
20871	3.742433e+00	6.475446e-09	
20872	3.742633e+00	6.475634e-09	
20873	3.742833e+00	6.475819e-09	
20874	3.743033e+00	6.476010e-09	
20875	3.743233e+00	6.476191e-09	
20876	3.743433e+00	6.476386e-09	

Index   time            -i(vdd)         
--------------------------------------------------------------------------------
20877	3.743633e+00	6.476570e-09	
20878	3.743833e+00	6.476764e-09	
20879	3.744033e+00	6.476952e-09	
20880	3.744233e+00	6.477147e-09	
20881	3.744433e+00	6.477336e-09	
20882	3.744444e+00	6.477374e-09	
20883	3.744464e+00	6.477388e-09	
20884	3.744504e+00	6.477401e-09	
20885	3.744584e+00	6.477433e-09	
20886	3.744744e+00	6.477428e-09	
20887	3.744944e+00	6.477384e-09	
20888	3.745144e+00	6.477256e-09	
20889	3.745344e+00	6.477133e-09	
20890	3.745544e+00	6.476990e-09	
20891	3.745744e+00	6.476855e-09	
20892	3.745944e+00	6.476712e-09	
20893	3.746144e+00	6.476581e-09	
20894	3.746344e+00	6.476442e-09	
20895	3.746544e+00	6.476313e-09	
20896	3.746744e+00	6.476179e-09	
20897	3.746944e+00	6.476061e-09	
20898	3.747144e+00	6.475925e-09	
20899	3.747344e+00	6.475800e-09	
20900	3.747544e+00	6.475660e-09	
20901	3.747744e+00	6.475545e-09	
20902	3.747944e+00	6.475409e-09	
20903	3.748144e+00	6.475291e-09	
20904	3.748344e+00	6.475160e-09	
20905	3.748544e+00	6.475039e-09	
20906	3.748744e+00	6.474909e-09	
20907	3.748944e+00	6.474790e-09	
20908	3.749144e+00	6.474662e-09	
20909	3.749344e+00	6.474544e-09	
20910	3.749544e+00	6.474416e-09	
20911	3.749744e+00	6.474297e-09	
20912	3.749944e+00	6.474172e-09	
20913	3.750144e+00	6.474056e-09	
20914	3.750344e+00	6.473933e-09	
20915	3.750544e+00	6.473817e-09	
20916	3.750744e+00	6.473694e-09	
20917	3.750944e+00	6.473578e-09	
20918	3.751144e+00	6.473458e-09	
20919	3.751344e+00	6.473347e-09	
20920	3.751544e+00	6.473223e-09	
20921	3.751744e+00	6.473113e-09	
20922	3.751944e+00	6.472994e-09	
20923	3.752144e+00	6.472882e-09	
20924	3.752344e+00	6.472763e-09	
20925	3.752544e+00	6.472658e-09	
20926	3.752744e+00	6.472543e-09	
20927	3.752944e+00	6.472431e-09	
20928	3.753144e+00	6.472314e-09	
20929	3.753344e+00	6.472209e-09	
20930	3.753544e+00	6.472094e-09	
20931	3.753744e+00	6.471988e-09	
20932	3.753944e+00	6.471876e-09	
20933	3.754144e+00	6.471769e-09	
20934	3.754344e+00	6.471658e-09	

Index   time            -i(vdd)         
--------------------------------------------------------------------------------
20935	3.754544e+00	6.471552e-09	
20936	3.754744e+00	6.471442e-09	
20937	3.754944e+00	6.471344e-09	
20938	3.755144e+00	6.471236e-09	
20939	3.755344e+00	6.471136e-09	
20940	3.755456e+00	6.471094e-09	
20941	3.755466e+00	6.651942e-09	
20942	3.755486e+00	6.604174e-09	
20943	3.755526e+00	6.734357e-09	
20944	3.755556e+00	7.125329e-09	
20945	3.755556e+00	7.055916e-09	
20946	3.755556e+00	7.062938e-09	
20947	3.755556e+00	7.060353e-09	
20948	3.755556e+00	7.059712e-09	
20949	3.755556e+00	7.059682e-09	
20950	3.755556e+00	7.059495e-09	
20951	3.755556e+00	7.059185e-09	
20952	3.755556e+00	7.058578e-09	
20953	3.755557e+00	7.057295e-09	
20954	3.755558e+00	7.054632e-09	
20955	3.755560e+00	7.048906e-09	
20956	3.755564e+00	7.036495e-09	
20957	3.755572e+00	7.009011e-09	
20958	3.755589e+00	6.952456e-09	
20959	3.755622e+00	6.854383e-09	
20960	3.755687e+00	6.727528e-09	
20961	3.755796e+00	6.637349e-09	
20962	3.755996e+00	6.602179e-09	
20963	3.756196e+00	6.606732e-09	
20964	3.756396e+00	6.609948e-09	
20965	3.756596e+00	6.607314e-09	
20966	3.756796e+00	6.601915e-09	
20967	3.756996e+00	6.595860e-09	
20968	3.757196e+00	6.589907e-09	
20969	3.757396e+00	6.584122e-09	
20970	3.757556e+00	6.579628e-09	
20971	3.757566e+00	6.491619e-09	
20972	3.757586e+00	6.457418e-09	
20973	3.757626e+00	6.448243e-09	
20974	3.757656e+00	6.388891e-09	
20975	3.757664e+00	6.565782e-09	
20976	3.757680e+00	6.563586e-09	
20977	3.757712e+00	6.559461e-09	
20978	3.757776e+00	6.551585e-09	
20979	3.757904e+00	6.537217e-09	
20980	3.758104e+00	6.518475e-09	
20981	3.758304e+00	6.503793e-09	
20982	3.758504e+00	6.492502e-09	
20983	3.758704e+00	6.483910e-09	
20984	3.758904e+00	6.477360e-09	
20985	3.759104e+00	6.472360e-09	
20986	3.759304e+00	6.468484e-09	
20987	3.759504e+00	6.465467e-09	
20988	3.759704e+00	6.463074e-09	
20989	3.759904e+00	6.461158e-09	
20990	3.760104e+00	6.459569e-09	
20991	3.760304e+00	6.458255e-09	
20992	3.760504e+00	6.457118e-09	

Index   time            -i(vdd)         
--------------------------------------------------------------------------------
20993	3.760704e+00	6.456133e-09	
20994	3.760904e+00	6.455249e-09	
20995	3.761104e+00	6.454452e-09	
20996	3.761304e+00	6.453709e-09	
20997	3.761504e+00	6.453023e-09	
20998	3.761704e+00	6.452362e-09	
20999	3.761904e+00	6.451737e-09	
21000	3.762104e+00	6.451121e-09	
21001	3.762304e+00	6.450538e-09	
21002	3.762504e+00	6.449957e-09	
21003	3.762704e+00	6.449401e-09	
21004	3.762904e+00	6.448838e-09	
21005	3.763104e+00	6.448304e-09	
21006	3.763304e+00	6.447757e-09	
21007	3.763504e+00	6.447234e-09	
21008	3.763704e+00	6.446703e-09	
21009	3.763904e+00	6.446189e-09	
21010	3.764104e+00	6.445672e-09	
21011	3.764304e+00	6.445171e-09	
21012	3.764504e+00	6.444659e-09	
21013	3.764704e+00	6.444169e-09	
21014	3.764904e+00	6.443667e-09	
21015	3.765104e+00	6.443186e-09	
21016	3.765304e+00	6.442700e-09	
21017	3.765504e+00	6.442225e-09	
21018	3.765704e+00	6.441744e-09	
21019	3.765904e+00	6.441272e-09	
21020	3.766104e+00	6.440807e-09	
21021	3.766304e+00	6.440353e-09	
21022	3.766504e+00	6.439883e-09	
21023	3.766667e+00	6.439514e-09	
21024	3.766687e+00	6.439502e-09	
21025	3.766727e+00	6.439409e-09	
21026	3.766807e+00	6.439269e-09	
21027	3.766967e+00	6.439002e-09	
21028	3.767167e+00	6.438754e-09	
21029	3.767367e+00	6.438517e-09	
21030	3.767567e+00	6.438352e-09	
21031	3.767767e+00	6.438217e-09	
21032	3.767967e+00	6.438115e-09	
21033	3.768167e+00	6.438025e-09	
21034	3.768367e+00	6.437967e-09	
21035	3.768567e+00	6.437908e-09	
21036	3.768767e+00	6.437869e-09	
21037	3.768967e+00	6.437829e-09	
21038	3.769167e+00	6.437797e-09	
21039	3.769367e+00	6.437764e-09	
21040	3.769567e+00	6.437742e-09	
21041	3.769767e+00	6.437714e-09	
21042	3.769967e+00	6.437699e-09	
21043	3.770167e+00	6.437681e-09	
21044	3.770367e+00	6.437660e-09	
21045	3.770567e+00	6.437644e-09	
21046	3.770767e+00	6.437636e-09	
21047	3.770967e+00	6.437614e-09	
21048	3.771167e+00	6.437607e-09	
21049	3.771367e+00	6.437592e-09	
21050	3.771567e+00	6.437589e-09	

Index   time            -i(vdd)         
--------------------------------------------------------------------------------
21051	3.771767e+00	6.437579e-09	
21052	3.771967e+00	6.437576e-09	
21053	3.772167e+00	6.437567e-09	
21054	3.772367e+00	6.437568e-09	
21055	3.772567e+00	6.437560e-09	
21056	3.772767e+00	6.437570e-09	
21057	3.772967e+00	6.437563e-09	
21058	3.773167e+00	6.437569e-09	
21059	3.773367e+00	6.437569e-09	
21060	3.773567e+00	6.437581e-09	
21061	3.773767e+00	6.437578e-09	
21062	3.773967e+00	6.437596e-09	
21063	3.774167e+00	6.437601e-09	
21064	3.774367e+00	6.437613e-09	
21065	3.774567e+00	6.437619e-09	
21066	3.774767e+00	6.437639e-09	
21067	3.774967e+00	6.437651e-09	
21068	3.775167e+00	6.437668e-09	
21069	3.775367e+00	6.437686e-09	
21070	3.775567e+00	6.437710e-09	
21071	3.775767e+00	6.437724e-09	
21072	3.775967e+00	6.437744e-09	
21073	3.776167e+00	6.437768e-09	
21074	3.776367e+00	6.437799e-09	
21075	3.776567e+00	6.437821e-09	
21076	3.776767e+00	6.437850e-09	
21077	3.776967e+00	6.437876e-09	
21078	3.777167e+00	6.437912e-09	
21079	3.777367e+00	6.437941e-09	
21080	3.777567e+00	6.437976e-09	
21081	3.777767e+00	6.438007e-09	
21082	3.777778e+00	6.438032e-09	
21083	3.777798e+00	6.438040e-09	
21084	3.777838e+00	6.438025e-09	
21085	3.777918e+00	6.438040e-09	
21086	3.778078e+00	6.438033e-09	
21087	3.778278e+00	6.438054e-09	
21088	3.778478e+00	6.438026e-09	
21089	3.778678e+00	6.438022e-09	
21090	3.778878e+00	6.437996e-09	
21091	3.779078e+00	6.437974e-09	
21092	3.779278e+00	6.437940e-09	
21093	3.779478e+00	6.437922e-09	
21094	3.779678e+00	6.437892e-09	
21095	3.779878e+00	6.437874e-09	
21096	3.780078e+00	6.437842e-09	
21097	3.780278e+00	6.437820e-09	
21098	3.780478e+00	6.437790e-09	
21099	3.780678e+00	6.437774e-09	
21100	3.780878e+00	6.437745e-09	
21101	3.781078e+00	6.437719e-09	
21102	3.781278e+00	6.437692e-09	
21103	3.781478e+00	6.437676e-09	
21104	3.781678e+00	6.437648e-09	
21105	3.781878e+00	6.437628e-09	
21106	3.782078e+00	6.437599e-09	
21107	3.782278e+00	6.437578e-09	
21108	3.782478e+00	6.437552e-09	

Index   time            -i(vdd)         
--------------------------------------------------------------------------------
21109	3.782678e+00	6.437537e-09	
21110	3.782878e+00	6.437504e-09	
21111	3.783078e+00	6.437491e-09	
21112	3.783278e+00	6.437465e-09	
21113	3.783478e+00	6.437445e-09	
21114	3.783678e+00	6.437422e-09	
21115	3.783878e+00	6.437406e-09	
21116	3.784078e+00	6.437377e-09	
21117	3.784278e+00	6.437360e-09	
21118	3.784478e+00	6.437334e-09	
21119	3.784678e+00	6.437320e-09	
21120	3.784878e+00	6.437290e-09	
21121	3.785078e+00	6.437277e-09	
21122	3.785278e+00	6.437251e-09	
21123	3.785478e+00	6.437235e-09	
21124	3.785678e+00	6.437210e-09	
21125	3.785878e+00	6.437194e-09	
21126	3.786078e+00	6.437170e-09	
21127	3.786278e+00	6.437153e-09	
21128	3.786478e+00	6.437132e-09	
21129	3.786678e+00	6.437117e-09	
21130	3.786878e+00	6.437096e-09	
21131	3.787078e+00	6.437077e-09	
21132	3.787278e+00	6.437052e-09	
21133	3.787478e+00	6.437039e-09	
21134	3.787678e+00	6.437016e-09	
21135	3.787878e+00	6.437003e-09	
21136	3.788078e+00	6.436982e-09	
21137	3.788278e+00	6.436968e-09	
21138	3.788478e+00	6.436944e-09	
21139	3.788678e+00	6.436931e-09	
21140	3.788878e+00	6.436906e-09	
21141	3.788889e+00	6.436939e-09	
21142	3.788909e+00	6.436936e-09	
21143	3.788949e+00	6.436904e-09	
21144	3.789029e+00	6.436870e-09	
21145	3.789189e+00	6.436757e-09	
21146	3.789389e+00	6.436614e-09	
21147	3.789589e+00	6.436396e-09	
21148	3.789789e+00	6.436172e-09	
21149	3.789989e+00	6.435915e-09	
21150	3.790189e+00	6.435650e-09	
21151	3.790389e+00	6.435362e-09	
21152	3.790589e+00	6.435068e-09	
21153	3.790789e+00	6.434758e-09	
21154	3.790989e+00	6.434465e-09	
21155	3.791189e+00	6.434155e-09	
21156	3.791389e+00	6.433856e-09	
21157	3.791589e+00	6.433548e-09	
21158	3.791789e+00	6.433249e-09	
21159	3.791989e+00	6.432940e-09	
21160	3.792189e+00	6.432644e-09	
21161	3.792389e+00	6.432341e-09	
21162	3.792589e+00	6.432050e-09	
21163	3.792789e+00	6.431759e-09	
21164	3.792989e+00	6.431471e-09	
21165	3.793189e+00	6.431178e-09	
21166	3.793389e+00	6.430894e-09	

Index   time            -i(vdd)         
--------------------------------------------------------------------------------
21167	3.793589e+00	6.430608e-09	
21168	3.793789e+00	6.430333e-09	
21169	3.793989e+00	6.430047e-09	
21170	3.794189e+00	6.429777e-09	
21171	3.794389e+00	6.429494e-09	
21172	3.794589e+00	6.429229e-09	
21173	3.794789e+00	6.428954e-09	
21174	3.794989e+00	6.428689e-09	
21175	3.795189e+00	6.428424e-09	
21176	3.795389e+00	6.428166e-09	
21177	3.795589e+00	6.427900e-09	
21178	3.795789e+00	6.427644e-09	
21179	3.795989e+00	6.427388e-09	
21180	3.796189e+00	6.427135e-09	
21181	3.796389e+00	6.426878e-09	
21182	3.796589e+00	6.426632e-09	
21183	3.796789e+00	6.426379e-09	
21184	3.796989e+00	6.426141e-09	
21185	3.797189e+00	6.425891e-09	
21186	3.797389e+00	6.425659e-09	
21187	3.797589e+00	6.425415e-09	
21188	3.797789e+00	6.425180e-09	
21189	3.797989e+00	6.424938e-09	
21190	3.798189e+00	6.424716e-09	
21191	3.798389e+00	6.424478e-09	
21192	3.798589e+00	6.424255e-09	
21193	3.798789e+00	6.424020e-09	
21194	3.798989e+00	6.423799e-09	
21195	3.799189e+00	6.423573e-09	
21196	3.799389e+00	6.423354e-09	
21197	3.799589e+00	6.423128e-09	
21198	3.799789e+00	6.422914e-09	
21199	3.799989e+00	6.422698e-09	
21200	3.800000e+00	6.422711e-09	
21201	3.800020e+00	6.422690e-09	
21202	3.800060e+00	6.422632e-09	
21203	3.800140e+00	6.422563e-09	
21204	3.800300e+00	6.422390e-09	
21205	3.800500e+00	6.422233e-09	
21206	3.800700e+00	6.422037e-09	
21207	3.800900e+00	6.421878e-09	
21208	3.801100e+00	6.421712e-09	
21209	3.801300e+00	6.421572e-09	
21210	3.801500e+00	6.421414e-09	
21211	3.801700e+00	6.421279e-09	
21212	3.801900e+00	6.421132e-09	
21213	3.802100e+00	6.420997e-09	
21214	3.802300e+00	6.420861e-09	
21215	3.802500e+00	6.420739e-09	
21216	3.802700e+00	6.420605e-09	
21217	3.802900e+00	6.420483e-09	
21218	3.803100e+00	6.420357e-09	
21219	3.803300e+00	6.420240e-09	
21220	3.803500e+00	6.420116e-09	
21221	3.803700e+00	6.419999e-09	
21222	3.803900e+00	6.419876e-09	
21223	3.804100e+00	6.419762e-09	
21224	3.804300e+00	6.419641e-09	

Index   time            -i(vdd)         
--------------------------------------------------------------------------------
21225	3.804500e+00	6.419532e-09	
21226	3.804700e+00	6.419416e-09	
21227	3.804900e+00	6.419302e-09	
21228	3.805100e+00	6.419187e-09	
21229	3.805300e+00	6.419077e-09	
21230	3.805500e+00	6.418962e-09	
21231	3.805700e+00	6.418857e-09	
21232	3.805900e+00	6.418741e-09	
21233	3.806100e+00	6.418633e-09	
21234	3.806300e+00	6.418517e-09	
21235	3.806500e+00	6.418413e-09	
21236	3.806700e+00	6.418302e-09	
21237	3.806900e+00	6.418198e-09	
21238	3.807100e+00	6.418087e-09	
21239	3.807300e+00	6.417981e-09	
21240	3.807500e+00	6.417870e-09	
21241	3.807700e+00	6.417767e-09	
21242	3.807900e+00	6.417656e-09	
21243	3.808100e+00	6.417553e-09	
21244	3.808300e+00	6.417444e-09	
21245	3.808500e+00	6.417343e-09	
21246	3.808700e+00	6.417232e-09	
21247	3.808900e+00	6.417133e-09	
21248	3.809100e+00	6.417023e-09	
21249	3.809300e+00	6.416923e-09	
21250	3.809500e+00	6.416818e-09	
21251	3.809700e+00	6.416717e-09	
21252	3.809900e+00	6.416610e-09	
21253	3.810100e+00	6.416507e-09	
21254	3.810300e+00	6.416401e-09	
21255	3.810500e+00	6.416303e-09	
21256	3.810700e+00	6.416199e-09	
21257	3.810900e+00	6.416098e-09	
21258	3.811100e+00	6.415993e-09	
21259	3.811111e+00	6.416014e-09	
21260	3.811131e+00	6.416009e-09	
21261	3.811171e+00	6.415978e-09	
21262	3.811251e+00	6.415951e-09	
21263	3.811411e+00	6.415888e-09	
21264	3.811611e+00	6.415844e-09	
21265	3.811811e+00	6.415782e-09	
21266	3.812011e+00	6.415753e-09	
21267	3.812211e+00	6.415728e-09	
21268	3.812411e+00	6.415722e-09	
21269	3.812611e+00	6.415704e-09	
21270	3.812811e+00	6.415709e-09	
21271	3.813011e+00	6.415706e-09	
21272	3.813211e+00	6.415723e-09	
21273	3.813411e+00	6.415721e-09	
21274	3.813611e+00	6.415734e-09	
21275	3.813811e+00	6.415737e-09	
21276	3.814011e+00	6.415757e-09	
21277	3.814211e+00	6.415762e-09	
21278	3.814411e+00	6.415782e-09	
21279	3.814611e+00	6.415789e-09	
21280	3.814811e+00	6.415809e-09	
21281	3.815011e+00	6.415818e-09	
21282	3.815211e+00	6.415840e-09	

Index   time            -i(vdd)         
--------------------------------------------------------------------------------
21283	3.815411e+00	6.415857e-09	
21284	3.815611e+00	6.415878e-09	
21285	3.815811e+00	6.415891e-09	
21286	3.816011e+00	6.415915e-09	
21287	3.816211e+00	6.415926e-09	
21288	3.816411e+00	6.415952e-09	
21289	3.816611e+00	6.415963e-09	
21290	3.816811e+00	6.415992e-09	
21291	3.817011e+00	6.416006e-09	
21292	3.817211e+00	6.416028e-09	
21293	3.817411e+00	6.416045e-09	
21294	3.817611e+00	6.416072e-09	
21295	3.817811e+00	6.416090e-09	
21296	3.818011e+00	6.416116e-09	
21297	3.818211e+00	6.416129e-09	
21298	3.818411e+00	6.416159e-09	
21299	3.818611e+00	6.416177e-09	
21300	3.818811e+00	6.416204e-09	
21301	3.819011e+00	6.416223e-09	
21302	3.819211e+00	6.416250e-09	
21303	3.819411e+00	6.416269e-09	
21304	3.819611e+00	6.416302e-09	
21305	3.819811e+00	6.416317e-09	
21306	3.820011e+00	6.416345e-09	
21307	3.820211e+00	6.416367e-09	
21308	3.820411e+00	6.416398e-09	
21309	3.820611e+00	6.416415e-09	
21310	3.820811e+00	6.416444e-09	
21311	3.821011e+00	6.416465e-09	
21312	3.821211e+00	6.416494e-09	
21313	3.821411e+00	6.416519e-09	
21314	3.821611e+00	6.416548e-09	
21315	3.821811e+00	6.416569e-09	
21316	3.822011e+00	6.416602e-09	
21317	3.822211e+00	6.416621e-09	
21318	3.822222e+00	6.416655e-09	
21319	3.822242e+00	6.416653e-09	
21320	3.822282e+00	6.416633e-09	
21321	3.822362e+00	6.416638e-09	
21322	3.822522e+00	6.416597e-09	
21323	3.822722e+00	6.416568e-09	
21324	3.822922e+00	6.416477e-09	
21325	3.823122e+00	6.416392e-09	
21326	3.823322e+00	6.416288e-09	
21327	3.823522e+00	6.416179e-09	
21328	3.823722e+00	6.416056e-09	
21329	3.823922e+00	6.415932e-09	
21330	3.824122e+00	6.415794e-09	
21331	3.824322e+00	6.415670e-09	
21332	3.824522e+00	6.415532e-09	
21333	3.824722e+00	6.415400e-09	
21334	3.824922e+00	6.415261e-09	
21335	3.825122e+00	6.415134e-09	
21336	3.825322e+00	6.414993e-09	
21337	3.825522e+00	6.414857e-09	
21338	3.825722e+00	6.414717e-09	
21339	3.825922e+00	6.414585e-09	
21340	3.826122e+00	6.414451e-09	

Index   time            -i(vdd)         
--------------------------------------------------------------------------------
21341	3.826322e+00	6.414318e-09	
21342	3.826522e+00	6.414181e-09	
21343	3.826722e+00	6.414052e-09	
21344	3.826922e+00	6.413914e-09	
21345	3.827122e+00	6.413782e-09	
21346	3.827322e+00	6.413652e-09	
21347	3.827522e+00	6.413522e-09	
21348	3.827722e+00	6.413386e-09	
21349	3.827922e+00	6.413258e-09	
21350	3.828122e+00	6.413124e-09	
21351	3.828322e+00	6.412996e-09	
21352	3.828522e+00	6.412860e-09	
21353	3.828722e+00	6.412740e-09	
21354	3.828922e+00	6.412603e-09	
21355	3.829122e+00	6.412481e-09	
21356	3.829322e+00	6.412350e-09	
21357	3.829522e+00	6.412223e-09	
21358	3.829722e+00	6.412094e-09	
21359	3.829922e+00	6.411972e-09	
21360	3.830122e+00	6.411840e-09	
21361	3.830322e+00	6.411719e-09	
21362	3.830522e+00	6.411592e-09	
21363	3.830722e+00	6.411466e-09	
21364	3.830922e+00	6.411342e-09	
21365	3.831122e+00	6.411222e-09	
21366	3.831322e+00	6.411096e-09	
21367	3.831522e+00	6.410977e-09	
21368	3.831722e+00	6.410850e-09	
21369	3.831922e+00	6.410734e-09	
21370	3.832122e+00	6.410605e-09	
21371	3.832322e+00	6.410488e-09	
21372	3.832522e+00	6.410363e-09	
21373	3.832722e+00	6.410249e-09	
21374	3.832922e+00	6.410125e-09	
21375	3.833122e+00	6.410014e-09	
21376	3.833322e+00	6.409888e-09	
21377	3.833333e+00	6.409909e-09	
21378	3.833353e+00	6.409893e-09	
21379	3.833393e+00	6.409864e-09	
21380	3.833473e+00	6.409848e-09	
21381	3.833633e+00	6.409796e-09	
21382	3.833833e+00	6.409791e-09	
21383	3.834033e+00	6.409763e-09	
21384	3.834233e+00	6.409797e-09	
21385	3.834433e+00	6.409830e-09	
21386	3.834633e+00	6.409896e-09	
21387	3.834833e+00	6.409962e-09	
21388	3.835033e+00	6.410058e-09	
21389	3.835233e+00	6.410143e-09	
21390	3.835433e+00	6.410258e-09	
21391	3.835633e+00	6.410365e-09	
21392	3.835833e+00	6.410489e-09	
21393	3.836033e+00	6.410613e-09	
21394	3.836233e+00	6.410742e-09	
21395	3.836433e+00	6.410876e-09	
21396	3.836633e+00	6.411020e-09	
21397	3.836833e+00	6.411159e-09	
21398	3.837033e+00	6.411313e-09	

Index   time            -i(vdd)         
--------------------------------------------------------------------------------
21399	3.837233e+00	6.411461e-09	
21400	3.837433e+00	6.411618e-09	
21401	3.837633e+00	6.411775e-09	
21402	3.837833e+00	6.411941e-09	
21403	3.838033e+00	6.412101e-09	
21404	3.838233e+00	6.412278e-09	
21405	3.838433e+00	6.412442e-09	
21406	3.838633e+00	6.412624e-09	
21407	3.838833e+00	6.412800e-09	
21408	3.839033e+00	6.412986e-09	
21409	3.839233e+00	6.413168e-09	
21410	3.839433e+00	6.413359e-09	
21411	3.839633e+00	6.413552e-09	
21412	3.839833e+00	6.413750e-09	
21413	3.840033e+00	6.413943e-09	
21414	3.840233e+00	6.414153e-09	
21415	3.840433e+00	6.414354e-09	
21416	3.840633e+00	6.414561e-09	
21417	3.840833e+00	6.414774e-09	
21418	3.841033e+00	6.414992e-09	
21419	3.841233e+00	6.415205e-09	
21420	3.841433e+00	6.415432e-09	
21421	3.841633e+00	6.415647e-09	
21422	3.841833e+00	6.415880e-09	
21423	3.842033e+00	6.416104e-09	
21424	3.842233e+00	6.416339e-09	
21425	3.842433e+00	6.416570e-09	
21426	3.842633e+00	6.416807e-09	
21427	3.842833e+00	6.417048e-09	
21428	3.843033e+00	6.417296e-09	
21429	3.843233e+00	6.417535e-09	
21430	3.843433e+00	6.417789e-09	
21431	3.843633e+00	6.418037e-09	
21432	3.843833e+00	6.418300e-09	
21433	3.844033e+00	6.418551e-09	
21434	3.844233e+00	6.418819e-09	
21435	3.844433e+00	6.419076e-09	
21436	3.844444e+00	6.419119e-09	
21437	3.844464e+00	6.419148e-09	
21438	3.844504e+00	6.419173e-09	
21439	3.844584e+00	6.419256e-09	
21440	3.844744e+00	6.419395e-09	
21441	3.844944e+00	6.419577e-09	
21442	3.845144e+00	6.419682e-09	
21443	3.845344e+00	6.419808e-09	
21444	3.845544e+00	6.419896e-09	
21445	3.845744e+00	6.419972e-09	
21446	3.845944e+00	6.420030e-09	
21447	3.846144e+00	6.420087e-09	
21448	3.846344e+00	6.420122e-09	
21449	3.846544e+00	6.420162e-09	
21450	3.846744e+00	6.420181e-09	
21451	3.846944e+00	6.420207e-09	
21452	3.847144e+00	6.420216e-09	
21453	3.847344e+00	6.420233e-09	
21454	3.847544e+00	6.420236e-09	
21455	3.847744e+00	6.420244e-09	
21456	3.847944e+00	6.420242e-09	

Index   time            -i(vdd)         
--------------------------------------------------------------------------------
21457	3.848144e+00	6.420245e-09	
21458	3.848344e+00	6.420241e-09	
21459	3.848544e+00	6.420244e-09	
21460	3.848744e+00	6.420234e-09	
21461	3.848944e+00	6.420233e-09	
21462	3.849144e+00	6.420225e-09	
21463	3.849344e+00	6.420219e-09	
21464	3.849544e+00	6.420205e-09	
21465	3.849744e+00	6.420199e-09	
21466	3.849944e+00	6.420184e-09	
21467	3.850144e+00	6.420181e-09	
21468	3.850344e+00	6.420169e-09	
21469	3.850544e+00	6.420163e-09	
21470	3.850744e+00	6.420145e-09	
21471	3.850944e+00	6.420138e-09	
21472	3.851144e+00	6.420122e-09	
21473	3.851344e+00	6.420116e-09	
21474	3.851544e+00	6.420098e-09	
21475	3.851744e+00	6.420094e-09	
21476	3.851944e+00	6.420078e-09	
21477	3.852144e+00	6.420071e-09	
21478	3.852344e+00	6.420054e-09	
21479	3.852544e+00	6.420049e-09	
21480	3.852744e+00	6.420031e-09	
21481	3.852778e+00	6.420045e-09	
ngspice-43 done

=== STDERR ===
Using SPARSE 1.3 as Direct Linear Solver
Warning from checkvalid: vector i_total_avg is not available or has zero length.
